trip_id,stop_id,stop_sequence,arrival_time,departure_time,timepoint
OvxARhItfijPV-_xuvfnZ-07:00:00,SYN_100000,0,07:01:39,07:01:54,0
OvxARhItfijPV-_xuvfnZ-07:00:00,SYN_100001,1,07:03:18,07:03:33,0
OvxARhItfijPV-_xuvfnZ-07:00:00,SYN_100002,2,07:04:58,07:05:13,0
OvxARhItfijPV-_xuvfnZ-07:00:00,SYN_100003,3,07:06:27,07:06:42,0
OvxARhItfijPV-_xuvfnZ-07:00:00,SYN_100004,4,07:06:55,07:07:10,0
OvxARhItfijPV-_xuvfnZ-07:00:00,SYN_100005,5,07:07:19,07:07:34,0
OvxARhItfijPV-_xuvfnZ-07:00:00,SYN_100006,6,07:07:40,07:07:55,0
OvxARhItfijPV-_xuvfnZ-07:00:00,SYN_100007,7,07:08:02,07:08:17,0
OvxARhItfijPV-_xuvfnZ-07:00:00,SYN_100008,8,07:08:24,07:08:39,0
OvxARhItfijPV-_xuvfnZ-07:00:00,SYN_100009,9,07:08:46,07:09:01,0
7OIDYqQb_VCEwYHFGH_e5-07:00:00,SYN_100000,0,07:07:43,07:07:58,0
7OIDYqQb_VCEwYHFGH_e5-07:00:00,SYN_100001,1,07:06:34,07:06:49,0
7OIDYqQb_VCEwYHFGH_e5-07:00:00,SYN_100002,2,07:05:26,07:05:41,0
7OIDYqQb_VCEwYHFGH_e5-07:00:00,SYN_100003,3,07:04:17,07:04:32,0
7OIDYqQb_VCEwYHFGH_e5-07:00:00,SYN_100004,4,07:03:09,07:03:24,0
7OIDYqQb_VCEwYHFGH_e5-07:00:00,SYN_100005,5,07:02:00,07:02:15,0
7OIDYqQb_VCEwYHFGH_e5-07:00:00,SYN_100006,6,07:00:51,07:01:06,0
zivMUtHDofqSlzEUoK8F0-07:00:00,SYN_100011,0,07:00:02,07:00:17,0
zivMUtHDofqSlzEUoK8F0-07:00:00,SYN_100012,1,07:00:23,07:00:38,0
zivMUtHDofqSlzEUoK8F0-07:00:00,SYN_100013,2,07:00:44,07:00:59,0
zivMUtHDofqSlzEUoK8F0-07:00:00,SYN_100014,3,07:01:06,07:01:21,0
zivMUtHDofqSlzEUoK8F0-07:00:00,SYN_100015,4,07:01:27,07:01:42,0
zivMUtHDofqSlzEUoK8F0-07:00:00,SYN_100016,5,07:01:48,07:02:03,0
zivMUtHDofqSlzEUoK8F0-07:00:00,SYN_100017,6,07:02:10,07:02:25,0
zivMUtHDofqSlzEUoK8F0-07:00:00,SYN_100018,7,07:02:31,07:02:46,0
zivMUtHDofqSlzEUoK8F0-07:00:00,SYN_100019,8,07:02:52,07:03:07,0
zivMUtHDofqSlzEUoK8F0-07:00:00,SYN_100020,9,07:03:13,07:03:28,0
zivMUtHDofqSlzEUoK8F0-07:00:00,SYN_100021,10,07:03:35,07:03:50,0
zivMUtHDofqSlzEUoK8F0-07:00:00,SYN_100022,11,07:03:56,07:04:11,0
zivMUtHDofqSlzEUoK8F0-07:00:00,SYN_100023,12,07:04:17,07:04:32,0
zivMUtHDofqSlzEUoK8F0-07:00:00,SYN_100024,13,07:04:39,07:04:54,0
zivMUtHDofqSlzEUoK8F0-07:00:00,SYN_100025,14,07:05:00,07:05:15,0
zivMUtHDofqSlzEUoK8F0-07:00:00,SYN_100026,15,07:05:21,07:05:36,0
zivMUtHDofqSlzEUoK8F0-07:00:00,SYN_100027,16,07:05:42,07:05:57,0
zivMUtHDofqSlzEUoK8F0-07:00:00,SYN_100028,17,07:06:04,07:06:19,0
zivMUtHDofqSlzEUoK8F0-07:00:00,SYN_100029,18,07:06:25,07:06:40,0
zivMUtHDofqSlzEUoK8F0-07:00:00,SYN_100030,19,07:06:42,07:06:57,0
zivMUtHDofqSlzEUoK8F0-07:00:00,SYN_100031,20,07:06:57,07:07:12,0
zivMUtHDofqSlzEUoK8F0-07:00:00,SYN_100032,21,07:07:13,07:07:28,0
zivMUtHDofqSlzEUoK8F0-07:00:00,SYN_100033,22,07:07:28,07:07:43,0
zivMUtHDofqSlzEUoK8F0-07:00:00,SYN_100034,23,07:07:44,07:07:59,0
zivMUtHDofqSlzEUoK8F0-07:00:00,SYN_100035,24,07:07:59,07:08:14,0
zivMUtHDofqSlzEUoK8F0-07:00:00,SYN_100036,25,07:08:15,07:08:30,0
zivMUtHDofqSlzEUoK8F0-07:00:00,SYN_100037,26,07:08:31,07:08:46,0
zivMUtHDofqSlzEUoK8F0-07:00:00,SYN_100038,27,07:08:46,07:09:01,0
zivMUtHDofqSlzEUoK8F0-07:00:00,SYN_100039,28,07:09:02,07:09:17,0
zivMUtHDofqSlzEUoK8F0-07:00:00,SYN_100040,29,07:09:18,07:09:33,0
zivMUtHDofqSlzEUoK8F0-07:00:00,SYN_100041,30,07:09:35,07:09:50,0
zivMUtHDofqSlzEUoK8F0-07:00:00,SYN_100042,31,07:09:53,07:10:08,0
zivMUtHDofqSlzEUoK8F0-07:00:00,SYN_100043,32,07:10:12,07:10:27,0
zivMUtHDofqSlzEUoK8F0-07:00:00,SYN_100044,33,07:10:31,07:10:46,0
zivMUtHDofqSlzEUoK8F0-07:00:00,SYN_100045,34,07:10:50,07:11:05,0
zivMUtHDofqSlzEUoK8F0-07:00:00,SYN_100046,35,07:11:09,07:11:24,0
zivMUtHDofqSlzEUoK8F0-07:00:00,SYN_100047,36,07:11:28,07:11:43,0
zivMUtHDofqSlzEUoK8F0-07:00:00,SYN_100048,37,07:11:48,07:12:03,0
zivMUtHDofqSlzEUoK8F0-07:00:00,SYN_100049,38,07:12:07,07:12:22,0
zivMUtHDofqSlzEUoK8F0-07:00:00,SYN_100050,39,07:12:26,07:12:41,0
zivMUtHDofqSlzEUoK8F0-07:00:00,SYN_100051,40,07:12:45,07:13:00,0
zivMUtHDofqSlzEUoK8F0-07:00:00,SYN_100052,41,07:13:04,07:13:19,0
zivMUtHDofqSlzEUoK8F0-07:00:00,SYN_100053,42,07:13:23,07:13:38,0
zivMUtHDofqSlzEUoK8F0-07:00:00,SYN_100054,43,07:13:43,07:13:58,0
zivMUtHDofqSlzEUoK8F0-07:00:00,SYN_100055,44,07:14:02,07:14:17,0
zivMUtHDofqSlzEUoK8F0-07:00:00,SYN_100056,45,07:14:21,07:14:36,0
zivMUtHDofqSlzEUoK8F0-07:00:00,SYN_100057,46,07:14:40,07:14:55,0
zivMUtHDofqSlzEUoK8F0-07:00:00,SYN_100058,47,07:14:59,07:15:14,0
zivMUtHDofqSlzEUoK8F0-07:00:00,SYN_100059,48,07:15:14,07:15:29,0
zivMUtHDofqSlzEUoK8F0-07:00:00,SYN_100060,49,07:15:30,07:15:45,0
zivMUtHDofqSlzEUoK8F0-07:00:00,SYN_100061,50,07:15:46,07:16:01,0
zivMUtHDofqSlzEUoK8F0-07:00:00,SYN_100062,51,07:16:01,07:16:16,0
zivMUtHDofqSlzEUoK8F0-07:00:00,SYN_100063,52,07:16:17,07:16:32,0
zivMUtHDofqSlzEUoK8F0-07:00:00,SYN_100064,53,07:16:33,07:16:48,0
zivMUtHDofqSlzEUoK8F0-07:00:00,SYN_100065,54,07:16:48,07:17:03,0
zivMUtHDofqSlzEUoK8F0-07:00:00,SYN_100066,55,07:17:03,07:17:18,0
zivMUtHDofqSlzEUoK8F0-07:00:00,SYN_100067,56,07:17:18,07:17:33,0
zivMUtHDofqSlzEUoK8F0-07:00:00,SYN_100068,57,07:17:32,07:17:47,0
zivMUtHDofqSlzEUoK8F0-07:00:00,SYN_100069,58,07:17:47,07:18:02,0
zivMUtHDofqSlzEUoK8F0-07:00:00,SYN_100070,59,07:18:01,07:18:16,0
zivMUtHDofqSlzEUoK8F0-07:00:00,SYN_100071,60,07:18:16,07:18:31,0
zivMUtHDofqSlzEUoK8F0-07:00:00,SYN_100072,61,07:18:30,07:18:45,0
zivMUtHDofqSlzEUoK8F0-07:00:00,SYN_100073,62,07:18:45,07:19:00,0
zivMUtHDofqSlzEUoK8F0-07:00:00,SYN_100074,63,07:18:59,07:19:14,0
zivMUtHDofqSlzEUoK8F0-07:00:00,SYN_100075,64,07:19:14,07:19:29,0
zivMUtHDofqSlzEUoK8F0-07:00:00,SYN_100076,65,07:19:28,07:19:43,0
zivMUtHDofqSlzEUoK8F0-07:00:00,SYN_100077,66,07:19:43,07:19:58,0
zivMUtHDofqSlzEUoK8F0-07:00:00,SYN_100078,67,07:19:58,07:20:13,0
zivMUtHDofqSlzEUoK8F0-07:00:00,SYN_100079,68,07:20:12,07:20:27,0
zivMUtHDofqSlzEUoK8F0-07:00:00,SYN_100080,69,07:20:27,07:20:42,0
zivMUtHDofqSlzEUoK8F0-07:00:00,SYN_100081,70,07:20:41,07:20:56,0
zivMUtHDofqSlzEUoK8F0-07:00:00,SYN_100082,71,07:20:56,07:21:11,0
zivMUtHDofqSlzEUoK8F0-07:00:00,SYN_100083,72,07:21:10,07:21:25,0
zivMUtHDofqSlzEUoK8F0-07:00:00,SYN_100084,73,07:21:25,07:21:40,0
zivMUtHDofqSlzEUoK8F0-07:00:00,SYN_100085,74,07:22:17,07:22:32,0
zivMUtHDofqSlzEUoK8F0-07:00:00,SYN_100086,75,07:24:29,07:24:44,0
zivMUtHDofqSlzEUoK8F0-07:00:00,SYN_100087,76,07:24:53,07:25:08,0
zivMUtHDofqSlzEUoK8F0-07:00:00,SYN_100088,77,07:25:17,07:25:32,0
zivMUtHDofqSlzEUoK8F0-07:00:00,SYN_100089,78,07:25:42,07:25:57,0
zivMUtHDofqSlzEUoK8F0-07:00:00,SYN_100090,79,07:26:12,07:26:27,0
zivMUtHDofqSlzEUoK8F0-07:00:00,SYN_100091,80,07:26:43,07:26:58,0
zivMUtHDofqSlzEUoK8F0-07:00:00,SYN_100092,81,07:27:14,07:27:29,0
zivMUtHDofqSlzEUoK8F0-07:00:00,SYN_100093,82,07:27:46,07:28:01,0
zivMUtHDofqSlzEUoK8F0-07:00:00,SYN_100094,83,07:28:17,07:28:32,0
zivMUtHDofqSlzEUoK8F0-07:00:00,SYN_100095,84,07:28:48,07:29:03,0
zivMUtHDofqSlzEUoK8F0-07:00:00,SYN_100096,85,07:29:19,07:29:34,0
zivMUtHDofqSlzEUoK8F0-07:00:00,SYN_100097,86,07:29:51,07:30:06,0
zivMUtHDofqSlzEUoK8F0-07:00:00,SYN_100098,87,07:30:22,07:30:37,0
zivMUtHDofqSlzEUoK8F0-07:00:00,SYN_100099,88,07:30:53,07:31:08,0
zivMUtHDofqSlzEUoK8F0-07:00:00,SYN_100100,89,07:31:31,07:31:46,0
zivMUtHDofqSlzEUoK8F0-07:00:00,SYN_100101,90,07:32:14,07:32:29,0
zivMUtHDofqSlzEUoK8F0-07:00:00,SYN_100102,91,07:32:57,07:33:12,0
zivMUtHDofqSlzEUoK8F0-07:00:00,SYN_100103,92,07:33:30,07:33:45,0
zivMUtHDofqSlzEUoK8F0-07:00:00,SYN_100104,93,07:34:04,07:34:19,0
zivMUtHDofqSlzEUoK8F0-07:00:00,SYN_100105,94,07:34:37,07:34:52,0
zivMUtHDofqSlzEUoK8F0-07:00:00,SYN_100106,95,07:35:11,07:35:26,0
zivMUtHDofqSlzEUoK8F0-07:00:00,SYN_100107,96,07:35:44,07:35:59,0
zivMUtHDofqSlzEUoK8F0-07:00:00,SYN_100108,97,07:36:21,07:36:36,0
zivMUtHDofqSlzEUoK8F0-07:00:00,SYN_100109,98,07:37:03,07:37:18,0
zivMUtHDofqSlzEUoK8F0-07:00:00,SYN_100110,99,07:37:42,07:37:57,0
zivMUtHDofqSlzEUoK8F0-07:00:00,SYN_100111,100,07:38:20,07:38:35,0
zivMUtHDofqSlzEUoK8F0-07:00:00,SYN_100112,101,07:38:59,07:39:14,0
zivMUtHDofqSlzEUoK8F0-07:00:00,SYN_100113,102,07:39:25,07:39:40,0
zivMUtHDofqSlzEUoK8F0-07:00:00,SYN_100114,103,07:39:51,07:40:06,0
zivMUtHDofqSlzEUoK8F0-07:00:00,SYN_100115,104,07:40:16,07:40:31,0
zivMUtHDofqSlzEUoK8F0-07:00:00,SYN_100116,105,07:41:21,07:41:36,0
zivMUtHDofqSlzEUoK8F0-07:00:00,SYN_100117,106,07:43:31,07:43:46,0
zivMUtHDofqSlzEUoK8F0-07:00:00,SYN_100118,107,07:44:15,07:44:30,0
zivMUtHDofqSlzEUoK8F0-07:00:00,SYN_100119,108,07:46:32,07:46:47,0
zivMUtHDofqSlzEUoK8F0-07:00:00,SYN_100120,109,07:49:19,07:49:34,0
zivMUtHDofqSlzEUoK8F0-07:00:00,SYN_100121,110,07:50:36,07:50:51,0
zivMUtHDofqSlzEUoK8F0-07:00:00,SYN_100122,111,07:52:13,07:52:28,0
zivMUtHDofqSlzEUoK8F0-07:00:00,SYN_100123,112,07:53:12,07:53:27,0
zivMUtHDofqSlzEUoK8F0-07:00:00,SYN_100124,113,07:54:01,07:54:16,0
zivMUtHDofqSlzEUoK8F0-07:00:00,SYN_100125,114,07:54:44,07:54:59,0
zivMUtHDofqSlzEUoK8F0-07:00:00,SYN_100126,115,07:55:27,07:55:42,0
zivMUtHDofqSlzEUoK8F0-07:00:00,SYN_100127,116,07:56:15,07:56:30,0
zivMUtHDofqSlzEUoK8F0-07:00:00,SYN_100128,117,07:57:05,07:57:20,0
zivMUtHDofqSlzEUoK8F0-07:00:00,SYN_100129,118,07:57:55,07:58:10,0
Hn0eoDFbdIiLk49QaqFeX-07:00:00,SYN_100010,0,07:29:04,07:29:19,0
Hn0eoDFbdIiLk49QaqFeX-07:00:00,SYN_100011,1,07:28:49,07:29:04,0
Hn0eoDFbdIiLk49QaqFeX-07:00:00,SYN_100012,2,07:28:35,07:28:50,0
Hn0eoDFbdIiLk49QaqFeX-07:00:00,SYN_100013,3,07:28:20,07:28:35,0
Hn0eoDFbdIiLk49QaqFeX-07:00:00,SYN_100014,4,07:28:05,07:28:20,0
Hn0eoDFbdIiLk49QaqFeX-07:00:00,SYN_100015,5,07:27:51,07:28:06,0
Hn0eoDFbdIiLk49QaqFeX-07:00:00,SYN_100016,6,07:27:36,07:27:51,0
Hn0eoDFbdIiLk49QaqFeX-07:00:00,SYN_100017,7,07:38:25,07:38:40,0
Hn0eoDFbdIiLk49QaqFeX-07:00:00,SYN_100018,8,07:38:04,07:38:19,0
Hn0eoDFbdIiLk49QaqFeX-07:00:00,SYN_100019,9,07:37:44,07:37:59,0
Hn0eoDFbdIiLk49QaqFeX-07:00:00,SYN_100020,10,07:37:23,07:37:38,0
Hn0eoDFbdIiLk49QaqFeX-07:00:00,SYN_100021,11,07:37:02,07:37:17,0
Hn0eoDFbdIiLk49QaqFeX-07:00:00,SYN_100022,12,07:36:42,07:36:57,0
Hn0eoDFbdIiLk49QaqFeX-07:00:00,SYN_100023,13,07:36:21,07:36:36,0
Hn0eoDFbdIiLk49QaqFeX-07:00:00,SYN_100024,14,07:36:01,07:36:16,0
Hn0eoDFbdIiLk49QaqFeX-07:00:00,SYN_100025,15,07:35:40,07:35:55,0
Hn0eoDFbdIiLk49QaqFeX-07:00:00,SYN_100026,16,07:35:20,07:35:35,0
Hn0eoDFbdIiLk49QaqFeX-07:00:00,SYN_100027,17,07:34:59,07:35:14,0
Hn0eoDFbdIiLk49QaqFeX-07:00:00,SYN_100028,18,07:34:39,07:34:54,0
Hn0eoDFbdIiLk49QaqFeX-07:00:00,SYN_100029,19,07:34:18,07:34:33,0
Hn0eoDFbdIiLk49QaqFeX-07:00:00,SYN_100030,20,07:33:58,07:34:13,0
Hn0eoDFbdIiLk49QaqFeX-07:00:00,SYN_100031,21,07:33:37,07:33:52,0
Hn0eoDFbdIiLk49QaqFeX-07:00:00,SYN_100032,22,07:33:17,07:33:32,0
Hn0eoDFbdIiLk49QaqFeX-07:00:00,SYN_100033,23,07:32:56,07:33:11,0
Hn0eoDFbdIiLk49QaqFeX-07:00:00,SYN_100034,24,07:32:36,07:32:51,0
Hn0eoDFbdIiLk49QaqFeX-07:00:00,SYN_100035,25,07:32:15,07:32:30,0
Hn0eoDFbdIiLk49QaqFeX-07:00:00,SYN_100036,26,07:31:55,07:32:10,0
Hn0eoDFbdIiLk49QaqFeX-07:00:00,SYN_100037,27,07:31:34,07:31:49,0
Hn0eoDFbdIiLk49QaqFeX-07:00:00,SYN_100038,28,07:31:14,07:31:29,0
Hn0eoDFbdIiLk49QaqFeX-07:00:00,SYN_100039,29,07:30:53,07:31:08,0
Hn0eoDFbdIiLk49QaqFeX-07:00:00,SYN_100040,30,07:30:33,07:30:48,0
Hn0eoDFbdIiLk49QaqFeX-07:00:00,SYN_100041,31,07:30:12,07:30:27,0
Hn0eoDFbdIiLk49QaqFeX-07:00:00,SYN_100042,32,07:29:52,07:30:07,0
Hn0eoDFbdIiLk49QaqFeX-07:00:00,SYN_100043,33,07:29:31,07:29:46,0
Hn0eoDFbdIiLk49QaqFeX-07:00:00,SYN_100044,34,07:29:11,07:29:26,0
Hn0eoDFbdIiLk49QaqFeX-07:00:00,SYN_100045,35,07:28:50,07:29:05,0
Hn0eoDFbdIiLk49QaqFeX-07:00:00,SYN_100046,36,07:28:30,07:28:45,0
Hn0eoDFbdIiLk49QaqFeX-07:00:00,SYN_100047,37,07:28:09,07:28:24,0
Hn0eoDFbdIiLk49QaqFeX-07:00:00,SYN_100048,38,07:27:49,07:28:04,0
Hn0eoDFbdIiLk49QaqFeX-07:00:00,SYN_100049,39,07:27:28,07:27:43,0
Hn0eoDFbdIiLk49QaqFeX-07:00:00,SYN_100050,40,07:27:08,07:27:23,0
Hn0eoDFbdIiLk49QaqFeX-07:00:00,SYN_100051,41,07:26:47,07:27:02,0
Hn0eoDFbdIiLk49QaqFeX-07:00:00,SYN_100052,42,07:26:27,07:26:42,0
Hn0eoDFbdIiLk49QaqFeX-07:00:00,SYN_100053,43,07:26:06,07:26:21,0
Hn0eoDFbdIiLk49QaqFeX-07:00:00,SYN_100054,44,07:25:46,07:26:01,0
Hn0eoDFbdIiLk49QaqFeX-07:00:00,SYN_100055,45,07:25:25,07:25:40,0
Hn0eoDFbdIiLk49QaqFeX-07:00:00,SYN_100056,46,07:25:05,07:25:20,0
Hn0eoDFbdIiLk49QaqFeX-07:00:00,SYN_100057,47,07:24:44,07:24:59,0
Hn0eoDFbdIiLk49QaqFeX-07:00:00,SYN_100058,48,07:24:24,07:24:39,0
Hn0eoDFbdIiLk49QaqFeX-07:00:00,SYN_100059,49,07:24:03,07:24:18,0
Hn0eoDFbdIiLk49QaqFeX-07:00:00,SYN_100060,50,07:23:43,07:23:58,0
Hn0eoDFbdIiLk49QaqFeX-07:00:00,SYN_100061,51,07:23:22,07:23:37,0
Hn0eoDFbdIiLk49QaqFeX-07:00:00,SYN_100062,52,07:23:02,07:23:17,0
Hn0eoDFbdIiLk49QaqFeX-07:00:00,SYN_100063,53,07:22:41,07:22:56,0
Hn0eoDFbdIiLk49QaqFeX-07:00:00,SYN_100064,54,07:22:21,07:22:36,0
Hn0eoDFbdIiLk49QaqFeX-07:00:00,SYN_100065,55,07:22:00,07:22:15,0
Hn0eoDFbdIiLk49QaqFeX-07:00:00,SYN_100066,56,07:21:40,07:21:55,0
Hn0eoDFbdIiLk49QaqFeX-07:00:00,SYN_100067,57,07:21:19,07:21:34,0
Hn0eoDFbdIiLk49QaqFeX-07:00:00,SYN_100068,58,07:20:59,07:21:14,0
Hn0eoDFbdIiLk49QaqFeX-07:00:00,SYN_100069,59,07:20:38,07:20:53,0
Hn0eoDFbdIiLk49QaqFeX-07:00:00,SYN_100070,60,07:20:18,07:20:33,0
Hn0eoDFbdIiLk49QaqFeX-07:00:00,SYN_100071,61,07:19:57,07:20:12,0
Hn0eoDFbdIiLk49QaqFeX-07:00:00,SYN_100072,62,07:19:37,07:19:52,0
Hn0eoDFbdIiLk49QaqFeX-07:00:00,SYN_100073,63,07:19:16,07:19:31,0
Hn0eoDFbdIiLk49QaqFeX-07:00:00,SYN_100074,64,07:18:56,07:19:11,0
Hn0eoDFbdIiLk49QaqFeX-07:00:00,SYN_100075,65,07:18:35,07:18:50,0
Hn0eoDFbdIiLk49QaqFeX-07:00:00,SYN_100076,66,07:18:15,07:18:30,0
Hn0eoDFbdIiLk49QaqFeX-07:00:00,SYN_100077,67,07:17:54,07:18:09,0
Hn0eoDFbdIiLk49QaqFeX-07:00:00,SYN_100078,68,07:17:34,07:17:49,0
Hn0eoDFbdIiLk49QaqFeX-07:00:00,SYN_100079,69,07:17:13,07:17:28,0
Hn0eoDFbdIiLk49QaqFeX-07:00:00,SYN_100080,70,07:16:53,07:17:08,0
Hn0eoDFbdIiLk49QaqFeX-07:00:00,SYN_100081,71,07:16:32,07:16:47,0
Hn0eoDFbdIiLk49QaqFeX-07:00:00,SYN_100082,72,07:16:12,07:16:27,0
Hn0eoDFbdIiLk49QaqFeX-07:00:00,SYN_100083,73,07:15:51,07:16:06,0
Hn0eoDFbdIiLk49QaqFeX-07:00:00,SYN_100084,74,07:15:31,07:15:46,0
Hn0eoDFbdIiLk49QaqFeX-07:00:00,SYN_100085,75,07:15:10,07:15:25,0
Hn0eoDFbdIiLk49QaqFeX-07:00:00,SYN_100086,76,07:14:49,07:15:04,0
Hn0eoDFbdIiLk49QaqFeX-07:00:00,SYN_100087,77,07:14:29,07:14:44,0
Hn0eoDFbdIiLk49QaqFeX-07:00:00,SYN_100088,78,07:14:08,07:14:23,0
Hn0eoDFbdIiLk49QaqFeX-07:00:00,SYN_100089,79,07:13:48,07:14:03,0
Hn0eoDFbdIiLk49QaqFeX-07:00:00,SYN_100090,80,07:13:27,07:13:42,0
Hn0eoDFbdIiLk49QaqFeX-07:00:00,SYN_100091,81,07:13:07,07:13:22,0
Hn0eoDFbdIiLk49QaqFeX-07:00:00,SYN_100092,82,07:12:46,07:13:01,0
Hn0eoDFbdIiLk49QaqFeX-07:00:00,SYN_100093,83,07:12:26,07:12:41,0
Hn0eoDFbdIiLk49QaqFeX-07:00:00,SYN_100094,84,07:12:05,07:12:20,0
Hn0eoDFbdIiLk49QaqFeX-07:00:00,SYN_100095,85,07:11:45,07:12:00,0
Hn0eoDFbdIiLk49QaqFeX-07:00:00,SYN_100096,86,07:11:24,07:11:39,0
Hn0eoDFbdIiLk49QaqFeX-07:00:00,SYN_100097,87,07:11:04,07:11:19,0
Hn0eoDFbdIiLk49QaqFeX-07:00:00,SYN_100098,88,07:10:43,07:10:58,0
Hn0eoDFbdIiLk49QaqFeX-07:00:00,SYN_100099,89,07:10:23,07:10:38,0
Hn0eoDFbdIiLk49QaqFeX-07:00:00,SYN_100100,90,07:10:02,07:10:17,0
Hn0eoDFbdIiLk49QaqFeX-07:00:00,SYN_100101,91,07:09:42,07:09:57,0
Hn0eoDFbdIiLk49QaqFeX-07:00:00,SYN_100102,92,07:09:21,07:09:36,0
Hn0eoDFbdIiLk49QaqFeX-07:00:00,SYN_100103,93,07:09:01,07:09:16,0
Hn0eoDFbdIiLk49QaqFeX-07:00:00,SYN_100104,94,07:08:40,07:08:55,0
Hn0eoDFbdIiLk49QaqFeX-07:00:00,SYN_100105,95,07:08:20,07:08:35,0
Hn0eoDFbdIiLk49QaqFeX-07:00:00,SYN_100106,96,07:07:59,07:08:14,0
Hn0eoDFbdIiLk49QaqFeX-07:00:00,SYN_100107,97,07:07:39,07:07:54,0
Hn0eoDFbdIiLk49QaqFeX-07:00:00,SYN_100108,98,07:07:18,07:07:33,0
Hn0eoDFbdIiLk49QaqFeX-07:00:00,SYN_100109,99,07:06:58,07:07:13,0
Hn0eoDFbdIiLk49QaqFeX-07:00:00,SYN_100110,100,07:06:37,07:06:52,0
Hn0eoDFbdIiLk49QaqFeX-07:00:00,SYN_100111,101,07:06:17,07:06:32,0
Hn0eoDFbdIiLk49QaqFeX-07:00:00,SYN_100112,102,07:05:56,07:06:11,0
Hn0eoDFbdIiLk49QaqFeX-07:00:00,SYN_100113,103,07:05:36,07:05:51,0
Hn0eoDFbdIiLk49QaqFeX-07:00:00,SYN_100114,104,07:05:15,07:05:30,0
Hn0eoDFbdIiLk49QaqFeX-07:00:00,SYN_100115,105,07:04:55,07:05:10,0
Hn0eoDFbdIiLk49QaqFeX-07:00:00,SYN_100116,106,07:04:34,07:04:49,0
Hn0eoDFbdIiLk49QaqFeX-07:00:00,SYN_100117,107,07:04:14,07:04:29,0
Hn0eoDFbdIiLk49QaqFeX-07:00:00,SYN_100118,108,07:03:53,07:04:08,0
Hn0eoDFbdIiLk49QaqFeX-07:00:00,SYN_100119,109,07:03:33,07:03:48,0
Hn0eoDFbdIiLk49QaqFeX-07:00:00,SYN_100120,110,07:03:12,07:03:27,0
Hn0eoDFbdIiLk49QaqFeX-07:00:00,SYN_100121,111,07:02:52,07:03:07,0
Hn0eoDFbdIiLk49QaqFeX-07:00:00,SYN_100122,112,07:02:31,07:02:46,0
Hn0eoDFbdIiLk49QaqFeX-07:00:00,SYN_100123,113,07:02:11,07:02:26,0
Hn0eoDFbdIiLk49QaqFeX-07:00:00,SYN_100124,114,07:01:50,07:02:05,0
Hn0eoDFbdIiLk49QaqFeX-07:00:00,SYN_100125,115,07:01:30,07:01:45,0
Hn0eoDFbdIiLk49QaqFeX-07:00:00,SYN_100126,116,07:01:09,07:01:24,0
Hn0eoDFbdIiLk49QaqFeX-07:00:00,SYN_100127,117,07:00:49,07:01:04,0
Hn0eoDFbdIiLk49QaqFeX-07:00:00,SYN_100128,118,07:00:28,07:00:43,0
Hn0eoDFbdIiLk49QaqFeX-07:00:00,SYN_100129,119,07:00:08,07:00:23,0
Wq0wtD2-ddsT-JtVfCc3g-07:00:00,SYN_100130,0,07:00:42,07:00:57,0
Wq0wtD2-ddsT-JtVfCc3g-07:00:00,SYN_100131,1,07:01:27,07:01:42,0
Wq0wtD2-ddsT-JtVfCc3g-07:00:00,SYN_100132,2,07:02:12,07:02:27,0
Wq0wtD2-ddsT-JtVfCc3g-07:00:00,SYN_100133,3,07:02:57,07:03:12,0
Wq0wtD2-ddsT-JtVfCc3g-07:00:00,SYN_100134,4,07:03:41,07:03:56,0
Wq0wtD2-ddsT-JtVfCc3g-07:00:00,SYN_100135,5,07:04:26,07:04:41,0
Wq0wtD2-ddsT-JtVfCc3g-07:00:00,SYN_100136,6,07:05:11,07:05:26,0
Wq0wtD2-ddsT-JtVfCc3g-07:00:00,SYN_100137,7,07:05:56,07:06:11,0
Wq0wtD2-ddsT-JtVfCc3g-07:00:00,SYN_100138,8,07:06:41,07:06:56,0
Wq0wtD2-ddsT-JtVfCc3g-07:00:00,SYN_100139,9,07:07:29,07:07:44,0
Wq0wtD2-ddsT-JtVfCc3g-07:00:00,SYN_100140,10,07:08:19,07:08:34,0
Wq0wtD2-ddsT-JtVfCc3g-07:00:00,SYN_100141,11,07:09:09,07:09:24,0
Wq0wtD2-ddsT-JtVfCc3g-07:00:00,SYN_100142,12,07:09:59,07:10:14,0
Wq0wtD2-ddsT-JtVfCc3g-07:00:00,SYN_100143,13,07:10:50,07:11:05,0
Wq0wtD2-ddsT-JtVfCc3g-07:00:00,SYN_100144,14,07:11:40,07:11:55,0
Wq0wtD2-ddsT-JtVfCc3g-07:00:00,SYN_100145,15,07:12:30,07:12:45,0
Wq0wtD2-ddsT-JtVfCc3g-07:00:00,SYN_100146,16,07:13:21,07:13:36,0
Wq0wtD2-ddsT-JtVfCc3g-07:00:00,SYN_100147,17,07:14:11,07:14:26,0
Wq0wtD2-ddsT-JtVfCc3g-07:00:00,SYN_100148,18,07:15:01,07:15:16,0
Wq0wtD2-ddsT-JtVfCc3g-07:00:00,SYN_100149,19,07:15:52,07:16:07,0
Wq0wtD2-ddsT-JtVfCc3g-07:00:00,SYN_100150,20,07:16:42,07:16:57,0
Wq0wtD2-ddsT-JtVfCc3g-07:00:00,SYN_100151,21,07:17:32,07:17:47,0
Wq0wtD2-ddsT-JtVfCc3g-07:00:00,SYN_100152,22,07:18:22,07:18:37,0
Wq0wtD2-ddsT-JtVfCc3g-07:00:00,SYN_100153,23,07:19:13,07:19:28,0
Wq0wtD2-ddsT-JtVfCc3g-07:00:00,SYN_100154,24,07:20:00,07:20:15,0
Wq0wtD2-ddsT-JtVfCc3g-07:00:00,SYN_100155,25,07:20:22,07:20:37,0
Wq0wtD2-ddsT-JtVfCc3g-07:00:00,SYN_100156,26,07:20:44,07:20:59,0
Wq0wtD2-ddsT-JtVfCc3g-07:00:00,SYN_100157,27,07:21:07,07:21:22,0
Wq0wtD2-ddsT-JtVfCc3g-07:00:00,SYN_100158,28,07:21:29,07:21:44,0
Wq0wtD2-ddsT-JtVfCc3g-07:00:00,SYN_100159,29,07:21:51,07:22:06,0
Wq0wtD2-ddsT-JtVfCc3g-07:00:00,SYN_100160,30,07:22:13,07:22:28,0
Wq0wtD2-ddsT-JtVfCc3g-07:00:00,SYN_100161,31,07:22:43,07:22:58,0
Wq0wtD2-ddsT-JtVfCc3g-07:00:00,SYN_100162,32,07:23:24,07:23:39,0
Wq0wtD2-ddsT-JtVfCc3g-07:00:00,SYN_100163,33,07:24:06,07:24:21,0
Wq0wtD2-ddsT-JtVfCc3g-07:00:00,SYN_100164,34,07:24:47,07:25:02,0
Wq0wtD2-ddsT-JtVfCc3g-07:00:00,SYN_100165,35,07:25:29,07:25:44,0
Wq0wtD2-ddsT-JtVfCc3g-07:00:00,SYN_100166,36,07:26:10,07:26:25,0
Wq0wtD2-ddsT-JtVfCc3g-07:00:00,SYN_100167,37,07:26:52,07:27:07,0
Wq0wtD2-ddsT-JtVfCc3g-07:00:00,SYN_100168,38,07:27:33,07:27:48,0
Wq0wtD2-ddsT-JtVfCc3g-07:00:00,SYN_100169,39,07:28:14,07:28:29,0
Wq0wtD2-ddsT-JtVfCc3g-07:00:00,SYN_100170,40,07:28:44,07:28:59,0
Wq0wtD2-ddsT-JtVfCc3g-07:00:00,SYN_100171,41,07:29:13,07:29:28,0
Wq0wtD2-ddsT-JtVfCc3g-07:00:00,SYN_100172,42,07:29:41,07:29:56,0
Wq0wtD2-ddsT-JtVfCc3g-07:00:00,SYN_100173,43,07:30:10,07:30:25,0
Wq0wtD2-ddsT-JtVfCc3g-07:00:00,SYN_100174,44,07:30:39,07:30:54,0
Wq0wtD2-ddsT-JtVfCc3g-07:00:00,SYN_100175,45,07:31:07,07:31:22,0
Wq0wtD2-ddsT-JtVfCc3g-07:00:00,SYN_100176,46,07:31:36,07:31:51,0
Wq0wtD2-ddsT-JtVfCc3g-07:00:00,SYN_100177,47,07:32:04,07:32:19,0
Wq0wtD2-ddsT-JtVfCc3g-07:00:00,SYN_100178,48,07:32:33,07:32:48,0
Wq0wtD2-ddsT-JtVfCc3g-07:00:00,SYN_100179,49,07:33:01,07:33:16,0
Wq0wtD2-ddsT-JtVfCc3g-07:00:00,SYN_100180,50,07:33:30,07:33:45,0
Wq0wtD2-ddsT-JtVfCc3g-07:00:00,SYN_100181,51,07:34:33,07:34:48,0
Wq0wtD2-ddsT-JtVfCc3g-07:00:00,SYN_100182,52,07:36:38,07:36:53,0
Wq0wtD2-ddsT-JtVfCc3g-07:00:00,SYN_100183,53,07:37:02,07:37:17,0
Wq0wtD2-ddsT-JtVfCc3g-07:00:00,SYN_100184,54,07:37:26,07:37:41,0
Wq0wtD2-ddsT-JtVfCc3g-07:00:00,SYN_100185,55,07:37:51,07:38:06,0
Wq0wtD2-ddsT-JtVfCc3g-07:00:00,SYN_100186,56,07:38:22,07:38:37,0
Wq0wtD2-ddsT-JtVfCc3g-07:00:00,SYN_100187,57,07:38:53,07:39:08,0
Wq0wtD2-ddsT-JtVfCc3g-07:00:00,SYN_100188,58,07:39:25,07:39:40,0
Wq0wtD2-ddsT-JtVfCc3g-07:00:00,SYN_100189,59,07:39:56,07:40:11,0
Wq0wtD2-ddsT-JtVfCc3g-07:00:00,SYN_100190,60,07:40:27,07:40:42,0
Wq0wtD2-ddsT-JtVfCc3g-07:00:00,SYN_100191,61,07:40:58,07:41:13,0
Wq0wtD2-ddsT-JtVfCc3g-07:00:00,SYN_100192,62,07:41:29,07:41:44,0
Wq0wtD2-ddsT-JtVfCc3g-07:00:00,SYN_100193,63,07:42:01,07:42:16,0
Wq0wtD2-ddsT-JtVfCc3g-07:00:00,SYN_100194,64,07:42:32,07:42:47,0
Wq0wtD2-ddsT-JtVfCc3g-07:00:00,SYN_100195,65,07:43:03,07:43:18,0
Wq0wtD2-ddsT-JtVfCc3g-07:00:00,SYN_100196,66,07:43:43,07:43:58,0
Wq0wtD2-ddsT-JtVfCc3g-07:00:00,SYN_100197,67,07:44:26,07:44:41,0
Wq0wtD2-ddsT-JtVfCc3g-07:00:00,SYN_100198,68,07:45:07,07:45:22,0
Wq0wtD2-ddsT-JtVfCc3g-07:00:00,SYN_100199,69,07:45:40,07:45:55,0
Wq0wtD2-ddsT-JtVfCc3g-07:00:00,SYN_100200,70,07:46:14,07:46:29,0
Wq0wtD2-ddsT-JtVfCc3g-07:00:00,SYN_100201,71,07:46:48,07:47:03,0
Wq0wtD2-ddsT-JtVfCc3g-07:00:00,SYN_100202,72,07:47:21,07:47:36,0
Wq0wtD2-ddsT-JtVfCc3g-07:00:00,SYN_100203,73,07:47:55,07:48:10,0
Wq0wtD2-ddsT-JtVfCc3g-07:00:00,SYN_100204,74,07:48:33,07:48:48,0
Wq0wtD2-ddsT-JtVfCc3g-07:00:00,SYN_100205,75,07:49:14,07:49:29,0
Wq0wtD2-ddsT-JtVfCc3g-07:00:00,SYN_100206,76,07:49:53,07:50:08,0
Wq0wtD2-ddsT-JtVfCc3g-07:00:00,SYN_100207,77,07:50:31,07:50:46,0
Wq0wtD2-ddsT-JtVfCc3g-07:00:00,SYN_100208,78,07:51:10,07:51:25,0
Wq0wtD2-ddsT-JtVfCc3g-07:00:00,SYN_100209,79,07:52:03,07:52:18,0
Wq0wtD2-ddsT-JtVfCc3g-07:00:00,SYN_100210,80,07:52:56,07:53:11,0
Wq0wtD2-ddsT-JtVfCc3g-07:00:00,SYN_100211,81,07:54:15,07:54:30,0
pLOjOa2QgHvzgt6C_kcel-07:00:00,SYN_100130,0,07:42:25,07:42:40,0
pLOjOa2QgHvzgt6C_kcel-07:00:00,SYN_100131,1,07:41:54,07:42:09,0
pLOjOa2QgHvzgt6C_kcel-07:00:00,SYN_100132,2,07:41:23,07:41:38,0
pLOjOa2QgHvzgt6C_kcel-07:00:00,SYN_100133,3,07:40:51,07:41:06,0
pLOjOa2QgHvzgt6C_kcel-07:00:00,SYN_100134,4,07:40:20,07:40:35,0
pLOjOa2QgHvzgt6C_kcel-07:00:00,SYN_100135,5,07:39:49,07:40:04,0
pLOjOa2QgHvzgt6C_kcel-07:00:00,SYN_100136,6,07:39:18,07:39:33,0
pLOjOa2QgHvzgt6C_kcel-07:00:00,SYN_100137,7,07:38:46,07:39:01,0
pLOjOa2QgHvzgt6C_kcel-07:00:00,SYN_100138,8,07:38:15,07:38:30,0
pLOjOa2QgHvzgt6C_kcel-07:00:00,SYN_100139,9,07:37:44,07:37:59,0
pLOjOa2QgHvzgt6C_kcel-07:00:00,SYN_100140,10,07:37:13,07:37:28,0
pLOjOa2QgHvzgt6C_kcel-07:00:00,SYN_100141,11,07:36:42,07:36:57,0
pLOjOa2QgHvzgt6C_kcel-07:00:00,SYN_100142,12,07:36:10,07:36:25,0
pLOjOa2QgHvzgt6C_kcel-07:00:00,SYN_100143,13,07:35:39,07:35:54,0
pLOjOa2QgHvzgt6C_kcel-07:00:00,SYN_100144,14,07:35:08,07:35:23,0
pLOjOa2QgHvzgt6C_kcel-07:00:00,SYN_100145,15,07:34:37,07:34:52,0
pLOjOa2QgHvzgt6C_kcel-07:00:00,SYN_100146,16,07:34:05,07:34:20,0
pLOjOa2QgHvzgt6C_kcel-07:00:00,SYN_100147,17,07:33:34,07:33:49,0
pLOjOa2QgHvzgt6C_kcel-07:00:00,SYN_100148,18,07:33:03,07:33:18,0
pLOjOa2QgHvzgt6C_kcel-07:00:00,SYN_100149,19,07:32:32,07:32:47,0
pLOjOa2QgHvzgt6C_kcel-07:00:00,SYN_100150,20,07:32:00,07:32:15,0
pLOjOa2QgHvzgt6C_kcel-07:00:00,SYN_100151,21,07:31:29,07:31:44,0
pLOjOa2QgHvzgt6C_kcel-07:00:00,SYN_100152,22,07:30:58,07:31:13,0
pLOjOa2QgHvzgt6C_kcel-07:00:00,SYN_100153,23,07:30:27,07:30:42,0
pLOjOa2QgHvzgt6C_kcel-07:00:00,SYN_100154,24,07:29:55,07:30:10,0
pLOjOa2QgHvzgt6C_kcel-07:00:00,SYN_100155,25,07:29:24,07:29:39,0
pLOjOa2QgHvzgt6C_kcel-07:00:00,SYN_100156,26,07:28:53,07:29:08,0
pLOjOa2QgHvzgt6C_kcel-07:00:00,SYN_100157,27,07:28:22,07:28:37,0
pLOjOa2QgHvzgt6C_kcel-07:00:00,SYN_100158,28,07:27:51,07:28:06,0
pLOjOa2QgHvzgt6C_kcel-07:00:00,SYN_100159,29,07:27:19,07:27:34,0
pLOjOa2QgHvzgt6C_kcel-07:00:00,SYN_100160,30,07:26:48,07:27:03,0
pLOjOa2QgHvzgt6C_kcel-07:00:00,SYN_100161,31,07:26:17,07:26:32,0
pLOjOa2QgHvzgt6C_kcel-07:00:00,SYN_100162,32,07:25:46,07:26:01,0
pLOjOa2QgHvzgt6C_kcel-07:00:00,SYN_100163,33,07:25:14,07:25:29,0
pLOjOa2QgHvzgt6C_kcel-07:00:00,SYN_100164,34,07:24:43,07:24:58,0
pLOjOa2QgHvzgt6C_kcel-07:00:00,SYN_100165,35,07:24:12,07:24:27,0
pLOjOa2QgHvzgt6C_kcel-07:00:00,SYN_100166,36,07:23:41,07:23:56,0
pLOjOa2QgHvzgt6C_kcel-07:00:00,SYN_100167,37,07:23:09,07:23:24,0
pLOjOa2QgHvzgt6C_kcel-07:00:00,SYN_100168,38,07:22:38,07:22:53,0
pLOjOa2QgHvzgt6C_kcel-07:00:00,SYN_100169,39,07:22:07,07:22:22,0
pLOjOa2QgHvzgt6C_kcel-07:00:00,SYN_100170,40,07:21:36,07:21:51,0
pLOjOa2QgHvzgt6C_kcel-07:00:00,SYN_100171,41,07:21:04,07:21:19,0
pLOjOa2QgHvzgt6C_kcel-07:00:00,SYN_100172,42,07:20:33,07:20:48,0
pLOjOa2QgHvzgt6C_kcel-07:00:00,SYN_100173,43,07:20:02,07:20:17,0
pLOjOa2QgHvzgt6C_kcel-07:00:00,SYN_100174,44,07:19:31,07:19:46,0
pLOjOa2QgHvzgt6C_kcel-07:00:00,SYN_100175,45,07:19:00,07:19:15,0
pLOjOa2QgHvzgt6C_kcel-07:00:00,SYN_100176,46,07:18:28,07:18:43,0
pLOjOa2QgHvzgt6C_kcel-07:00:00,SYN_100177,47,07:17:57,07:18:12,0
pLOjOa2QgHvzgt6C_kcel-07:00:00,SYN_100178,48,07:17:26,07:17:41,0
pLOjOa2QgHvzgt6C_kcel-07:00:00,SYN_100179,49,07:16:55,07:17:10,0
pLOjOa2QgHvzgt6C_kcel-07:00:00,SYN_100180,50,07:16:23,07:16:38,0
pLOjOa2QgHvzgt6C_kcel-07:00:00,SYN_100181,51,07:15:52,07:16:07,0
pLOjOa2QgHvzgt6C_kcel-07:00:00,SYN_100182,52,07:15:21,07:15:36,0
pLOjOa2QgHvzgt6C_kcel-07:00:00,SYN_100183,53,07:14:50,07:15:05,0
pLOjOa2QgHvzgt6C_kcel-07:00:00,SYN_100184,54,07:14:18,07:14:33,0
pLOjOa2QgHvzgt6C_kcel-07:00:00,SYN_100185,55,07:13:47,07:14:02,0
pLOjOa2QgHvzgt6C_kcel-07:00:00,SYN_100186,56,07:13:16,07:13:31,0
pLOjOa2QgHvzgt6C_kcel-07:00:00,SYN_100187,57,07:12:45,07:13:00,0
pLOjOa2QgHvzgt6C_kcel-07:00:00,SYN_100188,58,07:12:14,07:12:29,0
pLOjOa2QgHvzgt6C_kcel-07:00:00,SYN_100189,59,07:11:42,07:11:57,0
pLOjOa2QgHvzgt6C_kcel-07:00:00,SYN_100190,60,07:11:11,07:11:26,0
pLOjOa2QgHvzgt6C_kcel-07:00:00,SYN_100191,61,07:10:40,07:10:55,0
pLOjOa2QgHvzgt6C_kcel-07:00:00,SYN_100192,62,07:10:09,07:10:24,0
pLOjOa2QgHvzgt6C_kcel-07:00:00,SYN_100193,63,07:09:37,07:09:52,0
pLOjOa2QgHvzgt6C_kcel-07:00:00,SYN_100194,64,07:09:06,07:09:21,0
pLOjOa2QgHvzgt6C_kcel-07:00:00,SYN_100195,65,07:08:35,07:08:50,0
pLOjOa2QgHvzgt6C_kcel-07:00:00,SYN_100196,66,07:08:04,07:08:19,0
pLOjOa2QgHvzgt6C_kcel-07:00:00,SYN_100197,67,07:07:32,07:07:47,0
pLOjOa2QgHvzgt6C_kcel-07:00:00,SYN_100198,68,07:07:01,07:07:16,0
pLOjOa2QgHvzgt6C_kcel-07:00:00,SYN_100199,69,07:06:30,07:06:45,0
pLOjOa2QgHvzgt6C_kcel-07:00:00,SYN_100200,70,07:05:59,07:06:14,0
pLOjOa2QgHvzgt6C_kcel-07:00:00,SYN_100201,71,07:05:27,07:05:42,0
pLOjOa2QgHvzgt6C_kcel-07:00:00,SYN_100202,72,07:04:56,07:05:11,0
pLOjOa2QgHvzgt6C_kcel-07:00:00,SYN_100203,73,07:04:25,07:04:40,0
pLOjOa2QgHvzgt6C_kcel-07:00:00,SYN_100204,74,07:03:54,07:04:09,0
pLOjOa2QgHvzgt6C_kcel-07:00:00,SYN_100205,75,07:03:23,07:03:38,0
pLOjOa2QgHvzgt6C_kcel-07:00:00,SYN_100206,76,07:02:51,07:03:06,0
pLOjOa2QgHvzgt6C_kcel-07:00:00,SYN_100207,77,07:02:20,07:02:35,0
pLOjOa2QgHvzgt6C_kcel-07:00:00,SYN_100208,78,07:01:49,07:02:04,0
pLOjOa2QgHvzgt6C_kcel-07:00:00,SYN_100209,79,07:01:18,07:01:33,0
pLOjOa2QgHvzgt6C_kcel-07:00:00,SYN_100210,80,07:00:46,07:01:01,0
pLOjOa2QgHvzgt6C_kcel-07:00:00,SYN_100211,81,07:00:15,07:00:30,0
pLOjOa2QgHvzgt6C_kcel-07:00:00,SYN_100212,82,07:03:10,07:03:25,0
OI7bd_u7laDmk8SxgppK0-07:00:00,SYN_100213,0,07:01:18,07:01:33,0
OI7bd_u7laDmk8SxgppK0-07:00:00,SYN_100214,1,07:02:33,07:02:48,0
OI7bd_u7laDmk8SxgppK0-07:00:00,SYN_100215,2,07:03:35,07:03:50,0
OI7bd_u7laDmk8SxgppK0-07:00:00,SYN_100216,3,07:04:36,07:04:51,0
OI7bd_u7laDmk8SxgppK0-07:00:00,SYN_100217,4,07:05:23,07:05:38,0
OI7bd_u7laDmk8SxgppK0-07:00:00,SYN_100218,5,07:06:09,07:06:24,0
OI7bd_u7laDmk8SxgppK0-07:00:00,SYN_100219,6,07:07:24,07:07:39,0
OI7bd_u7laDmk8SxgppK0-07:00:00,SYN_100220,7,07:08:18,07:08:33,0
OI7bd_u7laDmk8SxgppK0-07:00:00,SYN_100221,8,07:08:52,07:09:07,0
OI7bd_u7laDmk8SxgppK0-07:00:00,SYN_100222,9,07:09:25,07:09:40,0
OI7bd_u7laDmk8SxgppK0-07:00:00,SYN_100223,10,07:09:59,07:10:14,0
OI7bd_u7laDmk8SxgppK0-07:00:00,SYN_100224,11,07:10:31,07:10:46,0
OI7bd_u7laDmk8SxgppK0-07:00:00,SYN_100225,12,07:11:04,07:11:19,0
OI7bd_u7laDmk8SxgppK0-07:00:00,SYN_100226,13,07:11:39,07:11:54,0
OI7bd_u7laDmk8SxgppK0-07:00:00,SYN_100227,14,07:12:13,07:12:28,0
OI7bd_u7laDmk8SxgppK0-07:00:00,SYN_100228,15,07:12:47,07:13:02,0
OI7bd_u7laDmk8SxgppK0-07:00:00,SYN_100229,16,07:13:18,07:13:33,0
OI7bd_u7laDmk8SxgppK0-07:00:00,SYN_100230,17,07:13:49,07:14:04,0
OI7bd_u7laDmk8SxgppK0-07:00:00,SYN_100231,18,07:14:20,07:14:35,0
OI7bd_u7laDmk8SxgppK0-07:00:00,SYN_100232,19,07:14:51,07:15:06,0
OI7bd_u7laDmk8SxgppK0-07:00:00,SYN_100233,20,07:15:21,07:15:36,0
OI7bd_u7laDmk8SxgppK0-07:00:00,SYN_100234,21,07:16:03,07:16:18,0
OI7bd_u7laDmk8SxgppK0-07:00:00,SYN_100235,22,07:16:45,07:17:00,0
OI7bd_u7laDmk8SxgppK0-07:00:00,SYN_100236,23,07:17:28,07:17:43,0
OI7bd_u7laDmk8SxgppK0-07:00:00,SYN_100237,24,07:18:46,07:19:01,0
OI7bd_u7laDmk8SxgppK0-07:00:00,SYN_100238,25,07:20:25,07:20:40,0
OI7bd_u7laDmk8SxgppK0-07:00:00,SYN_100239,26,07:21:01,07:21:16,0
OI7bd_u7laDmk8SxgppK0-07:00:00,SYN_100240,27,07:21:31,07:21:46,0
OI7bd_u7laDmk8SxgppK0-07:00:00,SYN_100241,28,07:22:01,07:22:16,0
OI7bd_u7laDmk8SxgppK0-07:00:00,SYN_100242,29,07:22:31,07:22:46,0
OI7bd_u7laDmk8SxgppK0-07:00:00,SYN_100243,30,07:23:02,07:23:17,0
OI7bd_u7laDmk8SxgppK0-07:00:00,SYN_100244,31,07:23:37,07:23:52,0
OI7bd_u7laDmk8SxgppK0-07:00:00,SYN_100245,32,07:24:24,07:24:39,0
OI7bd_u7laDmk8SxgppK0-07:00:00,SYN_100246,33,07:25:11,07:25:26,0
OI7bd_u7laDmk8SxgppK0-07:00:00,SYN_100247,34,07:25:57,07:26:12,0
OI7bd_u7laDmk8SxgppK0-07:00:00,SYN_100248,35,07:26:40,07:26:55,0
OI7bd_u7laDmk8SxgppK0-07:00:00,SYN_100249,36,07:27:23,07:27:38,0
OI7bd_u7laDmk8SxgppK0-07:00:00,SYN_100250,37,07:28:03,07:28:18,0
OI7bd_u7laDmk8SxgppK0-07:00:00,SYN_100251,38,07:28:42,07:28:57,0
OI7bd_u7laDmk8SxgppK0-07:00:00,SYN_100252,39,07:29:21,07:29:36,0
OI7bd_u7laDmk8SxgppK0-07:00:00,SYN_100253,40,07:30:02,07:30:17,0
OI7bd_u7laDmk8SxgppK0-07:00:00,SYN_100254,41,07:30:42,07:30:57,0
OI7bd_u7laDmk8SxgppK0-07:00:00,SYN_100255,42,07:31:23,07:31:38,0
OI7bd_u7laDmk8SxgppK0-07:00:00,SYN_100256,43,07:32:04,07:32:19,0
OI7bd_u7laDmk8SxgppK0-07:00:00,SYN_100257,44,07:32:33,07:32:48,0
OI7bd_u7laDmk8SxgppK0-07:00:00,SYN_100258,45,07:33:02,07:33:17,0
OI7bd_u7laDmk8SxgppK0-07:00:00,SYN_100259,46,07:33:31,07:33:46,0
OI7bd_u7laDmk8SxgppK0-07:00:00,SYN_100260,47,07:34:00,07:34:15,0
OI7bd_u7laDmk8SxgppK0-07:00:00,SYN_100261,48,07:34:29,07:34:44,0
OI7bd_u7laDmk8SxgppK0-07:00:00,SYN_100262,49,07:34:57,07:35:12,0
OI7bd_u7laDmk8SxgppK0-07:00:00,SYN_100263,50,07:35:26,07:35:41,0
OI7bd_u7laDmk8SxgppK0-07:00:00,SYN_100264,51,07:36:07,07:36:22,0
OI7bd_u7laDmk8SxgppK0-07:00:00,SYN_100265,52,07:37:17,07:37:32,0
OI7bd_u7laDmk8SxgppK0-07:00:00,SYN_100266,53,07:38:18,07:38:33,0
OI7bd_u7laDmk8SxgppK0-07:00:00,SYN_100267,54,07:38:57,07:39:12,0
OI7bd_u7laDmk8SxgppK0-07:00:00,SYN_100268,55,07:39:33,07:39:48,0
OI7bd_u7laDmk8SxgppK0-07:00:00,SYN_100269,56,07:40:09,07:40:24,0
OI7bd_u7laDmk8SxgppK0-07:00:00,SYN_100270,57,07:40:46,07:41:01,0
OI7bd_u7laDmk8SxgppK0-07:00:00,SYN_100271,58,07:41:28,07:41:43,0
OI7bd_u7laDmk8SxgppK0-07:00:00,SYN_100272,59,07:42:10,07:42:25,0
OI7bd_u7laDmk8SxgppK0-07:00:00,SYN_100273,60,07:42:44,07:42:59,0
OI7bd_u7laDmk8SxgppK0-07:00:00,SYN_100274,61,07:43:14,07:43:29,0
OI7bd_u7laDmk8SxgppK0-07:00:00,SYN_100275,62,07:43:42,07:43:57,0
OI7bd_u7laDmk8SxgppK0-07:00:00,SYN_100276,63,07:44:10,07:44:25,0
OI7bd_u7laDmk8SxgppK0-07:00:00,SYN_100277,64,07:44:59,07:45:14,0
OI7bd_u7laDmk8SxgppK0-07:00:00,SYN_100278,65,07:45:31,07:45:46,0
OI7bd_u7laDmk8SxgppK0-07:00:00,SYN_100279,66,07:45:55,07:46:10,0
OI7bd_u7laDmk8SxgppK0-07:00:00,SYN_100280,67,07:46:19,07:46:34,0
OI7bd_u7laDmk8SxgppK0-07:00:00,SYN_100281,68,07:46:44,07:46:59,0
OI7bd_u7laDmk8SxgppK0-07:00:00,SYN_100282,69,07:47:10,07:47:25,0
OI7bd_u7laDmk8SxgppK0-07:00:00,SYN_100283,70,07:47:35,07:47:50,0
OI7bd_u7laDmk8SxgppK0-07:00:00,SYN_100284,71,07:48:01,07:48:16,0
OI7bd_u7laDmk8SxgppK0-07:00:00,SYN_100285,72,07:48:27,07:48:42,0
OI7bd_u7laDmk8SxgppK0-07:00:00,SYN_100286,73,07:48:52,07:49:07,0
OI7bd_u7laDmk8SxgppK0-07:00:00,SYN_100287,74,07:49:20,07:49:35,0
OI7bd_u7laDmk8SxgppK0-07:00:00,SYN_100288,75,07:49:54,07:50:09,0
OI7bd_u7laDmk8SxgppK0-07:00:00,SYN_100289,76,07:50:57,07:51:12,0
OI7bd_u7laDmk8SxgppK0-07:00:00,SYN_100290,77,07:52:25,07:52:40,0
OI7bd_u7laDmk8SxgppK0-07:00:00,SYN_100291,78,07:53:49,07:54:04,0
OI7bd_u7laDmk8SxgppK0-07:00:00,SYN_100292,79,07:54:40,07:54:55,0
OI7bd_u7laDmk8SxgppK0-07:00:00,SYN_100293,80,07:55:31,07:55:46,0
OI7bd_u7laDmk8SxgppK0-07:00:00,SYN_100294,81,07:56:22,07:56:37,0
OI7bd_u7laDmk8SxgppK0-07:00:00,SYN_100295,82,07:57:13,07:57:28,0
OI7bd_u7laDmk8SxgppK0-07:00:00,SYN_100296,83,07:58:04,07:58:19,0
_xaRNY3_AfOnhpf5yTE3A-07:00:00,SYN_100213,0,07:37:19,07:37:34,0
_xaRNY3_AfOnhpf5yTE3A-07:00:00,SYN_100214,1,07:36:52,07:37:07,0
_xaRNY3_AfOnhpf5yTE3A-07:00:00,SYN_100215,2,07:36:25,07:36:40,0
_xaRNY3_AfOnhpf5yTE3A-07:00:00,SYN_100216,3,07:35:58,07:36:13,0
_xaRNY3_AfOnhpf5yTE3A-07:00:00,SYN_100217,4,07:35:31,07:35:46,0
_xaRNY3_AfOnhpf5yTE3A-07:00:00,SYN_100218,5,07:35:05,07:35:20,0
_xaRNY3_AfOnhpf5yTE3A-07:00:00,SYN_100219,6,07:34:38,07:34:53,0
_xaRNY3_AfOnhpf5yTE3A-07:00:00,SYN_100220,7,07:34:11,07:34:26,0
_xaRNY3_AfOnhpf5yTE3A-07:00:00,SYN_100221,8,07:33:44,07:33:59,0
_xaRNY3_AfOnhpf5yTE3A-07:00:00,SYN_100222,9,07:33:17,07:33:32,0
_xaRNY3_AfOnhpf5yTE3A-07:00:00,SYN_100223,10,07:32:50,07:33:05,0
_xaRNY3_AfOnhpf5yTE3A-07:00:00,SYN_100224,11,07:32:24,07:32:39,0
_xaRNY3_AfOnhpf5yTE3A-07:00:00,SYN_100225,12,07:31:57,07:32:12,0
_xaRNY3_AfOnhpf5yTE3A-07:00:00,SYN_100226,13,07:31:30,07:31:45,0
_xaRNY3_AfOnhpf5yTE3A-07:00:00,SYN_100227,14,07:31:03,07:31:18,0
_xaRNY3_AfOnhpf5yTE3A-07:00:00,SYN_100228,15,07:30:36,07:30:51,0
_xaRNY3_AfOnhpf5yTE3A-07:00:00,SYN_100229,16,07:30:09,07:30:24,0
_xaRNY3_AfOnhpf5yTE3A-07:00:00,SYN_100230,17,07:29:43,07:29:58,0
_xaRNY3_AfOnhpf5yTE3A-07:00:00,SYN_100231,18,07:29:16,07:29:31,0
_xaRNY3_AfOnhpf5yTE3A-07:00:00,SYN_100232,19,07:28:49,07:29:04,0
_xaRNY3_AfOnhpf5yTE3A-07:00:00,SYN_100233,20,07:28:22,07:28:37,0
_xaRNY3_AfOnhpf5yTE3A-07:00:00,SYN_100234,21,07:27:55,07:28:10,0
_xaRNY3_AfOnhpf5yTE3A-07:00:00,SYN_100235,22,07:27:28,07:27:43,0
_xaRNY3_AfOnhpf5yTE3A-07:00:00,SYN_100236,23,07:27:02,07:27:17,0
_xaRNY3_AfOnhpf5yTE3A-07:00:00,SYN_100237,24,07:26:35,07:26:50,0
_xaRNY3_AfOnhpf5yTE3A-07:00:00,SYN_100238,25,07:26:08,07:26:23,0
_xaRNY3_AfOnhpf5yTE3A-07:00:00,SYN_100239,26,07:25:41,07:25:56,0
_xaRNY3_AfOnhpf5yTE3A-07:00:00,SYN_100240,27,07:25:14,07:25:29,0
_xaRNY3_AfOnhpf5yTE3A-07:00:00,SYN_100241,28,07:24:47,07:25:02,0
_xaRNY3_AfOnhpf5yTE3A-07:00:00,SYN_100242,29,07:24:21,07:24:36,0
_xaRNY3_AfOnhpf5yTE3A-07:00:00,SYN_100243,30,07:23:54,07:24:09,0
_xaRNY3_AfOnhpf5yTE3A-07:00:00,SYN_100244,31,07:23:27,07:23:42,0
_xaRNY3_AfOnhpf5yTE3A-07:00:00,SYN_100245,32,07:23:00,07:23:15,0
_xaRNY3_AfOnhpf5yTE3A-07:00:00,SYN_100246,33,07:22:33,07:22:48,0
_xaRNY3_AfOnhpf5yTE3A-07:00:00,SYN_100247,34,07:22:06,07:22:21,0
_xaRNY3_AfOnhpf5yTE3A-07:00:00,SYN_100248,35,07:21:40,07:21:55,0
_xaRNY3_AfOnhpf5yTE3A-07:00:00,SYN_100249,36,07:21:13,07:21:28,0
_xaRNY3_AfOnhpf5yTE3A-07:00:00,SYN_100250,37,07:20:46,07:21:01,0
_xaRNY3_AfOnhpf5yTE3A-07:00:00,SYN_100251,38,07:20:19,07:20:34,0
_xaRNY3_AfOnhpf5yTE3A-07:00:00,SYN_100252,39,07:19:52,07:20:07,0
_xaRNY3_AfOnhpf5yTE3A-07:00:00,SYN_100253,40,07:19:25,07:19:40,0
_xaRNY3_AfOnhpf5yTE3A-07:00:00,SYN_100254,41,07:18:59,07:19:14,0
_xaRNY3_AfOnhpf5yTE3A-07:00:00,SYN_100255,42,07:18:32,07:18:47,0
_xaRNY3_AfOnhpf5yTE3A-07:00:00,SYN_100256,43,07:18:05,07:18:20,0
_xaRNY3_AfOnhpf5yTE3A-07:00:00,SYN_100257,44,07:17:38,07:17:53,0
_xaRNY3_AfOnhpf5yTE3A-07:00:00,SYN_100258,45,07:17:11,07:17:26,0
_xaRNY3_AfOnhpf5yTE3A-07:00:00,SYN_100259,46,07:16:44,07:16:59,0
_xaRNY3_AfOnhpf5yTE3A-07:00:00,SYN_100260,47,07:16:18,07:16:33,0
_xaRNY3_AfOnhpf5yTE3A-07:00:00,SYN_100261,48,07:15:51,07:16:06,0
_xaRNY3_AfOnhpf5yTE3A-07:00:00,SYN_100262,49,07:15:24,07:15:39,0
_xaRNY3_AfOnhpf5yTE3A-07:00:00,SYN_100263,50,07:14:57,07:15:12,0
_xaRNY3_AfOnhpf5yTE3A-07:00:00,SYN_100264,51,07:14:30,07:14:45,0
_xaRNY3_AfOnhpf5yTE3A-07:00:00,SYN_100265,52,07:14:03,07:14:18,0
_xaRNY3_AfOnhpf5yTE3A-07:00:00,SYN_100266,53,07:13:37,07:13:52,0
_xaRNY3_AfOnhpf5yTE3A-07:00:00,SYN_100267,54,07:13:10,07:13:25,0
_xaRNY3_AfOnhpf5yTE3A-07:00:00,SYN_100268,55,07:12:43,07:12:58,0
_xaRNY3_AfOnhpf5yTE3A-07:00:00,SYN_100269,56,07:12:16,07:12:31,0
_xaRNY3_AfOnhpf5yTE3A-07:00:00,SYN_100270,57,07:11:49,07:12:04,0
_xaRNY3_AfOnhpf5yTE3A-07:00:00,SYN_100271,58,07:11:23,07:11:38,0
_xaRNY3_AfOnhpf5yTE3A-07:00:00,SYN_100272,59,07:10:56,07:11:11,0
_xaRNY3_AfOnhpf5yTE3A-07:00:00,SYN_100273,60,07:10:29,07:10:44,0
_xaRNY3_AfOnhpf5yTE3A-07:00:00,SYN_100274,61,07:10:02,07:10:17,0
_xaRNY3_AfOnhpf5yTE3A-07:00:00,SYN_100275,62,07:09:35,07:09:50,0
_xaRNY3_AfOnhpf5yTE3A-07:00:00,SYN_100276,63,07:09:08,07:09:23,0
_xaRNY3_AfOnhpf5yTE3A-07:00:00,SYN_100277,64,07:08:42,07:08:57,0
_xaRNY3_AfOnhpf5yTE3A-07:00:00,SYN_100278,65,07:08:15,07:08:30,0
_xaRNY3_AfOnhpf5yTE3A-07:00:00,SYN_100279,66,07:07:48,07:08:03,0
_xaRNY3_AfOnhpf5yTE3A-07:00:00,SYN_100280,67,07:07:21,07:07:36,0
_xaRNY3_AfOnhpf5yTE3A-07:00:00,SYN_100281,68,07:06:54,07:07:09,0
_xaRNY3_AfOnhpf5yTE3A-07:00:00,SYN_100282,69,07:06:27,07:06:42,0
_xaRNY3_AfOnhpf5yTE3A-07:00:00,SYN_100283,70,07:06:01,07:06:16,0
_xaRNY3_AfOnhpf5yTE3A-07:00:00,SYN_100284,71,07:05:34,07:05:49,0
_xaRNY3_AfOnhpf5yTE3A-07:00:00,SYN_100285,72,07:05:07,07:05:22,0
_xaRNY3_AfOnhpf5yTE3A-07:00:00,SYN_100286,73,07:04:40,07:04:55,0
_xaRNY3_AfOnhpf5yTE3A-07:00:00,SYN_100287,74,07:04:13,07:04:28,0
_xaRNY3_AfOnhpf5yTE3A-07:00:00,SYN_100288,75,07:03:46,07:04:01,0
_xaRNY3_AfOnhpf5yTE3A-07:00:00,SYN_100289,76,07:03:20,07:03:35,0
_xaRNY3_AfOnhpf5yTE3A-07:00:00,SYN_100290,77,07:02:53,07:03:08,0
_xaRNY3_AfOnhpf5yTE3A-07:00:00,SYN_100291,78,07:02:26,07:02:41,0
_xaRNY3_AfOnhpf5yTE3A-07:00:00,SYN_100292,79,07:01:59,07:02:14,0
_xaRNY3_AfOnhpf5yTE3A-07:00:00,SYN_100293,80,07:01:32,07:01:47,0
_xaRNY3_AfOnhpf5yTE3A-07:00:00,SYN_100294,81,07:01:05,07:01:20,0
_xaRNY3_AfOnhpf5yTE3A-07:00:00,SYN_100295,82,07:00:39,07:00:54,0
_xaRNY3_AfOnhpf5yTE3A-07:00:00,SYN_100296,83,07:00:12,07:00:27,0
I2ar40PiiuS-HMI9_KCLc-07:00:00,SYN_100297,0,07:00:30,07:00:45,0
I2ar40PiiuS-HMI9_KCLc-07:00:00,SYN_100298,1,07:01:22,07:01:37,0
I2ar40PiiuS-HMI9_KCLc-07:00:00,SYN_100299,2,07:02:14,07:02:29,0
I2ar40PiiuS-HMI9_KCLc-07:00:00,SYN_100300,3,07:02:59,07:03:14,0
I2ar40PiiuS-HMI9_KCLc-07:00:00,SYN_100301,4,07:03:32,07:03:47,0
I2ar40PiiuS-HMI9_KCLc-07:00:00,SYN_100302,5,07:04:05,07:04:20,0
I2ar40PiiuS-HMI9_KCLc-07:00:00,SYN_100303,6,07:04:38,07:04:53,0
I2ar40PiiuS-HMI9_KCLc-07:00:00,SYN_100304,7,07:05:12,07:05:27,0
I2ar40PiiuS-HMI9_KCLc-07:00:00,SYN_100305,8,07:05:45,07:06:00,0
I2ar40PiiuS-HMI9_KCLc-07:00:00,SYN_100306,9,07:06:22,07:06:37,0
I2ar40PiiuS-HMI9_KCLc-07:00:00,SYN_100307,10,07:07:03,07:07:18,0
I2ar40PiiuS-HMI9_KCLc-07:00:00,SYN_100308,11,07:07:42,07:07:57,0
I2ar40PiiuS-HMI9_KCLc-07:00:00,SYN_100309,12,07:08:20,07:08:35,0
I2ar40PiiuS-HMI9_KCLc-07:00:00,SYN_100310,13,07:08:59,07:09:14,0
I2ar40PiiuS-HMI9_KCLc-07:00:00,SYN_100311,14,07:09:50,07:10:05,0
I2ar40PiiuS-HMI9_KCLc-07:00:00,SYN_100312,15,07:10:43,07:10:58,0
I2ar40PiiuS-HMI9_KCLc-07:00:00,SYN_100313,16,07:11:59,07:12:14,0
I2ar40PiiuS-HMI9_KCLc-07:00:00,SYN_100314,17,07:12:39,07:12:54,0
I2ar40PiiuS-HMI9_KCLc-07:00:00,SYN_100315,18,07:13:05,07:13:20,0
I2ar40PiiuS-HMI9_KCLc-07:00:00,SYN_100316,19,07:13:31,07:13:46,0
I2ar40PiiuS-HMI9_KCLc-07:00:00,SYN_100317,20,07:13:57,07:14:12,0
I2ar40PiiuS-HMI9_KCLc-07:00:00,SYN_100318,21,07:14:23,07:14:38,0
I2ar40PiiuS-HMI9_KCLc-07:00:00,SYN_100319,22,07:17:30,07:17:45,0
I2ar40PiiuS-HMI9_KCLc-07:00:00,SYN_100320,23,07:18:23,07:18:38,0
I2ar40PiiuS-HMI9_KCLc-07:00:00,SYN_100321,24,07:19:21,07:19:36,0
I2ar40PiiuS-HMI9_KCLc-07:00:00,SYN_100322,25,07:20:18,07:20:33,0
I2ar40PiiuS-HMI9_KCLc-07:00:00,SYN_100323,26,07:20:43,07:20:58,0
I2ar40PiiuS-HMI9_KCLc-07:00:00,SYN_100324,27,07:21:07,07:21:22,0
I2ar40PiiuS-HMI9_KCLc-07:00:00,SYN_100325,28,07:21:31,07:21:46,0
wlRSKsJwTRTrfl4QBCwtY-07:00:00,SYN_100300,0,07:23:15,07:23:30,0
wlRSKsJwTRTrfl4QBCwtY-07:00:00,SYN_100301,1,07:22:25,07:22:40,0
wlRSKsJwTRTrfl4QBCwtY-07:00:00,SYN_100302,2,07:21:35,07:21:50,0
wlRSKsJwTRTrfl4QBCwtY-07:00:00,SYN_100303,3,07:20:45,07:21:00,0
wlRSKsJwTRTrfl4QBCwtY-07:00:00,SYN_100304,4,07:19:55,07:20:10,0
wlRSKsJwTRTrfl4QBCwtY-07:00:00,SYN_100305,5,07:19:05,07:19:20,0
wlRSKsJwTRTrfl4QBCwtY-07:00:00,SYN_100306,6,07:18:15,07:18:30,0
wlRSKsJwTRTrfl4QBCwtY-07:00:00,SYN_100307,7,07:17:25,07:17:40,0
wlRSKsJwTRTrfl4QBCwtY-07:00:00,SYN_100308,8,07:16:34,07:16:49,0
wlRSKsJwTRTrfl4QBCwtY-07:00:00,SYN_100309,9,07:15:44,07:15:59,0
wlRSKsJwTRTrfl4QBCwtY-07:00:00,SYN_100310,10,07:14:54,07:15:09,0
wlRSKsJwTRTrfl4QBCwtY-07:00:00,SYN_100311,11,07:14:04,07:14:19,0
wlRSKsJwTRTrfl4QBCwtY-07:00:00,SYN_100312,12,07:13:14,07:13:29,0
wlRSKsJwTRTrfl4QBCwtY-07:00:00,SYN_100313,13,07:12:24,07:12:39,0
wlRSKsJwTRTrfl4QBCwtY-07:00:00,SYN_100314,14,07:11:34,07:11:49,0
wlRSKsJwTRTrfl4QBCwtY-07:00:00,SYN_100315,15,07:10:44,07:10:59,0
wlRSKsJwTRTrfl4QBCwtY-07:00:00,SYN_100316,16,07:09:54,07:10:09,0
wlRSKsJwTRTrfl4QBCwtY-07:00:00,SYN_100317,17,07:09:04,07:09:19,0
wlRSKsJwTRTrfl4QBCwtY-07:00:00,SYN_100318,18,07:08:14,07:08:29,0
wlRSKsJwTRTrfl4QBCwtY-07:00:00,SYN_100319,19,07:07:24,07:07:39,0
wlRSKsJwTRTrfl4QBCwtY-07:00:00,SYN_100320,20,07:06:33,07:06:48,0
wlRSKsJwTRTrfl4QBCwtY-07:00:00,SYN_100321,21,07:05:43,07:05:58,0
wlRSKsJwTRTrfl4QBCwtY-07:00:00,SYN_100322,22,07:04:53,07:05:08,0
wlRSKsJwTRTrfl4QBCwtY-07:00:00,SYN_100323,23,07:04:03,07:04:18,0
wlRSKsJwTRTrfl4QBCwtY-07:00:00,SYN_100324,24,07:03:13,07:03:28,0
wlRSKsJwTRTrfl4QBCwtY-07:00:00,SYN_100325,25,07:02:23,07:02:38,0
wlRSKsJwTRTrfl4QBCwtY-07:00:00,SYN_100326,26,07:01:33,07:01:48,0
wlRSKsJwTRTrfl4QBCwtY-07:00:00,SYN_100327,27,07:00:43,07:00:58,0
7PVy-xzsAclt9bvyLn2D_-07:00:00,SYN_100329,0,07:00:24,07:00:39,0
7PVy-xzsAclt9bvyLn2D_-07:00:00,SYN_100330,1,07:00:55,07:01:10,0
7PVy-xzsAclt9bvyLn2D_-07:00:00,SYN_100331,2,07:01:27,07:01:42,0
7PVy-xzsAclt9bvyLn2D_-07:00:00,SYN_100332,3,07:01:58,07:02:13,0
7PVy-xzsAclt9bvyLn2D_-07:00:00,SYN_100333,4,07:02:30,07:02:45,0
7PVy-xzsAclt9bvyLn2D_-07:00:00,SYN_100334,5,07:03:01,07:03:16,0
7PVy-xzsAclt9bvyLn2D_-07:00:00,SYN_100335,6,07:03:32,07:03:47,0
7PVy-xzsAclt9bvyLn2D_-07:00:00,SYN_100336,7,07:04:04,07:04:19,0
7PVy-xzsAclt9bvyLn2D_-07:00:00,SYN_100337,8,07:04:35,07:04:50,0
7PVy-xzsAclt9bvyLn2D_-07:00:00,SYN_100338,9,07:05:07,07:05:22,0
7PVy-xzsAclt9bvyLn2D_-07:00:00,SYN_100339,10,07:05:45,07:06:00,0
7PVy-xzsAclt9bvyLn2D_-07:00:00,SYN_100340,11,07:06:27,07:06:42,0
7PVy-xzsAclt9bvyLn2D_-07:00:00,SYN_100341,12,07:07:10,07:07:25,0
7PVy-xzsAclt9bvyLn2D_-07:00:00,SYN_100342,13,07:07:41,07:07:56,0
7PVy-xzsAclt9bvyLn2D_-07:00:00,SYN_100343,14,07:08:11,07:08:26,0
7PVy-xzsAclt9bvyLn2D_-07:00:00,SYN_100344,15,07:08:42,07:08:57,0
7PVy-xzsAclt9bvyLn2D_-07:00:00,SYN_100345,16,07:09:13,07:09:28,0
7PVy-xzsAclt9bvyLn2D_-07:00:00,SYN_100346,17,07:09:43,07:09:58,0
7PVy-xzsAclt9bvyLn2D_-07:00:00,SYN_100347,18,07:10:14,07:10:29,0
7PVy-xzsAclt9bvyLn2D_-07:00:00,SYN_100348,19,07:10:54,07:11:09,0
7PVy-xzsAclt9bvyLn2D_-07:00:00,SYN_100349,20,07:11:35,07:11:50,0
7PVy-xzsAclt9bvyLn2D_-07:00:00,SYN_100350,21,07:12:14,07:12:29,0
7PVy-xzsAclt9bvyLn2D_-07:00:00,SYN_100351,22,07:12:52,07:13:07,0
7PVy-xzsAclt9bvyLn2D_-07:00:00,SYN_100352,23,07:13:26,07:13:41,0
7PVy-xzsAclt9bvyLn2D_-07:00:00,SYN_100353,24,07:13:51,07:14:06,0
7PVy-xzsAclt9bvyLn2D_-07:00:00,SYN_100354,25,07:14:17,07:14:32,0
7PVy-xzsAclt9bvyLn2D_-07:00:00,SYN_100355,26,07:16:26,07:16:41,0
7PVy-xzsAclt9bvyLn2D_-07:00:00,SYN_100356,27,07:17:22,07:17:37,0
7PVy-xzsAclt9bvyLn2D_-07:00:00,SYN_100357,28,07:18:05,07:18:20,0
7PVy-xzsAclt9bvyLn2D_-07:00:00,SYN_100358,29,07:19:02,07:19:17,0
7PVy-xzsAclt9bvyLn2D_-07:00:00,SYN_100359,30,07:21:52,07:22:07,0
7PVy-xzsAclt9bvyLn2D_-07:00:00,SYN_100360,31,07:22:14,07:22:29,0
7PVy-xzsAclt9bvyLn2D_-07:00:00,SYN_100361,32,07:22:36,07:22:51,0
7PVy-xzsAclt9bvyLn2D_-07:00:00,SYN_100362,33,07:22:58,07:23:13,0
7PVy-xzsAclt9bvyLn2D_-07:00:00,SYN_100363,34,07:23:20,07:23:35,0
7PVy-xzsAclt9bvyLn2D_-07:00:00,SYN_100364,35,07:23:42,07:23:57,0
7PVy-xzsAclt9bvyLn2D_-07:00:00,SYN_100365,36,07:24:04,07:24:19,0
7PVy-xzsAclt9bvyLn2D_-07:00:00,SYN_100366,37,07:24:26,07:24:41,0
7PVy-xzsAclt9bvyLn2D_-07:00:00,SYN_100367,38,07:24:48,07:25:03,0
7PVy-xzsAclt9bvyLn2D_-07:00:00,SYN_100368,39,07:25:10,07:25:25,0
7PVy-xzsAclt9bvyLn2D_-07:00:00,SYN_100369,40,07:25:32,07:25:47,0
wyt-c9kVSmo-uyx4zLFYT-07:00:00,SYN_100371,0,07:00:18,07:00:33,0
wyt-c9kVSmo-uyx4zLFYT-07:00:00,SYN_100372,1,07:00:58,07:01:13,0
wyt-c9kVSmo-uyx4zLFYT-07:00:00,SYN_100373,2,07:01:39,07:01:54,0
wyt-c9kVSmo-uyx4zLFYT-07:00:00,SYN_100374,3,07:02:19,07:02:34,0
wyt-c9kVSmo-uyx4zLFYT-07:00:00,SYN_100375,4,07:02:59,07:03:14,0
wyt-c9kVSmo-uyx4zLFYT-07:00:00,SYN_100376,5,07:03:33,07:03:48,0
wyt-c9kVSmo-uyx4zLFYT-07:00:00,SYN_100377,6,07:04:06,07:04:21,0
wyt-c9kVSmo-uyx4zLFYT-07:00:00,SYN_100378,7,07:04:41,07:04:56,0
wyt-c9kVSmo-uyx4zLFYT-07:00:00,SYN_100379,8,07:05:31,07:05:46,0
wyt-c9kVSmo-uyx4zLFYT-07:00:00,SYN_100380,9,07:06:09,07:06:24,0
wyt-c9kVSmo-uyx4zLFYT-07:00:00,SYN_100381,10,07:06:39,07:06:54,0
wyt-c9kVSmo-uyx4zLFYT-07:00:00,SYN_100382,11,07:07:02,07:07:17,0
wyt-c9kVSmo-uyx4zLFYT-07:00:00,SYN_100383,12,07:07:20,07:07:35,0
wyt-c9kVSmo-uyx4zLFYT-07:00:00,SYN_100384,13,07:07:39,07:07:54,0
wyt-c9kVSmo-uyx4zLFYT-07:00:00,SYN_100385,14,07:07:57,07:08:12,0
wyt-c9kVSmo-uyx4zLFYT-07:00:00,SYN_100386,15,07:08:15,07:08:30,0
wyt-c9kVSmo-uyx4zLFYT-07:00:00,SYN_100387,16,07:08:33,07:08:48,0
wyt-c9kVSmo-uyx4zLFYT-07:00:00,SYN_100388,17,07:08:52,07:09:07,0
wyt-c9kVSmo-uyx4zLFYT-07:00:00,SYN_100389,18,07:09:10,07:09:25,0
wyt-c9kVSmo-uyx4zLFYT-07:00:00,SYN_100390,19,07:09:36,07:09:51,0
wyt-c9kVSmo-uyx4zLFYT-07:00:00,SYN_100391,20,07:10:01,07:10:16,0
wyt-c9kVSmo-uyx4zLFYT-07:00:00,SYN_100392,21,07:10:27,07:10:42,0
wyt-c9kVSmo-uyx4zLFYT-07:00:00,SYN_100393,22,07:10:55,07:11:10,0
wyt-c9kVSmo-uyx4zLFYT-07:00:00,SYN_100394,23,07:11:24,07:11:39,0
wyt-c9kVSmo-uyx4zLFYT-07:00:00,SYN_100395,24,07:11:53,07:12:08,0
wyt-c9kVSmo-uyx4zLFYT-07:00:00,SYN_100396,25,07:12:20,07:12:35,0
wyt-c9kVSmo-uyx4zLFYT-07:00:00,SYN_100397,26,07:12:45,07:13:00,0
wyt-c9kVSmo-uyx4zLFYT-07:00:00,SYN_100398,27,07:13:09,07:13:24,0
wyt-c9kVSmo-uyx4zLFYT-07:00:00,SYN_100399,28,07:13:39,07:13:54,0
wyt-c9kVSmo-uyx4zLFYT-07:00:00,SYN_100400,29,07:14:11,07:14:26,0
wyt-c9kVSmo-uyx4zLFYT-07:00:00,SYN_100401,30,07:14:39,07:14:54,0
wyt-c9kVSmo-uyx4zLFYT-07:00:00,SYN_100402,31,07:15:02,07:15:17,0
wyt-c9kVSmo-uyx4zLFYT-07:00:00,SYN_100403,32,07:15:25,07:15:40,0
wyt-c9kVSmo-uyx4zLFYT-07:00:00,SYN_100404,33,07:15:48,07:16:03,0
wyt-c9kVSmo-uyx4zLFYT-07:00:00,SYN_100405,34,07:16:11,07:16:26,0
wyt-c9kVSmo-uyx4zLFYT-07:00:00,SYN_100406,35,07:16:34,07:16:49,0
wyt-c9kVSmo-uyx4zLFYT-07:00:00,SYN_100407,36,07:17:07,07:17:22,0
wyt-c9kVSmo-uyx4zLFYT-07:00:00,SYN_100408,37,07:17:34,07:17:49,0
wyt-c9kVSmo-uyx4zLFYT-07:00:00,SYN_100409,38,07:17:50,07:18:05,0
wyt-c9kVSmo-uyx4zLFYT-07:00:00,SYN_100410,39,07:18:06,07:18:21,0
wyt-c9kVSmo-uyx4zLFYT-07:00:00,SYN_100411,40,07:18:22,07:18:37,0
wyt-c9kVSmo-uyx4zLFYT-07:00:00,SYN_100412,41,07:18:40,07:18:55,0
wyt-c9kVSmo-uyx4zLFYT-07:00:00,SYN_100413,42,07:18:57,07:19:12,0
wyt-c9kVSmo-uyx4zLFYT-07:00:00,SYN_100414,43,07:19:15,07:19:30,0
wyt-c9kVSmo-uyx4zLFYT-07:00:00,SYN_100415,44,07:19:32,07:19:47,0
wyt-c9kVSmo-uyx4zLFYT-07:00:00,SYN_100416,45,07:19:50,07:20:05,0
wyt-c9kVSmo-uyx4zLFYT-07:00:00,SYN_100417,46,07:20:11,07:20:26,0
wyt-c9kVSmo-uyx4zLFYT-07:00:00,SYN_100418,47,07:20:33,07:20:48,0
wyt-c9kVSmo-uyx4zLFYT-07:00:00,SYN_100419,48,07:20:54,07:21:09,0
wyt-c9kVSmo-uyx4zLFYT-07:00:00,SYN_100420,49,07:21:22,07:21:37,0
wyt-c9kVSmo-uyx4zLFYT-07:00:00,SYN_100421,50,07:21:57,07:22:12,0
wyt-c9kVSmo-uyx4zLFYT-07:00:00,SYN_100422,51,07:22:27,07:22:42,0
wyt-c9kVSmo-uyx4zLFYT-07:00:00,SYN_100423,52,07:22:58,07:23:13,0
wyt-c9kVSmo-uyx4zLFYT-07:00:00,SYN_100424,53,07:23:28,07:23:43,0
wyt-c9kVSmo-uyx4zLFYT-07:00:00,SYN_100425,54,07:24:04,07:24:19,0
wyt-c9kVSmo-uyx4zLFYT-07:00:00,SYN_100426,55,07:24:50,07:25:05,0
wyt-c9kVSmo-uyx4zLFYT-07:00:00,SYN_100427,56,07:25:17,07:25:32,0
wyt-c9kVSmo-uyx4zLFYT-07:00:00,SYN_100428,57,07:25:44,07:25:59,0
wyt-c9kVSmo-uyx4zLFYT-07:00:00,SYN_100429,58,07:26:40,07:26:55,0
wyt-c9kVSmo-uyx4zLFYT-07:00:00,SYN_100430,59,07:27:43,07:27:58,0
wyt-c9kVSmo-uyx4zLFYT-07:00:00,SYN_100431,60,07:28:20,07:28:35,0
Tv3p8704smtFY_z3ZHnnb-07:00:00,SYN_100371,0,07:45:35,07:45:50,0
Tv3p8704smtFY_z3ZHnnb-07:00:00,SYN_100372,1,07:44:50,07:45:05,0
Tv3p8704smtFY_z3ZHnnb-07:00:00,SYN_100373,2,07:44:05,07:44:20,0
Tv3p8704smtFY_z3ZHnnb-07:00:00,SYN_100374,3,07:43:20,07:43:35,0
Tv3p8704smtFY_z3ZHnnb-07:00:00,SYN_100375,4,07:42:35,07:42:50,0
Tv3p8704smtFY_z3ZHnnb-07:00:00,SYN_100376,5,07:41:50,07:42:05,0
Tv3p8704smtFY_z3ZHnnb-07:00:00,SYN_100377,6,07:41:05,07:41:20,0
Tv3p8704smtFY_z3ZHnnb-07:00:00,SYN_100378,7,07:40:20,07:40:35,0
Tv3p8704smtFY_z3ZHnnb-07:00:00,SYN_100379,8,07:39:35,07:39:50,0
Tv3p8704smtFY_z3ZHnnb-07:00:00,SYN_100380,9,07:38:50,07:39:05,0
Tv3p8704smtFY_z3ZHnnb-07:00:00,SYN_100381,10,07:38:05,07:38:20,0
Tv3p8704smtFY_z3ZHnnb-07:00:00,SYN_100382,11,07:37:20,07:37:35,0
Tv3p8704smtFY_z3ZHnnb-07:00:00,SYN_100383,12,07:36:35,07:36:50,0
Tv3p8704smtFY_z3ZHnnb-07:00:00,SYN_100384,13,07:35:50,07:36:05,0
Tv3p8704smtFY_z3ZHnnb-07:00:00,SYN_100385,14,07:35:05,07:35:20,0
Tv3p8704smtFY_z3ZHnnb-07:00:00,SYN_100386,15,07:34:20,07:34:35,0
Tv3p8704smtFY_z3ZHnnb-07:00:00,SYN_100387,16,07:33:35,07:33:50,0
Tv3p8704smtFY_z3ZHnnb-07:00:00,SYN_100388,17,07:32:50,07:33:05,0
Tv3p8704smtFY_z3ZHnnb-07:00:00,SYN_100389,18,07:32:05,07:32:20,0
Tv3p8704smtFY_z3ZHnnb-07:00:00,SYN_100390,19,07:31:20,07:31:35,0
Tv3p8704smtFY_z3ZHnnb-07:00:00,SYN_100391,20,07:30:35,07:30:50,0
Tv3p8704smtFY_z3ZHnnb-07:00:00,SYN_100392,21,07:29:50,07:30:05,0
Tv3p8704smtFY_z3ZHnnb-07:00:00,SYN_100393,22,07:29:05,07:29:20,0
Tv3p8704smtFY_z3ZHnnb-07:00:00,SYN_100394,23,07:28:20,07:28:35,0
Tv3p8704smtFY_z3ZHnnb-07:00:00,SYN_100395,24,07:27:35,07:27:50,0
Tv3p8704smtFY_z3ZHnnb-07:00:00,SYN_100396,25,07:26:50,07:27:05,0
Tv3p8704smtFY_z3ZHnnb-07:00:00,SYN_100397,26,07:26:05,07:26:20,0
Tv3p8704smtFY_z3ZHnnb-07:00:00,SYN_100398,27,07:25:20,07:25:35,0
Tv3p8704smtFY_z3ZHnnb-07:00:00,SYN_100399,28,07:24:35,07:24:50,0
Tv3p8704smtFY_z3ZHnnb-07:00:00,SYN_100400,29,07:23:50,07:24:05,0
Tv3p8704smtFY_z3ZHnnb-07:00:00,SYN_100401,30,07:23:05,07:23:20,0
Tv3p8704smtFY_z3ZHnnb-07:00:00,SYN_100402,31,07:22:20,07:22:35,0
Tv3p8704smtFY_z3ZHnnb-07:00:00,SYN_100403,32,07:21:35,07:21:50,0
Tv3p8704smtFY_z3ZHnnb-07:00:00,SYN_100404,33,07:20:50,07:21:05,0
Tv3p8704smtFY_z3ZHnnb-07:00:00,SYN_100405,34,07:20:05,07:20:20,0
Tv3p8704smtFY_z3ZHnnb-07:00:00,SYN_100406,35,07:19:20,07:19:35,0
Tv3p8704smtFY_z3ZHnnb-07:00:00,SYN_100407,36,07:18:35,07:18:50,0
Tv3p8704smtFY_z3ZHnnb-07:00:00,SYN_100408,37,07:17:50,07:18:05,0
Tv3p8704smtFY_z3ZHnnb-07:00:00,SYN_100409,38,07:17:05,07:17:20,0
Tv3p8704smtFY_z3ZHnnb-07:00:00,SYN_100410,39,07:16:20,07:16:35,0
Tv3p8704smtFY_z3ZHnnb-07:00:00,SYN_100411,40,07:15:35,07:15:50,0
Tv3p8704smtFY_z3ZHnnb-07:00:00,SYN_100412,41,07:14:50,07:15:05,0
Tv3p8704smtFY_z3ZHnnb-07:00:00,SYN_100413,42,07:14:05,07:14:20,0
Tv3p8704smtFY_z3ZHnnb-07:00:00,SYN_100414,43,07:13:20,07:13:35,0
Tv3p8704smtFY_z3ZHnnb-07:00:00,SYN_100415,44,07:12:35,07:12:50,0
Tv3p8704smtFY_z3ZHnnb-07:00:00,SYN_100416,45,07:11:51,07:12:06,0
Tv3p8704smtFY_z3ZHnnb-07:00:00,SYN_100417,46,07:11:06,07:11:21,0
Tv3p8704smtFY_z3ZHnnb-07:00:00,SYN_100418,47,07:10:21,07:10:36,0
Tv3p8704smtFY_z3ZHnnb-07:00:00,SYN_100419,48,07:09:36,07:09:51,0
Tv3p8704smtFY_z3ZHnnb-07:00:00,SYN_100420,49,07:08:51,07:09:06,0
Tv3p8704smtFY_z3ZHnnb-07:00:00,SYN_100421,50,07:08:06,07:08:21,0
Tv3p8704smtFY_z3ZHnnb-07:00:00,SYN_100422,51,07:07:21,07:07:36,0
Tv3p8704smtFY_z3ZHnnb-07:00:00,SYN_100423,52,07:06:36,07:06:51,0
Tv3p8704smtFY_z3ZHnnb-07:00:00,SYN_100424,53,07:05:51,07:06:06,0
Tv3p8704smtFY_z3ZHnnb-07:00:00,SYN_100425,54,07:05:06,07:05:21,0
Tv3p8704smtFY_z3ZHnnb-07:00:00,SYN_100426,55,07:04:21,07:04:36,0
Tv3p8704smtFY_z3ZHnnb-07:00:00,SYN_100427,56,07:03:36,07:03:51,0
Tv3p8704smtFY_z3ZHnnb-07:00:00,SYN_100428,57,07:02:51,07:03:06,0
Tv3p8704smtFY_z3ZHnnb-07:00:00,SYN_100429,58,07:02:06,07:02:21,0
Tv3p8704smtFY_z3ZHnnb-07:00:00,SYN_100430,59,07:01:21,07:01:36,0
Tv3p8704smtFY_z3ZHnnb-07:00:00,SYN_100431,60,07:00:36,07:00:51,0
tXwMswYEHusmu2vLfRPR2-07:00:00,SYN_100445,0,07:00:52,07:01:07,0
tXwMswYEHusmu2vLfRPR2-07:00:00,SYN_100446,1,07:01:57,07:02:12,0
tXwMswYEHusmu2vLfRPR2-07:00:00,SYN_100447,2,07:03:15,07:03:30,0
tXwMswYEHusmu2vLfRPR2-07:00:00,SYN_100448,3,07:04:37,07:04:52,0
tXwMswYEHusmu2vLfRPR2-07:00:00,SYN_100449,4,07:06:00,07:06:15,0
tXwMswYEHusmu2vLfRPR2-07:00:00,SYN_100450,5,07:07:22,07:07:37,0
tXwMswYEHusmu2vLfRPR2-07:00:00,SYN_100451,6,07:08:45,07:09:00,0
tXwMswYEHusmu2vLfRPR2-07:00:00,SYN_100452,7,07:10:07,07:10:22,0
tXwMswYEHusmu2vLfRPR2-07:00:00,SYN_100453,8,07:11:30,07:11:45,0
tXwMswYEHusmu2vLfRPR2-07:00:00,SYN_100454,9,07:12:29,07:12:44,0
tXwMswYEHusmu2vLfRPR2-07:00:00,SYN_100455,10,07:12:44,07:12:59,0
tXwMswYEHusmu2vLfRPR2-07:00:00,SYN_100456,11,07:12:58,07:13:13,0
tXwMswYEHusmu2vLfRPR2-07:00:00,SYN_100457,12,07:13:13,07:13:28,0
tXwMswYEHusmu2vLfRPR2-07:00:00,SYN_100458,13,07:13:29,07:13:44,0
tXwMswYEHusmu2vLfRPR2-07:00:00,SYN_100459,14,07:13:47,07:14:02,0
tXwMswYEHusmu2vLfRPR2-07:00:00,SYN_100460,15,07:14:05,07:14:20,0
tXwMswYEHusmu2vLfRPR2-07:00:00,SYN_100461,16,07:14:24,07:14:39,0
tXwMswYEHusmu2vLfRPR2-07:00:00,SYN_100462,17,07:14:42,07:14:57,0
tXwMswYEHusmu2vLfRPR2-07:00:00,SYN_100463,18,07:15:00,07:15:15,0
tXwMswYEHusmu2vLfRPR2-07:00:00,SYN_100464,19,07:15:18,07:15:33,0
tXwMswYEHusmu2vLfRPR2-07:00:00,SYN_100465,20,07:15:37,07:15:52,0
tXwMswYEHusmu2vLfRPR2-07:00:00,SYN_100466,21,07:15:59,07:16:14,0
tXwMswYEHusmu2vLfRPR2-07:00:00,SYN_100467,22,07:16:25,07:16:40,0
tXwMswYEHusmu2vLfRPR2-07:00:00,SYN_100468,23,07:16:50,07:17:05,0
tXwMswYEHusmu2vLfRPR2-07:00:00,SYN_100469,24,07:17:16,07:17:31,0
tXwMswYEHusmu2vLfRPR2-07:00:00,SYN_100470,25,07:17:45,07:18:00,0
tXwMswYEHusmu2vLfRPR2-07:00:00,SYN_100471,26,07:18:14,07:18:29,0
tXwMswYEHusmu2vLfRPR2-07:00:00,SYN_100472,27,07:18:44,07:18:59,0
tXwMswYEHusmu2vLfRPR2-07:00:00,SYN_100473,28,07:19:08,07:19:23,0
tXwMswYEHusmu2vLfRPR2-07:00:00,SYN_100474,29,07:19:33,07:19:48,0
tXwMswYEHusmu2vLfRPR2-07:00:00,SYN_100475,30,07:20:00,07:20:15,0
tXwMswYEHusmu2vLfRPR2-07:00:00,SYN_100476,31,07:20:32,07:20:47,0
tXwMswYEHusmu2vLfRPR2-07:00:00,SYN_100477,32,07:21:03,07:21:18,0
tXwMswYEHusmu2vLfRPR2-07:00:00,SYN_100478,33,07:21:27,07:21:42,0
tXwMswYEHusmu2vLfRPR2-07:00:00,SYN_100479,34,07:21:50,07:22:05,0
tXwMswYEHusmu2vLfRPR2-07:00:00,SYN_100480,35,07:22:13,07:22:28,0
tXwMswYEHusmu2vLfRPR2-07:00:00,SYN_100481,36,07:22:36,07:22:51,0
tXwMswYEHusmu2vLfRPR2-07:00:00,SYN_100482,37,07:22:59,07:23:14,0
tXwMswYEHusmu2vLfRPR2-07:00:00,SYN_100483,38,07:23:27,07:23:42,0
tXwMswYEHusmu2vLfRPR2-07:00:00,SYN_100484,39,07:24:00,07:24:15,0
tXwMswYEHusmu2vLfRPR2-07:00:00,SYN_100485,40,07:24:18,07:24:33,0
tXwMswYEHusmu2vLfRPR2-07:00:00,SYN_100486,41,07:24:34,07:24:49,0
tXwMswYEHusmu2vLfRPR2-07:00:00,SYN_100487,42,07:24:50,07:25:05,0
tXwMswYEHusmu2vLfRPR2-07:00:00,SYN_100488,43,07:25:07,07:25:22,0
tXwMswYEHusmu2vLfRPR2-07:00:00,SYN_100489,44,07:25:24,07:25:39,0
tXwMswYEHusmu2vLfRPR2-07:00:00,SYN_100490,45,07:25:42,07:25:57,0
tXwMswYEHusmu2vLfRPR2-07:00:00,SYN_100491,46,07:25:59,07:26:14,0
tXwMswYEHusmu2vLfRPR2-07:00:00,SYN_100492,47,07:26:17,07:26:32,0
tXwMswYEHusmu2vLfRPR2-07:00:00,SYN_100493,48,07:26:36,07:26:51,0
tXwMswYEHusmu2vLfRPR2-07:00:00,SYN_100494,49,07:26:58,07:27:13,0
tXwMswYEHusmu2vLfRPR2-07:00:00,SYN_100495,50,07:27:19,07:27:34,0
tXwMswYEHusmu2vLfRPR2-07:00:00,SYN_100496,51,07:27:41,07:27:56,0
tXwMswYEHusmu2vLfRPR2-07:00:00,SYN_100497,52,07:28:16,07:28:31,0
tXwMswYEHusmu2vLfRPR2-07:00:00,SYN_100498,53,07:28:49,07:29:04,0
tXwMswYEHusmu2vLfRPR2-07:00:00,SYN_100499,54,07:29:19,07:29:34,0
tXwMswYEHusmu2vLfRPR2-07:00:00,SYN_100500,55,07:29:49,07:30:04,0
tXwMswYEHusmu2vLfRPR2-07:00:00,SYN_100501,56,07:30:20,07:30:35,0
tXwMswYEHusmu2vLfRPR2-07:00:00,SYN_100502,57,07:31:13,07:31:28,0
tXwMswYEHusmu2vLfRPR2-07:00:00,SYN_100503,58,07:31:40,07:31:55,0
tXwMswYEHusmu2vLfRPR2-07:00:00,SYN_100504,59,07:32:06,07:32:21,0
tXwMswYEHusmu2vLfRPR2-07:00:00,SYN_100505,60,07:32:43,07:32:58,0
tXwMswYEHusmu2vLfRPR2-07:00:00,SYN_100506,61,07:33:37,07:33:52,0
tXwMswYEHusmu2vLfRPR2-07:00:00,SYN_100507,62,07:34:30,07:34:45,0
tXwMswYEHusmu2vLfRPR2-07:00:00,SYN_100508,63,07:35:13,07:35:28,0
cURs_PxThe2b2znIGFxQs-07:00:00,SYN_100516,0,07:00:17,07:00:32,0
cURs_PxThe2b2znIGFxQs-07:00:00,SYN_100517,1,07:01:18,07:01:33,0
cURs_PxThe2b2znIGFxQs-07:00:00,SYN_100518,2,07:02:20,07:02:35,0
cURs_PxThe2b2znIGFxQs-07:00:00,SYN_100519,3,07:03:21,07:03:36,0
cURs_PxThe2b2znIGFxQs-07:00:00,SYN_100520,4,07:04:22,07:04:37,0
cURs_PxThe2b2znIGFxQs-07:00:00,SYN_100521,5,07:05:24,07:05:39,0
cURs_PxThe2b2znIGFxQs-07:00:00,SYN_100522,6,07:06:25,07:06:40,0
cURs_PxThe2b2znIGFxQs-07:00:00,SYN_100523,7,07:07:26,07:07:41,0
cURs_PxThe2b2znIGFxQs-07:00:00,SYN_100524,8,07:08:28,07:08:43,0
cURs_PxThe2b2znIGFxQs-07:00:00,SYN_100525,9,07:09:29,07:09:44,0
cURs_PxThe2b2znIGFxQs-07:00:00,SYN_100526,10,07:10:30,07:10:45,0
cURs_PxThe2b2znIGFxQs-07:00:00,SYN_100527,11,07:11:32,07:11:47,0
cURs_PxThe2b2znIGFxQs-07:00:00,SYN_100528,12,07:12:33,07:12:48,0
cURs_PxThe2b2znIGFxQs-07:00:00,SYN_100529,13,07:13:34,07:13:49,0
cURs_PxThe2b2znIGFxQs-07:00:00,SYN_100530,14,07:14:36,07:14:51,0
cURs_PxThe2b2znIGFxQs-07:00:00,SYN_100531,15,07:15:37,07:15:52,0
cURs_PxThe2b2znIGFxQs-07:00:00,SYN_100532,16,07:16:38,07:16:53,0
FOMSNPsGQO4s6Y-BM_cpQ-07:00:00,SYN_100509,0,07:07:33,07:07:48,0
FOMSNPsGQO4s6Y-BM_cpQ-07:00:00,SYN_100510,1,07:07:14,07:07:29,0
FOMSNPsGQO4s6Y-BM_cpQ-07:00:00,SYN_100511,2,07:06:54,07:07:09,0
FOMSNPsGQO4s6Y-BM_cpQ-07:00:00,SYN_100512,3,07:06:35,07:06:50,0
FOMSNPsGQO4s6Y-BM_cpQ-07:00:00,SYN_100513,4,07:06:15,07:06:30,0
FOMSNPsGQO4s6Y-BM_cpQ-07:00:00,SYN_100514,5,07:05:56,07:06:11,0
FOMSNPsGQO4s6Y-BM_cpQ-07:00:00,SYN_100515,6,07:05:36,07:05:51,0
FOMSNPsGQO4s6Y-BM_cpQ-07:00:00,SYN_100516,7,07:05:17,07:05:32,0
FOMSNPsGQO4s6Y-BM_cpQ-07:00:00,SYN_100517,8,07:04:57,07:05:12,0
FOMSNPsGQO4s6Y-BM_cpQ-07:00:00,SYN_100518,9,07:04:38,07:04:53,0
FOMSNPsGQO4s6Y-BM_cpQ-07:00:00,SYN_100519,10,07:04:19,07:04:34,0
FOMSNPsGQO4s6Y-BM_cpQ-07:00:00,SYN_100520,11,07:03:59,07:04:14,0
FOMSNPsGQO4s6Y-BM_cpQ-07:00:00,SYN_100521,12,07:03:40,07:03:55,0
FOMSNPsGQO4s6Y-BM_cpQ-07:00:00,SYN_100522,13,07:03:20,07:03:35,0
FOMSNPsGQO4s6Y-BM_cpQ-07:00:00,SYN_100523,14,07:03:01,07:03:16,0
FOMSNPsGQO4s6Y-BM_cpQ-07:00:00,SYN_100524,15,07:02:41,07:02:56,0
FOMSNPsGQO4s6Y-BM_cpQ-07:00:00,SYN_100525,16,07:02:22,07:02:37,0
FOMSNPsGQO4s6Y-BM_cpQ-07:00:00,SYN_100526,17,07:02:02,07:02:17,0
FOMSNPsGQO4s6Y-BM_cpQ-07:00:00,SYN_100527,18,07:01:43,07:01:58,0
FOMSNPsGQO4s6Y-BM_cpQ-07:00:00,SYN_100528,19,07:01:23,07:01:38,0
FOMSNPsGQO4s6Y-BM_cpQ-07:00:00,SYN_100529,20,07:01:04,07:01:19,0
FOMSNPsGQO4s6Y-BM_cpQ-07:00:00,SYN_100530,21,07:00:45,07:01:00,0
FOMSNPsGQO4s6Y-BM_cpQ-07:00:00,SYN_100531,22,07:00:25,07:00:40,0
FOMSNPsGQO4s6Y-BM_cpQ-07:00:00,SYN_100532,23,07:00:06,07:00:21,0
keUygmfQjUMNwNeSanmRs-07:00:00,SYN_100534,0,07:00:25,07:00:40,0
keUygmfQjUMNwNeSanmRs-07:00:00,SYN_100535,1,07:01:03,07:01:18,0
keUygmfQjUMNwNeSanmRs-07:00:00,SYN_100536,2,07:01:41,07:01:56,0
keUygmfQjUMNwNeSanmRs-07:00:00,SYN_100537,3,07:02:19,07:02:34,0
keUygmfQjUMNwNeSanmRs-07:00:00,SYN_100538,4,07:02:57,07:03:12,0
keUygmfQjUMNwNeSanmRs-07:00:00,SYN_100539,5,07:03:35,07:03:50,0
keUygmfQjUMNwNeSanmRs-07:00:00,SYN_100540,6,07:04:12,07:04:27,0
keUygmfQjUMNwNeSanmRs-07:00:00,SYN_100541,7,07:04:47,07:05:02,0
keUygmfQjUMNwNeSanmRs-07:00:00,SYN_100542,8,07:05:04,07:05:19,0
keUygmfQjUMNwNeSanmRs-07:00:00,SYN_100543,9,07:05:22,07:05:37,0
keUygmfQjUMNwNeSanmRs-07:00:00,SYN_100544,10,07:05:39,07:05:54,0
keUygmfQjUMNwNeSanmRs-07:00:00,SYN_100545,11,07:05:57,07:06:12,0
keUygmfQjUMNwNeSanmRs-07:00:00,SYN_100546,12,07:06:14,07:06:29,0
keUygmfQjUMNwNeSanmRs-07:00:00,SYN_100547,13,07:06:32,07:06:47,0
keUygmfQjUMNwNeSanmRs-07:00:00,SYN_100548,14,07:06:50,07:07:05,0
keUygmfQjUMNwNeSanmRs-07:00:00,SYN_100549,15,07:07:07,07:07:22,0
keUygmfQjUMNwNeSanmRs-07:00:00,SYN_100550,16,07:07:25,07:07:40,0
keUygmfQjUMNwNeSanmRs-07:00:00,SYN_100551,17,07:07:42,07:07:57,0
keUygmfQjUMNwNeSanmRs-07:00:00,SYN_100552,18,07:08:11,07:08:26,0
keUygmfQjUMNwNeSanmRs-07:00:00,SYN_100553,19,07:08:43,07:08:58,0
keUygmfQjUMNwNeSanmRs-07:00:00,SYN_100554,20,07:09:16,07:09:31,0
keUygmfQjUMNwNeSanmRs-07:00:00,SYN_100555,21,07:09:57,07:10:12,0
keUygmfQjUMNwNeSanmRs-07:00:00,SYN_100556,22,07:10:39,07:10:54,0
keUygmfQjUMNwNeSanmRs-07:00:00,SYN_100557,23,07:11:21,07:11:36,0
keUygmfQjUMNwNeSanmRs-07:00:00,SYN_100558,24,07:12:02,07:12:17,0
keUygmfQjUMNwNeSanmRs-07:00:00,SYN_100559,25,07:12:44,07:12:59,0
keUygmfQjUMNwNeSanmRs-07:00:00,SYN_100560,26,07:13:26,07:13:41,0
keUygmfQjUMNwNeSanmRs-07:00:00,SYN_100561,27,07:14:07,07:14:22,0
keUygmfQjUMNwNeSanmRs-07:00:00,SYN_100562,28,07:14:49,07:15:04,0
keUygmfQjUMNwNeSanmRs-07:00:00,SYN_100563,29,07:15:53,07:16:08,0
keUygmfQjUMNwNeSanmRs-07:00:00,SYN_100564,30,07:19:54,07:20:09,0
keUygmfQjUMNwNeSanmRs-07:00:00,SYN_100565,31,07:18:39,07:18:54,0
keUygmfQjUMNwNeSanmRs-07:00:00,SYN_100566,32,07:20:53,07:21:08,0
keUygmfQjUMNwNeSanmRs-07:00:00,SYN_100567,33,07:21:04,07:21:19,0
keUygmfQjUMNwNeSanmRs-07:00:00,SYN_100568,34,07:21:15,07:21:30,0
keUygmfQjUMNwNeSanmRs-07:00:00,SYN_100569,35,07:21:27,07:21:42,0
keUygmfQjUMNwNeSanmRs-07:00:00,SYN_100570,36,07:21:38,07:21:53,0
keUygmfQjUMNwNeSanmRs-07:00:00,SYN_100571,37,07:21:49,07:22:04,0
keUygmfQjUMNwNeSanmRs-07:00:00,SYN_100572,38,07:22:00,07:22:15,0
keUygmfQjUMNwNeSanmRs-07:00:00,SYN_100573,39,07:22:11,07:22:26,0
keUygmfQjUMNwNeSanmRs-07:00:00,SYN_100574,40,07:22:28,07:22:43,0
keUygmfQjUMNwNeSanmRs-07:00:00,SYN_100575,41,07:23:16,07:23:31,0
keUygmfQjUMNwNeSanmRs-07:00:00,SYN_100576,42,07:23:43,07:23:58,0
keUygmfQjUMNwNeSanmRs-07:00:00,SYN_100577,43,07:24:10,07:24:25,0
keUygmfQjUMNwNeSanmRs-07:00:00,SYN_100578,44,07:24:58,07:25:13,0
keUygmfQjUMNwNeSanmRs-07:00:00,SYN_100579,45,07:25:52,07:26:07,0
keUygmfQjUMNwNeSanmRs-07:00:00,SYN_100580,46,07:26:40,07:26:55,0
v4sHde8sXh63a1CWeshcp-07:00:00,SYN_100533,0,07:18:20,07:18:35,0
v4sHde8sXh63a1CWeshcp-07:00:00,SYN_100534,1,07:17:57,07:18:12,0
v4sHde8sXh63a1CWeshcp-07:00:00,SYN_100535,2,07:17:34,07:17:49,0
v4sHde8sXh63a1CWeshcp-07:00:00,SYN_100536,3,07:17:11,07:17:26,0
v4sHde8sXh63a1CWeshcp-07:00:00,SYN_100537,4,07:16:48,07:17:03,0
v4sHde8sXh63a1CWeshcp-07:00:00,SYN_100538,5,07:16:25,07:16:40,0
v4sHde8sXh63a1CWeshcp-07:00:00,SYN_100539,6,07:16:02,07:16:17,0
v4sHde8sXh63a1CWeshcp-07:00:00,SYN_100540,7,07:15:39,07:15:54,0
v4sHde8sXh63a1CWeshcp-07:00:00,SYN_100541,8,07:15:16,07:15:31,0
v4sHde8sXh63a1CWeshcp-07:00:00,SYN_100542,9,07:14:53,07:15:08,0
v4sHde8sXh63a1CWeshcp-07:00:00,SYN_100543,10,07:14:30,07:14:45,0
v4sHde8sXh63a1CWeshcp-07:00:00,SYN_100544,11,07:14:07,07:14:22,0
v4sHde8sXh63a1CWeshcp-07:00:00,SYN_100545,12,07:13:44,07:13:59,0
v4sHde8sXh63a1CWeshcp-07:00:00,SYN_100546,13,07:13:21,07:13:36,0
v4sHde8sXh63a1CWeshcp-07:00:00,SYN_100547,14,07:12:58,07:13:13,0
v4sHde8sXh63a1CWeshcp-07:00:00,SYN_100548,15,07:12:35,07:12:50,0
v4sHde8sXh63a1CWeshcp-07:00:00,SYN_100549,16,07:12:12,07:12:27,0
v4sHde8sXh63a1CWeshcp-07:00:00,SYN_100550,17,07:11:49,07:12:04,0
v4sHde8sXh63a1CWeshcp-07:00:00,SYN_100551,18,07:11:26,07:11:41,0
v4sHde8sXh63a1CWeshcp-07:00:00,SYN_100552,19,07:11:03,07:11:18,0
v4sHde8sXh63a1CWeshcp-07:00:00,SYN_100553,20,07:10:40,07:10:55,0
v4sHde8sXh63a1CWeshcp-07:00:00,SYN_100554,21,07:10:17,07:10:32,0
v4sHde8sXh63a1CWeshcp-07:00:00,SYN_100555,22,07:09:54,07:10:09,0
v4sHde8sXh63a1CWeshcp-07:00:00,SYN_100556,23,07:09:31,07:09:46,0
v4sHde8sXh63a1CWeshcp-07:00:00,SYN_100557,24,07:09:08,07:09:23,0
v4sHde8sXh63a1CWeshcp-07:00:00,SYN_100558,25,07:08:45,07:09:00,0
v4sHde8sXh63a1CWeshcp-07:00:00,SYN_100559,26,07:08:22,07:08:37,0
v4sHde8sXh63a1CWeshcp-07:00:00,SYN_100560,27,07:07:59,07:08:14,0
v4sHde8sXh63a1CWeshcp-07:00:00,SYN_100561,28,07:07:36,07:07:51,0
v4sHde8sXh63a1CWeshcp-07:00:00,SYN_100562,29,07:07:13,07:07:28,0
v4sHde8sXh63a1CWeshcp-07:00:00,SYN_100563,30,07:06:50,07:07:05,0
v4sHde8sXh63a1CWeshcp-07:00:00,SYN_100564,31,07:06:27,07:06:42,0
v4sHde8sXh63a1CWeshcp-07:00:00,SYN_100565,32,07:06:04,07:06:19,0
v4sHde8sXh63a1CWeshcp-07:00:00,SYN_100566,33,07:05:41,07:05:56,0
v4sHde8sXh63a1CWeshcp-07:00:00,SYN_100567,34,07:05:18,07:05:33,0
v4sHde8sXh63a1CWeshcp-07:00:00,SYN_100568,35,07:04:55,07:05:10,0
v4sHde8sXh63a1CWeshcp-07:00:00,SYN_100569,36,07:04:32,07:04:47,0
v4sHde8sXh63a1CWeshcp-07:00:00,SYN_100570,37,07:04:09,07:04:24,0
v4sHde8sXh63a1CWeshcp-07:00:00,SYN_100571,38,07:03:46,07:04:01,0
v4sHde8sXh63a1CWeshcp-07:00:00,SYN_100572,39,07:03:23,07:03:38,0
v4sHde8sXh63a1CWeshcp-07:00:00,SYN_100573,40,07:03:00,07:03:15,0
v4sHde8sXh63a1CWeshcp-07:00:00,SYN_100574,41,07:02:37,07:02:52,0
v4sHde8sXh63a1CWeshcp-07:00:00,SYN_100575,42,07:02:14,07:02:29,0
v4sHde8sXh63a1CWeshcp-07:00:00,SYN_100576,43,07:01:51,07:02:06,0
v4sHde8sXh63a1CWeshcp-07:00:00,SYN_100577,44,07:01:28,07:01:43,0
v4sHde8sXh63a1CWeshcp-07:00:00,SYN_100578,45,07:01:05,07:01:20,0
v4sHde8sXh63a1CWeshcp-07:00:00,SYN_100579,46,07:00:42,07:00:57,0
v4sHde8sXh63a1CWeshcp-07:00:00,SYN_100580,47,07:00:19,07:00:34,0
kKR0i-pEBtj87zRv8vRz5-07:00:00,SYN_100582,0,07:00:19,07:00:34,0
kKR0i-pEBtj87zRv8vRz5-07:00:00,SYN_100583,1,07:00:45,07:01:00,0
kKR0i-pEBtj87zRv8vRz5-07:00:00,SYN_100584,2,07:01:10,07:01:25,0
kKR0i-pEBtj87zRv8vRz5-07:00:00,SYN_100585,3,07:01:35,07:01:50,0
kKR0i-pEBtj87zRv8vRz5-07:00:00,SYN_100586,4,07:02:01,07:02:16,0
kKR0i-pEBtj87zRv8vRz5-07:00:00,SYN_100587,5,07:02:26,07:02:41,0
kKR0i-pEBtj87zRv8vRz5-07:00:00,SYN_100588,6,07:02:51,07:03:06,0
kKR0i-pEBtj87zRv8vRz5-07:00:00,SYN_100589,7,07:03:17,07:03:32,0
kKR0i-pEBtj87zRv8vRz5-07:00:00,SYN_100590,8,07:03:42,07:03:57,0
kKR0i-pEBtj87zRv8vRz5-07:00:00,SYN_100591,9,07:04:11,07:04:26,0
kKR0i-pEBtj87zRv8vRz5-07:00:00,SYN_100592,10,07:04:40,07:04:55,0
kKR0i-pEBtj87zRv8vRz5-07:00:00,SYN_100593,11,07:05:09,07:05:24,0
kKR0i-pEBtj87zRv8vRz5-07:00:00,SYN_100594,12,07:05:38,07:05:53,0
kKR0i-pEBtj87zRv8vRz5-07:00:00,SYN_100595,13,07:06:07,07:06:22,0
kKR0i-pEBtj87zRv8vRz5-07:00:00,SYN_100596,14,07:06:36,07:06:51,0
kKR0i-pEBtj87zRv8vRz5-07:00:00,SYN_100597,15,07:07:05,07:07:20,0
kKR0i-pEBtj87zRv8vRz5-07:00:00,SYN_100598,16,07:07:38,07:07:53,0
kKR0i-pEBtj87zRv8vRz5-07:00:00,SYN_100599,17,07:08:12,07:08:27,0
kKR0i-pEBtj87zRv8vRz5-07:00:00,SYN_100600,18,07:08:46,07:09:01,0
kKR0i-pEBtj87zRv8vRz5-07:00:00,SYN_100601,19,07:09:20,07:09:35,0
kKR0i-pEBtj87zRv8vRz5-07:00:00,SYN_100602,20,07:09:54,07:10:09,0
kKR0i-pEBtj87zRv8vRz5-07:00:00,SYN_100603,21,07:10:27,07:10:42,0
kKR0i-pEBtj87zRv8vRz5-07:00:00,SYN_100604,22,07:10:58,07:11:13,0
kKR0i-pEBtj87zRv8vRz5-07:00:00,SYN_100605,23,07:11:30,07:11:45,0
kKR0i-pEBtj87zRv8vRz5-07:00:00,SYN_100606,24,07:12:10,07:12:25,0
kKR0i-pEBtj87zRv8vRz5-07:00:00,SYN_100607,25,07:12:53,07:13:08,0
kKR0i-pEBtj87zRv8vRz5-07:00:00,SYN_100608,26,07:13:37,07:13:52,0
kKR0i-pEBtj87zRv8vRz5-07:00:00,SYN_100609,27,07:14:20,07:14:35,0
kKR0i-pEBtj87zRv8vRz5-07:00:00,SYN_100610,28,07:14:59,07:15:14,0
kKR0i-pEBtj87zRv8vRz5-07:00:00,SYN_100611,29,07:15:35,07:15:50,0
kKR0i-pEBtj87zRv8vRz5-07:00:00,SYN_100612,30,07:16:12,07:16:27,0
kKR0i-pEBtj87zRv8vRz5-07:00:00,SYN_100613,31,07:16:48,07:17:03,0
kKR0i-pEBtj87zRv8vRz5-07:00:00,SYN_100614,32,07:17:25,07:17:40,0
kKR0i-pEBtj87zRv8vRz5-07:00:00,SYN_100615,33,07:18:18,07:18:33,0
kKR0i-pEBtj87zRv8vRz5-07:00:00,SYN_100616,34,07:19:11,07:19:26,0
kKR0i-pEBtj87zRv8vRz5-07:00:00,SYN_100617,35,07:20:04,07:20:19,0
Bir76FY1196m5b2RCrotL-07:00:00,SYN_100582,0,07:13:26,07:13:41,0
Bir76FY1196m5b2RCrotL-07:00:00,SYN_100583,1,07:13:01,07:13:16,0
Bir76FY1196m5b2RCrotL-07:00:00,SYN_100584,2,07:12:36,07:12:51,0
Bir76FY1196m5b2RCrotL-07:00:00,SYN_100585,3,07:12:11,07:12:26,0
Bir76FY1196m5b2RCrotL-07:00:00,SYN_100586,4,07:11:46,07:12:01,0
Bir76FY1196m5b2RCrotL-07:00:00,SYN_100587,5,07:11:20,07:11:35,0
Bir76FY1196m5b2RCrotL-07:00:00,SYN_100588,6,07:10:55,07:11:10,0
Bir76FY1196m5b2RCrotL-07:00:00,SYN_100589,7,07:10:30,07:10:45,0
Bir76FY1196m5b2RCrotL-07:00:00,SYN_100590,8,07:10:05,07:10:20,0
Bir76FY1196m5b2RCrotL-07:00:00,SYN_100591,9,07:09:40,07:09:55,0
Bir76FY1196m5b2RCrotL-07:00:00,SYN_100592,10,07:09:14,07:09:29,0
Bir76FY1196m5b2RCrotL-07:00:00,SYN_100593,11,07:08:49,07:09:04,0
Bir76FY1196m5b2RCrotL-07:00:00,SYN_100594,12,07:08:24,07:08:39,0
Bir76FY1196m5b2RCrotL-07:00:00,SYN_100595,13,07:07:59,07:08:14,0
Bir76FY1196m5b2RCrotL-07:00:00,SYN_100596,14,07:07:34,07:07:49,0
Bir76FY1196m5b2RCrotL-07:00:00,SYN_100597,15,07:07:08,07:07:23,0
Bir76FY1196m5b2RCrotL-07:00:00,SYN_100598,16,07:06:43,07:06:58,0
Bir76FY1196m5b2RCrotL-07:00:00,SYN_100599,17,07:06:18,07:06:33,0
Bir76FY1196m5b2RCrotL-07:00:00,SYN_100600,18,07:05:53,07:06:08,0
Bir76FY1196m5b2RCrotL-07:00:00,SYN_100601,19,07:05:28,07:05:43,0
Bir76FY1196m5b2RCrotL-07:00:00,SYN_100602,20,07:05:02,07:05:17,0
Bir76FY1196m5b2RCrotL-07:00:00,SYN_100603,21,07:04:37,07:04:52,0
Bir76FY1196m5b2RCrotL-07:00:00,SYN_100604,22,07:04:12,07:04:27,0
Bir76FY1196m5b2RCrotL-07:00:00,SYN_100605,23,07:03:47,07:04:02,0
Bir76FY1196m5b2RCrotL-07:00:00,SYN_100606,24,07:03:22,07:03:37,0
Bir76FY1196m5b2RCrotL-07:00:00,SYN_100607,25,07:02:56,07:03:11,0
Bir76FY1196m5b2RCrotL-07:00:00,SYN_100608,26,07:02:31,07:02:46,0
Bir76FY1196m5b2RCrotL-07:00:00,SYN_100609,27,07:02:06,07:02:21,0
Bir76FY1196m5b2RCrotL-07:00:00,SYN_100610,28,07:01:41,07:01:56,0
Bir76FY1196m5b2RCrotL-07:00:00,SYN_100611,29,07:01:16,07:01:31,0
Bir76FY1196m5b2RCrotL-07:00:00,SYN_100612,30,07:00:51,07:01:06,0
Bir76FY1196m5b2RCrotL-07:00:00,SYN_100613,31,07:00:25,07:00:40,0
Bir76FY1196m5b2RCrotL-07:00:00,SYN_100614,32,07:00:00,07:00:15,0
40rOFL2qzN26P2ty7q_b9-07:00:00,SYN_100618,0,07:00:33,07:00:48,0
40rOFL2qzN26P2ty7q_b9-07:00:00,SYN_100619,1,07:01:23,07:01:38,0
40rOFL2qzN26P2ty7q_b9-07:00:00,SYN_100620,2,07:02:14,07:02:29,0
40rOFL2qzN26P2ty7q_b9-07:00:00,SYN_100621,3,07:03:04,07:03:19,0
40rOFL2qzN26P2ty7q_b9-07:00:00,SYN_100622,4,07:03:55,07:04:10,0
40rOFL2qzN26P2ty7q_b9-07:00:00,SYN_100623,5,07:04:45,07:05:00,0
40rOFL2qzN26P2ty7q_b9-07:00:00,SYN_100624,6,07:05:36,07:05:51,0
40rOFL2qzN26P2ty7q_b9-07:00:00,SYN_100625,7,07:06:25,07:06:40,0
40rOFL2qzN26P2ty7q_b9-07:00:00,SYN_100626,8,07:07:13,07:07:28,0
40rOFL2qzN26P2ty7q_b9-07:00:00,SYN_100627,9,07:08:02,07:08:17,0
40rOFL2qzN26P2ty7q_b9-07:00:00,SYN_100628,10,07:08:50,07:09:05,0
40rOFL2qzN26P2ty7q_b9-07:00:00,SYN_100629,11,07:09:39,07:09:54,0
40rOFL2qzN26P2ty7q_b9-07:00:00,SYN_100630,12,07:10:27,07:10:42,0
40rOFL2qzN26P2ty7q_b9-07:00:00,SYN_100631,13,07:11:16,07:11:31,0
40rOFL2qzN26P2ty7q_b9-07:00:00,SYN_100632,14,07:12:00,07:12:15,0
40rOFL2qzN26P2ty7q_b9-07:00:00,SYN_100633,15,07:12:15,07:12:30,0
40rOFL2qzN26P2ty7q_b9-07:00:00,SYN_100634,16,07:12:30,07:12:45,0
40rOFL2qzN26P2ty7q_b9-07:00:00,SYN_100635,17,07:12:45,07:13:00,0
40rOFL2qzN26P2ty7q_b9-07:00:00,SYN_100636,18,07:13:00,07:13:15,0
40rOFL2qzN26P2ty7q_b9-07:00:00,SYN_100637,19,07:13:18,07:13:33,0
40rOFL2qzN26P2ty7q_b9-07:00:00,SYN_100638,20,07:13:36,07:13:51,0
40rOFL2qzN26P2ty7q_b9-07:00:00,SYN_100639,21,07:13:54,07:14:09,0
40rOFL2qzN26P2ty7q_b9-07:00:00,SYN_100640,22,07:14:13,07:14:28,0
40rOFL2qzN26P2ty7q_b9-07:00:00,SYN_100641,23,07:14:31,07:14:46,0
40rOFL2qzN26P2ty7q_b9-07:00:00,SYN_100642,24,07:14:49,07:15:04,0
40rOFL2qzN26P2ty7q_b9-07:00:00,SYN_100643,25,07:15:07,07:15:22,0
40rOFL2qzN26P2ty7q_b9-07:00:00,SYN_100644,26,07:15:28,07:15:43,0
40rOFL2qzN26P2ty7q_b9-07:00:00,SYN_100645,27,07:15:54,07:16:09,0
40rOFL2qzN26P2ty7q_b9-07:00:00,SYN_100646,28,07:16:20,07:16:35,0
40rOFL2qzN26P2ty7q_b9-07:00:00,SYN_100647,29,07:16:45,07:17:00,0
40rOFL2qzN26P2ty7q_b9-07:00:00,SYN_100648,30,07:17:14,07:17:29,0
40rOFL2qzN26P2ty7q_b9-07:00:00,SYN_100649,31,07:17:43,07:17:58,0
40rOFL2qzN26P2ty7q_b9-07:00:00,SYN_100650,32,07:18:12,07:18:27,0
40rOFL2qzN26P2ty7q_b9-07:00:00,SYN_100651,33,07:18:38,07:18:53,0
40rOFL2qzN26P2ty7q_b9-07:00:00,SYN_100652,34,07:19:02,07:19:17,0
40rOFL2qzN26P2ty7q_b9-07:00:00,SYN_100653,35,07:19:28,07:19:43,0
40rOFL2qzN26P2ty7q_b9-07:00:00,SYN_100654,36,07:19:59,07:20:14,0
40rOFL2qzN26P2ty7q_b9-07:00:00,SYN_100655,37,07:20:31,07:20:46,0
40rOFL2qzN26P2ty7q_b9-07:00:00,SYN_100656,38,07:20:56,07:21:11,0
40rOFL2qzN26P2ty7q_b9-07:00:00,SYN_100657,39,07:21:20,07:21:35,0
40rOFL2qzN26P2ty7q_b9-07:00:00,SYN_100658,40,07:21:43,07:21:58,0
40rOFL2qzN26P2ty7q_b9-07:00:00,SYN_100659,41,07:22:06,07:22:21,0
40rOFL2qzN26P2ty7q_b9-07:00:00,SYN_100660,42,07:22:29,07:22:44,0
40rOFL2qzN26P2ty7q_b9-07:00:00,SYN_100661,43,07:22:55,07:23:10,0
40rOFL2qzN26P2ty7q_b9-07:00:00,SYN_100662,44,07:23:27,07:23:42,0
40rOFL2qzN26P2ty7q_b9-07:00:00,SYN_100663,45,07:23:49,07:24:04,0
40rOFL2qzN26P2ty7q_b9-07:00:00,SYN_100664,46,07:24:05,07:24:20,0
40rOFL2qzN26P2ty7q_b9-07:00:00,SYN_100665,47,07:24:21,07:24:36,0
40rOFL2qzN26P2ty7q_b9-07:00:00,SYN_100666,48,07:24:38,07:24:53,0
40rOFL2qzN26P2ty7q_b9-07:00:00,SYN_100667,49,07:24:55,07:25:10,0
40rOFL2qzN26P2ty7q_b9-07:00:00,SYN_100668,50,07:25:13,07:25:28,0
40rOFL2qzN26P2ty7q_b9-07:00:00,SYN_100669,51,07:25:30,07:25:45,0
40rOFL2qzN26P2ty7q_b9-07:00:00,SYN_100670,52,07:25:48,07:26:03,0
40rOFL2qzN26P2ty7q_b9-07:00:00,SYN_100671,53,07:26:06,07:26:21,0
40rOFL2qzN26P2ty7q_b9-07:00:00,SYN_100672,54,07:26:28,07:26:43,0
40rOFL2qzN26P2ty7q_b9-07:00:00,SYN_100673,55,07:26:50,07:27:05,0
40rOFL2qzN26P2ty7q_b9-07:00:00,SYN_100674,56,07:27:11,07:27:26,0
40rOFL2qzN26P2ty7q_b9-07:00:00,SYN_100675,57,07:27:43,07:27:58,0
40rOFL2qzN26P2ty7q_b9-07:00:00,SYN_100676,58,07:28:17,07:28:32,0
40rOFL2qzN26P2ty7q_b9-07:00:00,SYN_100677,59,07:28:47,07:29:02,0
40rOFL2qzN26P2ty7q_b9-07:00:00,SYN_100678,60,07:29:17,07:29:32,0
40rOFL2qzN26P2ty7q_b9-07:00:00,SYN_100679,61,07:29:48,07:30:03,0
40rOFL2qzN26P2ty7q_b9-07:00:00,SYN_100680,62,07:30:35,07:30:50,0
40rOFL2qzN26P2ty7q_b9-07:00:00,SYN_100681,63,07:31:08,07:31:23,0
40rOFL2qzN26P2ty7q_b9-07:00:00,SYN_100682,64,07:31:35,07:31:50,0
40rOFL2qzN26P2ty7q_b9-07:00:00,SYN_100683,65,07:32:06,07:32:21,0
40rOFL2qzN26P2ty7q_b9-07:00:00,SYN_100684,66,07:33:00,07:33:15,0
40rOFL2qzN26P2ty7q_b9-07:00:00,SYN_100685,67,07:33:54,07:34:09,0
RbB2w0p-_BgwRa6AbSa-b-07:00:00,SYN_100624,0,07:39:53,07:40:08,0
RbB2w0p-_BgwRa6AbSa-b-07:00:00,SYN_100625,1,07:39:14,07:39:29,0
RbB2w0p-_BgwRa6AbSa-b-07:00:00,SYN_100626,2,07:38:35,07:38:50,0
RbB2w0p-_BgwRa6AbSa-b-07:00:00,SYN_100627,3,07:37:56,07:38:11,0
RbB2w0p-_BgwRa6AbSa-b-07:00:00,SYN_100628,4,07:37:16,07:37:31,0
RbB2w0p-_BgwRa6AbSa-b-07:00:00,SYN_100629,5,07:36:37,07:36:52,0
RbB2w0p-_BgwRa6AbSa-b-07:00:00,SYN_100630,6,07:35:58,07:36:13,0
RbB2w0p-_BgwRa6AbSa-b-07:00:00,SYN_100631,7,07:35:19,07:35:34,0
RbB2w0p-_BgwRa6AbSa-b-07:00:00,SYN_100632,8,07:34:40,07:34:55,0
RbB2w0p-_BgwRa6AbSa-b-07:00:00,SYN_100633,9,07:34:00,07:34:15,0
RbB2w0p-_BgwRa6AbSa-b-07:00:00,SYN_100634,10,07:33:21,07:33:36,0
RbB2w0p-_BgwRa6AbSa-b-07:00:00,SYN_100635,11,07:32:42,07:32:57,0
RbB2w0p-_BgwRa6AbSa-b-07:00:00,SYN_100636,12,07:32:03,07:32:18,0
RbB2w0p-_BgwRa6AbSa-b-07:00:00,SYN_100637,13,07:31:23,07:31:38,0
RbB2w0p-_BgwRa6AbSa-b-07:00:00,SYN_100638,14,07:30:44,07:30:59,0
RbB2w0p-_BgwRa6AbSa-b-07:00:00,SYN_100639,15,07:30:05,07:30:20,0
RbB2w0p-_BgwRa6AbSa-b-07:00:00,SYN_100640,16,07:29:26,07:29:41,0
RbB2w0p-_BgwRa6AbSa-b-07:00:00,SYN_100641,17,07:28:46,07:29:01,0
RbB2w0p-_BgwRa6AbSa-b-07:00:00,SYN_100642,18,07:28:07,07:28:22,0
RbB2w0p-_BgwRa6AbSa-b-07:00:00,SYN_100643,19,07:27:28,07:27:43,0
RbB2w0p-_BgwRa6AbSa-b-07:00:00,SYN_100644,20,07:26:49,07:27:04,0
RbB2w0p-_BgwRa6AbSa-b-07:00:00,SYN_100645,21,07:26:10,07:26:25,0
RbB2w0p-_BgwRa6AbSa-b-07:00:00,SYN_100646,22,07:25:30,07:25:45,0
RbB2w0p-_BgwRa6AbSa-b-07:00:00,SYN_100647,23,07:24:51,07:25:06,0
RbB2w0p-_BgwRa6AbSa-b-07:00:00,SYN_100648,24,07:24:12,07:24:27,0
RbB2w0p-_BgwRa6AbSa-b-07:00:00,SYN_100649,25,07:23:33,07:23:48,0
RbB2w0p-_BgwRa6AbSa-b-07:00:00,SYN_100650,26,07:22:53,07:23:08,0
RbB2w0p-_BgwRa6AbSa-b-07:00:00,SYN_100651,27,07:22:14,07:22:29,0
RbB2w0p-_BgwRa6AbSa-b-07:00:00,SYN_100652,28,07:21:35,07:21:50,0
RbB2w0p-_BgwRa6AbSa-b-07:00:00,SYN_100653,29,07:20:56,07:21:11,0
RbB2w0p-_BgwRa6AbSa-b-07:00:00,SYN_100654,30,07:20:16,07:20:31,0
RbB2w0p-_BgwRa6AbSa-b-07:00:00,SYN_100655,31,07:19:37,07:19:52,0
RbB2w0p-_BgwRa6AbSa-b-07:00:00,SYN_100656,32,07:18:58,07:19:13,0
RbB2w0p-_BgwRa6AbSa-b-07:00:00,SYN_100657,33,07:18:19,07:18:34,0
RbB2w0p-_BgwRa6AbSa-b-07:00:00,SYN_100658,34,07:17:40,07:17:55,0
RbB2w0p-_BgwRa6AbSa-b-07:00:00,SYN_100659,35,07:17:00,07:17:15,0
RbB2w0p-_BgwRa6AbSa-b-07:00:00,SYN_100660,36,07:16:21,07:16:36,0
RbB2w0p-_BgwRa6AbSa-b-07:00:00,SYN_100661,37,07:15:42,07:15:57,0
RbB2w0p-_BgwRa6AbSa-b-07:00:00,SYN_100662,38,07:15:03,07:15:18,0
RbB2w0p-_BgwRa6AbSa-b-07:00:00,SYN_100663,39,07:14:23,07:14:38,0
RbB2w0p-_BgwRa6AbSa-b-07:00:00,SYN_100664,40,07:13:44,07:13:59,0
RbB2w0p-_BgwRa6AbSa-b-07:00:00,SYN_100665,41,07:13:05,07:13:20,0
RbB2w0p-_BgwRa6AbSa-b-07:00:00,SYN_100666,42,07:12:26,07:12:41,0
RbB2w0p-_BgwRa6AbSa-b-07:00:00,SYN_100667,43,07:11:46,07:12:01,0
RbB2w0p-_BgwRa6AbSa-b-07:00:00,SYN_100668,44,07:11:07,07:11:22,0
RbB2w0p-_BgwRa6AbSa-b-07:00:00,SYN_100669,45,07:10:28,07:10:43,0
RbB2w0p-_BgwRa6AbSa-b-07:00:00,SYN_100670,46,07:09:49,07:10:04,0
RbB2w0p-_BgwRa6AbSa-b-07:00:00,SYN_100671,47,07:09:10,07:09:25,0
RbB2w0p-_BgwRa6AbSa-b-07:00:00,SYN_100672,48,07:08:30,07:08:45,0
RbB2w0p-_BgwRa6AbSa-b-07:00:00,SYN_100673,49,07:07:51,07:08:06,0
RbB2w0p-_BgwRa6AbSa-b-07:00:00,SYN_100674,50,07:07:12,07:07:27,0
RbB2w0p-_BgwRa6AbSa-b-07:00:00,SYN_100675,51,07:06:33,07:06:48,0
RbB2w0p-_BgwRa6AbSa-b-07:00:00,SYN_100676,52,07:05:53,07:06:08,0
RbB2w0p-_BgwRa6AbSa-b-07:00:00,SYN_100677,53,07:05:14,07:05:29,0
RbB2w0p-_BgwRa6AbSa-b-07:00:00,SYN_100678,54,07:04:35,07:04:50,0
RbB2w0p-_BgwRa6AbSa-b-07:00:00,SYN_100679,55,07:03:56,07:04:11,0
RbB2w0p-_BgwRa6AbSa-b-07:00:00,SYN_100680,56,07:03:17,07:03:32,0
RbB2w0p-_BgwRa6AbSa-b-07:00:00,SYN_100681,57,07:02:37,07:02:52,0
RbB2w0p-_BgwRa6AbSa-b-07:00:00,SYN_100682,58,07:01:58,07:02:13,0
RbB2w0p-_BgwRa6AbSa-b-07:00:00,SYN_100683,59,07:01:19,07:01:34,0
RbB2w0p-_BgwRa6AbSa-b-07:00:00,SYN_100684,60,07:00:40,07:00:55,0
RbB2w0p-_BgwRa6AbSa-b-07:00:00,SYN_100685,61,07:00:00,07:00:15,0
nnllgPNq1yuc-OXURFNAG-07:00:00,SYN_100693,0,07:00:04,07:00:19,0
nnllgPNq1yuc-OXURFNAG-07:00:00,SYN_100694,1,07:01:03,07:01:18,0
nnllgPNq1yuc-OXURFNAG-07:00:00,SYN_100695,2,07:02:03,07:02:18,0
nnllgPNq1yuc-OXURFNAG-07:00:00,SYN_100696,3,07:02:44,07:02:59,0
nnllgPNq1yuc-OXURFNAG-07:00:00,SYN_100697,4,07:03:12,07:03:27,0
nnllgPNq1yuc-OXURFNAG-07:00:00,SYN_100698,5,07:03:40,07:03:55,0
nnllgPNq1yuc-OXURFNAG-07:00:00,SYN_100699,6,07:04:07,07:04:22,0
nnllgPNq1yuc-OXURFNAG-07:00:00,SYN_100700,7,07:04:35,07:04:50,0
nnllgPNq1yuc-OXURFNAG-07:00:00,SYN_100701,8,07:05:03,07:05:18,0
nnllgPNq1yuc-OXURFNAG-07:00:00,SYN_100702,9,07:05:39,07:05:54,0
nnllgPNq1yuc-OXURFNAG-07:00:00,SYN_100703,10,07:06:17,07:06:32,0
nnllgPNq1yuc-OXURFNAG-07:00:00,SYN_100704,11,07:06:55,07:07:10,0
nnllgPNq1yuc-OXURFNAG-07:00:00,SYN_100705,12,07:07:33,07:07:48,0
nnllgPNq1yuc-OXURFNAG-07:00:00,SYN_100706,13,07:08:11,07:08:26,0
nnllgPNq1yuc-OXURFNAG-07:00:00,SYN_100707,14,07:08:49,07:09:04,0
nnllgPNq1yuc-OXURFNAG-07:00:00,SYN_100708,15,07:09:27,07:09:42,0
nnllgPNq1yuc-OXURFNAG-07:00:00,SYN_100709,16,07:10:04,07:10:19,0
nnllgPNq1yuc-OXURFNAG-07:00:00,SYN_100710,17,07:10:42,07:10:57,0
nnllgPNq1yuc-OXURFNAG-07:00:00,SYN_100711,18,07:11:20,07:11:35,0
nnllgPNq1yuc-OXURFNAG-07:00:00,SYN_100712,19,07:11:58,07:12:13,0
nnllgPNq1yuc-OXURFNAG-07:00:00,SYN_100713,20,07:13:00,07:13:15,0
nnllgPNq1yuc-OXURFNAG-07:00:00,SYN_100714,21,07:14:59,07:15:14,0
nnllgPNq1yuc-OXURFNAG-07:00:00,SYN_100715,22,07:16:15,07:16:30,0
nnllgPNq1yuc-OXURFNAG-07:00:00,SYN_100716,23,07:17:26,07:17:41,0
nnllgPNq1yuc-OXURFNAG-07:00:00,SYN_100717,24,07:18:37,07:18:52,0
nnllgPNq1yuc-OXURFNAG-07:00:00,SYN_100718,25,07:19:50,07:20:05,0
nnllgPNq1yuc-OXURFNAG-07:00:00,SYN_100719,26,07:21:05,07:21:20,0
nnllgPNq1yuc-OXURFNAG-07:00:00,SYN_100720,27,07:22:19,07:22:34,0
nnllgPNq1yuc-OXURFNAG-07:00:00,SYN_100721,28,07:23:39,07:23:54,0
nnllgPNq1yuc-OXURFNAG-07:00:00,SYN_100722,29,07:25:07,07:25:22,0
nnllgPNq1yuc-OXURFNAG-07:00:00,SYN_100723,30,07:26:33,07:26:48,0
nnllgPNq1yuc-OXURFNAG-07:00:00,SYN_100724,31,07:27:18,07:27:33,0
nnllgPNq1yuc-OXURFNAG-07:00:00,SYN_100725,32,07:28:03,07:28:18,0
nnllgPNq1yuc-OXURFNAG-07:00:00,SYN_100726,33,07:28:48,07:29:03,0
nnllgPNq1yuc-OXURFNAG-07:00:00,SYN_100727,34,07:29:33,07:29:48,0
nnllgPNq1yuc-OXURFNAG-07:00:00,SYN_100728,35,07:30:18,07:30:33,0
nnllgPNq1yuc-OXURFNAG-07:00:00,SYN_100729,36,07:31:03,07:31:18,0
nnllgPNq1yuc-OXURFNAG-07:00:00,SYN_100730,37,07:31:48,07:32:03,0
nnllgPNq1yuc-OXURFNAG-07:00:00,SYN_100731,38,07:32:35,07:32:50,0
nnllgPNq1yuc-OXURFNAG-07:00:00,SYN_100732,39,07:33:23,07:33:38,0
nnllgPNq1yuc-OXURFNAG-07:00:00,SYN_100733,40,07:34:11,07:34:26,0
nnllgPNq1yuc-OXURFNAG-07:00:00,SYN_100734,41,07:34:59,07:35:14,0
nnllgPNq1yuc-OXURFNAG-07:00:00,SYN_100735,42,07:37:19,07:37:34,0
nnllgPNq1yuc-OXURFNAG-07:00:00,SYN_100736,43,07:38:39,07:38:54,0
nnllgPNq1yuc-OXURFNAG-07:00:00,SYN_100737,44,07:39:11,07:39:26,0
nnllgPNq1yuc-OXURFNAG-07:00:00,SYN_100738,45,07:39:30,07:39:45,0
nnllgPNq1yuc-OXURFNAG-07:00:00,SYN_100739,46,07:39:46,07:40:01,0
nnllgPNq1yuc-OXURFNAG-07:00:00,SYN_100740,47,07:40:02,07:40:17,0
nnllgPNq1yuc-OXURFNAG-07:00:00,SYN_100741,48,07:40:18,07:40:33,0
nnllgPNq1yuc-OXURFNAG-07:00:00,SYN_100742,49,07:40:34,07:40:49,0
nnllgPNq1yuc-OXURFNAG-07:00:00,SYN_100743,50,07:40:51,07:41:06,0
nnllgPNq1yuc-OXURFNAG-07:00:00,SYN_100744,51,07:41:07,07:41:22,0
nnllgPNq1yuc-OXURFNAG-07:00:00,SYN_100745,52,07:41:23,07:41:38,0
nnllgPNq1yuc-OXURFNAG-07:00:00,SYN_100746,53,07:41:42,07:41:57,0
nnllgPNq1yuc-OXURFNAG-07:00:00,SYN_100747,54,07:42:31,07:42:46,0
nnllgPNq1yuc-OXURFNAG-07:00:00,SYN_100748,55,07:42:55,07:43:10,0
nnllgPNq1yuc-OXURFNAG-07:00:00,SYN_100749,56,07:43:20,07:43:35,0
nnllgPNq1yuc-OXURFNAG-07:00:00,SYN_100750,57,07:44:06,07:44:21,0
nnllgPNq1yuc-OXURFNAG-07:00:00,SYN_100751,58,07:45:19,07:45:34,0
dWfTv7gA4CztWg-ijXkTe-07:00:00,SYN_100687,0,07:44:30,07:44:45,0
dWfTv7gA4CztWg-ijXkTe-07:00:00,SYN_100688,1,07:43:49,07:44:04,0
dWfTv7gA4CztWg-ijXkTe-07:00:00,SYN_100689,2,07:43:09,07:43:24,0
dWfTv7gA4CztWg-ijXkTe-07:00:00,SYN_100690,3,07:42:28,07:42:43,0
dWfTv7gA4CztWg-ijXkTe-07:00:00,SYN_100691,4,07:41:48,07:42:03,0
dWfTv7gA4CztWg-ijXkTe-07:00:00,SYN_100692,5,07:41:07,07:41:22,0
dWfTv7gA4CztWg-ijXkTe-07:00:00,SYN_100693,6,07:40:27,07:40:42,0
dWfTv7gA4CztWg-ijXkTe-07:00:00,SYN_100694,7,07:39:46,07:40:01,0
dWfTv7gA4CztWg-ijXkTe-07:00:00,SYN_100695,8,07:39:06,07:39:21,0
dWfTv7gA4CztWg-ijXkTe-07:00:00,SYN_100696,9,07:38:25,07:38:40,0
dWfTv7gA4CztWg-ijXkTe-07:00:00,SYN_100697,10,07:37:45,07:38:00,0
dWfTv7gA4CztWg-ijXkTe-07:00:00,SYN_100698,11,07:37:04,07:37:19,0
dWfTv7gA4CztWg-ijXkTe-07:00:00,SYN_100699,12,07:36:23,07:36:38,0
dWfTv7gA4CztWg-ijXkTe-07:00:00,SYN_100700,13,07:35:43,07:35:58,0
dWfTv7gA4CztWg-ijXkTe-07:00:00,SYN_100701,14,07:35:02,07:35:17,0
dWfTv7gA4CztWg-ijXkTe-07:00:00,SYN_100702,15,07:34:22,07:34:37,0
dWfTv7gA4CztWg-ijXkTe-07:00:00,SYN_100703,16,07:33:41,07:33:56,0
dWfTv7gA4CztWg-ijXkTe-07:00:00,SYN_100704,17,07:33:01,07:33:16,0
dWfTv7gA4CztWg-ijXkTe-07:00:00,SYN_100705,18,07:32:20,07:32:35,0
dWfTv7gA4CztWg-ijXkTe-07:00:00,SYN_100706,19,07:31:40,07:31:55,0
dWfTv7gA4CztWg-ijXkTe-07:00:00,SYN_100707,20,07:30:59,07:31:14,0
dWfTv7gA4CztWg-ijXkTe-07:00:00,SYN_100708,21,07:30:19,07:30:34,0
dWfTv7gA4CztWg-ijXkTe-07:00:00,SYN_100709,22,07:29:38,07:29:53,0
dWfTv7gA4CztWg-ijXkTe-07:00:00,SYN_100710,23,07:28:57,07:29:12,0
dWfTv7gA4CztWg-ijXkTe-07:00:00,SYN_100711,24,07:28:17,07:28:32,0
dWfTv7gA4CztWg-ijXkTe-07:00:00,SYN_100712,25,07:27:36,07:27:51,0
dWfTv7gA4CztWg-ijXkTe-07:00:00,SYN_100713,26,07:26:56,07:27:11,0
dWfTv7gA4CztWg-ijXkTe-07:00:00,SYN_100714,27,07:26:15,07:26:30,0
dWfTv7gA4CztWg-ijXkTe-07:00:00,SYN_100715,28,07:25:35,07:25:50,0
dWfTv7gA4CztWg-ijXkTe-07:00:00,SYN_100716,29,07:24:54,07:25:09,0
dWfTv7gA4CztWg-ijXkTe-07:00:00,SYN_100717,30,07:24:14,07:24:29,0
dWfTv7gA4CztWg-ijXkTe-07:00:00,SYN_100718,31,07:23:33,07:23:48,0
dWfTv7gA4CztWg-ijXkTe-07:00:00,SYN_100719,32,07:22:53,07:23:08,0
dWfTv7gA4CztWg-ijXkTe-07:00:00,SYN_100720,33,07:22:12,07:22:27,0
dWfTv7gA4CztWg-ijXkTe-07:00:00,SYN_100721,34,07:21:31,07:21:46,0
dWfTv7gA4CztWg-ijXkTe-07:00:00,SYN_100722,35,07:20:51,07:21:06,0
dWfTv7gA4CztWg-ijXkTe-07:00:00,SYN_100723,36,07:20:10,07:20:25,0
dWfTv7gA4CztWg-ijXkTe-07:00:00,SYN_100724,37,07:19:30,07:19:45,0
dWfTv7gA4CztWg-ijXkTe-07:00:00,SYN_100725,38,07:18:49,07:19:04,0
dWfTv7gA4CztWg-ijXkTe-07:00:00,SYN_100726,39,07:18:09,07:18:24,0
dWfTv7gA4CztWg-ijXkTe-07:00:00,SYN_100727,40,07:17:28,07:17:43,0
dWfTv7gA4CztWg-ijXkTe-07:00:00,SYN_100728,41,07:16:48,07:17:03,0
dWfTv7gA4CztWg-ijXkTe-07:00:00,SYN_100729,42,07:16:07,07:16:22,0
dWfTv7gA4CztWg-ijXkTe-07:00:00,SYN_100730,43,07:15:27,07:15:42,0
dWfTv7gA4CztWg-ijXkTe-07:00:00,SYN_100731,44,07:14:46,07:15:01,0
dWfTv7gA4CztWg-ijXkTe-07:00:00,SYN_100732,45,07:14:05,07:14:20,0
dWfTv7gA4CztWg-ijXkTe-07:00:00,SYN_100733,46,07:13:25,07:13:40,0
dWfTv7gA4CztWg-ijXkTe-07:00:00,SYN_100734,47,07:12:44,07:12:59,0
dWfTv7gA4CztWg-ijXkTe-07:00:00,SYN_100735,48,07:12:04,07:12:19,0
dWfTv7gA4CztWg-ijXkTe-07:00:00,SYN_100736,49,07:11:23,07:11:38,0
dWfTv7gA4CztWg-ijXkTe-07:00:00,SYN_100737,50,07:10:43,07:10:58,0
dWfTv7gA4CztWg-ijXkTe-07:00:00,SYN_100738,51,07:10:02,07:10:17,0
dWfTv7gA4CztWg-ijXkTe-07:00:00,SYN_100739,52,07:09:22,07:09:37,0
dWfTv7gA4CztWg-ijXkTe-07:00:00,SYN_100740,53,07:08:41,07:08:56,0
dWfTv7gA4CztWg-ijXkTe-07:00:00,SYN_100741,54,07:08:01,07:08:16,0
dWfTv7gA4CztWg-ijXkTe-07:00:00,SYN_100742,55,07:07:20,07:07:35,0
dWfTv7gA4CztWg-ijXkTe-07:00:00,SYN_100743,56,07:06:39,07:06:54,0
dWfTv7gA4CztWg-ijXkTe-07:00:00,SYN_100744,57,07:05:59,07:06:14,0
dWfTv7gA4CztWg-ijXkTe-07:00:00,SYN_100745,58,07:05:18,07:05:33,0
dWfTv7gA4CztWg-ijXkTe-07:00:00,SYN_100746,59,07:04:38,07:04:53,0
dWfTv7gA4CztWg-ijXkTe-07:00:00,SYN_100747,60,07:03:57,07:04:12,0
dWfTv7gA4CztWg-ijXkTe-07:00:00,SYN_100748,61,07:03:17,07:03:32,0
dWfTv7gA4CztWg-ijXkTe-07:00:00,SYN_100749,62,07:02:36,07:02:51,0
dWfTv7gA4CztWg-ijXkTe-07:00:00,SYN_100750,63,07:01:56,07:02:11,0
dWfTv7gA4CztWg-ijXkTe-07:00:00,SYN_100751,64,07:01:15,07:01:30,0
dWfTv7gA4CztWg-ijXkTe-07:00:00,SYN_100752,65,07:00:35,07:00:50,0
tl8ZQbvleCGCbWdgkRkZg-07:00:00,SYN_100754,0,07:00:16,07:00:31,0
tl8ZQbvleCGCbWdgkRkZg-07:00:00,SYN_100755,1,07:00:47,07:01:02,0
tl8ZQbvleCGCbWdgkRkZg-07:00:00,SYN_100756,2,07:01:19,07:01:34,0
tl8ZQbvleCGCbWdgkRkZg-07:00:00,SYN_100757,3,07:01:50,07:02:05,0
tl8ZQbvleCGCbWdgkRkZg-07:00:00,SYN_100758,4,07:02:21,07:02:36,0
tl8ZQbvleCGCbWdgkRkZg-07:00:00,SYN_100759,5,07:02:53,07:03:08,0
tl8ZQbvleCGCbWdgkRkZg-07:00:00,SYN_100760,6,07:03:24,07:03:39,0
tl8ZQbvleCGCbWdgkRkZg-07:00:00,SYN_100761,7,07:03:56,07:04:11,0
tl8ZQbvleCGCbWdgkRkZg-07:00:00,SYN_100762,8,07:04:27,07:04:42,0
tl8ZQbvleCGCbWdgkRkZg-07:00:00,SYN_100763,9,07:04:58,07:05:13,0
tl8ZQbvleCGCbWdgkRkZg-07:00:00,SYN_100764,10,07:05:33,07:05:48,0
tl8ZQbvleCGCbWdgkRkZg-07:00:00,SYN_100765,11,07:06:15,07:06:30,0
tl8ZQbvleCGCbWdgkRkZg-07:00:00,SYN_100766,12,07:06:56,07:07:11,0
6d2W3a35jKEGSEjY9OqMB-07:00:00,SYN_100754,0,07:07:20,07:07:35,0
6d2W3a35jKEGSEjY9OqMB-07:00:00,SYN_100755,1,07:06:45,07:07:00,0
6d2W3a35jKEGSEjY9OqMB-07:00:00,SYN_100756,2,07:06:10,07:06:25,0
6d2W3a35jKEGSEjY9OqMB-07:00:00,SYN_100757,3,07:05:34,07:05:49,0
6d2W3a35jKEGSEjY9OqMB-07:00:00,SYN_100758,4,07:04:59,07:05:14,0
6d2W3a35jKEGSEjY9OqMB-07:00:00,SYN_100759,5,07:04:24,07:04:39,0
6d2W3a35jKEGSEjY9OqMB-07:00:00,SYN_100760,6,07:03:48,07:04:03,0
6d2W3a35jKEGSEjY9OqMB-07:00:00,SYN_100761,7,07:03:13,07:03:28,0
6d2W3a35jKEGSEjY9OqMB-07:00:00,SYN_100762,8,07:02:38,07:02:53,0
6d2W3a35jKEGSEjY9OqMB-07:00:00,SYN_100763,9,07:02:02,07:02:17,0
6d2W3a35jKEGSEjY9OqMB-07:00:00,SYN_100764,10,07:01:27,07:01:42,0
6d2W3a35jKEGSEjY9OqMB-07:00:00,SYN_100765,11,07:00:52,07:01:07,0
6d2W3a35jKEGSEjY9OqMB-07:00:00,SYN_100766,12,07:00:16,07:00:31,0
vt5LHnmnnLuQC-tEARuAL-07:00:00,SYN_100767,0,07:00:23,07:00:38,0
vt5LHnmnnLuQC-tEARuAL-07:00:00,SYN_100768,1,07:00:59,07:01:14,0
vt5LHnmnnLuQC-tEARuAL-07:00:00,SYN_100769,2,07:01:34,07:01:49,0
vt5LHnmnnLuQC-tEARuAL-07:00:00,SYN_100770,3,07:02:10,07:02:25,0
vt5LHnmnnLuQC-tEARuAL-07:00:00,SYN_100771,4,07:02:46,07:03:01,0
vt5LHnmnnLuQC-tEARuAL-07:00:00,SYN_100772,5,07:03:22,07:03:37,0
vt5LHnmnnLuQC-tEARuAL-07:00:00,SYN_100773,6,07:03:58,07:04:13,0
vt5LHnmnnLuQC-tEARuAL-07:00:00,SYN_100774,7,07:04:34,07:04:49,0
vt5LHnmnnLuQC-tEARuAL-07:00:00,SYN_100775,8,07:05:10,07:05:25,0
vt5LHnmnnLuQC-tEARuAL-07:00:00,SYN_100776,9,07:05:45,07:06:00,0
vt5LHnmnnLuQC-tEARuAL-07:00:00,SYN_100777,10,07:06:21,07:06:36,0
vt5LHnmnnLuQC-tEARuAL-07:00:00,SYN_100778,11,07:06:57,07:07:12,0
vt5LHnmnnLuQC-tEARuAL-07:00:00,SYN_100779,12,07:07:33,07:07:48,0
vt5LHnmnnLuQC-tEARuAL-07:00:00,SYN_100780,13,07:08:09,07:08:24,0
vt5LHnmnnLuQC-tEARuAL-07:00:00,SYN_100781,14,07:08:45,07:09:00,0
vt5LHnmnnLuQC-tEARuAL-07:00:00,SYN_100782,15,07:09:20,07:09:35,0
6u8t_kqOv1J6Cy4UiIRO_-07:00:00,SYN_100767,0,07:05:15,07:05:30,0
6u8t_kqOv1J6Cy4UiIRO_-07:00:00,SYN_100768,1,07:04:54,07:05:09,0
6u8t_kqOv1J6Cy4UiIRO_-07:00:00,SYN_100769,2,07:04:34,07:04:49,0
6u8t_kqOv1J6Cy4UiIRO_-07:00:00,SYN_100770,3,07:04:13,07:04:28,0
6u8t_kqOv1J6Cy4UiIRO_-07:00:00,SYN_100771,4,07:03:52,07:04:07,0
6u8t_kqOv1J6Cy4UiIRO_-07:00:00,SYN_100772,5,07:03:32,07:03:47,0
6u8t_kqOv1J6Cy4UiIRO_-07:00:00,SYN_100773,6,07:03:11,07:03:26,0
6u8t_kqOv1J6Cy4UiIRO_-07:00:00,SYN_100774,7,07:02:50,07:03:05,0
6u8t_kqOv1J6Cy4UiIRO_-07:00:00,SYN_100775,8,07:02:30,07:02:45,0
6u8t_kqOv1J6Cy4UiIRO_-07:00:00,SYN_100776,9,07:02:09,07:02:24,0
6u8t_kqOv1J6Cy4UiIRO_-07:00:00,SYN_100777,10,07:01:48,07:02:03,0
6u8t_kqOv1J6Cy4UiIRO_-07:00:00,SYN_100778,11,07:01:27,07:01:42,0
6u8t_kqOv1J6Cy4UiIRO_-07:00:00,SYN_100779,12,07:01:07,07:01:22,0
6u8t_kqOv1J6Cy4UiIRO_-07:00:00,SYN_100780,13,07:00:46,07:01:01,0
6u8t_kqOv1J6Cy4UiIRO_-07:00:00,SYN_100781,14,07:00:25,07:00:40,0
6u8t_kqOv1J6Cy4UiIRO_-07:00:00,SYN_100782,15,07:00:05,07:00:20,0
RpKdfStaPAyjOjNE_OGG9-07:00:00,SYN_100783,0,07:00:25,07:00:40,0
RpKdfStaPAyjOjNE_OGG9-07:00:00,SYN_100784,1,07:01:03,07:01:18,0
RpKdfStaPAyjOjNE_OGG9-07:00:00,SYN_100785,2,07:01:41,07:01:56,0
RpKdfStaPAyjOjNE_OGG9-07:00:00,SYN_100786,3,07:02:19,07:02:34,0
RpKdfStaPAyjOjNE_OGG9-07:00:00,SYN_100787,4,07:02:57,07:03:12,0
RpKdfStaPAyjOjNE_OGG9-07:00:00,SYN_100788,5,07:03:35,07:03:50,0
RpKdfStaPAyjOjNE_OGG9-07:00:00,SYN_100789,6,07:04:13,07:04:28,0
RpKdfStaPAyjOjNE_OGG9-07:00:00,SYN_100790,7,07:04:51,07:05:06,0
RpKdfStaPAyjOjNE_OGG9-07:00:00,SYN_100791,8,07:05:29,07:05:44,0
RpKdfStaPAyjOjNE_OGG9-07:00:00,SYN_100792,9,07:06:07,07:06:22,0
RpKdfStaPAyjOjNE_OGG9-07:00:00,SYN_100793,10,07:06:45,07:07:00,0
RpKdfStaPAyjOjNE_OGG9-07:00:00,SYN_100794,11,07:07:23,07:07:38,0
RpKdfStaPAyjOjNE_OGG9-07:00:00,SYN_100795,12,07:08:01,07:08:16,0
RpKdfStaPAyjOjNE_OGG9-07:00:00,SYN_100796,13,07:08:39,07:08:54,0
RpKdfStaPAyjOjNE_OGG9-07:00:00,SYN_100797,14,07:09:16,07:09:31,0
RpKdfStaPAyjOjNE_OGG9-07:00:00,SYN_100798,15,07:09:54,07:10:09,0
RpKdfStaPAyjOjNE_OGG9-07:00:00,SYN_100799,16,07:10:32,07:10:47,0
RpKdfStaPAyjOjNE_OGG9-07:00:00,SYN_100800,17,07:11:10,07:11:25,0
RpKdfStaPAyjOjNE_OGG9-07:00:00,SYN_100801,18,07:11:48,07:12:03,0
OoyJYltTuIPwOrCeg2YmA-07:00:00,SYN_100783,0,07:11:56,07:12:11,0
OoyJYltTuIPwOrCeg2YmA-07:00:00,SYN_100784,1,07:11:16,07:11:31,0
OoyJYltTuIPwOrCeg2YmA-07:00:00,SYN_100785,2,07:10:37,07:10:52,0
OoyJYltTuIPwOrCeg2YmA-07:00:00,SYN_100786,3,07:09:57,07:10:12,0
OoyJYltTuIPwOrCeg2YmA-07:00:00,SYN_100787,4,07:09:18,07:09:33,0
OoyJYltTuIPwOrCeg2YmA-07:00:00,SYN_100788,5,07:08:38,07:08:53,0
OoyJYltTuIPwOrCeg2YmA-07:00:00,SYN_100789,6,07:07:59,07:08:14,0
OoyJYltTuIPwOrCeg2YmA-07:00:00,SYN_100790,7,07:07:19,07:07:34,0
OoyJYltTuIPwOrCeg2YmA-07:00:00,SYN_100791,8,07:06:40,07:06:55,0
OoyJYltTuIPwOrCeg2YmA-07:00:00,SYN_100792,9,07:06:00,07:06:15,0
OoyJYltTuIPwOrCeg2YmA-07:00:00,SYN_100793,10,07:05:21,07:05:36,0
OoyJYltTuIPwOrCeg2YmA-07:00:00,SYN_100794,11,07:04:41,07:04:56,0
OoyJYltTuIPwOrCeg2YmA-07:00:00,SYN_100795,12,07:04:02,07:04:17,0
OoyJYltTuIPwOrCeg2YmA-07:00:00,SYN_100796,13,07:03:22,07:03:37,0
OoyJYltTuIPwOrCeg2YmA-07:00:00,SYN_100797,14,07:02:43,07:02:58,0
OoyJYltTuIPwOrCeg2YmA-07:00:00,SYN_100798,15,07:02:03,07:02:18,0
OoyJYltTuIPwOrCeg2YmA-07:00:00,SYN_100799,16,07:01:24,07:01:39,0
OoyJYltTuIPwOrCeg2YmA-07:00:00,SYN_100800,17,07:00:44,07:00:59,0
OoyJYltTuIPwOrCeg2YmA-07:00:00,SYN_100801,18,07:00:05,07:00:20,0
t3fihouAmNU32d_e7msfe-07:00:00,SYN_100802,0,07:00:36,07:00:51,0
t3fihouAmNU32d_e7msfe-07:00:00,SYN_100803,1,07:01:12,07:01:27,0
t3fihouAmNU32d_e7msfe-07:00:00,SYN_100804,2,07:01:49,07:02:04,0
t3fihouAmNU32d_e7msfe-07:00:00,SYN_100805,3,07:02:55,07:03:10,0
t3fihouAmNU32d_e7msfe-07:00:00,SYN_100806,4,07:04:48,07:05:03,0
t3fihouAmNU32d_e7msfe-07:00:00,SYN_100807,5,07:05:56,07:06:11,0
t3fihouAmNU32d_e7msfe-07:00:00,SYN_100808,6,07:07:05,07:07:20,0
t3fihouAmNU32d_e7msfe-07:00:00,SYN_100809,7,07:08:12,07:08:27,0
t3fihouAmNU32d_e7msfe-07:00:00,SYN_100810,8,07:09:16,07:09:31,0
t3fihouAmNU32d_e7msfe-07:00:00,SYN_100811,9,07:10:19,07:10:34,0
t3fihouAmNU32d_e7msfe-07:00:00,SYN_100812,10,07:10:45,07:11:00,0
t3fihouAmNU32d_e7msfe-07:00:00,SYN_100813,11,07:11:05,07:11:20,0
t3fihouAmNU32d_e7msfe-07:00:00,SYN_100814,12,07:11:25,07:11:40,0
t3fihouAmNU32d_e7msfe-07:00:00,SYN_100815,13,07:11:45,07:12:00,0
t3fihouAmNU32d_e7msfe-07:00:00,SYN_100816,14,07:12:06,07:12:21,0
t3fihouAmNU32d_e7msfe-07:00:00,SYN_100817,15,07:12:26,07:12:41,0
t3fihouAmNU32d_e7msfe-07:00:00,SYN_100818,16,07:12:46,07:13:01,0
t3fihouAmNU32d_e7msfe-07:00:00,SYN_100819,17,07:13:08,07:13:23,0
t3fihouAmNU32d_e7msfe-07:00:00,SYN_100820,18,07:13:32,07:13:47,0
t3fihouAmNU32d_e7msfe-07:00:00,SYN_100821,19,07:13:55,07:14:10,0
t3fihouAmNU32d_e7msfe-07:00:00,SYN_100822,20,07:14:26,07:14:41,0
t3fihouAmNU32d_e7msfe-07:00:00,SYN_100823,21,07:15:01,07:15:16,0
t3fihouAmNU32d_e7msfe-07:00:00,SYN_100824,22,07:15:36,07:15:51,0
t3fihouAmNU32d_e7msfe-07:00:00,SYN_100825,23,07:16:06,07:16:21,0
t3fihouAmNU32d_e7msfe-07:00:00,SYN_100826,24,07:16:35,07:16:50,0
t3fihouAmNU32d_e7msfe-07:00:00,SYN_100827,25,07:17:04,07:17:19,0
t3fihouAmNU32d_e7msfe-07:00:00,SYN_100828,26,07:17:42,07:17:57,0
t3fihouAmNU32d_e7msfe-07:00:00,SYN_100829,27,07:18:26,07:18:41,0
t3fihouAmNU32d_e7msfe-07:00:00,SYN_100830,28,07:19:11,07:19:26,0
t3fihouAmNU32d_e7msfe-07:00:00,SYN_100831,29,07:20:17,07:20:32,0
t3fihouAmNU32d_e7msfe-07:00:00,SYN_100832,30,07:20:46,07:21:01,0
t3fihouAmNU32d_e7msfe-07:00:00,SYN_100833,31,07:21:18,07:21:33,0
t3fihouAmNU32d_e7msfe-07:00:00,SYN_100834,32,07:22:01,07:22:16,0
t3fihouAmNU32d_e7msfe-07:00:00,SYN_100835,33,07:22:41,07:22:56,0
t3fihouAmNU32d_e7msfe-07:00:00,SYN_100836,34,07:23:25,07:23:40,0
t3fihouAmNU32d_e7msfe-07:00:00,SYN_100837,35,07:24:17,07:24:32,0
t3fihouAmNU32d_e7msfe-07:00:00,SYN_100838,36,07:25:09,07:25:24,0
t3fihouAmNU32d_e7msfe-07:00:00,SYN_100839,37,07:25:58,07:26:13,0
t3fihouAmNU32d_e7msfe-07:00:00,SYN_100840,38,07:26:20,07:26:35,0
t3fihouAmNU32d_e7msfe-07:00:00,SYN_100841,39,07:26:43,07:26:58,0
t3fihouAmNU32d_e7msfe-07:00:00,SYN_100842,40,07:27:11,07:27:26,0
t3fihouAmNU32d_e7msfe-07:00:00,SYN_100843,41,07:27:42,07:27:57,0
t3fihouAmNU32d_e7msfe-07:00:00,SYN_100844,42,07:28:13,07:28:28,0
t3fihouAmNU32d_e7msfe-07:00:00,SYN_100845,43,07:28:48,07:29:03,0
t3fihouAmNU32d_e7msfe-07:00:00,SYN_100846,44,07:29:20,07:29:35,0
t3fihouAmNU32d_e7msfe-07:00:00,SYN_100847,45,07:29:50,07:30:05,0
t3fihouAmNU32d_e7msfe-07:00:00,SYN_100848,46,07:30:31,07:30:46,0
t3fihouAmNU32d_e7msfe-07:00:00,SYN_100849,47,07:31:22,07:31:37,0
t3fihouAmNU32d_e7msfe-07:00:00,SYN_100850,48,07:32:12,07:32:27,0
t3fihouAmNU32d_e7msfe-07:00:00,SYN_100851,49,07:33:01,07:33:16,0
t3fihouAmNU32d_e7msfe-07:00:00,SYN_100852,50,07:33:49,07:34:04,0
t3fihouAmNU32d_e7msfe-07:00:00,SYN_100853,51,07:34:22,07:34:37,0
t3fihouAmNU32d_e7msfe-07:00:00,SYN_100854,52,07:34:54,07:35:09,0
t3fihouAmNU32d_e7msfe-07:00:00,SYN_100855,53,07:35:36,07:35:51,0
t3fihouAmNU32d_e7msfe-07:00:00,SYN_100856,54,07:36:26,07:36:41,0
t3fihouAmNU32d_e7msfe-07:00:00,SYN_100857,55,07:36:56,07:37:11,0
t3fihouAmNU32d_e7msfe-07:00:00,SYN_100858,56,07:37:27,07:37:42,0
t3fihouAmNU32d_e7msfe-07:00:00,SYN_100859,57,07:37:45,07:38:00,0
t3fihouAmNU32d_e7msfe-07:00:00,SYN_100860,58,07:38:03,07:38:18,0
t3fihouAmNU32d_e7msfe-07:00:00,SYN_100861,59,07:38:21,07:38:36,0
t3fihouAmNU32d_e7msfe-07:00:00,SYN_100862,60,07:38:40,07:38:55,0
t3fihouAmNU32d_e7msfe-07:00:00,SYN_100863,61,07:38:58,07:39:13,0
t3fihouAmNU32d_e7msfe-07:00:00,SYN_100864,62,07:39:16,07:39:31,0
t3fihouAmNU32d_e7msfe-07:00:00,SYN_100865,63,07:39:35,07:39:50,0
t3fihouAmNU32d_e7msfe-07:00:00,SYN_100866,64,07:39:56,07:40:11,0
t3fihouAmNU32d_e7msfe-07:00:00,SYN_100867,65,07:40:21,07:40:36,0
t3fihouAmNU32d_e7msfe-07:00:00,SYN_100868,66,07:40:47,07:41:02,0
t3fihouAmNU32d_e7msfe-07:00:00,SYN_100869,67,07:41:13,07:41:28,0
t3fihouAmNU32d_e7msfe-07:00:00,SYN_100870,68,07:41:41,07:41:56,0
t3fihouAmNU32d_e7msfe-07:00:00,SYN_100871,69,07:42:11,07:42:26,0
t3fihouAmNU32d_e7msfe-07:00:00,SYN_100872,70,07:42:40,07:42:55,0
t3fihouAmNU32d_e7msfe-07:00:00,SYN_100873,71,07:43:05,07:43:20,0
t3fihouAmNU32d_e7msfe-07:00:00,SYN_100874,72,07:43:30,07:43:45,0
t3fihouAmNU32d_e7msfe-07:00:00,SYN_100875,73,07:43:56,07:44:11,0
t3fihouAmNU32d_e7msfe-07:00:00,SYN_100876,74,07:44:27,07:44:42,0
t3fihouAmNU32d_e7msfe-07:00:00,SYN_100877,75,07:44:59,07:45:14,0
t3fihouAmNU32d_e7msfe-07:00:00,SYN_100878,76,07:45:24,07:45:39,0
t3fihouAmNU32d_e7msfe-07:00:00,SYN_100879,77,07:45:47,07:46:02,0
t3fihouAmNU32d_e7msfe-07:00:00,SYN_100880,78,07:46:10,07:46:25,0
t3fihouAmNU32d_e7msfe-07:00:00,SYN_100881,79,07:46:33,07:46:48,0
t3fihouAmNU32d_e7msfe-07:00:00,SYN_100882,80,07:46:56,07:47:11,0
t3fihouAmNU32d_e7msfe-07:00:00,SYN_100883,81,07:47:23,07:47:38,0
t3fihouAmNU32d_e7msfe-07:00:00,SYN_100884,82,07:47:55,07:48:10,0
t3fihouAmNU32d_e7msfe-07:00:00,SYN_100885,83,07:48:16,07:48:31,0
t3fihouAmNU32d_e7msfe-07:00:00,SYN_100886,84,07:48:32,07:48:47,0
t3fihouAmNU32d_e7msfe-07:00:00,SYN_100887,85,07:48:48,07:49:03,0
t3fihouAmNU32d_e7msfe-07:00:00,SYN_100888,86,07:49:05,07:49:20,0
t3fihouAmNU32d_e7msfe-07:00:00,SYN_100889,87,07:49:22,07:49:37,0
t3fihouAmNU32d_e7msfe-07:00:00,SYN_100890,88,07:49:40,07:49:55,0
t3fihouAmNU32d_e7msfe-07:00:00,SYN_100891,89,07:49:57,07:50:12,0
t3fihouAmNU32d_e7msfe-07:00:00,SYN_100892,90,07:50:15,07:50:30,0
t3fihouAmNU32d_e7msfe-07:00:00,SYN_100893,91,07:50:34,07:50:49,0
t3fihouAmNU32d_e7msfe-07:00:00,SYN_100894,92,07:50:55,07:51:10,0
t3fihouAmNU32d_e7msfe-07:00:00,SYN_100895,93,07:51:17,07:51:32,0
t3fihouAmNU32d_e7msfe-07:00:00,SYN_100896,94,07:51:38,07:51:53,0
t3fihouAmNU32d_e7msfe-07:00:00,SYN_100897,95,07:52:11,07:52:26,0
t3fihouAmNU32d_e7msfe-07:00:00,SYN_100898,96,07:52:45,07:53:00,0
t3fihouAmNU32d_e7msfe-07:00:00,SYN_100899,97,07:53:15,07:53:30,0
t3fihouAmNU32d_e7msfe-07:00:00,SYN_100900,98,07:53:45,07:54:00,0
t3fihouAmNU32d_e7msfe-07:00:00,SYN_100901,99,07:54:16,07:54:31,0
t3fihouAmNU32d_e7msfe-07:00:00,SYN_100902,100,07:54:55,07:55:10,0
t3fihouAmNU32d_e7msfe-07:00:00,SYN_100903,101,07:55:31,07:55:46,0
t3fihouAmNU32d_e7msfe-07:00:00,SYN_100904,102,07:56:01,07:56:16,0
t3fihouAmNU32d_e7msfe-07:00:00,SYN_100905,103,07:56:44,07:56:59,0
t3fihouAmNU32d_e7msfe-07:00:00,SYN_100906,104,07:58:23,07:58:38,0
t3fihouAmNU32d_e7msfe-07:00:00,SYN_100907,105,08:00:01,08:00:16,0
t3fihouAmNU32d_e7msfe-07:00:00,SYN_100908,106,08:01:23,08:01:38,0
t3fihouAmNU32d_e7msfe-07:00:00,SYN_100909,107,08:02:36,08:02:51,0
udcnz_0kW2tOMy6xB2_Ng-07:00:00,SYN_100802,0,08:15:30,08:15:45,0
udcnz_0kW2tOMy6xB2_Ng-07:00:00,SYN_100803,1,08:14:48,08:15:03,0
udcnz_0kW2tOMy6xB2_Ng-07:00:00,SYN_100804,2,08:14:06,08:14:21,0
udcnz_0kW2tOMy6xB2_Ng-07:00:00,SYN_100805,3,08:13:24,08:13:39,0
udcnz_0kW2tOMy6xB2_Ng-07:00:00,SYN_100806,4,08:12:42,08:12:57,0
udcnz_0kW2tOMy6xB2_Ng-07:00:00,SYN_100807,5,08:12:00,08:12:15,0
udcnz_0kW2tOMy6xB2_Ng-07:00:00,SYN_100808,6,08:11:18,08:11:33,0
udcnz_0kW2tOMy6xB2_Ng-07:00:00,SYN_100809,7,08:10:36,08:10:51,0
udcnz_0kW2tOMy6xB2_Ng-07:00:00,SYN_100810,8,08:09:53,08:10:08,0
udcnz_0kW2tOMy6xB2_Ng-07:00:00,SYN_100811,9,08:09:11,08:09:26,0
udcnz_0kW2tOMy6xB2_Ng-07:00:00,SYN_100812,10,08:08:29,08:08:44,0
udcnz_0kW2tOMy6xB2_Ng-07:00:00,SYN_100813,11,08:07:47,08:08:02,0
udcnz_0kW2tOMy6xB2_Ng-07:00:00,SYN_100814,12,08:07:05,08:07:20,0
udcnz_0kW2tOMy6xB2_Ng-07:00:00,SYN_100815,13,08:06:23,08:06:38,0
udcnz_0kW2tOMy6xB2_Ng-07:00:00,SYN_100816,14,08:05:41,08:05:56,0
udcnz_0kW2tOMy6xB2_Ng-07:00:00,SYN_100817,15,08:04:59,08:05:14,0
udcnz_0kW2tOMy6xB2_Ng-07:00:00,SYN_100818,16,08:04:16,08:04:31,0
udcnz_0kW2tOMy6xB2_Ng-07:00:00,SYN_100819,17,08:03:34,08:03:49,0
udcnz_0kW2tOMy6xB2_Ng-07:00:00,SYN_100820,18,08:02:52,08:03:07,0
udcnz_0kW2tOMy6xB2_Ng-07:00:00,SYN_100821,19,08:02:10,08:02:25,0
udcnz_0kW2tOMy6xB2_Ng-07:00:00,SYN_100822,20,08:01:28,08:01:43,0
udcnz_0kW2tOMy6xB2_Ng-07:00:00,SYN_100823,21,08:00:46,08:01:01,0
udcnz_0kW2tOMy6xB2_Ng-07:00:00,SYN_100824,22,08:00:04,08:00:19,0
udcnz_0kW2tOMy6xB2_Ng-07:00:00,SYN_100825,23,07:59:22,07:59:37,0
udcnz_0kW2tOMy6xB2_Ng-07:00:00,SYN_100826,24,07:58:39,07:58:54,0
udcnz_0kW2tOMy6xB2_Ng-07:00:00,SYN_100827,25,07:57:57,07:58:12,0
udcnz_0kW2tOMy6xB2_Ng-07:00:00,SYN_100828,26,07:57:15,07:57:30,0
udcnz_0kW2tOMy6xB2_Ng-07:00:00,SYN_100829,27,07:56:33,07:56:48,0
udcnz_0kW2tOMy6xB2_Ng-07:00:00,SYN_100830,28,07:55:51,07:56:06,0
udcnz_0kW2tOMy6xB2_Ng-07:00:00,SYN_100831,29,07:55:09,07:55:24,0
udcnz_0kW2tOMy6xB2_Ng-07:00:00,SYN_100832,30,07:54:27,07:54:42,0
udcnz_0kW2tOMy6xB2_Ng-07:00:00,SYN_100833,31,07:53:45,07:54:00,0
udcnz_0kW2tOMy6xB2_Ng-07:00:00,SYN_100834,32,07:53:02,07:53:17,0
udcnz_0kW2tOMy6xB2_Ng-07:00:00,SYN_100835,33,07:52:20,07:52:35,0
udcnz_0kW2tOMy6xB2_Ng-07:00:00,SYN_100836,34,07:51:38,07:51:53,0
udcnz_0kW2tOMy6xB2_Ng-07:00:00,SYN_100837,35,07:50:56,07:51:11,0
udcnz_0kW2tOMy6xB2_Ng-07:00:00,SYN_100838,36,07:50:14,07:50:29,0
udcnz_0kW2tOMy6xB2_Ng-07:00:00,SYN_100839,37,07:49:32,07:49:47,0
udcnz_0kW2tOMy6xB2_Ng-07:00:00,SYN_100840,38,07:48:50,07:49:05,0
udcnz_0kW2tOMy6xB2_Ng-07:00:00,SYN_100841,39,07:48:08,07:48:23,0
udcnz_0kW2tOMy6xB2_Ng-07:00:00,SYN_100842,40,07:47:26,07:47:41,0
udcnz_0kW2tOMy6xB2_Ng-07:00:00,SYN_100843,41,07:46:43,07:46:58,0
udcnz_0kW2tOMy6xB2_Ng-07:00:00,SYN_100844,42,07:46:01,07:46:16,0
udcnz_0kW2tOMy6xB2_Ng-07:00:00,SYN_100845,43,07:45:19,07:45:34,0
udcnz_0kW2tOMy6xB2_Ng-07:00:00,SYN_100846,44,07:44:37,07:44:52,0
udcnz_0kW2tOMy6xB2_Ng-07:00:00,SYN_100847,45,07:43:55,07:44:10,0
udcnz_0kW2tOMy6xB2_Ng-07:00:00,SYN_100848,46,07:43:13,07:43:28,0
udcnz_0kW2tOMy6xB2_Ng-07:00:00,SYN_100849,47,07:42:31,07:42:46,0
udcnz_0kW2tOMy6xB2_Ng-07:00:00,SYN_100850,48,07:41:49,07:42:04,0
udcnz_0kW2tOMy6xB2_Ng-07:00:00,SYN_100851,49,07:41:06,07:41:21,0
udcnz_0kW2tOMy6xB2_Ng-07:00:00,SYN_100852,50,07:40:24,07:40:39,0
udcnz_0kW2tOMy6xB2_Ng-07:00:00,SYN_100853,51,07:39:42,07:39:57,0
udcnz_0kW2tOMy6xB2_Ng-07:00:00,SYN_100854,52,07:39:00,07:39:15,0
udcnz_0kW2tOMy6xB2_Ng-07:00:00,SYN_100855,53,07:38:18,07:38:33,0
udcnz_0kW2tOMy6xB2_Ng-07:00:00,SYN_100856,54,07:37:36,07:37:51,0
udcnz_0kW2tOMy6xB2_Ng-07:00:00,SYN_100857,55,07:36:54,07:37:09,0
udcnz_0kW2tOMy6xB2_Ng-07:00:00,SYN_100858,56,07:36:12,07:36:27,0
udcnz_0kW2tOMy6xB2_Ng-07:00:00,SYN_100859,57,07:35:29,07:35:44,0
udcnz_0kW2tOMy6xB2_Ng-07:00:00,SYN_100860,58,07:34:47,07:35:02,0
udcnz_0kW2tOMy6xB2_Ng-07:00:00,SYN_100861,59,07:34:05,07:34:20,0
udcnz_0kW2tOMy6xB2_Ng-07:00:00,SYN_100862,60,07:33:23,07:33:38,0
udcnz_0kW2tOMy6xB2_Ng-07:00:00,SYN_100863,61,07:32:41,07:32:56,0
udcnz_0kW2tOMy6xB2_Ng-07:00:00,SYN_100864,62,07:31:59,07:32:14,0
udcnz_0kW2tOMy6xB2_Ng-07:00:00,SYN_100865,63,07:31:17,07:31:32,0
udcnz_0kW2tOMy6xB2_Ng-07:00:00,SYN_100866,64,07:30:35,07:30:50,0
udcnz_0kW2tOMy6xB2_Ng-07:00:00,SYN_100867,65,07:29:52,07:30:07,0
udcnz_0kW2tOMy6xB2_Ng-07:00:00,SYN_100868,66,07:29:10,07:29:25,0
udcnz_0kW2tOMy6xB2_Ng-07:00:00,SYN_100869,67,07:28:28,07:28:43,0
udcnz_0kW2tOMy6xB2_Ng-07:00:00,SYN_100870,68,07:27:46,07:28:01,0
udcnz_0kW2tOMy6xB2_Ng-07:00:00,SYN_100871,69,07:27:04,07:27:19,0
udcnz_0kW2tOMy6xB2_Ng-07:00:00,SYN_100872,70,07:26:22,07:26:37,0
udcnz_0kW2tOMy6xB2_Ng-07:00:00,SYN_100873,71,07:25:40,07:25:55,0
udcnz_0kW2tOMy6xB2_Ng-07:00:00,SYN_100874,72,07:24:58,07:25:13,0
udcnz_0kW2tOMy6xB2_Ng-07:00:00,SYN_100875,73,07:24:16,07:24:31,0
udcnz_0kW2tOMy6xB2_Ng-07:00:00,SYN_100876,74,07:23:33,07:23:48,0
udcnz_0kW2tOMy6xB2_Ng-07:00:00,SYN_100877,75,07:22:51,07:23:06,0
udcnz_0kW2tOMy6xB2_Ng-07:00:00,SYN_100878,76,07:22:09,07:22:24,0
udcnz_0kW2tOMy6xB2_Ng-07:00:00,SYN_100879,77,07:21:27,07:21:42,0
udcnz_0kW2tOMy6xB2_Ng-07:00:00,SYN_100880,78,07:20:45,07:21:00,0
udcnz_0kW2tOMy6xB2_Ng-07:00:00,SYN_100881,79,07:20:03,07:20:18,0
udcnz_0kW2tOMy6xB2_Ng-07:00:00,SYN_100882,80,07:19:21,07:19:36,0
udcnz_0kW2tOMy6xB2_Ng-07:00:00,SYN_100883,81,07:18:39,07:18:54,0
udcnz_0kW2tOMy6xB2_Ng-07:00:00,SYN_100884,82,07:17:56,07:18:11,0
udcnz_0kW2tOMy6xB2_Ng-07:00:00,SYN_100885,83,07:17:14,07:17:29,0
udcnz_0kW2tOMy6xB2_Ng-07:00:00,SYN_100886,84,07:16:32,07:16:47,0
udcnz_0kW2tOMy6xB2_Ng-07:00:00,SYN_100887,85,07:15:50,07:16:05,0
udcnz_0kW2tOMy6xB2_Ng-07:00:00,SYN_100888,86,07:15:08,07:15:23,0
udcnz_0kW2tOMy6xB2_Ng-07:00:00,SYN_100889,87,07:14:26,07:14:41,0
udcnz_0kW2tOMy6xB2_Ng-07:00:00,SYN_100890,88,07:13:44,07:13:59,0
udcnz_0kW2tOMy6xB2_Ng-07:00:00,SYN_100891,89,07:13:02,07:13:17,0
udcnz_0kW2tOMy6xB2_Ng-07:00:00,SYN_100892,90,07:12:19,07:12:34,0
udcnz_0kW2tOMy6xB2_Ng-07:00:00,SYN_100893,91,07:11:37,07:11:52,0
udcnz_0kW2tOMy6xB2_Ng-07:00:00,SYN_100894,92,07:10:55,07:11:10,0
udcnz_0kW2tOMy6xB2_Ng-07:00:00,SYN_100895,93,07:10:13,07:10:28,0
udcnz_0kW2tOMy6xB2_Ng-07:00:00,SYN_100896,94,07:09:31,07:09:46,0
udcnz_0kW2tOMy6xB2_Ng-07:00:00,SYN_100897,95,07:08:49,07:09:04,0
udcnz_0kW2tOMy6xB2_Ng-07:00:00,SYN_100898,96,07:08:07,07:08:22,0
udcnz_0kW2tOMy6xB2_Ng-07:00:00,SYN_100899,97,07:07:25,07:07:40,0
udcnz_0kW2tOMy6xB2_Ng-07:00:00,SYN_100900,98,07:06:42,07:06:57,0
udcnz_0kW2tOMy6xB2_Ng-07:00:00,SYN_100901,99,07:06:00,07:06:15,0
udcnz_0kW2tOMy6xB2_Ng-07:00:00,SYN_100902,100,07:05:18,07:05:33,0
udcnz_0kW2tOMy6xB2_Ng-07:00:00,SYN_100903,101,07:04:36,07:04:51,0
udcnz_0kW2tOMy6xB2_Ng-07:00:00,SYN_100904,102,07:03:54,07:04:09,0
udcnz_0kW2tOMy6xB2_Ng-07:00:00,SYN_100905,103,07:03:12,07:03:27,0
udcnz_0kW2tOMy6xB2_Ng-07:00:00,SYN_100906,104,07:02:30,07:02:45,0
udcnz_0kW2tOMy6xB2_Ng-07:00:00,SYN_100907,105,07:01:48,07:02:03,0
udcnz_0kW2tOMy6xB2_Ng-07:00:00,SYN_100908,106,07:01:06,07:01:21,0
udcnz_0kW2tOMy6xB2_Ng-07:00:00,SYN_100909,107,07:00:23,07:00:38,0
9ByH2YQ54cshi1Sj8kgPQ-07:00:00,SYN_100915,0,07:00:02,07:00:17,0
9ByH2YQ54cshi1Sj8kgPQ-07:00:00,SYN_100916,1,07:00:19,07:00:34,0
9ByH2YQ54cshi1Sj8kgPQ-07:00:00,SYN_100917,2,07:00:36,07:00:51,0
9ByH2YQ54cshi1Sj8kgPQ-07:00:00,SYN_100918,3,07:00:53,07:01:08,0
9ByH2YQ54cshi1Sj8kgPQ-07:00:00,SYN_100919,4,07:01:10,07:01:25,0
9ByH2YQ54cshi1Sj8kgPQ-07:00:00,SYN_100920,5,07:01:27,07:01:42,0
9ByH2YQ54cshi1Sj8kgPQ-07:00:00,SYN_100921,6,07:01:44,07:01:59,0
9ByH2YQ54cshi1Sj8kgPQ-07:00:00,SYN_100922,7,07:02:01,07:02:16,0
9ByH2YQ54cshi1Sj8kgPQ-07:00:00,SYN_100923,8,07:02:18,07:02:33,0
9ByH2YQ54cshi1Sj8kgPQ-07:00:00,SYN_100924,9,07:02:44,07:02:59,0
9ByH2YQ54cshi1Sj8kgPQ-07:00:00,SYN_100925,10,07:03:09,07:03:24,0
9ByH2YQ54cshi1Sj8kgPQ-07:00:00,SYN_100926,11,07:03:35,07:03:50,0
9ByH2YQ54cshi1Sj8kgPQ-07:00:00,SYN_100927,12,07:04:03,07:04:18,0
9ByH2YQ54cshi1Sj8kgPQ-07:00:00,SYN_100928,13,07:04:32,07:04:47,0
9ByH2YQ54cshi1Sj8kgPQ-07:00:00,SYN_100929,14,07:05:01,07:05:16,0
9ByH2YQ54cshi1Sj8kgPQ-07:00:00,SYN_100930,15,07:05:28,07:05:43,0
9ByH2YQ54cshi1Sj8kgPQ-07:00:00,SYN_100931,16,07:05:52,07:06:07,0
9ByH2YQ54cshi1Sj8kgPQ-07:00:00,SYN_100932,17,07:06:17,07:06:32,0
9ByH2YQ54cshi1Sj8kgPQ-07:00:00,SYN_100933,18,07:06:47,07:07:02,0
9ByH2YQ54cshi1Sj8kgPQ-07:00:00,SYN_100934,19,07:07:19,07:07:34,0
9ByH2YQ54cshi1Sj8kgPQ-07:00:00,SYN_100935,20,07:07:47,07:08:02,0
9ByH2YQ54cshi1Sj8kgPQ-07:00:00,SYN_100936,21,07:08:10,07:08:25,0
9ByH2YQ54cshi1Sj8kgPQ-07:00:00,SYN_100937,22,07:08:33,07:08:48,0
9ByH2YQ54cshi1Sj8kgPQ-07:00:00,SYN_100938,23,07:08:56,07:09:11,0
9ByH2YQ54cshi1Sj8kgPQ-07:00:00,SYN_100939,24,07:09:19,07:09:34,0
9ByH2YQ54cshi1Sj8kgPQ-07:00:00,SYN_100940,25,07:09:42,07:09:57,0
9ByH2YQ54cshi1Sj8kgPQ-07:00:00,SYN_100941,26,07:10:15,07:10:30,0
9ByH2YQ54cshi1Sj8kgPQ-07:00:00,SYN_100942,27,07:10:42,07:10:57,0
9ByH2YQ54cshi1Sj8kgPQ-07:00:00,SYN_100943,28,07:10:58,07:11:13,0
9ByH2YQ54cshi1Sj8kgPQ-07:00:00,SYN_100944,29,07:11:14,07:11:29,0
9ByH2YQ54cshi1Sj8kgPQ-07:00:00,SYN_100945,30,07:11:30,07:11:45,0
9ByH2YQ54cshi1Sj8kgPQ-07:00:00,SYN_100946,31,07:11:47,07:12:02,0
9ByH2YQ54cshi1Sj8kgPQ-07:00:00,SYN_100947,32,07:12:05,07:12:20,0
9ByH2YQ54cshi1Sj8kgPQ-07:00:00,SYN_100948,33,07:12:22,07:12:37,0
9ByH2YQ54cshi1Sj8kgPQ-07:00:00,SYN_100949,34,07:12:40,07:12:55,0
9ByH2YQ54cshi1Sj8kgPQ-07:00:00,SYN_100950,35,07:12:57,07:13:12,0
9ByH2YQ54cshi1Sj8kgPQ-07:00:00,SYN_100951,36,07:13:19,07:13:34,0
9ByH2YQ54cshi1Sj8kgPQ-07:00:00,SYN_100952,37,07:13:40,07:13:55,0
9ByH2YQ54cshi1Sj8kgPQ-07:00:00,SYN_100953,38,07:14:02,07:14:17,0
9ByH2YQ54cshi1Sj8kgPQ-07:00:00,SYN_100954,39,07:14:30,07:14:45,0
9ByH2YQ54cshi1Sj8kgPQ-07:00:00,SYN_100955,40,07:15:05,07:15:20,0
9ByH2YQ54cshi1Sj8kgPQ-07:00:00,SYN_100956,41,07:15:35,07:15:50,0
9ByH2YQ54cshi1Sj8kgPQ-07:00:00,SYN_100957,42,07:16:06,07:16:21,0
9ByH2YQ54cshi1Sj8kgPQ-07:00:00,SYN_100958,43,07:16:36,07:16:51,0
9ByH2YQ54cshi1Sj8kgPQ-07:00:00,SYN_100959,44,07:17:13,07:17:28,0
9ByH2YQ54cshi1Sj8kgPQ-07:00:00,SYN_100960,45,07:17:58,07:18:13,0
9ByH2YQ54cshi1Sj8kgPQ-07:00:00,SYN_100961,46,07:18:25,07:18:40,0
9ByH2YQ54cshi1Sj8kgPQ-07:00:00,SYN_100962,47,07:18:51,07:19:06,0
9ByH2YQ54cshi1Sj8kgPQ-07:00:00,SYN_100963,48,07:19:42,07:19:57,0
9ByH2YQ54cshi1Sj8kgPQ-07:00:00,SYN_100964,49,07:20:36,07:20:51,0
EglZxh1NkJA5Jax303ARy-07:00:00,SYN_100966,0,07:00:04,07:00:19,0
EglZxh1NkJA5Jax303ARy-07:00:00,SYN_100967,1,07:01:01,07:01:16,0
EglZxh1NkJA5Jax303ARy-07:00:00,SYN_100968,2,07:01:58,07:02:13,0
EglZxh1NkJA5Jax303ARy-07:00:00,SYN_100969,3,07:02:55,07:03:10,0
EglZxh1NkJA5Jax303ARy-07:00:00,SYN_100970,4,07:03:52,07:04:07,0
EglZxh1NkJA5Jax303ARy-07:00:00,SYN_100971,5,07:05:16,07:05:31,0
EglZxh1NkJA5Jax303ARy-07:00:00,SYN_100972,6,07:06:43,07:06:58,0
EglZxh1NkJA5Jax303ARy-07:00:00,SYN_100973,7,07:07:52,07:08:07,0
EglZxh1NkJA5Jax303ARy-07:00:00,SYN_100974,8,07:08:37,07:08:52,0
EglZxh1NkJA5Jax303ARy-07:00:00,SYN_100975,9,07:09:22,07:09:37,0
EglZxh1NkJA5Jax303ARy-07:00:00,SYN_100976,10,07:10:06,07:10:21,0
EglZxh1NkJA5Jax303ARy-07:00:00,SYN_100977,11,07:10:51,07:11:06,0
EglZxh1NkJA5Jax303ARy-07:00:00,SYN_100978,12,07:11:36,07:11:51,0
EglZxh1NkJA5Jax303ARy-07:00:00,SYN_100979,13,07:12:21,07:12:36,0
EglZxh1NkJA5Jax303ARy-07:00:00,SYN_100980,14,07:13:06,07:13:21,0
EglZxh1NkJA5Jax303ARy-07:00:00,SYN_100981,15,07:13:50,07:14:05,0
EglZxh1NkJA5Jax303ARy-07:00:00,SYN_100982,16,07:14:34,07:14:49,0
EglZxh1NkJA5Jax303ARy-07:00:00,SYN_100983,17,07:15:18,07:15:33,0
EglZxh1NkJA5Jax303ARy-07:00:00,SYN_100984,18,07:16:03,07:16:18,0
EglZxh1NkJA5Jax303ARy-07:00:00,SYN_100985,19,07:16:47,07:17:02,0
EglZxh1NkJA5Jax303ARy-07:00:00,SYN_100986,20,07:17:33,07:17:48,0
EglZxh1NkJA5Jax303ARy-07:00:00,SYN_100987,21,07:18:31,07:18:46,0
EglZxh1NkJA5Jax303ARy-07:00:00,SYN_100988,22,07:19:28,07:19:43,0
EglZxh1NkJA5Jax303ARy-07:00:00,SYN_100989,23,07:20:19,07:20:34,0
EglZxh1NkJA5Jax303ARy-07:00:00,SYN_100990,24,07:21:11,07:21:26,0
EglZxh1NkJA5Jax303ARy-07:00:00,SYN_100991,25,07:22:13,07:22:28,0
EglZxh1NkJA5Jax303ARy-07:00:00,SYN_100992,26,07:23:15,07:23:30,0
gqntW1mb4ahLW_IHlR39R-07:00:00,SYN_100966,0,07:22:28,07:22:43,0
gqntW1mb4ahLW_IHlR39R-07:00:00,SYN_100967,1,07:21:36,07:21:51,0
gqntW1mb4ahLW_IHlR39R-07:00:00,SYN_100968,2,07:20:45,07:21:00,0
gqntW1mb4ahLW_IHlR39R-07:00:00,SYN_100969,3,07:19:53,07:20:08,0
gqntW1mb4ahLW_IHlR39R-07:00:00,SYN_100970,4,07:19:01,07:19:16,0
gqntW1mb4ahLW_IHlR39R-07:00:00,SYN_100971,5,07:18:09,07:18:24,0
gqntW1mb4ahLW_IHlR39R-07:00:00,SYN_100972,6,07:17:17,07:17:32,0
gqntW1mb4ahLW_IHlR39R-07:00:00,SYN_100973,7,07:16:26,07:16:41,0
gqntW1mb4ahLW_IHlR39R-07:00:00,SYN_100974,8,07:15:34,07:15:49,0
gqntW1mb4ahLW_IHlR39R-07:00:00,SYN_100975,9,07:14:42,07:14:57,0
gqntW1mb4ahLW_IHlR39R-07:00:00,SYN_100976,10,07:13:50,07:14:05,0
gqntW1mb4ahLW_IHlR39R-07:00:00,SYN_100977,11,07:12:59,07:13:14,0
gqntW1mb4ahLW_IHlR39R-07:00:00,SYN_100978,12,07:12:07,07:12:22,0
gqntW1mb4ahLW_IHlR39R-07:00:00,SYN_100979,13,07:11:15,07:11:30,0
gqntW1mb4ahLW_IHlR39R-07:00:00,SYN_100980,14,07:10:23,07:10:38,0
gqntW1mb4ahLW_IHlR39R-07:00:00,SYN_100981,15,07:09:31,07:09:46,0
gqntW1mb4ahLW_IHlR39R-07:00:00,SYN_100982,16,07:08:40,07:08:55,0
gqntW1mb4ahLW_IHlR39R-07:00:00,SYN_100983,17,07:07:48,07:08:03,0
gqntW1mb4ahLW_IHlR39R-07:00:00,SYN_100984,18,07:06:56,07:07:11,0
gqntW1mb4ahLW_IHlR39R-07:00:00,SYN_100985,19,07:06:04,07:06:19,0
gqntW1mb4ahLW_IHlR39R-07:00:00,SYN_100986,20,07:05:13,07:05:28,0
gqntW1mb4ahLW_IHlR39R-07:00:00,SYN_100987,21,07:04:21,07:04:36,0
gqntW1mb4ahLW_IHlR39R-07:00:00,SYN_100988,22,07:03:29,07:03:44,0
gqntW1mb4ahLW_IHlR39R-07:00:00,SYN_100989,23,07:02:37,07:02:52,0
gqntW1mb4ahLW_IHlR39R-07:00:00,SYN_100990,24,07:01:45,07:02:00,0
gqntW1mb4ahLW_IHlR39R-07:00:00,SYN_100991,25,07:00:54,07:01:09,0
gqntW1mb4ahLW_IHlR39R-07:00:00,SYN_100992,26,07:00:02,07:00:17,0
fZK7Eo97quKfWNkbl9oTR-07:00:00,SYN_100993,0,07:00:41,07:00:56,0
fZK7Eo97quKfWNkbl9oTR-07:00:00,SYN_100994,1,07:01:53,07:02:08,0
fZK7Eo97quKfWNkbl9oTR-07:00:00,SYN_100995,2,07:03:04,07:03:19,0
fZK7Eo97quKfWNkbl9oTR-07:00:00,SYN_100996,3,07:04:16,07:04:31,0
fZK7Eo97quKfWNkbl9oTR-07:00:00,SYN_100997,4,07:05:31,07:05:46,0
fZK7Eo97quKfWNkbl9oTR-07:00:00,SYN_100998,5,07:06:45,07:07:00,0
fZK7Eo97quKfWNkbl9oTR-07:00:00,SYN_100999,6,07:08:01,07:08:16,0
fZK7Eo97quKfWNkbl9oTR-07:00:00,SYN_101000,7,07:09:28,07:09:43,0
fZK7Eo97quKfWNkbl9oTR-07:00:00,SYN_101001,8,07:10:56,07:11:11,0
fZK7Eo97quKfWNkbl9oTR-07:00:00,SYN_101002,9,07:11:53,07:12:08,0
fZK7Eo97quKfWNkbl9oTR-07:00:00,SYN_101003,10,07:12:38,07:12:53,0
fZK7Eo97quKfWNkbl9oTR-07:00:00,SYN_101004,11,07:13:23,07:13:38,0
fZK7Eo97quKfWNkbl9oTR-07:00:00,SYN_101005,12,07:14:08,07:14:23,0
fZK7Eo97quKfWNkbl9oTR-07:00:00,SYN_101006,13,07:14:53,07:15:08,0
fZK7Eo97quKfWNkbl9oTR-07:00:00,SYN_101007,14,07:15:38,07:15:53,0
fZK7Eo97quKfWNkbl9oTR-07:00:00,SYN_101008,15,07:16:23,07:16:38,0
fZK7Eo97quKfWNkbl9oTR-07:00:00,SYN_101009,16,07:17:08,07:17:23,0
fZK7Eo97quKfWNkbl9oTR-07:00:00,SYN_101010,17,07:17:53,07:18:08,0
fZK7Eo97quKfWNkbl9oTR-07:00:00,SYN_101011,18,07:18:38,07:18:53,0
fZK7Eo97quKfWNkbl9oTR-07:00:00,SYN_101012,19,07:19:24,07:19:39,0
fZK7Eo97quKfWNkbl9oTR-07:00:00,SYN_101013,20,07:20:09,07:20:24,0
fZK7Eo97quKfWNkbl9oTR-07:00:00,SYN_101014,21,07:20:54,07:21:09,0
fZK7Eo97quKfWNkbl9oTR-07:00:00,SYN_101015,22,07:21:46,07:22:01,0
fZK7Eo97quKfWNkbl9oTR-07:00:00,SYN_101016,23,07:22:45,07:23:00,0
fZK7Eo97quKfWNkbl9oTR-07:00:00,SYN_101017,24,07:23:38,07:23:53,0
fZK7Eo97quKfWNkbl9oTR-07:00:00,SYN_101018,25,07:24:30,07:24:45,0
gp93eQ2WYNnUOJrA17bFP-07:00:00,SYN_100993,0,07:22:23,07:22:38,0
gp93eQ2WYNnUOJrA17bFP-07:00:00,SYN_100994,1,07:21:30,07:21:45,0
gp93eQ2WYNnUOJrA17bFP-07:00:00,SYN_100995,2,07:20:38,07:20:53,0
gp93eQ2WYNnUOJrA17bFP-07:00:00,SYN_100996,3,07:19:45,07:20:00,0
gp93eQ2WYNnUOJrA17bFP-07:00:00,SYN_100997,4,07:18:53,07:19:08,0
gp93eQ2WYNnUOJrA17bFP-07:00:00,SYN_100998,5,07:18:00,07:18:15,0
gp93eQ2WYNnUOJrA17bFP-07:00:00,SYN_100999,6,07:17:08,07:17:23,0
gp93eQ2WYNnUOJrA17bFP-07:00:00,SYN_101000,7,07:16:15,07:16:30,0
gp93eQ2WYNnUOJrA17bFP-07:00:00,SYN_101001,8,07:15:23,07:15:38,0
gp93eQ2WYNnUOJrA17bFP-07:00:00,SYN_101002,9,07:14:30,07:14:45,0
gp93eQ2WYNnUOJrA17bFP-07:00:00,SYN_101003,10,07:13:38,07:13:53,0
gp93eQ2WYNnUOJrA17bFP-07:00:00,SYN_101004,11,07:12:45,07:13:00,0
gp93eQ2WYNnUOJrA17bFP-07:00:00,SYN_101005,12,07:11:53,07:12:08,0
gp93eQ2WYNnUOJrA17bFP-07:00:00,SYN_101006,13,07:11:01,07:11:16,0
gp93eQ2WYNnUOJrA17bFP-07:00:00,SYN_101007,14,07:10:08,07:10:23,0
gp93eQ2WYNnUOJrA17bFP-07:00:00,SYN_101008,15,07:09:16,07:09:31,0
gp93eQ2WYNnUOJrA17bFP-07:00:00,SYN_101009,16,07:08:23,07:08:38,0
gp93eQ2WYNnUOJrA17bFP-07:00:00,SYN_101010,17,07:07:31,07:07:46,0
gp93eQ2WYNnUOJrA17bFP-07:00:00,SYN_101011,18,07:06:38,07:06:53,0
gp93eQ2WYNnUOJrA17bFP-07:00:00,SYN_101012,19,07:05:46,07:06:01,0
gp93eQ2WYNnUOJrA17bFP-07:00:00,SYN_101013,20,07:04:53,07:05:08,0
gp93eQ2WYNnUOJrA17bFP-07:00:00,SYN_101014,21,07:04:01,07:04:16,0
gp93eQ2WYNnUOJrA17bFP-07:00:00,SYN_101015,22,07:03:08,07:03:23,0
gp93eQ2WYNnUOJrA17bFP-07:00:00,SYN_101016,23,07:02:16,07:02:31,0
gp93eQ2WYNnUOJrA17bFP-07:00:00,SYN_101017,24,07:01:23,07:01:38,0
gp93eQ2WYNnUOJrA17bFP-07:00:00,SYN_101018,25,07:00:31,07:00:46,0
3SynmEGmJSDoBYRTRgEkj-07:00:00,SYN_101021,0,07:00:28,07:00:43,0
3SynmEGmJSDoBYRTRgEkj-07:00:00,SYN_101022,1,07:00:57,07:01:12,0
3SynmEGmJSDoBYRTRgEkj-07:00:00,SYN_101023,2,07:01:26,07:01:41,0
3SynmEGmJSDoBYRTRgEkj-07:00:00,SYN_101024,3,07:01:55,07:02:10,0
3SynmEGmJSDoBYRTRgEkj-07:00:00,SYN_101025,4,07:02:23,07:02:38,0
3SynmEGmJSDoBYRTRgEkj-07:00:00,SYN_101026,5,07:02:57,07:03:12,0
3SynmEGmJSDoBYRTRgEkj-07:00:00,SYN_101027,6,07:03:35,07:03:50,0
3SynmEGmJSDoBYRTRgEkj-07:00:00,SYN_101028,7,07:04:13,07:04:28,0
3SynmEGmJSDoBYRTRgEkj-07:00:00,SYN_101029,8,07:04:51,07:05:06,0
3SynmEGmJSDoBYRTRgEkj-07:00:00,SYN_101030,9,07:05:28,07:05:43,0
3SynmEGmJSDoBYRTRgEkj-07:00:00,SYN_101031,10,07:06:06,07:06:21,0
3SynmEGmJSDoBYRTRgEkj-07:00:00,SYN_101032,11,07:06:44,07:06:59,0
3SynmEGmJSDoBYRTRgEkj-07:00:00,SYN_101033,12,07:07:22,07:07:37,0
3SynmEGmJSDoBYRTRgEkj-07:00:00,SYN_101034,13,07:08:00,07:08:15,0
3SynmEGmJSDoBYRTRgEkj-07:00:00,SYN_101035,14,07:08:38,07:08:53,0
3SynmEGmJSDoBYRTRgEkj-07:00:00,SYN_101036,15,07:09:16,07:09:31,0
3SynmEGmJSDoBYRTRgEkj-07:00:00,SYN_101037,16,07:09:54,07:10:09,0
3SynmEGmJSDoBYRTRgEkj-07:00:00,SYN_101038,17,07:11:48,07:12:03,0
3SynmEGmJSDoBYRTRgEkj-07:00:00,SYN_101039,18,07:13:20,07:13:35,0
3SynmEGmJSDoBYRTRgEkj-07:00:00,SYN_101040,19,07:14:31,07:14:46,0
3SynmEGmJSDoBYRTRgEkj-07:00:00,SYN_101041,20,07:15:42,07:15:57,0
3SynmEGmJSDoBYRTRgEkj-07:00:00,SYN_101042,21,07:16:55,07:17:10,0
3SynmEGmJSDoBYRTRgEkj-07:00:00,SYN_101043,22,07:18:09,07:18:24,0
3SynmEGmJSDoBYRTRgEkj-07:00:00,SYN_101044,23,07:19:23,07:19:38,0
3SynmEGmJSDoBYRTRgEkj-07:00:00,SYN_101045,24,07:20:39,07:20:54,0
3SynmEGmJSDoBYRTRgEkj-07:00:00,SYN_101046,25,07:22:07,07:22:22,0
3SynmEGmJSDoBYRTRgEkj-07:00:00,SYN_101047,26,07:23:34,07:23:49,0
3SynmEGmJSDoBYRTRgEkj-07:00:00,SYN_101048,27,07:24:33,07:24:48,0
3SynmEGmJSDoBYRTRgEkj-07:00:00,SYN_101049,28,07:25:18,07:25:33,0
3SynmEGmJSDoBYRTRgEkj-07:00:00,SYN_101050,29,07:26:03,07:26:18,0
3SynmEGmJSDoBYRTRgEkj-07:00:00,SYN_101051,30,07:26:48,07:27:03,0
3SynmEGmJSDoBYRTRgEkj-07:00:00,SYN_101052,31,07:27:33,07:27:48,0
3SynmEGmJSDoBYRTRgEkj-07:00:00,SYN_101053,32,07:28:18,07:28:33,0
3SynmEGmJSDoBYRTRgEkj-07:00:00,SYN_101054,33,07:29:03,07:29:18,0
3SynmEGmJSDoBYRTRgEkj-07:00:00,SYN_101055,34,07:29:47,07:30:02,0
3SynmEGmJSDoBYRTRgEkj-07:00:00,SYN_101056,35,07:30:31,07:30:46,0
3SynmEGmJSDoBYRTRgEkj-07:00:00,SYN_101057,36,07:31:16,07:31:31,0
3SynmEGmJSDoBYRTRgEkj-07:00:00,SYN_101058,37,07:32:00,07:32:15,0
3SynmEGmJSDoBYRTRgEkj-07:00:00,SYN_101059,38,07:32:44,07:32:59,0
3SynmEGmJSDoBYRTRgEkj-07:00:00,SYN_101060,39,07:33:28,07:33:43,0
3SynmEGmJSDoBYRTRgEkj-07:00:00,SYN_101061,40,07:34:18,07:34:33,0
3SynmEGmJSDoBYRTRgEkj-07:00:00,SYN_101062,41,07:35:16,07:35:31,0
3SynmEGmJSDoBYRTRgEkj-07:00:00,SYN_101063,42,07:36:11,07:36:26,0
3SynmEGmJSDoBYRTRgEkj-07:00:00,SYN_101064,43,07:37:02,07:37:17,0
3SynmEGmJSDoBYRTRgEkj-07:00:00,SYN_101065,44,07:37:54,07:38:09,0
3SynmEGmJSDoBYRTRgEkj-07:00:00,SYN_101066,45,07:38:44,07:38:59,0
3SynmEGmJSDoBYRTRgEkj-07:00:00,SYN_101067,46,07:39:35,07:39:50,0
_npHlyCCY7o0R20RyqvT8-07:00:00,SYN_101021,0,07:36:29,07:36:44,0
_npHlyCCY7o0R20RyqvT8-07:00:00,SYN_101022,1,07:35:41,07:35:56,0
_npHlyCCY7o0R20RyqvT8-07:00:00,SYN_101023,2,07:34:54,07:35:09,0
_npHlyCCY7o0R20RyqvT8-07:00:00,SYN_101024,3,07:34:07,07:34:22,0
_npHlyCCY7o0R20RyqvT8-07:00:00,SYN_101025,4,07:33:19,07:33:34,0
_npHlyCCY7o0R20RyqvT8-07:00:00,SYN_101026,5,07:32:32,07:32:47,0
_npHlyCCY7o0R20RyqvT8-07:00:00,SYN_101027,6,07:31:45,07:32:00,0
_npHlyCCY7o0R20RyqvT8-07:00:00,SYN_101028,7,07:30:58,07:31:13,0
_npHlyCCY7o0R20RyqvT8-07:00:00,SYN_101029,8,07:30:10,07:30:25,0
_npHlyCCY7o0R20RyqvT8-07:00:00,SYN_101030,9,07:29:23,07:29:38,0
_npHlyCCY7o0R20RyqvT8-07:00:00,SYN_101031,10,07:28:36,07:28:51,0
_npHlyCCY7o0R20RyqvT8-07:00:00,SYN_101032,11,07:27:48,07:28:03,0
_npHlyCCY7o0R20RyqvT8-07:00:00,SYN_101033,12,07:27:01,07:27:16,0
_npHlyCCY7o0R20RyqvT8-07:00:00,SYN_101034,13,07:26:14,07:26:29,0
_npHlyCCY7o0R20RyqvT8-07:00:00,SYN_101035,14,07:25:26,07:25:41,0
_npHlyCCY7o0R20RyqvT8-07:00:00,SYN_101036,15,07:24:39,07:24:54,0
_npHlyCCY7o0R20RyqvT8-07:00:00,SYN_101037,16,07:23:52,07:24:07,0
_npHlyCCY7o0R20RyqvT8-07:00:00,SYN_101038,17,07:23:05,07:23:20,0
_npHlyCCY7o0R20RyqvT8-07:00:00,SYN_101039,18,07:22:17,07:22:32,0
_npHlyCCY7o0R20RyqvT8-07:00:00,SYN_101040,19,07:21:30,07:21:45,0
_npHlyCCY7o0R20RyqvT8-07:00:00,SYN_101041,20,07:20:43,07:20:58,0
_npHlyCCY7o0R20RyqvT8-07:00:00,SYN_101042,21,07:19:55,07:20:10,0
_npHlyCCY7o0R20RyqvT8-07:00:00,SYN_101043,22,07:19:08,07:19:23,0
_npHlyCCY7o0R20RyqvT8-07:00:00,SYN_101044,23,07:18:21,07:18:36,0
_npHlyCCY7o0R20RyqvT8-07:00:00,SYN_101045,24,07:17:34,07:17:49,0
_npHlyCCY7o0R20RyqvT8-07:00:00,SYN_101046,25,07:16:46,07:17:01,0
_npHlyCCY7o0R20RyqvT8-07:00:00,SYN_101047,26,07:15:59,07:16:14,0
_npHlyCCY7o0R20RyqvT8-07:00:00,SYN_101048,27,07:15:12,07:15:27,0
_npHlyCCY7o0R20RyqvT8-07:00:00,SYN_101049,28,07:14:24,07:14:39,0
_npHlyCCY7o0R20RyqvT8-07:00:00,SYN_101050,29,07:13:37,07:13:52,0
_npHlyCCY7o0R20RyqvT8-07:00:00,SYN_101051,30,07:12:50,07:13:05,0
_npHlyCCY7o0R20RyqvT8-07:00:00,SYN_101052,31,07:12:03,07:12:18,0
_npHlyCCY7o0R20RyqvT8-07:00:00,SYN_101053,32,07:11:15,07:11:30,0
_npHlyCCY7o0R20RyqvT8-07:00:00,SYN_101054,33,07:10:28,07:10:43,0
_npHlyCCY7o0R20RyqvT8-07:00:00,SYN_101055,34,07:09:41,07:09:56,0
_npHlyCCY7o0R20RyqvT8-07:00:00,SYN_101056,35,07:08:53,07:09:08,0
_npHlyCCY7o0R20RyqvT8-07:00:00,SYN_101057,36,07:08:06,07:08:21,0
_npHlyCCY7o0R20RyqvT8-07:00:00,SYN_101058,37,07:07:19,07:07:34,0
_npHlyCCY7o0R20RyqvT8-07:00:00,SYN_101059,38,07:06:32,07:06:47,0
_npHlyCCY7o0R20RyqvT8-07:00:00,SYN_101060,39,07:05:44,07:05:59,0
_npHlyCCY7o0R20RyqvT8-07:00:00,SYN_101061,40,07:04:57,07:05:12,0
_npHlyCCY7o0R20RyqvT8-07:00:00,SYN_101062,41,07:04:10,07:04:25,0
_npHlyCCY7o0R20RyqvT8-07:00:00,SYN_101063,42,07:03:22,07:03:37,0
_npHlyCCY7o0R20RyqvT8-07:00:00,SYN_101064,43,07:02:35,07:02:50,0
_npHlyCCY7o0R20RyqvT8-07:00:00,SYN_101065,44,07:01:48,07:02:03,0
_npHlyCCY7o0R20RyqvT8-07:00:00,SYN_101066,45,07:01:00,07:01:15,0
_npHlyCCY7o0R20RyqvT8-07:00:00,SYN_101067,46,07:00:13,07:00:28,0
M-k1V2EbMTbdd6jCLeoZw-07:00:00,SYN_101068,0,07:00:14,07:00:29,0
M-k1V2EbMTbdd6jCLeoZw-07:00:00,SYN_101069,1,07:00:35,07:00:50,0
M-k1V2EbMTbdd6jCLeoZw-07:00:00,SYN_101070,2,07:00:56,07:01:11,0
M-k1V2EbMTbdd6jCLeoZw-07:00:00,SYN_101071,3,07:01:18,07:01:33,0
M-k1V2EbMTbdd6jCLeoZw-07:00:00,SYN_101072,4,07:01:39,07:01:54,0
M-k1V2EbMTbdd6jCLeoZw-07:00:00,SYN_101073,5,07:02:01,07:02:16,0
M-k1V2EbMTbdd6jCLeoZw-07:00:00,SYN_101074,6,07:02:22,07:02:37,0
M-k1V2EbMTbdd6jCLeoZw-07:00:00,SYN_101075,7,07:02:44,07:02:59,0
M-k1V2EbMTbdd6jCLeoZw-07:00:00,SYN_101076,8,07:03:05,07:03:20,0
M-k1V2EbMTbdd6jCLeoZw-07:00:00,SYN_101077,9,07:03:26,07:03:41,0
M-k1V2EbMTbdd6jCLeoZw-07:00:00,SYN_101078,10,07:03:49,07:04:04,0
M-k1V2EbMTbdd6jCLeoZw-07:00:00,SYN_101079,11,07:04:18,07:04:33,0
M-k1V2EbMTbdd6jCLeoZw-07:00:00,SYN_101080,12,07:04:47,07:05:02,0
M-k1V2EbMTbdd6jCLeoZw-07:00:00,SYN_101081,13,07:05:16,07:05:31,0
M-k1V2EbMTbdd6jCLeoZw-07:00:00,SYN_101082,14,07:05:40,07:05:55,0
M-k1V2EbMTbdd6jCLeoZw-07:00:00,SYN_101083,15,07:06:05,07:06:20,0
M-k1V2EbMTbdd6jCLeoZw-07:00:00,SYN_101084,16,07:06:32,07:06:47,0
M-k1V2EbMTbdd6jCLeoZw-07:00:00,SYN_101085,17,07:07:04,07:07:19,0
M-k1V2EbMTbdd6jCLeoZw-07:00:00,SYN_101086,18,07:07:36,07:07:51,0
M-k1V2EbMTbdd6jCLeoZw-07:00:00,SYN_101087,19,07:07:59,07:08:14,0
M-k1V2EbMTbdd6jCLeoZw-07:00:00,SYN_101088,20,07:08:22,07:08:37,0
M-k1V2EbMTbdd6jCLeoZw-07:00:00,SYN_101089,21,07:08:45,07:09:00,0
M-k1V2EbMTbdd6jCLeoZw-07:00:00,SYN_101090,22,07:09:08,07:09:23,0
M-k1V2EbMTbdd6jCLeoZw-07:00:00,SYN_101091,23,07:09:31,07:09:46,0
M-k1V2EbMTbdd6jCLeoZw-07:00:00,SYN_101092,24,07:10:00,07:10:15,0
M-k1V2EbMTbdd6jCLeoZw-07:00:00,SYN_101093,25,07:10:32,07:10:47,0
M-k1V2EbMTbdd6jCLeoZw-07:00:00,SYN_101094,26,07:10:50,07:11:05,0
M-k1V2EbMTbdd6jCLeoZw-07:00:00,SYN_101095,27,07:11:06,07:11:21,0
M-k1V2EbMTbdd6jCLeoZw-07:00:00,SYN_101096,28,07:11:22,07:11:37,0
M-k1V2EbMTbdd6jCLeoZw-07:00:00,SYN_101097,29,07:11:38,07:11:53,0
M-k1V2EbMTbdd6jCLeoZw-07:00:00,SYN_101098,30,07:11:56,07:12:11,0
M-k1V2EbMTbdd6jCLeoZw-07:00:00,SYN_101099,31,07:12:14,07:12:29,0
M-k1V2EbMTbdd6jCLeoZw-07:00:00,SYN_101100,32,07:12:31,07:12:46,0
M-k1V2EbMTbdd6jCLeoZw-07:00:00,SYN_101101,33,07:12:49,07:13:04,0
M-k1V2EbMTbdd6jCLeoZw-07:00:00,SYN_101102,34,07:13:08,07:13:23,0
M-k1V2EbMTbdd6jCLeoZw-07:00:00,SYN_101103,35,07:13:30,07:13:45,0
M-k1V2EbMTbdd6jCLeoZw-07:00:00,SYN_101104,36,07:13:51,07:14:06,0
M-k1V2EbMTbdd6jCLeoZw-07:00:00,SYN_101105,37,07:14:13,07:14:28,0
M-k1V2EbMTbdd6jCLeoZw-07:00:00,SYN_101106,38,07:14:49,07:15:04,0
M-k1V2EbMTbdd6jCLeoZw-07:00:00,SYN_101107,39,07:15:21,07:15:36,0
M-k1V2EbMTbdd6jCLeoZw-07:00:00,SYN_101108,40,07:15:51,07:16:06,0
M-k1V2EbMTbdd6jCLeoZw-07:00:00,SYN_101109,41,07:16:22,07:16:37,0
M-k1V2EbMTbdd6jCLeoZw-07:00:00,SYN_101110,42,07:16:52,07:17:07,0
M-k1V2EbMTbdd6jCLeoZw-07:00:00,SYN_101111,43,07:17:35,07:17:50,0
M-k1V2EbMTbdd6jCLeoZw-07:00:00,SYN_101112,44,07:18:07,07:18:22,0
M-k1V2EbMTbdd6jCLeoZw-07:00:00,SYN_101113,45,07:18:37,07:18:52,0
M-k1V2EbMTbdd6jCLeoZw-07:00:00,SYN_101114,46,07:19:35,07:19:50,0
M-k1V2EbMTbdd6jCLeoZw-07:00:00,SYN_101115,47,07:21:14,07:21:29,0
M-k1V2EbMTbdd6jCLeoZw-07:00:00,SYN_101116,48,07:22:53,07:23:08,0
M-k1V2EbMTbdd6jCLeoZw-07:00:00,SYN_101117,49,07:24:03,07:24:18,0
M-k1V2EbMTbdd6jCLeoZw-07:00:00,SYN_101118,50,07:25:09,07:25:24,0
wE7GlW3Fb_HPAB66Hhxh1-07:00:00,SYN_101068,0,07:37:15,07:37:30,0
wE7GlW3Fb_HPAB66Hhxh1-07:00:00,SYN_101069,1,07:36:31,07:36:46,0
wE7GlW3Fb_HPAB66Hhxh1-07:00:00,SYN_101070,2,07:35:46,07:36:01,0
wE7GlW3Fb_HPAB66Hhxh1-07:00:00,SYN_101071,3,07:35:02,07:35:17,0
wE7GlW3Fb_HPAB66Hhxh1-07:00:00,SYN_101072,4,07:34:18,07:34:33,0
wE7GlW3Fb_HPAB66Hhxh1-07:00:00,SYN_101073,5,07:33:34,07:33:49,0
wE7GlW3Fb_HPAB66Hhxh1-07:00:00,SYN_101074,6,07:32:50,07:33:05,0
wE7GlW3Fb_HPAB66Hhxh1-07:00:00,SYN_101075,7,07:32:05,07:32:20,0
wE7GlW3Fb_HPAB66Hhxh1-07:00:00,SYN_101076,8,07:31:21,07:31:36,0
wE7GlW3Fb_HPAB66Hhxh1-07:00:00,SYN_101077,9,07:30:37,07:30:52,0
wE7GlW3Fb_HPAB66Hhxh1-07:00:00,SYN_101078,10,07:29:53,07:30:08,0
wE7GlW3Fb_HPAB66Hhxh1-07:00:00,SYN_101079,11,07:29:09,07:29:24,0
wE7GlW3Fb_HPAB66Hhxh1-07:00:00,SYN_101080,12,07:28:24,07:28:39,0
wE7GlW3Fb_HPAB66Hhxh1-07:00:00,SYN_101081,13,07:27:40,07:27:55,0
wE7GlW3Fb_HPAB66Hhxh1-07:00:00,SYN_101082,14,07:26:56,07:27:11,0
wE7GlW3Fb_HPAB66Hhxh1-07:00:00,SYN_101083,15,07:26:12,07:26:27,0
wE7GlW3Fb_HPAB66Hhxh1-07:00:00,SYN_101084,16,07:25:28,07:25:43,0
wE7GlW3Fb_HPAB66Hhxh1-07:00:00,SYN_101085,17,07:24:43,07:24:58,0
wE7GlW3Fb_HPAB66Hhxh1-07:00:00,SYN_101086,18,07:23:59,07:24:14,0
wE7GlW3Fb_HPAB66Hhxh1-07:00:00,SYN_101087,19,07:23:15,07:23:30,0
wE7GlW3Fb_HPAB66Hhxh1-07:00:00,SYN_101088,20,07:22:31,07:22:46,0
wE7GlW3Fb_HPAB66Hhxh1-07:00:00,SYN_101089,21,07:21:47,07:22:02,0
wE7GlW3Fb_HPAB66Hhxh1-07:00:00,SYN_101090,22,07:21:02,07:21:17,0
wE7GlW3Fb_HPAB66Hhxh1-07:00:00,SYN_101091,23,07:20:18,07:20:33,0
wE7GlW3Fb_HPAB66Hhxh1-07:00:00,SYN_101092,24,07:19:34,07:19:49,0
wE7GlW3Fb_HPAB66Hhxh1-07:00:00,SYN_101093,25,07:18:50,07:19:05,0
wE7GlW3Fb_HPAB66Hhxh1-07:00:00,SYN_101094,26,07:18:06,07:18:21,0
wE7GlW3Fb_HPAB66Hhxh1-07:00:00,SYN_101095,27,07:17:21,07:17:36,0
wE7GlW3Fb_HPAB66Hhxh1-07:00:00,SYN_101096,28,07:16:37,07:16:52,0
wE7GlW3Fb_HPAB66Hhxh1-07:00:00,SYN_101097,29,07:15:53,07:16:08,0
wE7GlW3Fb_HPAB66Hhxh1-07:00:00,SYN_101098,30,07:15:09,07:15:24,0
wE7GlW3Fb_HPAB66Hhxh1-07:00:00,SYN_101099,31,07:14:25,07:14:40,0
wE7GlW3Fb_HPAB66Hhxh1-07:00:00,SYN_101100,32,07:13:40,07:13:55,0
wE7GlW3Fb_HPAB66Hhxh1-07:00:00,SYN_101101,33,07:12:56,07:13:11,0
wE7GlW3Fb_HPAB66Hhxh1-07:00:00,SYN_101102,34,07:12:12,07:12:27,0
wE7GlW3Fb_HPAB66Hhxh1-07:00:00,SYN_101103,35,07:11:28,07:11:43,0
wE7GlW3Fb_HPAB66Hhxh1-07:00:00,SYN_101104,36,07:10:44,07:10:59,0
wE7GlW3Fb_HPAB66Hhxh1-07:00:00,SYN_101105,37,07:10:00,07:10:15,0
wE7GlW3Fb_HPAB66Hhxh1-07:00:00,SYN_101106,38,07:09:15,07:09:30,0
wE7GlW3Fb_HPAB66Hhxh1-07:00:00,SYN_101107,39,07:08:31,07:08:46,0
wE7GlW3Fb_HPAB66Hhxh1-07:00:00,SYN_101108,40,07:07:47,07:08:02,0
wE7GlW3Fb_HPAB66Hhxh1-07:00:00,SYN_101109,41,07:07:03,07:07:18,0
wE7GlW3Fb_HPAB66Hhxh1-07:00:00,SYN_101110,42,07:06:19,07:06:34,0
wE7GlW3Fb_HPAB66Hhxh1-07:00:00,SYN_101111,43,07:05:34,07:05:49,0
wE7GlW3Fb_HPAB66Hhxh1-07:00:00,SYN_101112,44,07:04:50,07:05:05,0
wE7GlW3Fb_HPAB66Hhxh1-07:00:00,SYN_101113,45,07:04:06,07:04:21,0
wE7GlW3Fb_HPAB66Hhxh1-07:00:00,SYN_101114,46,07:03:22,07:03:37,0
wE7GlW3Fb_HPAB66Hhxh1-07:00:00,SYN_101115,47,07:02:38,07:02:53,0
wE7GlW3Fb_HPAB66Hhxh1-07:00:00,SYN_101116,48,07:01:53,07:02:08,0
wE7GlW3Fb_HPAB66Hhxh1-07:00:00,SYN_101117,49,07:01:09,07:01:24,0
wE7GlW3Fb_HPAB66Hhxh1-07:00:00,SYN_101118,50,07:00:25,07:00:40,0
rz-CFcB9J3xy60VYWjZAn-07:00:00,SYN_101119,0,07:00:09,07:00:24,0
rz-CFcB9J3xy60VYWjZAn-07:00:00,SYN_101120,1,07:00:41,07:00:56,0
rz-CFcB9J3xy60VYWjZAn-07:00:00,SYN_101121,2,07:01:12,07:01:27,0
rz-CFcB9J3xy60VYWjZAn-07:00:00,SYN_101122,3,07:01:43,07:01:58,0
rz-CFcB9J3xy60VYWjZAn-07:00:00,SYN_101123,4,07:02:15,07:02:30,0
rz-CFcB9J3xy60VYWjZAn-07:00:00,SYN_101124,5,07:02:46,07:03:01,0
rz-CFcB9J3xy60VYWjZAn-07:00:00,SYN_101125,6,07:03:17,07:03:32,0
rz-CFcB9J3xy60VYWjZAn-07:00:00,SYN_101126,7,07:03:49,07:04:04,0
rz-CFcB9J3xy60VYWjZAn-07:00:00,SYN_101127,8,07:04:20,07:04:35,0
rz-CFcB9J3xy60VYWjZAn-07:00:00,SYN_101128,9,07:04:52,07:05:07,0
rz-CFcB9J3xy60VYWjZAn-07:00:00,SYN_101129,10,07:05:23,07:05:38,0
rz-CFcB9J3xy60VYWjZAn-07:00:00,SYN_101130,11,07:05:54,07:06:09,0
rz-CFcB9J3xy60VYWjZAn-07:00:00,SYN_101131,12,07:06:25,07:06:40,0
rz-CFcB9J3xy60VYWjZAn-07:00:00,SYN_101132,13,07:06:52,07:07:07,0
rz-CFcB9J3xy60VYWjZAn-07:00:00,SYN_101133,14,07:07:18,07:07:33,0
rz-CFcB9J3xy60VYWjZAn-07:00:00,SYN_101134,15,07:07:45,07:08:00,0
rz-CFcB9J3xy60VYWjZAn-07:00:00,SYN_101135,16,07:08:11,07:08:26,0
rz-CFcB9J3xy60VYWjZAn-07:00:00,SYN_101136,17,07:08:45,07:09:00,0
rz-CFcB9J3xy60VYWjZAn-07:00:00,SYN_101137,18,07:09:42,07:09:57,0
rz-CFcB9J3xy60VYWjZAn-07:00:00,SYN_101138,19,07:10:39,07:10:54,0
rz-CFcB9J3xy60VYWjZAn-07:00:00,SYN_101139,20,07:11:36,07:11:51,0
rz-CFcB9J3xy60VYWjZAn-07:00:00,SYN_101140,21,07:12:34,07:12:49,0
rz-CFcB9J3xy60VYWjZAn-07:00:00,SYN_101141,22,07:14:02,07:14:17,0
rz-CFcB9J3xy60VYWjZAn-07:00:00,SYN_101142,23,07:15:30,07:15:45,0
rz-CFcB9J3xy60VYWjZAn-07:00:00,SYN_101143,24,07:16:31,07:16:46,0
rz-CFcB9J3xy60VYWjZAn-07:00:00,SYN_101144,25,07:17:16,07:17:31,0
rz-CFcB9J3xy60VYWjZAn-07:00:00,SYN_101145,26,07:18:00,07:18:15,0
rz-CFcB9J3xy60VYWjZAn-07:00:00,SYN_101146,27,07:18:45,07:19:00,0
rz-CFcB9J3xy60VYWjZAn-07:00:00,SYN_101147,28,07:19:30,07:19:45,0
rz-CFcB9J3xy60VYWjZAn-07:00:00,SYN_101148,29,07:20:15,07:20:30,0
rz-CFcB9J3xy60VYWjZAn-07:00:00,SYN_101149,30,07:21:00,07:21:15,0
rz-CFcB9J3xy60VYWjZAn-07:00:00,SYN_101150,31,07:21:45,07:22:00,0
rz-CFcB9J3xy60VYWjZAn-07:00:00,SYN_101151,32,07:22:30,07:22:45,0
rz-CFcB9J3xy60VYWjZAn-07:00:00,SYN_101152,33,07:23:15,07:23:30,0
rz-CFcB9J3xy60VYWjZAn-07:00:00,SYN_101153,34,07:24:01,07:24:16,0
rz-CFcB9J3xy60VYWjZAn-07:00:00,SYN_101154,35,07:24:46,07:25:01,0
rz-CFcB9J3xy60VYWjZAn-07:00:00,SYN_101155,36,07:25:31,07:25:46,0
rz-CFcB9J3xy60VYWjZAn-07:00:00,SYN_101156,37,07:26:23,07:26:38,0
rz-CFcB9J3xy60VYWjZAn-07:00:00,SYN_101157,38,07:27:21,07:27:36,0
rz-CFcB9J3xy60VYWjZAn-07:00:00,SYN_101158,39,07:28:15,07:28:30,0
rz-CFcB9J3xy60VYWjZAn-07:00:00,SYN_101159,40,07:29:07,07:29:22,0
rz-CFcB9J3xy60VYWjZAn-07:00:00,SYN_101160,41,07:29:59,07:30:14,0
rz-CFcB9J3xy60VYWjZAn-07:00:00,SYN_101161,42,07:30:55,07:31:10,0
6LBLdjAw8E6T2OCvlWEr8-07:00:00,SYN_101129,0,07:25:32,07:25:47,0
6LBLdjAw8E6T2OCvlWEr8-07:00:00,SYN_101130,1,07:24:45,07:25:00,0
6LBLdjAw8E6T2OCvlWEr8-07:00:00,SYN_101131,2,07:23:59,07:24:14,0
6LBLdjAw8E6T2OCvlWEr8-07:00:00,SYN_101132,3,07:23:12,07:23:27,0
6LBLdjAw8E6T2OCvlWEr8-07:00:00,SYN_101133,4,07:22:26,07:22:41,0
6LBLdjAw8E6T2OCvlWEr8-07:00:00,SYN_101134,5,07:21:39,07:21:54,0
6LBLdjAw8E6T2OCvlWEr8-07:00:00,SYN_101135,6,07:20:53,07:21:08,0
6LBLdjAw8E6T2OCvlWEr8-07:00:00,SYN_101136,7,07:20:06,07:20:21,0
6LBLdjAw8E6T2OCvlWEr8-07:00:00,SYN_101137,8,07:19:20,07:19:35,0
6LBLdjAw8E6T2OCvlWEr8-07:00:00,SYN_101138,9,07:18:34,07:18:49,0
6LBLdjAw8E6T2OCvlWEr8-07:00:00,SYN_101139,10,07:17:47,07:18:02,0
6LBLdjAw8E6T2OCvlWEr8-07:00:00,SYN_101140,11,07:17:01,07:17:16,0
6LBLdjAw8E6T2OCvlWEr8-07:00:00,SYN_101141,12,07:16:14,07:16:29,0
6LBLdjAw8E6T2OCvlWEr8-07:00:00,SYN_101142,13,07:15:28,07:15:43,0
6LBLdjAw8E6T2OCvlWEr8-07:00:00,SYN_101143,14,07:14:41,07:14:56,0
6LBLdjAw8E6T2OCvlWEr8-07:00:00,SYN_101144,15,07:13:55,07:14:10,0
6LBLdjAw8E6T2OCvlWEr8-07:00:00,SYN_101145,16,07:13:08,07:13:23,0
6LBLdjAw8E6T2OCvlWEr8-07:00:00,SYN_101146,17,07:12:22,07:12:37,0
6LBLdjAw8E6T2OCvlWEr8-07:00:00,SYN_101147,18,07:11:35,07:11:50,0
6LBLdjAw8E6T2OCvlWEr8-07:00:00,SYN_101148,19,07:10:49,07:11:04,0
6LBLdjAw8E6T2OCvlWEr8-07:00:00,SYN_101149,20,07:10:02,07:10:17,0
6LBLdjAw8E6T2OCvlWEr8-07:00:00,SYN_101150,21,07:09:16,07:09:31,0
6LBLdjAw8E6T2OCvlWEr8-07:00:00,SYN_101151,22,07:08:29,07:08:44,0
6LBLdjAw8E6T2OCvlWEr8-07:00:00,SYN_101152,23,07:07:43,07:07:58,0
6LBLdjAw8E6T2OCvlWEr8-07:00:00,SYN_101153,24,07:06:56,07:07:11,0
6LBLdjAw8E6T2OCvlWEr8-07:00:00,SYN_101154,25,07:06:10,07:06:25,0
6LBLdjAw8E6T2OCvlWEr8-07:00:00,SYN_101155,26,07:05:24,07:05:39,0
6LBLdjAw8E6T2OCvlWEr8-07:00:00,SYN_101156,27,07:04:37,07:04:52,0
6LBLdjAw8E6T2OCvlWEr8-07:00:00,SYN_101157,28,07:03:51,07:04:06,0
6LBLdjAw8E6T2OCvlWEr8-07:00:00,SYN_101158,29,07:03:04,07:03:19,0
6LBLdjAw8E6T2OCvlWEr8-07:00:00,SYN_101159,30,07:02:18,07:02:33,0
6LBLdjAw8E6T2OCvlWEr8-07:00:00,SYN_101160,31,07:01:31,07:01:46,0
6LBLdjAw8E6T2OCvlWEr8-07:00:00,SYN_101161,32,07:00:45,07:01:00,0
1pTTdCYNksTHRhSFGpg76-07:00:00,SYN_101166,0,07:00:31,07:00:46,0
1pTTdCYNksTHRhSFGpg76-07:00:00,SYN_101167,1,07:01:30,07:01:45,0
1pTTdCYNksTHRhSFGpg76-07:00:00,SYN_101168,2,07:02:29,07:02:44,0
1pTTdCYNksTHRhSFGpg76-07:00:00,SYN_101169,3,07:02:57,07:03:12,0
1pTTdCYNksTHRhSFGpg76-07:00:00,SYN_101170,4,07:03:24,07:03:39,0
1pTTdCYNksTHRhSFGpg76-07:00:00,SYN_101171,5,07:03:52,07:04:07,0
1pTTdCYNksTHRhSFGpg76-07:00:00,SYN_101172,6,07:04:20,07:04:35,0
1pTTdCYNksTHRhSFGpg76-07:00:00,SYN_101173,7,07:04:47,07:05:02,0
1pTTdCYNksTHRhSFGpg76-07:00:00,SYN_101174,8,07:05:19,07:05:34,0
1pTTdCYNksTHRhSFGpg76-07:00:00,SYN_101175,9,07:05:57,07:06:12,0
1pTTdCYNksTHRhSFGpg76-07:00:00,SYN_101176,10,07:06:34,07:06:49,0
1pTTdCYNksTHRhSFGpg76-07:00:00,SYN_101177,11,07:07:12,07:07:27,0
1pTTdCYNksTHRhSFGpg76-07:00:00,SYN_101178,12,07:07:50,07:08:05,0
1pTTdCYNksTHRhSFGpg76-07:00:00,SYN_101179,13,07:08:28,07:08:43,0
1pTTdCYNksTHRhSFGpg76-07:00:00,SYN_101180,14,07:09:06,07:09:21,0
1pTTdCYNksTHRhSFGpg76-07:00:00,SYN_101181,15,07:09:44,07:09:59,0
1pTTdCYNksTHRhSFGpg76-07:00:00,SYN_101182,16,07:10:22,07:10:37,0
1pTTdCYNksTHRhSFGpg76-07:00:00,SYN_101183,17,07:10:59,07:11:14,0
1pTTdCYNksTHRhSFGpg76-07:00:00,SYN_101184,18,07:11:37,07:11:52,0
1pTTdCYNksTHRhSFGpg76-07:00:00,SYN_101185,19,07:12:15,07:12:30,0
1pTTdCYNksTHRhSFGpg76-07:00:00,SYN_101186,20,07:13:54,07:14:09,0
1pTTdCYNksTHRhSFGpg76-07:00:00,SYN_101187,21,07:15:35,07:15:50,0
1pTTdCYNksTHRhSFGpg76-07:00:00,SYN_101188,22,07:16:47,07:17:02,0
1pTTdCYNksTHRhSFGpg76-07:00:00,SYN_101189,23,07:17:58,07:18:13,0
1pTTdCYNksTHRhSFGpg76-07:00:00,SYN_101190,24,07:19:10,07:19:25,0
1pTTdCYNksTHRhSFGpg76-07:00:00,SYN_101191,25,07:20:24,07:20:39,0
1pTTdCYNksTHRhSFGpg76-07:00:00,SYN_101192,26,07:21:38,07:21:53,0
1pTTdCYNksTHRhSFGpg76-07:00:00,SYN_101193,27,07:22:52,07:23:07,0
1pTTdCYNksTHRhSFGpg76-07:00:00,SYN_101194,28,07:24:19,07:24:34,0
1pTTdCYNksTHRhSFGpg76-07:00:00,SYN_101195,29,07:25:46,07:26:01,0
1pTTdCYNksTHRhSFGpg76-07:00:00,SYN_101196,30,07:26:54,07:27:09,0
1pTTdCYNksTHRhSFGpg76-07:00:00,SYN_101197,31,07:27:39,07:27:54,0
1pTTdCYNksTHRhSFGpg76-07:00:00,SYN_101198,32,07:28:23,07:28:38,0
1pTTdCYNksTHRhSFGpg76-07:00:00,SYN_101199,33,07:29:08,07:29:23,0
1pTTdCYNksTHRhSFGpg76-07:00:00,SYN_101200,34,07:29:53,07:30:08,0
1pTTdCYNksTHRhSFGpg76-07:00:00,SYN_101201,35,07:30:38,07:30:53,0
1pTTdCYNksTHRhSFGpg76-07:00:00,SYN_101202,36,07:31:23,07:31:38,0
1pTTdCYNksTHRhSFGpg76-07:00:00,SYN_101203,37,07:32:07,07:32:22,0
1pTTdCYNksTHRhSFGpg76-07:00:00,SYN_101204,38,07:32:52,07:33:07,0
1pTTdCYNksTHRhSFGpg76-07:00:00,SYN_101205,39,07:33:36,07:33:51,0
1pTTdCYNksTHRhSFGpg76-07:00:00,SYN_101206,40,07:34:20,07:34:35,0
1pTTdCYNksTHRhSFGpg76-07:00:00,SYN_101207,41,07:35:05,07:35:20,0
1pTTdCYNksTHRhSFGpg76-07:00:00,SYN_101208,42,07:35:49,07:36:04,0
1pTTdCYNksTHRhSFGpg76-07:00:00,SYN_101209,43,07:36:36,07:36:51,0
1pTTdCYNksTHRhSFGpg76-07:00:00,SYN_101210,44,07:37:34,07:37:49,0
1pTTdCYNksTHRhSFGpg76-07:00:00,SYN_101211,45,07:38:30,07:38:45,0
1pTTdCYNksTHRhSFGpg76-07:00:00,SYN_101212,46,07:39:21,07:39:36,0
PAh8O-96IhPU2mfK1XGjm-07:00:00,SYN_101166,0,07:37:31,07:37:46,0
PAh8O-96IhPU2mfK1XGjm-07:00:00,SYN_101167,1,07:36:45,07:37:00,0
PAh8O-96IhPU2mfK1XGjm-07:00:00,SYN_101168,2,07:35:59,07:36:14,0
PAh8O-96IhPU2mfK1XGjm-07:00:00,SYN_101169,3,07:35:13,07:35:28,0
PAh8O-96IhPU2mfK1XGjm-07:00:00,SYN_101170,4,07:34:27,07:34:42,0
PAh8O-96IhPU2mfK1XGjm-07:00:00,SYN_101171,5,07:33:41,07:33:56,0
PAh8O-96IhPU2mfK1XGjm-07:00:00,SYN_101172,6,07:32:55,07:33:10,0
PAh8O-96IhPU2mfK1XGjm-07:00:00,SYN_101173,7,07:32:09,07:32:24,0
PAh8O-96IhPU2mfK1XGjm-07:00:00,SYN_101174,8,07:31:23,07:31:38,0
PAh8O-96IhPU2mfK1XGjm-07:00:00,SYN_101175,9,07:30:37,07:30:52,0
PAh8O-96IhPU2mfK1XGjm-07:00:00,SYN_101176,10,07:29:51,07:30:06,0
PAh8O-96IhPU2mfK1XGjm-07:00:00,SYN_101177,11,07:29:05,07:29:20,0
PAh8O-96IhPU2mfK1XGjm-07:00:00,SYN_101178,12,07:28:19,07:28:34,0
PAh8O-96IhPU2mfK1XGjm-07:00:00,SYN_101179,13,07:27:33,07:27:48,0
PAh8O-96IhPU2mfK1XGjm-07:00:00,SYN_101180,14,07:26:47,07:27:02,0
PAh8O-96IhPU2mfK1XGjm-07:00:00,SYN_101181,15,07:26:01,07:26:16,0
PAh8O-96IhPU2mfK1XGjm-07:00:00,SYN_101182,16,07:25:15,07:25:30,0
PAh8O-96IhPU2mfK1XGjm-07:00:00,SYN_101183,17,07:24:29,07:24:44,0
PAh8O-96IhPU2mfK1XGjm-07:00:00,SYN_101184,18,07:23:43,07:23:58,0
PAh8O-96IhPU2mfK1XGjm-07:00:00,SYN_101185,19,07:22:57,07:23:12,0
PAh8O-96IhPU2mfK1XGjm-07:00:00,SYN_101186,20,07:22:11,07:22:26,0
PAh8O-96IhPU2mfK1XGjm-07:00:00,SYN_101187,21,07:21:25,07:21:40,0
PAh8O-96IhPU2mfK1XGjm-07:00:00,SYN_101188,22,07:20:38,07:20:53,0
PAh8O-96IhPU2mfK1XGjm-07:00:00,SYN_101189,23,07:19:52,07:20:07,0
PAh8O-96IhPU2mfK1XGjm-07:00:00,SYN_101190,24,07:19:06,07:19:21,0
PAh8O-96IhPU2mfK1XGjm-07:00:00,SYN_101191,25,07:18:20,07:18:35,0
PAh8O-96IhPU2mfK1XGjm-07:00:00,SYN_101192,26,07:17:34,07:17:49,0
PAh8O-96IhPU2mfK1XGjm-07:00:00,SYN_101193,27,07:16:48,07:17:03,0
PAh8O-96IhPU2mfK1XGjm-07:00:00,SYN_101194,28,07:16:02,07:16:17,0
PAh8O-96IhPU2mfK1XGjm-07:00:00,SYN_101195,29,07:15:16,07:15:31,0
PAh8O-96IhPU2mfK1XGjm-07:00:00,SYN_101196,30,07:14:30,07:14:45,0
PAh8O-96IhPU2mfK1XGjm-07:00:00,SYN_101197,31,07:13:44,07:13:59,0
PAh8O-96IhPU2mfK1XGjm-07:00:00,SYN_101198,32,07:12:58,07:13:13,0
PAh8O-96IhPU2mfK1XGjm-07:00:00,SYN_101199,33,07:12:12,07:12:27,0
PAh8O-96IhPU2mfK1XGjm-07:00:00,SYN_101200,34,07:11:26,07:11:41,0
PAh8O-96IhPU2mfK1XGjm-07:00:00,SYN_101201,35,07:10:40,07:10:55,0
PAh8O-96IhPU2mfK1XGjm-07:00:00,SYN_101202,36,07:09:54,07:10:09,0
PAh8O-96IhPU2mfK1XGjm-07:00:00,SYN_101203,37,07:09:08,07:09:23,0
PAh8O-96IhPU2mfK1XGjm-07:00:00,SYN_101204,38,07:08:22,07:08:37,0
PAh8O-96IhPU2mfK1XGjm-07:00:00,SYN_101205,39,07:07:36,07:07:51,0
PAh8O-96IhPU2mfK1XGjm-07:00:00,SYN_101206,40,07:06:50,07:07:05,0
PAh8O-96IhPU2mfK1XGjm-07:00:00,SYN_101207,41,07:06:04,07:06:19,0
PAh8O-96IhPU2mfK1XGjm-07:00:00,SYN_101208,42,07:05:18,07:05:33,0
PAh8O-96IhPU2mfK1XGjm-07:00:00,SYN_101209,43,07:04:32,07:04:47,0
PAh8O-96IhPU2mfK1XGjm-07:00:00,SYN_101210,44,07:03:46,07:04:01,0
PAh8O-96IhPU2mfK1XGjm-07:00:00,SYN_101211,45,07:03:00,07:03:15,0
PAh8O-96IhPU2mfK1XGjm-07:00:00,SYN_101212,46,07:02:14,07:02:29,0
PAh8O-96IhPU2mfK1XGjm-07:00:00,SYN_101213,47,07:01:28,07:01:43,0
PAh8O-96IhPU2mfK1XGjm-07:00:00,SYN_101214,48,07:00:42,07:00:57,0
jWBg8TvwT24t5ID8oRKxt-07:00:00,SYN_101223,0,07:00:05,07:00:20,0
jWBg8TvwT24t5ID8oRKxt-07:00:00,SYN_101224,1,07:00:42,07:00:57,0
jWBg8TvwT24t5ID8oRKxt-07:00:00,SYN_101225,2,07:01:19,07:01:34,0
jWBg8TvwT24t5ID8oRKxt-07:00:00,SYN_101226,3,07:01:56,07:02:11,0
jWBg8TvwT24t5ID8oRKxt-07:00:00,SYN_101227,4,07:02:33,07:02:48,0
jWBg8TvwT24t5ID8oRKxt-07:00:00,SYN_101228,5,07:03:11,07:03:26,0
jWBg8TvwT24t5ID8oRKxt-07:00:00,SYN_101229,6,07:04:02,07:04:17,0
jWBg8TvwT24t5ID8oRKxt-07:00:00,SYN_101230,7,07:05:02,07:05:17,0
jWBg8TvwT24t5ID8oRKxt-07:00:00,SYN_101231,8,07:06:03,07:06:18,0
jWBg8TvwT24t5ID8oRKxt-07:00:00,SYN_101232,9,07:07:03,07:07:18,0
jWBg8TvwT24t5ID8oRKxt-07:00:00,SYN_101233,10,07:07:55,07:08:10,0
jWBg8TvwT24t5ID8oRKxt-07:00:00,SYN_101234,11,07:08:14,07:08:29,0
jWBg8TvwT24t5ID8oRKxt-07:00:00,SYN_101235,12,07:08:33,07:08:48,0
jWBg8TvwT24t5ID8oRKxt-07:00:00,SYN_101236,13,07:08:53,07:09:08,0
jWBg8TvwT24t5ID8oRKxt-07:00:00,SYN_101237,14,07:09:12,07:09:27,0
jWBg8TvwT24t5ID8oRKxt-07:00:00,SYN_101238,15,07:09:32,07:09:47,0
bSYN2peHxalSinpb8v_ie-07:00:00,SYN_101241,0,07:00:32,07:00:47,0
bSYN2peHxalSinpb8v_ie-07:00:00,SYN_101242,1,07:01:10,07:01:25,0
bSYN2peHxalSinpb8v_ie-07:00:00,SYN_101243,2,07:01:48,07:02:03,0
bSYN2peHxalSinpb8v_ie-07:00:00,SYN_101244,3,07:02:25,07:02:40,0
bSYN2peHxalSinpb8v_ie-07:00:00,SYN_101245,4,07:03:03,07:03:18,0
bSYN2peHxalSinpb8v_ie-07:00:00,SYN_101246,5,07:03:41,07:03:56,0
bSYN2peHxalSinpb8v_ie-07:00:00,SYN_101247,6,07:04:19,07:04:34,0
bSYN2peHxalSinpb8v_ie-07:00:00,SYN_101248,7,07:04:50,07:05:05,0
bSYN2peHxalSinpb8v_ie-07:00:00,SYN_101249,8,07:05:07,07:05:22,0
bSYN2peHxalSinpb8v_ie-07:00:00,SYN_101250,9,07:05:25,07:05:40,0
bSYN2peHxalSinpb8v_ie-07:00:00,SYN_101251,10,07:05:42,07:05:57,0
bSYN2peHxalSinpb8v_ie-07:00:00,SYN_101252,11,07:06:00,07:06:15,0
bSYN2peHxalSinpb8v_ie-07:00:00,SYN_101253,12,07:06:17,07:06:32,0
bSYN2peHxalSinpb8v_ie-07:00:00,SYN_101254,13,07:06:35,07:06:50,0
bSYN2peHxalSinpb8v_ie-07:00:00,SYN_101255,14,07:06:52,07:07:07,0
bSYN2peHxalSinpb8v_ie-07:00:00,SYN_101256,15,07:07:10,07:07:25,0
bSYN2peHxalSinpb8v_ie-07:00:00,SYN_101257,16,07:07:27,07:07:42,0
bSYN2peHxalSinpb8v_ie-07:00:00,SYN_101258,17,07:07:43,07:07:58,0
bSYN2peHxalSinpb8v_ie-07:00:00,SYN_101259,18,07:07:58,07:08:13,0
bSYN2peHxalSinpb8v_ie-07:00:00,SYN_101260,19,07:08:14,07:08:29,0
bSYN2peHxalSinpb8v_ie-07:00:00,SYN_101261,20,07:08:29,07:08:44,0
bSYN2peHxalSinpb8v_ie-07:00:00,SYN_101262,21,07:08:45,07:09:00,0
bSYN2peHxalSinpb8v_ie-07:00:00,SYN_101263,22,07:09:01,07:09:16,0
bSYN2peHxalSinpb8v_ie-07:00:00,SYN_101264,23,07:09:16,07:09:31,0
bSYN2peHxalSinpb8v_ie-07:00:00,SYN_101265,24,07:09:32,07:09:47,0
bSYN2peHxalSinpb8v_ie-07:00:00,SYN_101266,25,07:09:47,07:10:02,0
bSYN2peHxalSinpb8v_ie-07:00:00,SYN_101267,26,07:10:04,07:10:19,0
bSYN2peHxalSinpb8v_ie-07:00:00,SYN_101268,27,07:10:20,07:10:35,0
bSYN2peHxalSinpb8v_ie-07:00:00,SYN_101269,28,07:10:36,07:10:51,0
bSYN2peHxalSinpb8v_ie-07:00:00,SYN_101270,29,07:10:55,07:11:10,0
bSYN2peHxalSinpb8v_ie-07:00:00,SYN_101271,30,07:11:14,07:11:29,0
bSYN2peHxalSinpb8v_ie-07:00:00,SYN_101272,31,07:11:33,07:11:48,0
bSYN2peHxalSinpb8v_ie-07:00:00,SYN_101273,32,07:11:52,07:12:07,0
bSYN2peHxalSinpb8v_ie-07:00:00,SYN_101274,33,07:12:11,07:12:26,0
bSYN2peHxalSinpb8v_ie-07:00:00,SYN_101275,34,07:12:30,07:12:45,0
bSYN2peHxalSinpb8v_ie-07:00:00,SYN_101276,35,07:12:49,07:13:04,0
bSYN2peHxalSinpb8v_ie-07:00:00,SYN_101277,36,07:13:08,07:13:23,0
bSYN2peHxalSinpb8v_ie-07:00:00,SYN_101278,37,07:13:28,07:13:43,0
bSYN2peHxalSinpb8v_ie-07:00:00,SYN_101279,38,07:13:47,07:14:02,0
bSYN2peHxalSinpb8v_ie-07:00:00,SYN_101280,39,07:14:06,07:14:21,0
bSYN2peHxalSinpb8v_ie-07:00:00,SYN_101281,40,07:14:25,07:14:40,0
bSYN2peHxalSinpb8v_ie-07:00:00,SYN_101282,41,07:14:44,07:14:59,0
bSYN2peHxalSinpb8v_ie-07:00:00,SYN_101283,42,07:15:03,07:15:18,0
bSYN2peHxalSinpb8v_ie-07:00:00,SYN_101284,43,07:15:23,07:15:38,0
bSYN2peHxalSinpb8v_ie-07:00:00,SYN_101285,44,07:15:42,07:15:57,0
bSYN2peHxalSinpb8v_ie-07:00:00,SYN_101286,45,07:16:00,07:16:15,0
bSYN2peHxalSinpb8v_ie-07:00:00,SYN_101287,46,07:16:16,07:16:31,0
bSYN2peHxalSinpb8v_ie-07:00:00,SYN_101288,47,07:16:31,07:16:46,0
bSYN2peHxalSinpb8v_ie-07:00:00,SYN_101289,48,07:16:47,07:17:02,0
bSYN2peHxalSinpb8v_ie-07:00:00,SYN_101290,49,07:17:02,07:17:17,0
bSYN2peHxalSinpb8v_ie-07:00:00,SYN_101291,50,07:17:18,07:17:33,0
bSYN2peHxalSinpb8v_ie-07:00:00,SYN_101292,51,07:17:34,07:17:49,0
bSYN2peHxalSinpb8v_ie-07:00:00,SYN_101293,52,07:17:49,07:18:04,0
bSYN2peHxalSinpb8v_ie-07:00:00,SYN_101294,53,07:18:04,07:18:19,0
bSYN2peHxalSinpb8v_ie-07:00:00,SYN_101295,54,07:18:19,07:18:34,0
bSYN2peHxalSinpb8v_ie-07:00:00,SYN_101296,55,07:18:33,07:18:48,0
bSYN2peHxalSinpb8v_ie-07:00:00,SYN_101297,56,07:18:48,07:19:03,0
bSYN2peHxalSinpb8v_ie-07:00:00,SYN_101298,57,07:19:02,07:19:17,0
bSYN2peHxalSinpb8v_ie-07:00:00,SYN_101299,58,07:19:17,07:19:32,0
bSYN2peHxalSinpb8v_ie-07:00:00,SYN_101300,59,07:19:31,07:19:46,0
bSYN2peHxalSinpb8v_ie-07:00:00,SYN_101301,60,07:19:46,07:20:01,0
bSYN2peHxalSinpb8v_ie-07:00:00,SYN_101302,61,07:20:00,07:20:15,0
bSYN2peHxalSinpb8v_ie-07:00:00,SYN_101303,62,07:20:15,07:20:30,0
bSYN2peHxalSinpb8v_ie-07:00:00,SYN_101304,63,07:20:29,07:20:44,0
bSYN2peHxalSinpb8v_ie-07:00:00,SYN_101305,64,07:20:44,07:20:59,0
bSYN2peHxalSinpb8v_ie-07:00:00,SYN_101306,65,07:20:59,07:21:14,0
bSYN2peHxalSinpb8v_ie-07:00:00,SYN_101307,66,07:21:13,07:21:28,0
bSYN2peHxalSinpb8v_ie-07:00:00,SYN_101308,67,07:21:28,07:21:43,0
bSYN2peHxalSinpb8v_ie-07:00:00,SYN_101309,68,07:21:42,07:21:57,0
bSYN2peHxalSinpb8v_ie-07:00:00,SYN_101310,69,07:21:57,07:22:12,0
bSYN2peHxalSinpb8v_ie-07:00:00,SYN_101311,70,07:22:11,07:22:26,0
bSYN2peHxalSinpb8v_ie-07:00:00,SYN_101312,71,07:22:26,07:22:41,0
bSYN2peHxalSinpb8v_ie-07:00:00,SYN_101313,72,07:23:26,07:23:41,0
bSYN2peHxalSinpb8v_ie-07:00:00,SYN_101314,73,07:24:42,07:24:57,0
f33WNkS3h2sqBmb32LsDI-07:00:00,SYN_101240,0,07:19:26,07:19:41,0
f33WNkS3h2sqBmb32LsDI-07:00:00,SYN_101241,1,07:19:10,07:19:25,0
f33WNkS3h2sqBmb32LsDI-07:00:00,SYN_101242,2,07:18:55,07:19:10,0
f33WNkS3h2sqBmb32LsDI-07:00:00,SYN_101243,3,07:18:39,07:18:54,0
f33WNkS3h2sqBmb32LsDI-07:00:00,SYN_101244,4,07:18:23,07:18:38,0
f33WNkS3h2sqBmb32LsDI-07:00:00,SYN_101245,5,07:18:08,07:18:23,0
f33WNkS3h2sqBmb32LsDI-07:00:00,SYN_101246,6,07:17:52,07:18:07,0
f33WNkS3h2sqBmb32LsDI-07:00:00,SYN_101247,7,07:17:36,07:17:51,0
f33WNkS3h2sqBmb32LsDI-07:00:00,SYN_101248,8,07:17:21,07:17:36,0
f33WNkS3h2sqBmb32LsDI-07:00:00,SYN_101249,9,07:17:05,07:17:20,0
f33WNkS3h2sqBmb32LsDI-07:00:00,SYN_101250,10,07:16:49,07:17:04,0
f33WNkS3h2sqBmb32LsDI-07:00:00,SYN_101251,11,07:16:34,07:16:49,0
f33WNkS3h2sqBmb32LsDI-07:00:00,SYN_101252,12,07:16:18,07:16:33,0
f33WNkS3h2sqBmb32LsDI-07:00:00,SYN_101253,13,07:16:02,07:16:17,0
f33WNkS3h2sqBmb32LsDI-07:00:00,SYN_101254,14,07:15:47,07:16:02,0
f33WNkS3h2sqBmb32LsDI-07:00:00,SYN_101255,15,07:15:31,07:15:46,0
f33WNkS3h2sqBmb32LsDI-07:00:00,SYN_101256,16,07:15:15,07:15:30,0
f33WNkS3h2sqBmb32LsDI-07:00:00,SYN_101257,17,07:15:00,07:15:15,0
f33WNkS3h2sqBmb32LsDI-07:00:00,SYN_101258,18,07:14:44,07:14:59,0
f33WNkS3h2sqBmb32LsDI-07:00:00,SYN_101259,19,07:14:28,07:14:43,0
f33WNkS3h2sqBmb32LsDI-07:00:00,SYN_101260,20,07:14:13,07:14:28,0
f33WNkS3h2sqBmb32LsDI-07:00:00,SYN_101261,21,07:13:57,07:14:12,0
f33WNkS3h2sqBmb32LsDI-07:00:00,SYN_101262,22,07:13:41,07:13:56,0
f33WNkS3h2sqBmb32LsDI-07:00:00,SYN_101263,23,07:13:26,07:13:41,0
f33WNkS3h2sqBmb32LsDI-07:00:00,SYN_101264,24,07:13:10,07:13:25,0
f33WNkS3h2sqBmb32LsDI-07:00:00,SYN_101265,25,07:12:54,07:13:09,0
f33WNkS3h2sqBmb32LsDI-07:00:00,SYN_101266,26,07:12:39,07:12:54,0
f33WNkS3h2sqBmb32LsDI-07:00:00,SYN_101267,27,07:12:23,07:12:38,0
f33WNkS3h2sqBmb32LsDI-07:00:00,SYN_101268,28,07:12:07,07:12:22,0
f33WNkS3h2sqBmb32LsDI-07:00:00,SYN_101269,29,07:11:52,07:12:07,0
f33WNkS3h2sqBmb32LsDI-07:00:00,SYN_101270,30,07:11:36,07:11:51,0
f33WNkS3h2sqBmb32LsDI-07:00:00,SYN_101271,31,07:11:20,07:11:35,0
f33WNkS3h2sqBmb32LsDI-07:00:00,SYN_101272,32,07:11:05,07:11:20,0
f33WNkS3h2sqBmb32LsDI-07:00:00,SYN_101273,33,07:10:49,07:11:04,0
f33WNkS3h2sqBmb32LsDI-07:00:00,SYN_101274,34,07:10:33,07:10:48,0
f33WNkS3h2sqBmb32LsDI-07:00:00,SYN_101275,35,07:10:18,07:10:33,0
f33WNkS3h2sqBmb32LsDI-07:00:00,SYN_101276,36,07:10:02,07:10:17,0
f33WNkS3h2sqBmb32LsDI-07:00:00,SYN_101277,37,07:09:46,07:10:01,0
f33WNkS3h2sqBmb32LsDI-07:00:00,SYN_101278,38,07:09:31,07:09:46,0
f33WNkS3h2sqBmb32LsDI-07:00:00,SYN_101279,39,07:09:15,07:09:30,0
f33WNkS3h2sqBmb32LsDI-07:00:00,SYN_101280,40,07:08:59,07:09:14,0
f33WNkS3h2sqBmb32LsDI-07:00:00,SYN_101281,41,07:08:44,07:08:59,0
f33WNkS3h2sqBmb32LsDI-07:00:00,SYN_101282,42,07:08:28,07:08:43,0
f33WNkS3h2sqBmb32LsDI-07:00:00,SYN_101283,43,07:08:12,07:08:27,0
f33WNkS3h2sqBmb32LsDI-07:00:00,SYN_101284,44,07:07:57,07:08:12,0
f33WNkS3h2sqBmb32LsDI-07:00:00,SYN_101285,45,07:07:41,07:07:56,0
f33WNkS3h2sqBmb32LsDI-07:00:00,SYN_101286,46,07:07:25,07:07:40,0
f33WNkS3h2sqBmb32LsDI-07:00:00,SYN_101287,47,07:07:10,07:07:25,0
f33WNkS3h2sqBmb32LsDI-07:00:00,SYN_101288,48,07:06:54,07:07:09,0
f33WNkS3h2sqBmb32LsDI-07:00:00,SYN_101289,49,07:06:38,07:06:53,0
f33WNkS3h2sqBmb32LsDI-07:00:00,SYN_101290,50,07:06:23,07:06:38,0
f33WNkS3h2sqBmb32LsDI-07:00:00,SYN_101291,51,07:06:07,07:06:22,0
f33WNkS3h2sqBmb32LsDI-07:00:00,SYN_101292,52,07:05:51,07:06:06,0
f33WNkS3h2sqBmb32LsDI-07:00:00,SYN_101293,53,07:05:36,07:05:51,0
f33WNkS3h2sqBmb32LsDI-07:00:00,SYN_101294,54,07:05:20,07:05:35,0
f33WNkS3h2sqBmb32LsDI-07:00:00,SYN_101295,55,07:05:05,07:05:20,0
f33WNkS3h2sqBmb32LsDI-07:00:00,SYN_101296,56,07:04:49,07:05:04,0
f33WNkS3h2sqBmb32LsDI-07:00:00,SYN_101297,57,07:04:33,07:04:48,0
f33WNkS3h2sqBmb32LsDI-07:00:00,SYN_101298,58,07:04:18,07:04:33,0
f33WNkS3h2sqBmb32LsDI-07:00:00,SYN_101299,59,07:04:02,07:04:17,0
f33WNkS3h2sqBmb32LsDI-07:00:00,SYN_101300,60,07:03:46,07:04:01,0
f33WNkS3h2sqBmb32LsDI-07:00:00,SYN_101301,61,07:03:31,07:03:46,0
f33WNkS3h2sqBmb32LsDI-07:00:00,SYN_101302,62,07:03:15,07:03:30,0
f33WNkS3h2sqBmb32LsDI-07:00:00,SYN_101303,63,07:02:59,07:03:14,0
f33WNkS3h2sqBmb32LsDI-07:00:00,SYN_101304,64,07:02:44,07:02:59,0
f33WNkS3h2sqBmb32LsDI-07:00:00,SYN_101305,65,07:02:28,07:02:43,0
f33WNkS3h2sqBmb32LsDI-07:00:00,SYN_101306,66,07:02:12,07:02:27,0
f33WNkS3h2sqBmb32LsDI-07:00:00,SYN_101307,67,07:01:57,07:02:12,0
f33WNkS3h2sqBmb32LsDI-07:00:00,SYN_101308,68,07:01:41,07:01:56,0
f33WNkS3h2sqBmb32LsDI-07:00:00,SYN_101309,69,07:01:25,07:01:40,0
f33WNkS3h2sqBmb32LsDI-07:00:00,SYN_101310,70,07:01:10,07:01:25,0
f33WNkS3h2sqBmb32LsDI-07:00:00,SYN_101311,71,07:00:54,07:01:09,0
f33WNkS3h2sqBmb32LsDI-07:00:00,SYN_101312,72,07:00:38,07:00:53,0
f33WNkS3h2sqBmb32LsDI-07:00:00,SYN_101313,73,07:00:23,07:00:38,0
f33WNkS3h2sqBmb32LsDI-07:00:00,SYN_101314,74,07:00:07,07:00:22,0
Ass95AtKKd_cJzSpFbbks-07:00:00,SYN_101319,0,07:00:52,07:01:07,0
Ass95AtKKd_cJzSpFbbks-07:00:00,SYN_101320,1,07:01:53,07:02:08,0
Ass95AtKKd_cJzSpFbbks-07:00:00,SYN_101321,2,07:02:53,07:03:08,0
Ass95AtKKd_cJzSpFbbks-07:00:00,SYN_101322,3,07:03:54,07:04:09,0
K63Xp_QNyqIIHRQrSOVNB-07:00:00,SYN_101315,0,07:18:39,07:18:54,0
K63Xp_QNyqIIHRQrSOVNB-07:00:00,SYN_101316,1,07:17:49,07:18:04,0
K63Xp_QNyqIIHRQrSOVNB-07:00:00,SYN_101317,2,07:16:58,07:17:13,0
K63Xp_QNyqIIHRQrSOVNB-07:00:00,SYN_101318,3,07:16:08,07:16:23,0
K63Xp_QNyqIIHRQrSOVNB-07:00:00,SYN_101319,4,07:15:17,07:15:32,0
K63Xp_QNyqIIHRQrSOVNB-07:00:00,SYN_101320,5,07:14:27,07:14:42,0
K63Xp_QNyqIIHRQrSOVNB-07:00:00,SYN_101321,6,07:13:36,07:13:51,0
K63Xp_QNyqIIHRQrSOVNB-07:00:00,SYN_101322,7,07:12:46,07:13:01,0
K63Xp_QNyqIIHRQrSOVNB-07:00:00,SYN_101323,8,07:11:55,07:12:10,0
K63Xp_QNyqIIHRQrSOVNB-07:00:00,SYN_101324,9,07:11:05,07:11:20,0
K63Xp_QNyqIIHRQrSOVNB-07:00:00,SYN_101325,10,07:10:14,07:10:29,0
K63Xp_QNyqIIHRQrSOVNB-07:00:00,SYN_101326,11,07:09:24,07:09:39,0
K63Xp_QNyqIIHRQrSOVNB-07:00:00,SYN_101327,12,07:08:33,07:08:48,0
K63Xp_QNyqIIHRQrSOVNB-07:00:00,SYN_101328,13,07:07:43,07:07:58,0
K63Xp_QNyqIIHRQrSOVNB-07:00:00,SYN_101329,14,07:06:52,07:07:07,0
K63Xp_QNyqIIHRQrSOVNB-07:00:00,SYN_101330,15,07:06:02,07:06:17,0
K63Xp_QNyqIIHRQrSOVNB-07:00:00,SYN_101331,16,07:05:12,07:05:27,0
K63Xp_QNyqIIHRQrSOVNB-07:00:00,SYN_101332,17,07:04:21,07:04:36,0
K63Xp_QNyqIIHRQrSOVNB-07:00:00,SYN_101333,18,07:03:31,07:03:46,0
K63Xp_QNyqIIHRQrSOVNB-07:00:00,SYN_101334,19,07:02:40,07:02:55,0
K63Xp_QNyqIIHRQrSOVNB-07:00:00,SYN_101335,20,07:01:50,07:02:05,0
K63Xp_QNyqIIHRQrSOVNB-07:00:00,SYN_101336,21,07:00:59,07:01:14,0
K63Xp_QNyqIIHRQrSOVNB-07:00:00,SYN_101337,22,07:00:09,07:00:24,0
r6ovFR4tIxNGXdkL4UeVE-07:00:00,SYN_101338,0,07:00:12,07:00:27,0
r6ovFR4tIxNGXdkL4UeVE-07:00:00,SYN_101339,1,07:01:06,07:01:21,0
r6ovFR4tIxNGXdkL4UeVE-07:00:00,SYN_101340,2,07:02:01,07:02:16,0
r6ovFR4tIxNGXdkL4UeVE-07:00:00,SYN_101341,3,07:02:56,07:03:11,0
r6ovFR4tIxNGXdkL4UeVE-07:00:00,SYN_101342,4,07:03:50,07:04:05,0
r6ovFR4tIxNGXdkL4UeVE-07:00:00,SYN_101343,5,07:04:45,07:05:00,0
r6ovFR4tIxNGXdkL4UeVE-07:00:00,SYN_101344,6,07:05:40,07:05:55,0
r6ovFR4tIxNGXdkL4UeVE-07:00:00,SYN_101345,7,07:06:34,07:06:49,0
r6ovFR4tIxNGXdkL4UeVE-07:00:00,SYN_101346,8,07:07:29,07:07:44,0
r6ovFR4tIxNGXdkL4UeVE-07:00:00,SYN_101347,9,07:08:09,07:08:24,0
r6ovFR4tIxNGXdkL4UeVE-07:00:00,SYN_101348,10,07:08:36,07:08:51,0
r6ovFR4tIxNGXdkL4UeVE-07:00:00,SYN_101349,11,07:09:03,07:09:18,0
r6ovFR4tIxNGXdkL4UeVE-07:00:00,SYN_101350,12,07:09:25,07:09:40,0
r6ovFR4tIxNGXdkL4UeVE-07:00:00,SYN_101351,13,07:09:47,07:10:02,0
r6ovFR4tIxNGXdkL4UeVE-07:00:00,SYN_101352,14,07:10:09,07:10:24,0
r6ovFR4tIxNGXdkL4UeVE-07:00:00,SYN_101353,15,07:10:31,07:10:46,0
r6ovFR4tIxNGXdkL4UeVE-07:00:00,SYN_101354,16,07:10:53,07:11:08,0
r6ovFR4tIxNGXdkL4UeVE-07:00:00,SYN_101355,17,07:11:11,07:11:26,0
r6ovFR4tIxNGXdkL4UeVE-07:00:00,SYN_101356,18,07:11:29,07:11:44,0
r6ovFR4tIxNGXdkL4UeVE-07:00:00,SYN_101357,19,07:11:46,07:12:01,0
r6ovFR4tIxNGXdkL4UeVE-07:00:00,SYN_101358,20,07:12:04,07:12:19,0
r6ovFR4tIxNGXdkL4UeVE-07:00:00,SYN_101359,21,07:12:21,07:12:36,0
r6ovFR4tIxNGXdkL4UeVE-07:00:00,SYN_101360,22,07:12:39,07:12:54,0
r6ovFR4tIxNGXdkL4UeVE-07:00:00,SYN_101361,23,07:12:56,07:13:11,0
r6ovFR4tIxNGXdkL4UeVE-07:00:00,SYN_101362,24,07:13:14,07:13:29,0
r6ovFR4tIxNGXdkL4UeVE-07:00:00,SYN_101363,25,07:13:31,07:13:46,0
r6ovFR4tIxNGXdkL4UeVE-07:00:00,SYN_101364,26,07:13:53,07:14:08,0
r6ovFR4tIxNGXdkL4UeVE-07:00:00,SYN_101365,27,07:14:20,07:14:35,0
r6ovFR4tIxNGXdkL4UeVE-07:00:00,SYN_101366,28,07:14:48,07:15:03,0
r6ovFR4tIxNGXdkL4UeVE-07:00:00,SYN_101367,29,07:15:15,07:15:30,0
r6ovFR4tIxNGXdkL4UeVE-07:00:00,SYN_101368,30,07:15:43,07:15:58,0
r6ovFR4tIxNGXdkL4UeVE-07:00:00,SYN_101369,31,07:16:10,07:16:25,0
r6ovFR4tIxNGXdkL4UeVE-07:00:00,SYN_101370,32,07:16:38,07:16:53,0
r6ovFR4tIxNGXdkL4UeVE-07:00:00,SYN_101371,33,07:17:05,07:17:20,0
r6ovFR4tIxNGXdkL4UeVE-07:00:00,SYN_101372,34,07:17:33,07:17:48,0
r6ovFR4tIxNGXdkL4UeVE-07:00:00,SYN_101373,35,07:18:00,07:18:15,0
r6ovFR4tIxNGXdkL4UeVE-07:00:00,SYN_101374,36,07:18:28,07:18:43,0
r6ovFR4tIxNGXdkL4UeVE-07:00:00,SYN_101375,37,07:18:55,07:19:10,0
r6ovFR4tIxNGXdkL4UeVE-07:00:00,SYN_101376,38,07:19:23,07:19:38,0
r6ovFR4tIxNGXdkL4UeVE-07:00:00,SYN_101377,39,07:19:50,07:20:05,0
r6ovFR4tIxNGXdkL4UeVE-07:00:00,SYN_101378,40,07:20:17,07:20:32,0
r6ovFR4tIxNGXdkL4UeVE-07:00:00,SYN_101379,41,07:20:45,07:21:00,0
r6ovFR4tIxNGXdkL4UeVE-07:00:00,SYN_101380,42,07:21:12,07:21:27,0
r6ovFR4tIxNGXdkL4UeVE-07:00:00,SYN_101381,43,07:21:40,07:21:55,0
r6ovFR4tIxNGXdkL4UeVE-07:00:00,SYN_101382,44,07:22:07,07:22:22,0
r6ovFR4tIxNGXdkL4UeVE-07:00:00,SYN_101383,45,07:22:35,07:22:50,0
r6ovFR4tIxNGXdkL4UeVE-07:00:00,SYN_101384,46,07:23:02,07:23:17,0
r6ovFR4tIxNGXdkL4UeVE-07:00:00,SYN_101385,47,07:23:30,07:23:45,0
r6ovFR4tIxNGXdkL4UeVE-07:00:00,SYN_101386,48,07:23:57,07:24:12,0
r6ovFR4tIxNGXdkL4UeVE-07:00:00,SYN_101387,49,07:24:25,07:24:40,0
r6ovFR4tIxNGXdkL4UeVE-07:00:00,SYN_101388,50,07:24:52,07:25:07,0
r6ovFR4tIxNGXdkL4UeVE-07:00:00,SYN_101389,51,07:25:20,07:25:35,0
r6ovFR4tIxNGXdkL4UeVE-07:00:00,SYN_101390,52,07:25:47,07:26:02,0
r6ovFR4tIxNGXdkL4UeVE-07:00:00,SYN_101391,53,07:26:15,07:26:30,0
r6ovFR4tIxNGXdkL4UeVE-07:00:00,SYN_101392,54,07:26:42,07:26:57,0
r6ovFR4tIxNGXdkL4UeVE-07:00:00,SYN_101393,55,07:27:10,07:27:25,0
r6ovFR4tIxNGXdkL4UeVE-07:00:00,SYN_101394,56,07:27:37,07:27:52,0
r6ovFR4tIxNGXdkL4UeVE-07:00:00,SYN_101395,57,07:28:05,07:28:20,0
r6ovFR4tIxNGXdkL4UeVE-07:00:00,SYN_101396,58,07:28:32,07:28:47,0
eZVkbWyfsnRxGOMkDoSfl-07:00:00,SYN_101338,0,07:31:18,07:31:33,0
eZVkbWyfsnRxGOMkDoSfl-07:00:00,SYN_101339,1,07:30:45,07:31:00,0
eZVkbWyfsnRxGOMkDoSfl-07:00:00,SYN_101340,2,07:30:13,07:30:28,0
eZVkbWyfsnRxGOMkDoSfl-07:00:00,SYN_101341,3,07:29:41,07:29:56,0
eZVkbWyfsnRxGOMkDoSfl-07:00:00,SYN_101342,4,07:29:09,07:29:24,0
eZVkbWyfsnRxGOMkDoSfl-07:00:00,SYN_101343,5,07:28:37,07:28:52,0
eZVkbWyfsnRxGOMkDoSfl-07:00:00,SYN_101344,6,07:28:04,07:28:19,0
eZVkbWyfsnRxGOMkDoSfl-07:00:00,SYN_101345,7,07:27:32,07:27:47,0
eZVkbWyfsnRxGOMkDoSfl-07:00:00,SYN_101346,8,07:27:00,07:27:15,0
eZVkbWyfsnRxGOMkDoSfl-07:00:00,SYN_101347,9,07:26:28,07:26:43,0
eZVkbWyfsnRxGOMkDoSfl-07:00:00,SYN_101348,10,07:25:56,07:26:11,0
eZVkbWyfsnRxGOMkDoSfl-07:00:00,SYN_101349,11,07:25:23,07:25:38,0
eZVkbWyfsnRxGOMkDoSfl-07:00:00,SYN_101350,12,07:24:51,07:25:06,0
eZVkbWyfsnRxGOMkDoSfl-07:00:00,SYN_101351,13,07:24:19,07:24:34,0
eZVkbWyfsnRxGOMkDoSfl-07:00:00,SYN_101352,14,07:23:47,07:24:02,0
eZVkbWyfsnRxGOMkDoSfl-07:00:00,SYN_101353,15,07:23:15,07:23:30,0
eZVkbWyfsnRxGOMkDoSfl-07:00:00,SYN_101354,16,07:22:43,07:22:58,0
eZVkbWyfsnRxGOMkDoSfl-07:00:00,SYN_101355,17,07:22:10,07:22:25,0
eZVkbWyfsnRxGOMkDoSfl-07:00:00,SYN_101356,18,07:21:38,07:21:53,0
eZVkbWyfsnRxGOMkDoSfl-07:00:00,SYN_101357,19,07:21:06,07:21:21,0
eZVkbWyfsnRxGOMkDoSfl-07:00:00,SYN_101358,20,07:20:34,07:20:49,0
eZVkbWyfsnRxGOMkDoSfl-07:00:00,SYN_101359,21,07:20:02,07:20:17,0
eZVkbWyfsnRxGOMkDoSfl-07:00:00,SYN_101360,22,07:19:29,07:19:44,0
eZVkbWyfsnRxGOMkDoSfl-07:00:00,SYN_101361,23,07:18:57,07:19:12,0
eZVkbWyfsnRxGOMkDoSfl-07:00:00,SYN_101362,24,07:18:25,07:18:40,0
eZVkbWyfsnRxGOMkDoSfl-07:00:00,SYN_101363,25,07:17:53,07:18:08,0
eZVkbWyfsnRxGOMkDoSfl-07:00:00,SYN_101364,26,07:17:21,07:17:36,0
eZVkbWyfsnRxGOMkDoSfl-07:00:00,SYN_101365,27,07:16:48,07:17:03,0
eZVkbWyfsnRxGOMkDoSfl-07:00:00,SYN_101366,28,07:16:16,07:16:31,0
eZVkbWyfsnRxGOMkDoSfl-07:00:00,SYN_101367,29,07:15:44,07:15:59,0
eZVkbWyfsnRxGOMkDoSfl-07:00:00,SYN_101368,30,07:15:12,07:15:27,0
eZVkbWyfsnRxGOMkDoSfl-07:00:00,SYN_101369,31,07:14:40,07:14:55,0
eZVkbWyfsnRxGOMkDoSfl-07:00:00,SYN_101370,32,07:14:08,07:14:23,0
eZVkbWyfsnRxGOMkDoSfl-07:00:00,SYN_101371,33,07:13:35,07:13:50,0
eZVkbWyfsnRxGOMkDoSfl-07:00:00,SYN_101372,34,07:13:03,07:13:18,0
eZVkbWyfsnRxGOMkDoSfl-07:00:00,SYN_101373,35,07:12:31,07:12:46,0
eZVkbWyfsnRxGOMkDoSfl-07:00:00,SYN_101374,36,07:11:59,07:12:14,0
eZVkbWyfsnRxGOMkDoSfl-07:00:00,SYN_101375,37,07:11:27,07:11:42,0
eZVkbWyfsnRxGOMkDoSfl-07:00:00,SYN_101376,38,07:10:54,07:11:09,0
eZVkbWyfsnRxGOMkDoSfl-07:00:00,SYN_101377,39,07:10:22,07:10:37,0
eZVkbWyfsnRxGOMkDoSfl-07:00:00,SYN_101378,40,07:09:50,07:10:05,0
eZVkbWyfsnRxGOMkDoSfl-07:00:00,SYN_101379,41,07:09:18,07:09:33,0
eZVkbWyfsnRxGOMkDoSfl-07:00:00,SYN_101380,42,07:08:46,07:09:01,0
eZVkbWyfsnRxGOMkDoSfl-07:00:00,SYN_101381,43,07:08:13,07:08:28,0
eZVkbWyfsnRxGOMkDoSfl-07:00:00,SYN_101382,44,07:07:41,07:07:56,0
eZVkbWyfsnRxGOMkDoSfl-07:00:00,SYN_101383,45,07:07:09,07:07:24,0
eZVkbWyfsnRxGOMkDoSfl-07:00:00,SYN_101384,46,07:06:37,07:06:52,0
eZVkbWyfsnRxGOMkDoSfl-07:00:00,SYN_101385,47,07:06:05,07:06:20,0
eZVkbWyfsnRxGOMkDoSfl-07:00:00,SYN_101386,48,07:05:33,07:05:48,0
eZVkbWyfsnRxGOMkDoSfl-07:00:00,SYN_101387,49,07:05:00,07:05:15,0
eZVkbWyfsnRxGOMkDoSfl-07:00:00,SYN_101388,50,07:04:28,07:04:43,0
eZVkbWyfsnRxGOMkDoSfl-07:00:00,SYN_101389,51,07:03:56,07:04:11,0
eZVkbWyfsnRxGOMkDoSfl-07:00:00,SYN_101390,52,07:03:24,07:03:39,0
eZVkbWyfsnRxGOMkDoSfl-07:00:00,SYN_101391,53,07:02:52,07:03:07,0
eZVkbWyfsnRxGOMkDoSfl-07:00:00,SYN_101392,54,07:02:19,07:02:34,0
eZVkbWyfsnRxGOMkDoSfl-07:00:00,SYN_101393,55,07:01:47,07:02:02,0
eZVkbWyfsnRxGOMkDoSfl-07:00:00,SYN_101394,56,07:01:15,07:01:30,0
eZVkbWyfsnRxGOMkDoSfl-07:00:00,SYN_101395,57,07:00:43,07:00:58,0
eZVkbWyfsnRxGOMkDoSfl-07:00:00,SYN_101396,58,07:00:11,07:00:26,0
KmoDyTTsPPrzF7JK4J700-07:00:00,SYN_101400,0,07:00:18,07:00:33,0
KmoDyTTsPPrzF7JK4J700-07:00:00,SYN_101401,1,07:01:12,07:01:27,0
KmoDyTTsPPrzF7JK4J700-07:00:00,SYN_101402,2,07:02:05,07:02:20,0
KmoDyTTsPPrzF7JK4J700-07:00:00,SYN_101403,3,07:02:59,07:03:14,0
KmoDyTTsPPrzF7JK4J700-07:00:00,SYN_101404,4,07:03:53,07:04:08,0
KmoDyTTsPPrzF7JK4J700-07:00:00,SYN_101405,5,07:04:47,07:05:02,0
KmoDyTTsPPrzF7JK4J700-07:00:00,SYN_101406,6,07:05:41,07:05:56,0
KmoDyTTsPPrzF7JK4J700-07:00:00,SYN_101407,7,07:06:35,07:06:50,0
KmoDyTTsPPrzF7JK4J700-07:00:00,SYN_101408,8,07:07:28,07:07:43,0
KmoDyTTsPPrzF7JK4J700-07:00:00,SYN_101409,9,07:08:08,07:08:23,0
KmoDyTTsPPrzF7JK4J700-07:00:00,SYN_101410,10,07:08:35,07:08:50,0
KmoDyTTsPPrzF7JK4J700-07:00:00,SYN_101411,11,07:09:02,07:09:17,0
KmoDyTTsPPrzF7JK4J700-07:00:00,SYN_101412,12,07:09:25,07:09:40,0
KmoDyTTsPPrzF7JK4J700-07:00:00,SYN_101413,13,07:09:47,07:10:02,0
KmoDyTTsPPrzF7JK4J700-07:00:00,SYN_101414,14,07:10:09,07:10:24,0
KmoDyTTsPPrzF7JK4J700-07:00:00,SYN_101415,15,07:10:31,07:10:46,0
KmoDyTTsPPrzF7JK4J700-07:00:00,SYN_101416,16,07:10:52,07:11:07,0
KmoDyTTsPPrzF7JK4J700-07:00:00,SYN_101417,17,07:11:11,07:11:26,0
KmoDyTTsPPrzF7JK4J700-07:00:00,SYN_101418,18,07:11:28,07:11:43,0
KmoDyTTsPPrzF7JK4J700-07:00:00,SYN_101419,19,07:11:46,07:12:01,0
KmoDyTTsPPrzF7JK4J700-07:00:00,SYN_101420,20,07:12:03,07:12:18,0
KmoDyTTsPPrzF7JK4J700-07:00:00,SYN_101421,21,07:12:21,07:12:36,0
KmoDyTTsPPrzF7JK4J700-07:00:00,SYN_101422,22,07:12:38,07:12:53,0
KmoDyTTsPPrzF7JK4J700-07:00:00,SYN_101423,23,07:12:56,07:13:11,0
KmoDyTTsPPrzF7JK4J700-07:00:00,SYN_101424,24,07:13:13,07:13:28,0
KmoDyTTsPPrzF7JK4J700-07:00:00,SYN_101425,25,07:13:31,07:13:46,0
KmoDyTTsPPrzF7JK4J700-07:00:00,SYN_101426,26,07:13:48,07:14:03,0
KmoDyTTsPPrzF7JK4J700-07:00:00,SYN_101427,27,07:14:03,07:14:18,0
KmoDyTTsPPrzF7JK4J700-07:00:00,SYN_101428,28,07:14:19,07:14:34,0
KmoDyTTsPPrzF7JK4J700-07:00:00,SYN_101429,29,07:14:34,07:14:49,0
KmoDyTTsPPrzF7JK4J700-07:00:00,SYN_101430,30,07:14:50,07:15:05,0
KmoDyTTsPPrzF7JK4J700-07:00:00,SYN_101431,31,07:15:06,07:15:21,0
KmoDyTTsPPrzF7JK4J700-07:00:00,SYN_101432,32,07:15:21,07:15:36,0
KmoDyTTsPPrzF7JK4J700-07:00:00,SYN_101433,33,07:15:37,07:15:52,0
KmoDyTTsPPrzF7JK4J700-07:00:00,SYN_101434,34,07:15:52,07:16:07,0
KmoDyTTsPPrzF7JK4J700-07:00:00,SYN_101435,35,07:16:08,07:16:23,0
KmoDyTTsPPrzF7JK4J700-07:00:00,SYN_101436,36,07:16:24,07:16:39,0
KmoDyTTsPPrzF7JK4J700-07:00:00,SYN_101437,37,07:16:40,07:16:55,0
KmoDyTTsPPrzF7JK4J700-07:00:00,SYN_101438,38,07:16:58,07:17:13,0
KmoDyTTsPPrzF7JK4J700-07:00:00,SYN_101439,39,07:17:17,07:17:32,0
KmoDyTTsPPrzF7JK4J700-07:00:00,SYN_101440,40,07:17:36,07:17:51,0
KmoDyTTsPPrzF7JK4J700-07:00:00,SYN_101441,41,07:17:55,07:18:10,0
KmoDyTTsPPrzF7JK4J700-07:00:00,SYN_101442,42,07:18:14,07:18:29,0
KmoDyTTsPPrzF7JK4J700-07:00:00,SYN_101443,43,07:18:33,07:18:48,0
KmoDyTTsPPrzF7JK4J700-07:00:00,SYN_101444,44,07:18:52,07:19:07,0
KmoDyTTsPPrzF7JK4J700-07:00:00,SYN_101445,45,07:19:11,07:19:26,0
KmoDyTTsPPrzF7JK4J700-07:00:00,SYN_101446,46,07:19:30,07:19:45,0
KmoDyTTsPPrzF7JK4J700-07:00:00,SYN_101447,47,07:19:50,07:20:05,0
KmoDyTTsPPrzF7JK4J700-07:00:00,SYN_101448,48,07:20:09,07:20:24,0
KmoDyTTsPPrzF7JK4J700-07:00:00,SYN_101449,49,07:20:28,07:20:43,0
KmoDyTTsPPrzF7JK4J700-07:00:00,SYN_101450,50,07:20:47,07:21:02,0
KmoDyTTsPPrzF7JK4J700-07:00:00,SYN_101451,51,07:21:06,07:21:21,0
KmoDyTTsPPrzF7JK4J700-07:00:00,SYN_101452,52,07:21:25,07:21:40,0
KmoDyTTsPPrzF7JK4J700-07:00:00,SYN_101453,53,07:21:45,07:22:00,0
KmoDyTTsPPrzF7JK4J700-07:00:00,SYN_101454,54,07:22:04,07:22:19,0
KmoDyTTsPPrzF7JK4J700-07:00:00,SYN_101455,55,07:22:20,07:22:35,0
KmoDyTTsPPrzF7JK4J700-07:00:00,SYN_101456,56,07:22:36,07:22:51,0
KmoDyTTsPPrzF7JK4J700-07:00:00,SYN_101457,57,07:22:52,07:23:07,0
KmoDyTTsPPrzF7JK4J700-07:00:00,SYN_101458,58,07:23:07,07:23:22,0
KmoDyTTsPPrzF7JK4J700-07:00:00,SYN_101459,59,07:23:23,07:23:38,0
KmoDyTTsPPrzF7JK4J700-07:00:00,SYN_101460,60,07:23:39,07:23:54,0
KmoDyTTsPPrzF7JK4J700-07:00:00,SYN_101461,61,07:23:54,07:24:09,0
KmoDyTTsPPrzF7JK4J700-07:00:00,SYN_101462,62,07:24:10,07:24:25,0
KmoDyTTsPPrzF7JK4J700-07:00:00,SYN_101463,63,07:24:24,07:24:39,0
KmoDyTTsPPrzF7JK4J700-07:00:00,SYN_101464,64,07:24:39,07:24:54,0
KmoDyTTsPPrzF7JK4J700-07:00:00,SYN_101465,65,07:24:53,07:25:08,0
KmoDyTTsPPrzF7JK4J700-07:00:00,SYN_101466,66,07:25:08,07:25:23,0
KmoDyTTsPPrzF7JK4J700-07:00:00,SYN_101467,67,07:25:22,07:25:37,0
KmoDyTTsPPrzF7JK4J700-07:00:00,SYN_101468,68,07:25:37,07:25:52,0
KmoDyTTsPPrzF7JK4J700-07:00:00,SYN_101469,69,07:25:51,07:26:06,0
KmoDyTTsPPrzF7JK4J700-07:00:00,SYN_101470,70,07:26:06,07:26:21,0
KmoDyTTsPPrzF7JK4J700-07:00:00,SYN_101471,71,07:26:20,07:26:35,0
KmoDyTTsPPrzF7JK4J700-07:00:00,SYN_101472,72,07:26:35,07:26:50,0
KmoDyTTsPPrzF7JK4J700-07:00:00,SYN_101473,73,07:26:50,07:27:05,0
KmoDyTTsPPrzF7JK4J700-07:00:00,SYN_101474,74,07:27:04,07:27:19,0
KmoDyTTsPPrzF7JK4J700-07:00:00,SYN_101475,75,07:27:19,07:27:34,0
KmoDyTTsPPrzF7JK4J700-07:00:00,SYN_101476,76,07:27:33,07:27:48,0
KmoDyTTsPPrzF7JK4J700-07:00:00,SYN_101477,77,07:27:48,07:28:03,0
KmoDyTTsPPrzF7JK4J700-07:00:00,SYN_101478,78,07:28:02,07:28:17,0
KmoDyTTsPPrzF7JK4J700-07:00:00,SYN_101479,79,07:28:17,07:28:32,0
KmoDyTTsPPrzF7JK4J700-07:00:00,SYN_101480,80,07:28:31,07:28:46,0
KmoDyTTsPPrzF7JK4J700-07:00:00,SYN_101481,81,07:29:01,07:29:16,0
KmoDyTTsPPrzF7JK4J700-07:00:00,SYN_101482,82,07:30:21,07:30:36,0
KmoDyTTsPPrzF7JK4J700-07:00:00,SYN_101483,83,07:31:33,07:31:48,0
9iBvMMprqaal91Eesle9O-07:00:00,SYN_101400,0,07:32:33,07:32:48,0
9iBvMMprqaal91Eesle9O-07:00:00,SYN_101401,1,07:32:09,07:32:24,0
9iBvMMprqaal91Eesle9O-07:00:00,SYN_101402,2,07:31:46,07:32:01,0
9iBvMMprqaal91Eesle9O-07:00:00,SYN_101403,3,07:31:22,07:31:37,0
9iBvMMprqaal91Eesle9O-07:00:00,SYN_101404,4,07:30:59,07:31:14,0
9iBvMMprqaal91Eesle9O-07:00:00,SYN_101405,5,07:30:35,07:30:50,0
9iBvMMprqaal91Eesle9O-07:00:00,SYN_101406,6,07:30:12,07:30:27,0
9iBvMMprqaal91Eesle9O-07:00:00,SYN_101407,7,07:29:48,07:30:03,0
9iBvMMprqaal91Eesle9O-07:00:00,SYN_101408,8,07:29:25,07:29:40,0
9iBvMMprqaal91Eesle9O-07:00:00,SYN_101409,9,07:29:01,07:29:16,0
9iBvMMprqaal91Eesle9O-07:00:00,SYN_101410,10,07:28:38,07:28:53,0
9iBvMMprqaal91Eesle9O-07:00:00,SYN_101411,11,07:28:14,07:28:29,0
9iBvMMprqaal91Eesle9O-07:00:00,SYN_101412,12,07:27:51,07:28:06,0
9iBvMMprqaal91Eesle9O-07:00:00,SYN_101413,13,07:27:27,07:27:42,0
9iBvMMprqaal91Eesle9O-07:00:00,SYN_101414,14,07:27:04,07:27:19,0
9iBvMMprqaal91Eesle9O-07:00:00,SYN_101415,15,07:26:40,07:26:55,0
9iBvMMprqaal91Eesle9O-07:00:00,SYN_101416,16,07:26:17,07:26:32,0
9iBvMMprqaal91Eesle9O-07:00:00,SYN_101417,17,07:25:53,07:26:08,0
9iBvMMprqaal91Eesle9O-07:00:00,SYN_101418,18,07:25:30,07:25:45,0
9iBvMMprqaal91Eesle9O-07:00:00,SYN_101419,19,07:25:06,07:25:21,0
9iBvMMprqaal91Eesle9O-07:00:00,SYN_101420,20,07:24:43,07:24:58,0
9iBvMMprqaal91Eesle9O-07:00:00,SYN_101421,21,07:24:20,07:24:35,0
9iBvMMprqaal91Eesle9O-07:00:00,SYN_101422,22,07:23:56,07:24:11,0
9iBvMMprqaal91Eesle9O-07:00:00,SYN_101423,23,07:23:33,07:23:48,0
9iBvMMprqaal91Eesle9O-07:00:00,SYN_101424,24,07:23:09,07:23:24,0
9iBvMMprqaal91Eesle9O-07:00:00,SYN_101425,25,07:22:46,07:23:01,0
9iBvMMprqaal91Eesle9O-07:00:00,SYN_101426,26,07:22:22,07:22:37,0
9iBvMMprqaal91Eesle9O-07:00:00,SYN_101427,27,07:21:59,07:22:14,0
9iBvMMprqaal91Eesle9O-07:00:00,SYN_101428,28,07:21:35,07:21:50,0
9iBvMMprqaal91Eesle9O-07:00:00,SYN_101429,29,07:21:12,07:21:27,0
9iBvMMprqaal91Eesle9O-07:00:00,SYN_101430,30,07:20:48,07:21:03,0
9iBvMMprqaal91Eesle9O-07:00:00,SYN_101431,31,07:20:25,07:20:40,0
9iBvMMprqaal91Eesle9O-07:00:00,SYN_101432,32,07:20:01,07:20:16,0
9iBvMMprqaal91Eesle9O-07:00:00,SYN_101433,33,07:19:38,07:19:53,0
9iBvMMprqaal91Eesle9O-07:00:00,SYN_101434,34,07:19:14,07:19:29,0
9iBvMMprqaal91Eesle9O-07:00:00,SYN_101435,35,07:18:51,07:19:06,0
9iBvMMprqaal91Eesle9O-07:00:00,SYN_101436,36,07:18:27,07:18:42,0
9iBvMMprqaal91Eesle9O-07:00:00,SYN_101437,37,07:18:04,07:18:19,0
9iBvMMprqaal91Eesle9O-07:00:00,SYN_101438,38,07:17:40,07:17:55,0
9iBvMMprqaal91Eesle9O-07:00:00,SYN_101439,39,07:17:17,07:17:32,0
9iBvMMprqaal91Eesle9O-07:00:00,SYN_101440,40,07:16:53,07:17:08,0
9iBvMMprqaal91Eesle9O-07:00:00,SYN_101441,41,07:16:30,07:16:45,0
9iBvMMprqaal91Eesle9O-07:00:00,SYN_101442,42,07:16:06,07:16:21,0
9iBvMMprqaal91Eesle9O-07:00:00,SYN_101443,43,07:15:43,07:15:58,0
9iBvMMprqaal91Eesle9O-07:00:00,SYN_101444,44,07:15:20,07:15:35,0
9iBvMMprqaal91Eesle9O-07:00:00,SYN_101445,45,07:14:56,07:15:11,0
9iBvMMprqaal91Eesle9O-07:00:00,SYN_101446,46,07:14:33,07:14:48,0
9iBvMMprqaal91Eesle9O-07:00:00,SYN_101447,47,07:14:09,07:14:24,0
9iBvMMprqaal91Eesle9O-07:00:00,SYN_101448,48,07:13:46,07:14:01,0
9iBvMMprqaal91Eesle9O-07:00:00,SYN_101449,49,07:13:22,07:13:37,0
9iBvMMprqaal91Eesle9O-07:00:00,SYN_101450,50,07:12:59,07:13:14,0
9iBvMMprqaal91Eesle9O-07:00:00,SYN_101451,51,07:12:35,07:12:50,0
9iBvMMprqaal91Eesle9O-07:00:00,SYN_101452,52,07:12:12,07:12:27,0
9iBvMMprqaal91Eesle9O-07:00:00,SYN_101453,53,07:11:48,07:12:03,0
9iBvMMprqaal91Eesle9O-07:00:00,SYN_101454,54,07:11:25,07:11:40,0
9iBvMMprqaal91Eesle9O-07:00:00,SYN_101455,55,07:11:01,07:11:16,0
9iBvMMprqaal91Eesle9O-07:00:00,SYN_101456,56,07:10:38,07:10:53,0
9iBvMMprqaal91Eesle9O-07:00:00,SYN_101457,57,07:10:14,07:10:29,0
9iBvMMprqaal91Eesle9O-07:00:00,SYN_101458,58,07:09:51,07:10:06,0
9iBvMMprqaal91Eesle9O-07:00:00,SYN_101459,59,07:09:27,07:09:42,0
9iBvMMprqaal91Eesle9O-07:00:00,SYN_101460,60,07:09:04,07:09:19,0
9iBvMMprqaal91Eesle9O-07:00:00,SYN_101461,61,07:08:40,07:08:55,0
9iBvMMprqaal91Eesle9O-07:00:00,SYN_101462,62,07:08:17,07:08:32,0
9iBvMMprqaal91Eesle9O-07:00:00,SYN_101463,63,07:07:53,07:08:08,0
9iBvMMprqaal91Eesle9O-07:00:00,SYN_101464,64,07:07:30,07:07:45,0
9iBvMMprqaal91Eesle9O-07:00:00,SYN_101465,65,07:07:07,07:07:22,0
9iBvMMprqaal91Eesle9O-07:00:00,SYN_101466,66,07:06:43,07:06:58,0
9iBvMMprqaal91Eesle9O-07:00:00,SYN_101467,67,07:06:20,07:06:35,0
9iBvMMprqaal91Eesle9O-07:00:00,SYN_101468,68,07:05:56,07:06:11,0
9iBvMMprqaal91Eesle9O-07:00:00,SYN_101469,69,07:05:33,07:05:48,0
9iBvMMprqaal91Eesle9O-07:00:00,SYN_101470,70,07:05:09,07:05:24,0
9iBvMMprqaal91Eesle9O-07:00:00,SYN_101471,71,07:04:46,07:05:01,0
9iBvMMprqaal91Eesle9O-07:00:00,SYN_101472,72,07:04:22,07:04:37,0
9iBvMMprqaal91Eesle9O-07:00:00,SYN_101473,73,07:03:59,07:04:14,0
9iBvMMprqaal91Eesle9O-07:00:00,SYN_101474,74,07:03:35,07:03:50,0
9iBvMMprqaal91Eesle9O-07:00:00,SYN_101475,75,07:03:12,07:03:27,0
9iBvMMprqaal91Eesle9O-07:00:00,SYN_101476,76,07:02:48,07:03:03,0
9iBvMMprqaal91Eesle9O-07:00:00,SYN_101477,77,07:02:25,07:02:40,0
9iBvMMprqaal91Eesle9O-07:00:00,SYN_101478,78,07:02:01,07:02:16,0
9iBvMMprqaal91Eesle9O-07:00:00,SYN_101479,79,07:01:38,07:01:53,0
9iBvMMprqaal91Eesle9O-07:00:00,SYN_101480,80,07:01:14,07:01:29,0
9iBvMMprqaal91Eesle9O-07:00:00,SYN_101481,81,07:00:51,07:01:06,0
9iBvMMprqaal91Eesle9O-07:00:00,SYN_101482,82,07:00:27,07:00:42,0
9iBvMMprqaal91Eesle9O-07:00:00,SYN_101483,83,07:00:04,07:00:19,0
xDj2dqi2X96UqHuyUcyqS-07:00:00,SYN_101487,0,07:00:08,07:00:23,0
xDj2dqi2X96UqHuyUcyqS-07:00:00,SYN_101488,1,07:01:14,07:01:29,0
xDj2dqi2X96UqHuyUcyqS-07:00:00,SYN_101489,2,07:02:19,07:02:34,0
xDj2dqi2X96UqHuyUcyqS-07:00:00,SYN_101490,3,07:03:25,07:03:40,0
xDj2dqi2X96UqHuyUcyqS-07:00:00,SYN_101491,4,07:04:30,07:04:45,0
xDj2dqi2X96UqHuyUcyqS-07:00:00,SYN_101492,5,07:05:36,07:05:51,0
xDj2dqi2X96UqHuyUcyqS-07:00:00,SYN_101493,6,07:06:41,07:06:56,0
xDj2dqi2X96UqHuyUcyqS-07:00:00,SYN_101494,7,07:07:47,07:08:02,0
xDj2dqi2X96UqHuyUcyqS-07:00:00,SYN_101495,8,07:08:50,07:09:05,0
xDj2dqi2X96UqHuyUcyqS-07:00:00,SYN_101496,9,07:09:53,07:10:08,0
xDj2dqi2X96UqHuyUcyqS-07:00:00,SYN_101497,10,07:10:54,07:11:09,0
xDj2dqi2X96UqHuyUcyqS-07:00:00,SYN_101498,11,07:11:53,07:12:08,0
xDj2dqi2X96UqHuyUcyqS-07:00:00,SYN_101499,12,07:12:44,07:12:59,0
xDj2dqi2X96UqHuyUcyqS-07:00:00,SYN_101500,13,07:13:05,07:13:20,0
xDj2dqi2X96UqHuyUcyqS-07:00:00,SYN_101501,14,07:13:26,07:13:41,0
xDj2dqi2X96UqHuyUcyqS-07:00:00,SYN_101502,15,07:13:47,07:14:02,0
xDj2dqi2X96UqHuyUcyqS-07:00:00,SYN_101503,16,07:14:35,07:14:50,0
xDj2dqi2X96UqHuyUcyqS-07:00:00,SYN_101504,17,07:15:32,07:15:47,0
xDj2dqi2X96UqHuyUcyqS-07:00:00,SYN_101505,18,07:16:27,07:16:42,0
xDj2dqi2X96UqHuyUcyqS-07:00:00,SYN_101506,19,07:17:22,07:17:37,0
xDj2dqi2X96UqHuyUcyqS-07:00:00,SYN_101507,20,07:18:06,07:18:21,0
xDj2dqi2X96UqHuyUcyqS-07:00:00,SYN_101508,21,07:18:50,07:19:05,0
xDj2dqi2X96UqHuyUcyqS-07:00:00,SYN_101509,22,07:19:35,07:19:50,0
xDj2dqi2X96UqHuyUcyqS-07:00:00,SYN_101510,23,07:20:19,07:20:34,0
xDj2dqi2X96UqHuyUcyqS-07:00:00,SYN_101511,24,07:21:03,07:21:18,0
xDj2dqi2X96UqHuyUcyqS-07:00:00,SYN_101512,25,07:21:45,07:22:00,0
xDj2dqi2X96UqHuyUcyqS-07:00:00,SYN_101513,26,07:22:23,07:22:38,0
xDj2dqi2X96UqHuyUcyqS-07:00:00,SYN_101514,27,07:23:01,07:23:16,0
xDj2dqi2X96UqHuyUcyqS-07:00:00,SYN_101515,28,07:23:38,07:23:53,0
xDj2dqi2X96UqHuyUcyqS-07:00:00,SYN_101516,29,07:24:16,07:24:31,0
xDj2dqi2X96UqHuyUcyqS-07:00:00,SYN_101517,30,07:24:54,07:25:09,0
xDj2dqi2X96UqHuyUcyqS-07:00:00,SYN_101518,31,07:25:53,07:26:08,0
xDj2dqi2X96UqHuyUcyqS-07:00:00,SYN_101519,32,07:26:53,07:27:08,0
xDj2dqi2X96UqHuyUcyqS-07:00:00,SYN_101520,33,07:27:54,07:28:09,0
xDj2dqi2X96UqHuyUcyqS-07:00:00,SYN_101521,34,07:28:55,07:29:10,0
xDj2dqi2X96UqHuyUcyqS-07:00:00,SYN_101522,35,07:29:32,07:29:47,0
xDj2dqi2X96UqHuyUcyqS-07:00:00,SYN_101523,36,07:29:52,07:30:07,0
xDj2dqi2X96UqHuyUcyqS-07:00:00,SYN_101524,37,07:30:11,07:30:26,0
xDj2dqi2X96UqHuyUcyqS-07:00:00,SYN_101525,38,07:30:30,07:30:45,0
xDj2dqi2X96UqHuyUcyqS-07:00:00,SYN_101526,39,07:30:50,07:31:05,0
xDj2dqi2X96UqHuyUcyqS-07:00:00,SYN_101527,40,07:31:09,07:31:24,0
cPH8TY_FP2nMGpFWXqpQb-07:00:00,SYN_101487,0,07:27:08,07:27:23,0
cPH8TY_FP2nMGpFWXqpQb-07:00:00,SYN_101488,1,07:26:28,07:26:43,0
cPH8TY_FP2nMGpFWXqpQb-07:00:00,SYN_101489,2,07:25:47,07:26:02,0
cPH8TY_FP2nMGpFWXqpQb-07:00:00,SYN_101490,3,07:25:07,07:25:22,0
cPH8TY_FP2nMGpFWXqpQb-07:00:00,SYN_101491,4,07:24:27,07:24:42,0
cPH8TY_FP2nMGpFWXqpQb-07:00:00,SYN_101492,5,07:23:46,07:24:01,0
cPH8TY_FP2nMGpFWXqpQb-07:00:00,SYN_101493,6,07:23:06,07:23:21,0
cPH8TY_FP2nMGpFWXqpQb-07:00:00,SYN_101494,7,07:22:25,07:22:40,0
cPH8TY_FP2nMGpFWXqpQb-07:00:00,SYN_101495,8,07:21:45,07:22:00,0
cPH8TY_FP2nMGpFWXqpQb-07:00:00,SYN_101496,9,07:21:05,07:21:20,0
cPH8TY_FP2nMGpFWXqpQb-07:00:00,SYN_101497,10,07:20:24,07:20:39,0
cPH8TY_FP2nMGpFWXqpQb-07:00:00,SYN_101498,11,07:19:44,07:19:59,0
cPH8TY_FP2nMGpFWXqpQb-07:00:00,SYN_101499,12,07:19:04,07:19:19,0
cPH8TY_FP2nMGpFWXqpQb-07:00:00,SYN_101500,13,07:18:23,07:18:38,0
cPH8TY_FP2nMGpFWXqpQb-07:00:00,SYN_101501,14,07:17:43,07:17:58,0
cPH8TY_FP2nMGpFWXqpQb-07:00:00,SYN_101502,15,07:17:02,07:17:17,0
cPH8TY_FP2nMGpFWXqpQb-07:00:00,SYN_101503,16,07:16:22,07:16:37,0
cPH8TY_FP2nMGpFWXqpQb-07:00:00,SYN_101504,17,07:15:42,07:15:57,0
cPH8TY_FP2nMGpFWXqpQb-07:00:00,SYN_101505,18,07:15:01,07:15:16,0
cPH8TY_FP2nMGpFWXqpQb-07:00:00,SYN_101506,19,07:14:21,07:14:36,0
cPH8TY_FP2nMGpFWXqpQb-07:00:00,SYN_101507,20,07:13:41,07:13:56,0
cPH8TY_FP2nMGpFWXqpQb-07:00:00,SYN_101508,21,07:13:00,07:13:15,0
cPH8TY_FP2nMGpFWXqpQb-07:00:00,SYN_101509,22,07:12:20,07:12:35,0
cPH8TY_FP2nMGpFWXqpQb-07:00:00,SYN_101510,23,07:11:39,07:11:54,0
cPH8TY_FP2nMGpFWXqpQb-07:00:00,SYN_101511,24,07:10:59,07:11:14,0
cPH8TY_FP2nMGpFWXqpQb-07:00:00,SYN_101512,25,07:10:19,07:10:34,0
cPH8TY_FP2nMGpFWXqpQb-07:00:00,SYN_101513,26,07:09:38,07:09:53,0
cPH8TY_FP2nMGpFWXqpQb-07:00:00,SYN_101514,27,07:08:58,07:09:13,0
cPH8TY_FP2nMGpFWXqpQb-07:00:00,SYN_101515,28,07:08:18,07:08:33,0
cPH8TY_FP2nMGpFWXqpQb-07:00:00,SYN_101516,29,07:07:37,07:07:52,0
cPH8TY_FP2nMGpFWXqpQb-07:00:00,SYN_101517,30,07:06:57,07:07:12,0
cPH8TY_FP2nMGpFWXqpQb-07:00:00,SYN_101518,31,07:06:16,07:06:31,0
cPH8TY_FP2nMGpFWXqpQb-07:00:00,SYN_101519,32,07:05:36,07:05:51,0
cPH8TY_FP2nMGpFWXqpQb-07:00:00,SYN_101520,33,07:04:56,07:05:11,0
cPH8TY_FP2nMGpFWXqpQb-07:00:00,SYN_101521,34,07:04:15,07:04:30,0
cPH8TY_FP2nMGpFWXqpQb-07:00:00,SYN_101522,35,07:03:35,07:03:50,0
cPH8TY_FP2nMGpFWXqpQb-07:00:00,SYN_101523,36,07:02:55,07:03:10,0
cPH8TY_FP2nMGpFWXqpQb-07:00:00,SYN_101524,37,07:02:14,07:02:29,0
cPH8TY_FP2nMGpFWXqpQb-07:00:00,SYN_101525,38,07:01:34,07:01:49,0
cPH8TY_FP2nMGpFWXqpQb-07:00:00,SYN_101526,39,07:00:53,07:01:08,0
cPH8TY_FP2nMGpFWXqpQb-07:00:00,SYN_101527,40,07:00:13,07:00:28,0
TufBf34AgKUOdqfLpoq9_-07:00:00,SYN_101533,0,07:01:02,07:01:17,0
TufBf34AgKUOdqfLpoq9_-07:00:00,SYN_101534,1,07:01:21,07:01:36,0
TufBf34AgKUOdqfLpoq9_-07:00:00,SYN_101535,2,07:01:39,07:01:54,0
TufBf34AgKUOdqfLpoq9_-07:00:00,SYN_101536,3,07:01:57,07:02:12,0
TufBf34AgKUOdqfLpoq9_-07:00:00,SYN_101537,4,07:02:16,07:02:31,0
TufBf34AgKUOdqfLpoq9_-07:00:00,SYN_101538,5,07:02:34,07:02:49,0
TufBf34AgKUOdqfLpoq9_-07:00:00,SYN_101539,6,07:02:53,07:03:08,0
TufBf34AgKUOdqfLpoq9_-07:00:00,SYN_101540,7,07:03:11,07:03:26,0
TufBf34AgKUOdqfLpoq9_-07:00:00,SYN_101541,8,07:03:30,07:03:45,0
TufBf34AgKUOdqfLpoq9_-07:00:00,SYN_101542,9,07:03:50,07:04:05,0
TufBf34AgKUOdqfLpoq9_-07:00:00,SYN_101543,10,07:04:13,07:04:28,0
TufBf34AgKUOdqfLpoq9_-07:00:00,SYN_101544,11,07:04:35,07:04:50,0
TufBf34AgKUOdqfLpoq9_-07:00:00,SYN_101545,12,07:04:57,07:05:12,0
TufBf34AgKUOdqfLpoq9_-07:00:00,SYN_101546,13,07:05:19,07:05:34,0
TufBf34AgKUOdqfLpoq9_-07:00:00,SYN_101547,14,07:05:42,07:05:57,0
TufBf34AgKUOdqfLpoq9_-07:00:00,SYN_101548,15,07:06:04,07:06:19,0
TufBf34AgKUOdqfLpoq9_-07:00:00,SYN_101549,16,07:06:43,07:06:58,0
TufBf34AgKUOdqfLpoq9_-07:00:00,SYN_101550,17,07:07:24,07:07:39,0
TufBf34AgKUOdqfLpoq9_-07:00:00,SYN_101551,18,07:08:06,07:08:21,0
TufBf34AgKUOdqfLpoq9_-07:00:00,SYN_101552,19,07:08:47,07:09:02,0
TufBf34AgKUOdqfLpoq9_-07:00:00,SYN_101553,20,07:09:29,07:09:44,0
TufBf34AgKUOdqfLpoq9_-07:00:00,SYN_101554,21,07:10:10,07:10:25,0
TufBf34AgKUOdqfLpoq9_-07:00:00,SYN_101555,22,07:10:52,07:11:07,0
TufBf34AgKUOdqfLpoq9_-07:00:00,SYN_101556,23,07:11:33,07:11:48,0
TufBf34AgKUOdqfLpoq9_-07:00:00,SYN_101557,24,07:12:09,07:12:24,0
TufBf34AgKUOdqfLpoq9_-07:00:00,SYN_101558,25,07:12:38,07:12:53,0
TufBf34AgKUOdqfLpoq9_-07:00:00,SYN_101559,26,07:13:06,07:13:21,0
TufBf34AgKUOdqfLpoq9_-07:00:00,SYN_101560,27,07:13:35,07:13:50,0
TufBf34AgKUOdqfLpoq9_-07:00:00,SYN_101561,28,07:14:04,07:14:19,0
TufBf34AgKUOdqfLpoq9_-07:00:00,SYN_101562,29,07:14:32,07:14:47,0
TufBf34AgKUOdqfLpoq9_-07:00:00,SYN_101563,30,07:15:01,07:15:16,0
TufBf34AgKUOdqfLpoq9_-07:00:00,SYN_101564,31,07:15:29,07:15:44,0
TufBf34AgKUOdqfLpoq9_-07:00:00,SYN_101565,32,07:15:58,07:16:13,0
TufBf34AgKUOdqfLpoq9_-07:00:00,SYN_101566,33,07:16:26,07:16:41,0
TufBf34AgKUOdqfLpoq9_-07:00:00,SYN_101567,34,07:16:55,07:17:10,0
TufBf34AgKUOdqfLpoq9_-07:00:00,SYN_101568,35,07:17:40,07:17:55,0
TufBf34AgKUOdqfLpoq9_-07:00:00,SYN_101569,36,07:19:00,07:19:15,0
TufBf34AgKUOdqfLpoq9_-07:00:00,SYN_101570,37,07:20:11,07:20:26,0
Da9EIaUt19ZSMI3qwGvzZ-07:00:00,SYN_101529,0,07:20:02,07:20:17,0
Da9EIaUt19ZSMI3qwGvzZ-07:00:00,SYN_101530,1,07:19:33,07:19:48,0
Da9EIaUt19ZSMI3qwGvzZ-07:00:00,SYN_101531,2,07:19:04,07:19:19,0
Da9EIaUt19ZSMI3qwGvzZ-07:00:00,SYN_101532,3,07:18:34,07:18:49,0
Da9EIaUt19ZSMI3qwGvzZ-07:00:00,SYN_101533,4,07:18:05,07:18:20,0
Da9EIaUt19ZSMI3qwGvzZ-07:00:00,SYN_101534,5,07:17:36,07:17:51,0
Da9EIaUt19ZSMI3qwGvzZ-07:00:00,SYN_101535,6,07:17:07,07:17:22,0
Da9EIaUt19ZSMI3qwGvzZ-07:00:00,SYN_101536,7,07:16:37,07:16:52,0
Da9EIaUt19ZSMI3qwGvzZ-07:00:00,SYN_101537,8,07:16:08,07:16:23,0
Da9EIaUt19ZSMI3qwGvzZ-07:00:00,SYN_101538,9,07:15:39,07:15:54,0
Da9EIaUt19ZSMI3qwGvzZ-07:00:00,SYN_101539,10,07:15:10,07:15:25,0
Da9EIaUt19ZSMI3qwGvzZ-07:00:00,SYN_101540,11,07:14:40,07:14:55,0
Da9EIaUt19ZSMI3qwGvzZ-07:00:00,SYN_101541,12,07:14:11,07:14:26,0
Da9EIaUt19ZSMI3qwGvzZ-07:00:00,SYN_101542,13,07:13:42,07:13:57,0
Da9EIaUt19ZSMI3qwGvzZ-07:00:00,SYN_101543,14,07:13:13,07:13:28,0
Da9EIaUt19ZSMI3qwGvzZ-07:00:00,SYN_101544,15,07:12:43,07:12:58,0
Da9EIaUt19ZSMI3qwGvzZ-07:00:00,SYN_101545,16,07:12:14,07:12:29,0
Da9EIaUt19ZSMI3qwGvzZ-07:00:00,SYN_101546,17,07:11:45,07:12:00,0
Da9EIaUt19ZSMI3qwGvzZ-07:00:00,SYN_101547,18,07:11:16,07:11:31,0
Da9EIaUt19ZSMI3qwGvzZ-07:00:00,SYN_101548,19,07:10:46,07:11:01,0
Da9EIaUt19ZSMI3qwGvzZ-07:00:00,SYN_101549,20,07:10:17,07:10:32,0
Da9EIaUt19ZSMI3qwGvzZ-07:00:00,SYN_101550,21,07:09:48,07:10:03,0
Da9EIaUt19ZSMI3qwGvzZ-07:00:00,SYN_101551,22,07:09:18,07:09:33,0
Da9EIaUt19ZSMI3qwGvzZ-07:00:00,SYN_101552,23,07:08:49,07:09:04,0
Da9EIaUt19ZSMI3qwGvzZ-07:00:00,SYN_101553,24,07:08:20,07:08:35,0
Da9EIaUt19ZSMI3qwGvzZ-07:00:00,SYN_101554,25,07:07:51,07:08:06,0
Da9EIaUt19ZSMI3qwGvzZ-07:00:00,SYN_101555,26,07:07:21,07:07:36,0
Da9EIaUt19ZSMI3qwGvzZ-07:00:00,SYN_101556,27,07:06:52,07:07:07,0
Da9EIaUt19ZSMI3qwGvzZ-07:00:00,SYN_101557,28,07:06:23,07:06:38,0
Da9EIaUt19ZSMI3qwGvzZ-07:00:00,SYN_101558,29,07:05:54,07:06:09,0
Da9EIaUt19ZSMI3qwGvzZ-07:00:00,SYN_101559,30,07:05:24,07:05:39,0
Da9EIaUt19ZSMI3qwGvzZ-07:00:00,SYN_101560,31,07:04:55,07:05:10,0
Da9EIaUt19ZSMI3qwGvzZ-07:00:00,SYN_101561,32,07:04:26,07:04:41,0
Da9EIaUt19ZSMI3qwGvzZ-07:00:00,SYN_101562,33,07:03:57,07:04:12,0
Da9EIaUt19ZSMI3qwGvzZ-07:00:00,SYN_101563,34,07:03:27,07:03:42,0
Da9EIaUt19ZSMI3qwGvzZ-07:00:00,SYN_101564,35,07:02:58,07:03:13,0
Da9EIaUt19ZSMI3qwGvzZ-07:00:00,SYN_101565,36,07:02:29,07:02:44,0
Da9EIaUt19ZSMI3qwGvzZ-07:00:00,SYN_101566,37,07:02:00,07:02:15,0
Da9EIaUt19ZSMI3qwGvzZ-07:00:00,SYN_101567,38,07:01:30,07:01:45,0
Da9EIaUt19ZSMI3qwGvzZ-07:00:00,SYN_101568,39,07:01:01,07:01:16,0
Da9EIaUt19ZSMI3qwGvzZ-07:00:00,SYN_101569,40,07:00:32,07:00:47,0
Da9EIaUt19ZSMI3qwGvzZ-07:00:00,SYN_101570,41,07:00:03,07:00:18,0
CHPoO06l96ZxXNoM4s7El-07:00:00,SYN_101571,0,07:00:14,07:00:29,0
CHPoO06l96ZxXNoM4s7El-07:00:00,SYN_101572,1,07:00:37,07:00:52,0
CHPoO06l96ZxXNoM4s7El-07:00:00,SYN_101573,2,07:01:00,07:01:15,0
CHPoO06l96ZxXNoM4s7El-07:00:00,SYN_101574,3,07:01:23,07:01:38,0
CHPoO06l96ZxXNoM4s7El-07:00:00,SYN_101575,4,07:01:46,07:02:01,0
CHPoO06l96ZxXNoM4s7El-07:00:00,SYN_101576,5,07:02:08,07:02:23,0
CHPoO06l96ZxXNoM4s7El-07:00:00,SYN_101577,6,07:02:31,07:02:46,0
CHPoO06l96ZxXNoM4s7El-07:00:00,SYN_101578,7,07:02:54,07:03:09,0
CHPoO06l96ZxXNoM4s7El-07:00:00,SYN_101579,8,07:03:17,07:03:32,0
CHPoO06l96ZxXNoM4s7El-07:00:00,SYN_101580,9,07:03:58,07:04:13,0
CHPoO06l96ZxXNoM4s7El-07:00:00,SYN_101581,10,07:04:59,07:05:14,0
CHPoO06l96ZxXNoM4s7El-07:00:00,SYN_101582,11,07:05:59,07:06:14,0
CHPoO06l96ZxXNoM4s7El-07:00:00,SYN_101583,12,07:07:00,07:07:15,0
CHPoO06l96ZxXNoM4s7El-07:00:00,SYN_101584,13,07:07:56,07:08:11,0
CHPoO06l96ZxXNoM4s7El-07:00:00,SYN_101585,14,07:08:15,07:08:30,0
CHPoO06l96ZxXNoM4s7El-07:00:00,SYN_101586,15,07:08:34,07:08:49,0
CHPoO06l96ZxXNoM4s7El-07:00:00,SYN_101587,16,07:08:53,07:09:08,0
CHPoO06l96ZxXNoM4s7El-07:00:00,SYN_101588,17,07:09:13,07:09:28,0
CHPoO06l96ZxXNoM4s7El-07:00:00,SYN_101589,18,07:09:32,07:09:47,0
o9FR1QzxiDSovwQlc0MKb-07:00:00,SYN_101571,0,07:19:53,07:20:08,0
o9FR1QzxiDSovwQlc0MKb-07:00:00,SYN_101572,1,07:18:50,07:19:05,0
o9FR1QzxiDSovwQlc0MKb-07:00:00,SYN_101573,2,07:17:46,07:18:01,0
o9FR1QzxiDSovwQlc0MKb-07:00:00,SYN_101574,3,07:16:43,07:16:58,0
o9FR1QzxiDSovwQlc0MKb-07:00:00,SYN_101575,4,07:15:39,07:15:54,0
o9FR1QzxiDSovwQlc0MKb-07:00:00,SYN_101576,5,07:14:36,07:14:51,0
o9FR1QzxiDSovwQlc0MKb-07:00:00,SYN_101577,6,07:13:32,07:13:47,0
o9FR1QzxiDSovwQlc0MKb-07:00:00,SYN_101578,7,07:12:29,07:12:44,0
o9FR1QzxiDSovwQlc0MKb-07:00:00,SYN_101579,8,07:11:25,07:11:40,0
o9FR1QzxiDSovwQlc0MKb-07:00:00,SYN_101580,9,07:10:22,07:10:37,0
o9FR1QzxiDSovwQlc0MKb-07:00:00,SYN_101581,10,07:09:19,07:09:34,0
o9FR1QzxiDSovwQlc0MKb-07:00:00,SYN_101582,11,07:08:15,07:08:30,0
o9FR1QzxiDSovwQlc0MKb-07:00:00,SYN_101583,12,07:07:12,07:07:27,0
o9FR1QzxiDSovwQlc0MKb-07:00:00,SYN_101584,13,07:06:08,07:06:23,0
o9FR1QzxiDSovwQlc0MKb-07:00:00,SYN_101585,14,07:05:05,07:05:20,0
o9FR1QzxiDSovwQlc0MKb-07:00:00,SYN_101586,15,07:04:01,07:04:16,0
o9FR1QzxiDSovwQlc0MKb-07:00:00,SYN_101587,16,07:02:58,07:03:13,0
o9FR1QzxiDSovwQlc0MKb-07:00:00,SYN_101588,17,07:01:54,07:02:09,0
o9FR1QzxiDSovwQlc0MKb-07:00:00,SYN_101589,18,07:00:51,07:01:06,0
uOo5ud2_KAT6G_nCjg9oe-07:00:00,SYN_101592,0,07:00:23,07:00:38,0
uOo5ud2_KAT6G_nCjg9oe-07:00:00,SYN_101593,1,07:00:50,07:01:05,0
uOo5ud2_KAT6G_nCjg9oe-07:00:00,SYN_101594,2,07:01:18,07:01:33,0
uOo5ud2_KAT6G_nCjg9oe-07:00:00,SYN_101595,3,07:01:45,07:02:00,0
uOo5ud2_KAT6G_nCjg9oe-07:00:00,SYN_101596,4,07:02:12,07:02:27,0
uOo5ud2_KAT6G_nCjg9oe-07:00:00,SYN_101597,5,07:02:39,07:02:54,0
uOo5ud2_KAT6G_nCjg9oe-07:00:00,SYN_101598,6,07:03:06,07:03:21,0
uOo5ud2_KAT6G_nCjg9oe-07:00:00,SYN_101599,7,07:03:26,07:03:41,0
uOo5ud2_KAT6G_nCjg9oe-07:00:00,SYN_101600,8,07:03:42,07:03:57,0
uOo5ud2_KAT6G_nCjg9oe-07:00:00,SYN_101601,9,07:03:59,07:04:14,0
uOo5ud2_KAT6G_nCjg9oe-07:00:00,SYN_101602,10,07:04:15,07:04:30,0
uOo5ud2_KAT6G_nCjg9oe-07:00:00,SYN_101603,11,07:04:31,07:04:46,0
uOo5ud2_KAT6G_nCjg9oe-07:00:00,SYN_101604,12,07:04:48,07:05:03,0
uOo5ud2_KAT6G_nCjg9oe-07:00:00,SYN_101605,13,07:05:04,07:05:19,0
uOo5ud2_KAT6G_nCjg9oe-07:00:00,SYN_101606,14,07:05:21,07:05:36,0
uOo5ud2_KAT6G_nCjg9oe-07:00:00,SYN_101607,15,07:05:37,07:05:52,0
uOo5ud2_KAT6G_nCjg9oe-07:00:00,SYN_101608,16,07:05:54,07:06:09,0
uOo5ud2_KAT6G_nCjg9oe-07:00:00,SYN_101609,17,07:06:10,07:06:25,0
uOo5ud2_KAT6G_nCjg9oe-07:00:00,SYN_101610,18,07:06:26,07:06:41,0
uOo5ud2_KAT6G_nCjg9oe-07:00:00,SYN_101611,19,07:06:43,07:06:58,0
uOo5ud2_KAT6G_nCjg9oe-07:00:00,SYN_101612,20,07:06:59,07:07:14,0
uOo5ud2_KAT6G_nCjg9oe-07:00:00,SYN_101613,21,07:07:16,07:07:31,0
uOo5ud2_KAT6G_nCjg9oe-07:00:00,SYN_101614,22,07:07:32,07:07:47,0
uOo5ud2_KAT6G_nCjg9oe-07:00:00,SYN_101615,23,07:07:49,07:08:04,0
uOo5ud2_KAT6G_nCjg9oe-07:00:00,SYN_101616,24,07:08:05,07:08:20,0
uOo5ud2_KAT6G_nCjg9oe-07:00:00,SYN_101617,25,07:08:22,07:08:37,0
uOo5ud2_KAT6G_nCjg9oe-07:00:00,SYN_101618,26,07:08:43,07:08:58,0
uOo5ud2_KAT6G_nCjg9oe-07:00:00,SYN_101619,27,07:09:13,07:09:28,0
uOo5ud2_KAT6G_nCjg9oe-07:00:00,SYN_101620,28,07:09:43,07:09:58,0
uOo5ud2_KAT6G_nCjg9oe-07:00:00,SYN_101621,29,07:10:13,07:10:28,0
uOo5ud2_KAT6G_nCjg9oe-07:00:00,SYN_101622,30,07:10:43,07:10:58,0
uOo5ud2_KAT6G_nCjg9oe-07:00:00,SYN_101623,31,07:11:25,07:11:40,0
uOo5ud2_KAT6G_nCjg9oe-07:00:00,SYN_101624,32,07:12:10,07:12:25,0
uOo5ud2_KAT6G_nCjg9oe-07:00:00,SYN_101625,33,07:12:54,07:13:09,0
uOo5ud2_KAT6G_nCjg9oe-07:00:00,SYN_101626,34,07:13:17,07:13:32,0
uOo5ud2_KAT6G_nCjg9oe-07:00:00,SYN_101627,35,07:13:35,07:13:50,0
uOo5ud2_KAT6G_nCjg9oe-07:00:00,SYN_101628,36,07:13:53,07:14:08,0
uOo5ud2_KAT6G_nCjg9oe-07:00:00,SYN_101629,37,07:14:11,07:14:26,0
uOo5ud2_KAT6G_nCjg9oe-07:00:00,SYN_101630,38,07:14:30,07:14:45,0
uOo5ud2_KAT6G_nCjg9oe-07:00:00,SYN_101631,39,07:14:48,07:15:03,0
uOo5ud2_KAT6G_nCjg9oe-07:00:00,SYN_101632,40,07:15:06,07:15:21,0
mL3nX7_Swe2eUme5B7Ufy-07:00:00,SYN_101596,0,07:13:42,07:13:57,0
mL3nX7_Swe2eUme5B7Ufy-07:00:00,SYN_101597,1,07:13:21,07:13:36,0
mL3nX7_Swe2eUme5B7Ufy-07:00:00,SYN_101598,2,07:12:59,07:13:14,0
mL3nX7_Swe2eUme5B7Ufy-07:00:00,SYN_101599,3,07:12:37,07:12:52,0
mL3nX7_Swe2eUme5B7Ufy-07:00:00,SYN_101600,4,07:12:15,07:12:30,0
mL3nX7_Swe2eUme5B7Ufy-07:00:00,SYN_101601,5,07:11:53,07:12:08,0
mL3nX7_Swe2eUme5B7Ufy-07:00:00,SYN_101602,6,07:11:31,07:11:46,0
mL3nX7_Swe2eUme5B7Ufy-07:00:00,SYN_101603,7,07:11:09,07:11:24,0
mL3nX7_Swe2eUme5B7Ufy-07:00:00,SYN_101604,8,07:10:47,07:11:02,0
mL3nX7_Swe2eUme5B7Ufy-07:00:00,SYN_101605,9,07:10:25,07:10:40,0
mL3nX7_Swe2eUme5B7Ufy-07:00:00,SYN_101606,10,07:10:03,07:10:18,0
mL3nX7_Swe2eUme5B7Ufy-07:00:00,SYN_101607,11,07:09:41,07:09:56,0
mL3nX7_Swe2eUme5B7Ufy-07:00:00,SYN_101608,12,07:09:19,07:09:34,0
mL3nX7_Swe2eUme5B7Ufy-07:00:00,SYN_101609,13,07:08:57,07:09:12,0
mL3nX7_Swe2eUme5B7Ufy-07:00:00,SYN_101610,14,07:08:36,07:08:51,0
mL3nX7_Swe2eUme5B7Ufy-07:00:00,SYN_101611,15,07:08:14,07:08:29,0
mL3nX7_Swe2eUme5B7Ufy-07:00:00,SYN_101612,16,07:07:52,07:08:07,0
mL3nX7_Swe2eUme5B7Ufy-07:00:00,SYN_101613,17,07:07:30,07:07:45,0
mL3nX7_Swe2eUme5B7Ufy-07:00:00,SYN_101614,18,07:07:08,07:07:23,0
mL3nX7_Swe2eUme5B7Ufy-07:00:00,SYN_101615,19,07:06:46,07:07:01,0
mL3nX7_Swe2eUme5B7Ufy-07:00:00,SYN_101616,20,07:06:24,07:06:39,0
mL3nX7_Swe2eUme5B7Ufy-07:00:00,SYN_101617,21,07:06:02,07:06:17,0
mL3nX7_Swe2eUme5B7Ufy-07:00:00,SYN_101618,22,07:05:40,07:05:55,0
mL3nX7_Swe2eUme5B7Ufy-07:00:00,SYN_101619,23,07:05:18,07:05:33,0
mL3nX7_Swe2eUme5B7Ufy-07:00:00,SYN_101620,24,07:04:56,07:05:11,0
mL3nX7_Swe2eUme5B7Ufy-07:00:00,SYN_101621,25,07:04:34,07:04:49,0
mL3nX7_Swe2eUme5B7Ufy-07:00:00,SYN_101622,26,07:04:12,07:04:27,0
mL3nX7_Swe2eUme5B7Ufy-07:00:00,SYN_101623,27,07:03:51,07:04:06,0
mL3nX7_Swe2eUme5B7Ufy-07:00:00,SYN_101624,28,07:03:29,07:03:44,0
mL3nX7_Swe2eUme5B7Ufy-07:00:00,SYN_101625,29,07:03:07,07:03:22,0
mL3nX7_Swe2eUme5B7Ufy-07:00:00,SYN_101626,30,07:02:45,07:03:00,0
mL3nX7_Swe2eUme5B7Ufy-07:00:00,SYN_101627,31,07:02:23,07:02:38,0
mL3nX7_Swe2eUme5B7Ufy-07:00:00,SYN_101628,32,07:02:01,07:02:16,0
mL3nX7_Swe2eUme5B7Ufy-07:00:00,SYN_101629,33,07:01:39,07:01:54,0
mL3nX7_Swe2eUme5B7Ufy-07:00:00,SYN_101630,34,07:01:17,07:01:32,0
mL3nX7_Swe2eUme5B7Ufy-07:00:00,SYN_101631,35,07:00:55,07:01:10,0
mL3nX7_Swe2eUme5B7Ufy-07:00:00,SYN_101632,36,07:00:33,07:00:48,0
mL3nX7_Swe2eUme5B7Ufy-07:00:00,SYN_101633,37,07:00:11,07:00:26,0
YBp1JQ-cSPCXIHQQ34CmD-07:00:00,SYN_101634,0,07:00:18,07:00:33,0
YBp1JQ-cSPCXIHQQ34CmD-07:00:00,SYN_101635,1,07:00:36,07:00:51,0
YBp1JQ-cSPCXIHQQ34CmD-07:00:00,SYN_101636,2,07:00:54,07:01:09,0
YBp1JQ-cSPCXIHQQ34CmD-07:00:00,SYN_101637,3,07:01:12,07:01:27,0
YBp1JQ-cSPCXIHQQ34CmD-07:00:00,SYN_101638,4,07:01:31,07:01:46,0
YBp1JQ-cSPCXIHQQ34CmD-07:00:00,SYN_101639,5,07:01:49,07:02:04,0
YBp1JQ-cSPCXIHQQ34CmD-07:00:00,SYN_101640,6,07:02:07,07:02:22,0
YBp1JQ-cSPCXIHQQ34CmD-07:00:00,SYN_101641,7,07:02:25,07:02:40,0
YBp1JQ-cSPCXIHQQ34CmD-07:00:00,SYN_101642,8,07:02:44,07:02:59,0
YBp1JQ-cSPCXIHQQ34CmD-07:00:00,SYN_101643,9,07:03:02,07:03:17,0
YBp1JQ-cSPCXIHQQ34CmD-07:00:00,SYN_101644,10,07:03:20,07:03:35,0
YBp1JQ-cSPCXIHQQ34CmD-07:00:00,SYN_101645,11,07:03:38,07:03:53,0
YBp1JQ-cSPCXIHQQ34CmD-07:00:00,SYN_101646,12,07:03:53,07:04:08,0
YBp1JQ-cSPCXIHQQ34CmD-07:00:00,SYN_101647,13,07:04:03,07:04:18,0
YBp1JQ-cSPCXIHQQ34CmD-07:00:00,SYN_101648,14,07:04:13,07:04:28,0
YBp1JQ-cSPCXIHQQ34CmD-07:00:00,SYN_101649,15,07:04:23,07:04:38,0
YBp1JQ-cSPCXIHQQ34CmD-07:00:00,SYN_101650,16,07:04:33,07:04:48,0
YBp1JQ-cSPCXIHQQ34CmD-07:00:00,SYN_101651,17,07:04:43,07:04:58,0
YBp1JQ-cSPCXIHQQ34CmD-07:00:00,SYN_101652,18,07:04:53,07:05:08,0
YBp1JQ-cSPCXIHQQ34CmD-07:00:00,SYN_101653,19,07:05:03,07:05:18,0
YBp1JQ-cSPCXIHQQ34CmD-07:00:00,SYN_101654,20,07:05:13,07:05:28,0
YBp1JQ-cSPCXIHQQ34CmD-07:00:00,SYN_101655,21,07:05:23,07:05:38,0
YBp1JQ-cSPCXIHQQ34CmD-07:00:00,SYN_101656,22,07:05:33,07:05:48,0
YBp1JQ-cSPCXIHQQ34CmD-07:00:00,SYN_101657,23,07:05:43,07:05:58,0
YBp1JQ-cSPCXIHQQ34CmD-07:00:00,SYN_101658,24,07:05:54,07:06:09,0
YBp1JQ-cSPCXIHQQ34CmD-07:00:00,SYN_101659,25,07:06:04,07:06:19,0
YBp1JQ-cSPCXIHQQ34CmD-07:00:00,SYN_101660,26,07:06:14,07:06:29,0
YBp1JQ-cSPCXIHQQ34CmD-07:00:00,SYN_101661,27,07:06:24,07:06:39,0
YBp1JQ-cSPCXIHQQ34CmD-07:00:00,SYN_101662,28,07:06:34,07:06:49,0
YBp1JQ-cSPCXIHQQ34CmD-07:00:00,SYN_101663,29,07:06:44,07:06:59,0
YBp1JQ-cSPCXIHQQ34CmD-07:00:00,SYN_101664,30,07:06:54,07:07:09,0
YBp1JQ-cSPCXIHQQ34CmD-07:00:00,SYN_101665,31,07:07:04,07:07:19,0
YBp1JQ-cSPCXIHQQ34CmD-07:00:00,SYN_101666,32,07:07:14,07:07:29,0
YBp1JQ-cSPCXIHQQ34CmD-07:00:00,SYN_101667,33,07:07:24,07:07:39,0
YBp1JQ-cSPCXIHQQ34CmD-07:00:00,SYN_101668,34,07:07:34,07:07:49,0
YBp1JQ-cSPCXIHQQ34CmD-07:00:00,SYN_101669,35,07:07:44,07:07:59,0
YBp1JQ-cSPCXIHQQ34CmD-07:00:00,SYN_101670,36,07:07:54,07:08:09,0
YBp1JQ-cSPCXIHQQ34CmD-07:00:00,SYN_101671,37,07:08:05,07:08:20,0
YBp1JQ-cSPCXIHQQ34CmD-07:00:00,SYN_101672,38,07:08:15,07:08:30,0
YBp1JQ-cSPCXIHQQ34CmD-07:00:00,SYN_101673,39,07:08:25,07:08:40,0
YBp1JQ-cSPCXIHQQ34CmD-07:00:00,SYN_101674,40,07:08:35,07:08:50,0
YBp1JQ-cSPCXIHQQ34CmD-07:00:00,SYN_101675,41,07:08:45,07:09:00,0
YBp1JQ-cSPCXIHQQ34CmD-07:00:00,SYN_101676,42,07:08:55,07:09:10,0
YBp1JQ-cSPCXIHQQ34CmD-07:00:00,SYN_101677,43,07:09:05,07:09:20,0
YBp1JQ-cSPCXIHQQ34CmD-07:00:00,SYN_101678,44,07:09:15,07:09:30,0
YBp1JQ-cSPCXIHQQ34CmD-07:00:00,SYN_101679,45,07:09:25,07:09:40,0
YBp1JQ-cSPCXIHQQ34CmD-07:00:00,SYN_101680,46,07:09:35,07:09:50,0
YBp1JQ-cSPCXIHQQ34CmD-07:00:00,SYN_101681,47,07:09:45,07:10:00,0
YBp1JQ-cSPCXIHQQ34CmD-07:00:00,SYN_101682,48,07:09:55,07:10:10,0
YBp1JQ-cSPCXIHQQ34CmD-07:00:00,SYN_101683,49,07:10:05,07:10:20,0
YBp1JQ-cSPCXIHQQ34CmD-07:00:00,SYN_101684,50,07:10:16,07:10:31,0
YBp1JQ-cSPCXIHQQ34CmD-07:00:00,SYN_101685,51,07:10:26,07:10:41,0
YBp1JQ-cSPCXIHQQ34CmD-07:00:00,SYN_101686,52,07:10:36,07:10:51,0
YBp1JQ-cSPCXIHQQ34CmD-07:00:00,SYN_101687,53,07:10:46,07:11:01,0
YBp1JQ-cSPCXIHQQ34CmD-07:00:00,SYN_101688,54,07:10:56,07:11:11,0
YBp1JQ-cSPCXIHQQ34CmD-07:00:00,SYN_101689,55,07:11:06,07:11:21,0
YBp1JQ-cSPCXIHQQ34CmD-07:00:00,SYN_101690,56,07:11:16,07:11:31,0
YBp1JQ-cSPCXIHQQ34CmD-07:00:00,SYN_101691,57,07:11:26,07:11:41,0
YBp1JQ-cSPCXIHQQ34CmD-07:00:00,SYN_101692,58,07:11:36,07:11:51,0
YBp1JQ-cSPCXIHQQ34CmD-07:00:00,SYN_101693,59,07:11:46,07:12:01,0
YBp1JQ-cSPCXIHQQ34CmD-07:00:00,SYN_101694,60,07:11:56,07:12:11,0
YBp1JQ-cSPCXIHQQ34CmD-07:00:00,SYN_101695,61,07:12:06,07:12:21,0
YBp1JQ-cSPCXIHQQ34CmD-07:00:00,SYN_101696,62,07:12:17,07:12:32,0
YBp1JQ-cSPCXIHQQ34CmD-07:00:00,SYN_101697,63,07:12:27,07:12:42,0
YBp1JQ-cSPCXIHQQ34CmD-07:00:00,SYN_101698,64,07:12:37,07:12:52,0
YBp1JQ-cSPCXIHQQ34CmD-07:00:00,SYN_101699,65,07:12:47,07:13:02,0
YBp1JQ-cSPCXIHQQ34CmD-07:00:00,SYN_101700,66,07:12:57,07:13:12,0
YBp1JQ-cSPCXIHQQ34CmD-07:00:00,SYN_101701,67,07:13:07,07:13:22,0
YBp1JQ-cSPCXIHQQ34CmD-07:00:00,SYN_101702,68,07:13:17,07:13:32,0
YBp1JQ-cSPCXIHQQ34CmD-07:00:00,SYN_101703,69,07:13:27,07:13:42,0
YBp1JQ-cSPCXIHQQ34CmD-07:00:00,SYN_101704,70,07:13:37,07:13:52,0
YBp1JQ-cSPCXIHQQ34CmD-07:00:00,SYN_101705,71,07:13:47,07:14:02,0
YBp1JQ-cSPCXIHQQ34CmD-07:00:00,SYN_101706,72,07:13:57,07:14:12,0
YBp1JQ-cSPCXIHQQ34CmD-07:00:00,SYN_101707,73,07:14:07,07:14:22,0
YBp1JQ-cSPCXIHQQ34CmD-07:00:00,SYN_101708,74,07:14:17,07:14:32,0
YBp1JQ-cSPCXIHQQ34CmD-07:00:00,SYN_101709,75,07:14:28,07:14:43,0
YBp1JQ-cSPCXIHQQ34CmD-07:00:00,SYN_101710,76,07:14:38,07:14:53,0
YBp1JQ-cSPCXIHQQ34CmD-07:00:00,SYN_101711,77,07:14:48,07:15:03,0
YBp1JQ-cSPCXIHQQ34CmD-07:00:00,SYN_101712,78,07:14:58,07:15:13,0
YBp1JQ-cSPCXIHQQ34CmD-07:00:00,SYN_101713,79,07:15:08,07:15:23,0
YBp1JQ-cSPCXIHQQ34CmD-07:00:00,SYN_101714,80,07:15:18,07:15:33,0
YBp1JQ-cSPCXIHQQ34CmD-07:00:00,SYN_101715,81,07:15:28,07:15:43,0
YBp1JQ-cSPCXIHQQ34CmD-07:00:00,SYN_101716,82,07:15:38,07:15:53,0
YBp1JQ-cSPCXIHQQ34CmD-07:00:00,SYN_101717,83,07:15:48,07:16:03,0
YBp1JQ-cSPCXIHQQ34CmD-07:00:00,SYN_101718,84,07:15:58,07:16:13,0
YBp1JQ-cSPCXIHQQ34CmD-07:00:00,SYN_101719,85,07:16:08,07:16:23,0
YBp1JQ-cSPCXIHQQ34CmD-07:00:00,SYN_101720,86,07:16:18,07:16:33,0
YBp1JQ-cSPCXIHQQ34CmD-07:00:00,SYN_101721,87,07:16:28,07:16:43,0
YBp1JQ-cSPCXIHQQ34CmD-07:00:00,SYN_101722,88,07:16:39,07:16:54,0
YBp1JQ-cSPCXIHQQ34CmD-07:00:00,SYN_101723,89,07:16:49,07:17:04,0
YBp1JQ-cSPCXIHQQ34CmD-07:00:00,SYN_101724,90,07:16:59,07:17:14,0
YBp1JQ-cSPCXIHQQ34CmD-07:00:00,SYN_101725,91,07:17:09,07:17:24,0
YBp1JQ-cSPCXIHQQ34CmD-07:00:00,SYN_101726,92,07:17:19,07:17:34,0
YBp1JQ-cSPCXIHQQ34CmD-07:00:00,SYN_101727,93,07:17:29,07:17:44,0
YBp1JQ-cSPCXIHQQ34CmD-07:00:00,SYN_101728,94,07:17:39,07:17:54,0
YBp1JQ-cSPCXIHQQ34CmD-07:00:00,SYN_101729,95,07:17:49,07:18:04,0
YBp1JQ-cSPCXIHQQ34CmD-07:00:00,SYN_101730,96,07:17:59,07:18:14,0
YBp1JQ-cSPCXIHQQ34CmD-07:00:00,SYN_101731,97,07:18:09,07:18:24,0
YBp1JQ-cSPCXIHQQ34CmD-07:00:00,SYN_101732,98,07:18:19,07:18:34,0
YBp1JQ-cSPCXIHQQ34CmD-07:00:00,SYN_101733,99,07:18:29,07:18:44,0
YBp1JQ-cSPCXIHQQ34CmD-07:00:00,SYN_101734,100,07:18:39,07:18:54,0
YBp1JQ-cSPCXIHQQ34CmD-07:00:00,SYN_101735,101,07:18:50,07:19:05,0
YBp1JQ-cSPCXIHQQ34CmD-07:00:00,SYN_101736,102,07:19:00,07:19:15,0
YBp1JQ-cSPCXIHQQ34CmD-07:00:00,SYN_101737,103,07:19:10,07:19:25,0
YBp1JQ-cSPCXIHQQ34CmD-07:00:00,SYN_101738,104,07:19:20,07:19:35,0
YBp1JQ-cSPCXIHQQ34CmD-07:00:00,SYN_101739,105,07:19:30,07:19:45,0
YBp1JQ-cSPCXIHQQ34CmD-07:00:00,SYN_101740,106,07:19:40,07:19:55,0
YBp1JQ-cSPCXIHQQ34CmD-07:00:00,SYN_101741,107,07:19:50,07:20:05,0
YBp1JQ-cSPCXIHQQ34CmD-07:00:00,SYN_101742,108,07:20:00,07:20:15,0
YBp1JQ-cSPCXIHQQ34CmD-07:00:00,SYN_101743,109,07:20:10,07:20:25,0
YBp1JQ-cSPCXIHQQ34CmD-07:00:00,SYN_101744,110,07:20:20,07:20:35,0
YBp1JQ-cSPCXIHQQ34CmD-07:00:00,SYN_101745,111,07:20:30,07:20:45,0
YBp1JQ-cSPCXIHQQ34CmD-07:00:00,SYN_101746,112,07:20:40,07:20:55,0
YBp1JQ-cSPCXIHQQ34CmD-07:00:00,SYN_101747,113,07:20:50,07:21:05,0
YBp1JQ-cSPCXIHQQ34CmD-07:00:00,SYN_101748,114,07:21:01,07:21:16,0
YBp1JQ-cSPCXIHQQ34CmD-07:00:00,SYN_101749,115,07:21:11,07:21:26,0
YBp1JQ-cSPCXIHQQ34CmD-07:00:00,SYN_101750,116,07:21:21,07:21:36,0
YBp1JQ-cSPCXIHQQ34CmD-07:00:00,SYN_101751,117,07:21:31,07:21:46,0
YBp1JQ-cSPCXIHQQ34CmD-07:00:00,SYN_101752,118,07:21:41,07:21:56,0
YBp1JQ-cSPCXIHQQ34CmD-07:00:00,SYN_101753,119,07:21:51,07:22:06,0
YBp1JQ-cSPCXIHQQ34CmD-07:00:00,SYN_101754,120,07:22:01,07:22:16,0
YBp1JQ-cSPCXIHQQ34CmD-07:00:00,SYN_101755,121,07:22:11,07:22:26,0
YBp1JQ-cSPCXIHQQ34CmD-07:00:00,SYN_101756,122,07:22:21,07:22:36,0
YBp1JQ-cSPCXIHQQ34CmD-07:00:00,SYN_101757,123,07:22:31,07:22:46,0
YBp1JQ-cSPCXIHQQ34CmD-07:00:00,SYN_101758,124,07:22:41,07:22:56,0
YBp1JQ-cSPCXIHQQ34CmD-07:00:00,SYN_101759,125,07:22:51,07:23:06,0
YBp1JQ-cSPCXIHQQ34CmD-07:00:00,SYN_101760,126,07:23:02,07:23:17,0
YBp1JQ-cSPCXIHQQ34CmD-07:00:00,SYN_101761,127,07:23:12,07:23:27,0
YBp1JQ-cSPCXIHQQ34CmD-07:00:00,SYN_101762,128,07:23:22,07:23:37,0
YBp1JQ-cSPCXIHQQ34CmD-07:00:00,SYN_101763,129,07:23:32,07:23:47,0
YBp1JQ-cSPCXIHQQ34CmD-07:00:00,SYN_101764,130,07:23:42,07:23:57,0
YBp1JQ-cSPCXIHQQ34CmD-07:00:00,SYN_101765,131,07:23:52,07:24:07,0
YBp1JQ-cSPCXIHQQ34CmD-07:00:00,SYN_101766,132,07:24:02,07:24:17,0
YBp1JQ-cSPCXIHQQ34CmD-07:00:00,SYN_101767,133,07:24:12,07:24:27,0
YBp1JQ-cSPCXIHQQ34CmD-07:00:00,SYN_101768,134,07:24:22,07:24:37,0
YBp1JQ-cSPCXIHQQ34CmD-07:00:00,SYN_101769,135,07:24:32,07:24:47,0
YBp1JQ-cSPCXIHQQ34CmD-07:00:00,SYN_101770,136,07:24:42,07:24:57,0
YBp1JQ-cSPCXIHQQ34CmD-07:00:00,SYN_101771,137,07:24:52,07:25:07,0
YBp1JQ-cSPCXIHQQ34CmD-07:00:00,SYN_101772,138,07:25:02,07:25:17,0
YBp1JQ-cSPCXIHQQ34CmD-07:00:00,SYN_101773,139,07:25:13,07:25:28,0
YBp1JQ-cSPCXIHQQ34CmD-07:00:00,SYN_101774,140,07:25:26,07:25:41,0
YBp1JQ-cSPCXIHQQ34CmD-07:00:00,SYN_101775,141,07:25:42,07:25:57,0
YBp1JQ-cSPCXIHQQ34CmD-07:00:00,SYN_101776,142,07:25:58,07:26:13,0
YBp1JQ-cSPCXIHQQ34CmD-07:00:00,SYN_101777,143,07:26:16,07:26:31,0
YBp1JQ-cSPCXIHQQ34CmD-07:00:00,SYN_101778,144,07:26:35,07:26:50,0
YBp1JQ-cSPCXIHQQ34CmD-07:00:00,SYN_101779,145,07:26:54,07:27:09,0
YBp1JQ-cSPCXIHQQ34CmD-07:00:00,SYN_101780,146,07:27:13,07:27:28,0
YBp1JQ-cSPCXIHQQ34CmD-07:00:00,SYN_101781,147,07:27:32,07:27:47,0
YBp1JQ-cSPCXIHQQ34CmD-07:00:00,SYN_101782,148,07:27:51,07:28:06,0
YBp1JQ-cSPCXIHQQ34CmD-07:00:00,SYN_101783,149,07:28:10,07:28:25,0
YBp1JQ-cSPCXIHQQ34CmD-07:00:00,SYN_101784,150,07:28:29,07:28:44,0
YBp1JQ-cSPCXIHQQ34CmD-07:00:00,SYN_101785,151,07:28:49,07:29:04,0
YBp1JQ-cSPCXIHQQ34CmD-07:00:00,SYN_101786,152,07:29:08,07:29:23,0
YBp1JQ-cSPCXIHQQ34CmD-07:00:00,SYN_101787,153,07:29:27,07:29:42,0
YBp1JQ-cSPCXIHQQ34CmD-07:00:00,SYN_101788,154,07:29:46,07:30:01,0
YBp1JQ-cSPCXIHQQ34CmD-07:00:00,SYN_101789,155,07:30:05,07:30:20,0
YBp1JQ-cSPCXIHQQ34CmD-07:00:00,SYN_101790,156,07:30:24,07:30:39,0
YBp1JQ-cSPCXIHQQ34CmD-07:00:00,SYN_101791,157,07:30:44,07:30:59,0
YBp1JQ-cSPCXIHQQ34CmD-07:00:00,SYN_101792,158,07:31:03,07:31:18,0
YBp1JQ-cSPCXIHQQ34CmD-07:00:00,SYN_101793,159,07:31:22,07:31:37,0
YBp1JQ-cSPCXIHQQ34CmD-07:00:00,SYN_101794,160,07:31:39,07:31:54,0
YBp1JQ-cSPCXIHQQ34CmD-07:00:00,SYN_101795,161,07:31:54,07:32:09,0
YBp1JQ-cSPCXIHQQ34CmD-07:00:00,SYN_101796,162,07:32:10,07:32:25,0
YBp1JQ-cSPCXIHQQ34CmD-07:00:00,SYN_101797,163,07:32:25,07:32:40,0
YBp1JQ-cSPCXIHQQ34CmD-07:00:00,SYN_101798,164,07:32:41,07:32:56,0
YBp1JQ-cSPCXIHQQ34CmD-07:00:00,SYN_101799,165,07:32:57,07:33:12,0
YBp1JQ-cSPCXIHQQ34CmD-07:00:00,SYN_101800,166,07:33:12,07:33:27,0
YBp1JQ-cSPCXIHQQ34CmD-07:00:00,SYN_101801,167,07:33:28,07:33:43,0
YBp1JQ-cSPCXIHQQ34CmD-07:00:00,SYN_101802,168,07:33:42,07:33:57,0
YBp1JQ-cSPCXIHQQ34CmD-07:00:00,SYN_101803,169,07:33:57,07:34:12,0
YBp1JQ-cSPCXIHQQ34CmD-07:00:00,SYN_101804,170,07:34:11,07:34:26,0
YBp1JQ-cSPCXIHQQ34CmD-07:00:00,SYN_101805,171,07:34:26,07:34:41,0
YBp1JQ-cSPCXIHQQ34CmD-07:00:00,SYN_101806,172,07:34:40,07:34:55,0
YBp1JQ-cSPCXIHQQ34CmD-07:00:00,SYN_101807,173,07:34:55,07:35:10,0
YBp1JQ-cSPCXIHQQ34CmD-07:00:00,SYN_101808,174,07:35:09,07:35:24,0
YBp1JQ-cSPCXIHQQ34CmD-07:00:00,SYN_101809,175,07:35:24,07:35:39,0
YBp1JQ-cSPCXIHQQ34CmD-07:00:00,SYN_101810,176,07:35:39,07:35:54,0
YBp1JQ-cSPCXIHQQ34CmD-07:00:00,SYN_101811,177,07:35:53,07:36:08,0
YBp1JQ-cSPCXIHQQ34CmD-07:00:00,SYN_101812,178,07:36:08,07:36:23,0
YBp1JQ-cSPCXIHQQ34CmD-07:00:00,SYN_101813,179,07:36:22,07:36:37,0
YBp1JQ-cSPCXIHQQ34CmD-07:00:00,SYN_101814,180,07:36:37,07:36:52,0
YBp1JQ-cSPCXIHQQ34CmD-07:00:00,SYN_101815,181,07:36:51,07:37:06,0
YBp1JQ-cSPCXIHQQ34CmD-07:00:00,SYN_101816,182,07:37:06,07:37:21,0
YBp1JQ-cSPCXIHQQ34CmD-07:00:00,SYN_101817,183,07:37:20,07:37:35,0
YBp1JQ-cSPCXIHQQ34CmD-07:00:00,SYN_101818,184,07:37:35,07:37:50,0
YBp1JQ-cSPCXIHQQ34CmD-07:00:00,SYN_101819,185,07:37:49,07:38:04,0
YBp1JQ-cSPCXIHQQ34CmD-07:00:00,SYN_101820,186,07:38:17,07:38:32,0
YBp1JQ-cSPCXIHQQ34CmD-07:00:00,SYN_101821,187,07:39:28,07:39:43,0
YBp1JQ-cSPCXIHQQ34CmD-07:00:00,SYN_101822,188,07:40:44,07:40:59,0
0I4f41gSbP4Nhu5ZbZZGv-07:00:00,SYN_101825,0,07:00:09,07:00:24,0
0I4f41gSbP4Nhu5ZbZZGv-07:00:00,SYN_101826,1,07:00:29,07:00:44,0
0I4f41gSbP4Nhu5ZbZZGv-07:00:00,SYN_101827,2,07:00:50,07:01:05,0
0I4f41gSbP4Nhu5ZbZZGv-07:00:00,SYN_101828,3,07:01:10,07:01:25,0
0I4f41gSbP4Nhu5ZbZZGv-07:00:00,SYN_101829,4,07:01:30,07:01:45,0
0I4f41gSbP4Nhu5ZbZZGv-07:00:00,SYN_101830,5,07:01:50,07:02:05,0
0I4f41gSbP4Nhu5ZbZZGv-07:00:00,SYN_101831,6,07:02:11,07:02:26,0
0I4f41gSbP4Nhu5ZbZZGv-07:00:00,SYN_101832,7,07:02:31,07:02:46,0
0I4f41gSbP4Nhu5ZbZZGv-07:00:00,SYN_101833,8,07:02:51,07:03:06,0
0I4f41gSbP4Nhu5ZbZZGv-07:00:00,SYN_101834,9,07:03:18,07:03:33,0
0I4f41gSbP4Nhu5ZbZZGv-07:00:00,SYN_101835,10,07:03:50,07:04:05,0
0I4f41gSbP4Nhu5ZbZZGv-07:00:00,SYN_101836,11,07:04:23,07:04:38,0
0I4f41gSbP4Nhu5ZbZZGv-07:00:00,SYN_101837,12,07:04:55,07:05:10,0
0I4f41gSbP4Nhu5ZbZZGv-07:00:00,SYN_101838,13,07:05:27,07:05:42,0
0I4f41gSbP4Nhu5ZbZZGv-07:00:00,SYN_101839,14,07:05:59,07:06:14,0
0I4f41gSbP4Nhu5ZbZZGv-07:00:00,SYN_101840,15,07:06:32,07:06:47,0
1v5hAqd3R5NHO2_mRDJ3z-07:00:00,SYN_101825,0,07:06:42,07:06:57,0
1v5hAqd3R5NHO2_mRDJ3z-07:00:00,SYN_101826,1,07:06:17,07:06:32,0
1v5hAqd3R5NHO2_mRDJ3z-07:00:00,SYN_101827,2,07:05:52,07:06:07,0
1v5hAqd3R5NHO2_mRDJ3z-07:00:00,SYN_101828,3,07:05:27,07:05:42,0
1v5hAqd3R5NHO2_mRDJ3z-07:00:00,SYN_101829,4,07:05:02,07:05:17,0
1v5hAqd3R5NHO2_mRDJ3z-07:00:00,SYN_101830,5,07:04:37,07:04:52,0
1v5hAqd3R5NHO2_mRDJ3z-07:00:00,SYN_101831,6,07:04:11,07:04:26,0
1v5hAqd3R5NHO2_mRDJ3z-07:00:00,SYN_101832,7,07:03:46,07:04:01,0
1v5hAqd3R5NHO2_mRDJ3z-07:00:00,SYN_101833,8,07:03:21,07:03:36,0
1v5hAqd3R5NHO2_mRDJ3z-07:00:00,SYN_101834,9,07:02:56,07:03:11,0
1v5hAqd3R5NHO2_mRDJ3z-07:00:00,SYN_101835,10,07:02:31,07:02:46,0
1v5hAqd3R5NHO2_mRDJ3z-07:00:00,SYN_101836,11,07:02:06,07:02:21,0
1v5hAqd3R5NHO2_mRDJ3z-07:00:00,SYN_101837,12,07:01:40,07:01:55,0
1v5hAqd3R5NHO2_mRDJ3z-07:00:00,SYN_101838,13,07:01:15,07:01:30,0
1v5hAqd3R5NHO2_mRDJ3z-07:00:00,SYN_101839,14,07:00:50,07:01:05,0
1v5hAqd3R5NHO2_mRDJ3z-07:00:00,SYN_101840,15,07:00:25,07:00:40,0
1v5hAqd3R5NHO2_mRDJ3z-07:00:00,SYN_101841,16,07:00:00,07:00:15,0
mOAyR9hC46n6ORhDBT2l7-07:00:00,SYN_101842,0,07:00:21,07:00:36,0
mOAyR9hC46n6ORhDBT2l7-07:00:00,SYN_101843,1,07:01:12,07:01:27,0
mOAyR9hC46n6ORhDBT2l7-07:00:00,SYN_101844,2,07:02:04,07:02:19,0
mOAyR9hC46n6ORhDBT2l7-07:00:00,SYN_101845,3,07:02:55,07:03:10,0
mOAyR9hC46n6ORhDBT2l7-07:00:00,SYN_101846,4,07:03:46,07:04:01,0
mOAyR9hC46n6ORhDBT2l7-07:00:00,SYN_101847,5,07:04:38,07:04:53,0
mOAyR9hC46n6ORhDBT2l7-07:00:00,SYN_101848,6,07:05:29,07:05:44,0
mOAyR9hC46n6ORhDBT2l7-07:00:00,SYN_101849,7,07:06:20,07:06:35,0
mOAyR9hC46n6ORhDBT2l7-07:00:00,SYN_101850,8,07:07:12,07:07:27,0
mOAyR9hC46n6ORhDBT2l7-07:00:00,SYN_101851,9,07:08:03,07:08:18,0
mOAyR9hC46n6ORhDBT2l7-07:00:00,SYN_101852,10,07:08:55,07:09:10,0
mOAyR9hC46n6ORhDBT2l7-07:00:00,SYN_101853,11,07:09:46,07:10:01,0
mOAyR9hC46n6ORhDBT2l7-07:00:00,SYN_101854,12,07:10:37,07:10:52,0
mOAyR9hC46n6ORhDBT2l7-07:00:00,SYN_101855,13,07:11:29,07:11:44,0
mOAyR9hC46n6ORhDBT2l7-07:00:00,SYN_101856,14,07:12:20,07:12:35,0
-Q2gVX9GgVSEtVr-yv6Nf-07:00:00,SYN_101842,0,07:03:37,07:03:52,0
-Q2gVX9GgVSEtVr-yv6Nf-07:00:00,SYN_101843,1,07:02:30,07:02:45,0
-Q2gVX9GgVSEtVr-yv6Nf-07:00:00,SYN_101844,2,07:01:22,07:01:37,0
-Q2gVX9GgVSEtVr-yv6Nf-07:00:00,SYN_101845,3,07:00:15,07:00:30,0
iUaEgr0LK4VOSZFkdzur6-07:00:00,SYN_101864,0,07:01:45,07:02:00,0
iUaEgr0LK4VOSZFkdzur6-07:00:00,SYN_101865,1,07:03:32,07:03:47,0
iUaEgr0LK4VOSZFkdzur6-07:00:00,SYN_101866,2,07:04:42,07:04:57,0
iUaEgr0LK4VOSZFkdzur6-07:00:00,SYN_101867,3,07:05:47,07:06:02,0
iUaEgr0LK4VOSZFkdzur6-07:00:00,SYN_101868,4,07:06:53,07:07:08,0
iUaEgr0LK4VOSZFkdzur6-07:00:00,SYN_101869,5,07:07:43,07:07:58,0
iUaEgr0LK4VOSZFkdzur6-07:00:00,SYN_101870,6,07:08:20,07:08:35,0
iUaEgr0LK4VOSZFkdzur6-07:00:00,SYN_101871,7,07:08:57,07:09:12,0
iUaEgr0LK4VOSZFkdzur6-07:00:00,SYN_101872,8,07:09:34,07:09:49,0
iUaEgr0LK4VOSZFkdzur6-07:00:00,SYN_101873,9,07:10:12,07:10:27,0
iUaEgr0LK4VOSZFkdzur6-07:00:00,SYN_101874,10,07:10:49,07:11:04,0
iUaEgr0LK4VOSZFkdzur6-07:00:00,SYN_101875,11,07:11:49,07:12:04,0
iUaEgr0LK4VOSZFkdzur6-07:00:00,SYN_101876,12,07:12:50,07:13:05,0
iUaEgr0LK4VOSZFkdzur6-07:00:00,SYN_101877,13,07:13:50,07:14:05,0
iUaEgr0LK4VOSZFkdzur6-07:00:00,SYN_101878,14,07:14:51,07:15:06,0
iUaEgr0LK4VOSZFkdzur6-07:00:00,SYN_101879,15,07:15:24,07:15:39,0
iUaEgr0LK4VOSZFkdzur6-07:00:00,SYN_101880,16,07:15:41,07:15:56,0
iUaEgr0LK4VOSZFkdzur6-07:00:00,SYN_101881,17,07:15:58,07:16:13,0
iUaEgr0LK4VOSZFkdzur6-07:00:00,SYN_101882,18,07:16:14,07:16:29,0
iUaEgr0LK4VOSZFkdzur6-07:00:00,SYN_101883,19,07:16:31,07:16:46,0
iUaEgr0LK4VOSZFkdzur6-07:00:00,SYN_101884,20,07:16:48,07:17:03,0
iUaEgr0LK4VOSZFkdzur6-07:00:00,SYN_101885,21,07:17:05,07:17:20,0
iUaEgr0LK4VOSZFkdzur6-07:00:00,SYN_101886,22,07:17:21,07:17:36,0
iUaEgr0LK4VOSZFkdzur6-07:00:00,SYN_101887,23,07:17:38,07:17:53,0
iUaEgr0LK4VOSZFkdzur6-07:00:00,SYN_101888,24,07:17:55,07:18:10,0
iUaEgr0LK4VOSZFkdzur6-07:00:00,SYN_101889,25,07:18:12,07:18:27,0
iUaEgr0LK4VOSZFkdzur6-07:00:00,SYN_101890,26,07:18:28,07:18:43,0
iUaEgr0LK4VOSZFkdzur6-07:00:00,SYN_101891,27,07:18:45,07:19:00,0
iUaEgr0LK4VOSZFkdzur6-07:00:00,SYN_101892,28,07:19:02,07:19:17,0
iUaEgr0LK4VOSZFkdzur6-07:00:00,SYN_101893,29,07:19:19,07:19:34,0
iUaEgr0LK4VOSZFkdzur6-07:00:00,SYN_101894,30,07:19:35,07:19:50,0
iUaEgr0LK4VOSZFkdzur6-07:00:00,SYN_101895,31,07:19:52,07:20:07,0
iUaEgr0LK4VOSZFkdzur6-07:00:00,SYN_101896,32,07:20:09,07:20:24,0
iUaEgr0LK4VOSZFkdzur6-07:00:00,SYN_101897,33,07:20:29,07:20:44,0
iUaEgr0LK4VOSZFkdzur6-07:00:00,SYN_101898,34,07:20:54,07:21:09,0
iUaEgr0LK4VOSZFkdzur6-07:00:00,SYN_101899,35,07:21:18,07:21:33,0
iUaEgr0LK4VOSZFkdzur6-07:00:00,SYN_101900,36,07:21:43,07:21:58,0
iUaEgr0LK4VOSZFkdzur6-07:00:00,SYN_101901,37,07:22:08,07:22:23,0
iUaEgr0LK4VOSZFkdzur6-07:00:00,SYN_101902,38,07:22:33,07:22:48,0
iUaEgr0LK4VOSZFkdzur6-07:00:00,SYN_101903,39,07:22:58,07:23:13,0
iUaEgr0LK4VOSZFkdzur6-07:00:00,SYN_101904,40,07:23:22,07:23:37,0
iUaEgr0LK4VOSZFkdzur6-07:00:00,SYN_101905,41,07:23:47,07:24:02,0
iUaEgr0LK4VOSZFkdzur6-07:00:00,SYN_101906,42,07:24:12,07:24:27,0
iUaEgr0LK4VOSZFkdzur6-07:00:00,SYN_101907,43,07:24:37,07:24:52,0
iUaEgr0LK4VOSZFkdzur6-07:00:00,SYN_101908,44,07:25:02,07:25:17,0
iUaEgr0LK4VOSZFkdzur6-07:00:00,SYN_101909,45,07:25:27,07:25:42,0
iUaEgr0LK4VOSZFkdzur6-07:00:00,SYN_101910,46,07:25:51,07:26:06,0
iUaEgr0LK4VOSZFkdzur6-07:00:00,SYN_101911,47,07:26:16,07:26:31,0
iUaEgr0LK4VOSZFkdzur6-07:00:00,SYN_101912,48,07:26:41,07:26:56,0
iUaEgr0LK4VOSZFkdzur6-07:00:00,SYN_101913,49,07:26:59,07:27:14,0
iUaEgr0LK4VOSZFkdzur6-07:00:00,SYN_101914,50,07:27:14,07:27:29,0
iUaEgr0LK4VOSZFkdzur6-07:00:00,SYN_101915,51,07:27:29,07:27:44,0
iUaEgr0LK4VOSZFkdzur6-07:00:00,SYN_101916,52,07:27:44,07:27:59,0
iUaEgr0LK4VOSZFkdzur6-07:00:00,SYN_101917,53,07:27:59,07:28:14,0
iUaEgr0LK4VOSZFkdzur6-07:00:00,SYN_101918,54,07:28:14,07:28:29,0
iUaEgr0LK4VOSZFkdzur6-07:00:00,SYN_101919,55,07:28:29,07:28:44,0
iUaEgr0LK4VOSZFkdzur6-07:00:00,SYN_101920,56,07:28:44,07:28:59,0
iUaEgr0LK4VOSZFkdzur6-07:00:00,SYN_101921,57,07:28:59,07:29:14,0
iUaEgr0LK4VOSZFkdzur6-07:00:00,SYN_101922,58,07:29:14,07:29:29,0
iUaEgr0LK4VOSZFkdzur6-07:00:00,SYN_101923,59,07:29:29,07:29:44,0
iUaEgr0LK4VOSZFkdzur6-07:00:00,SYN_101924,60,07:29:44,07:29:59,0
iUaEgr0LK4VOSZFkdzur6-07:00:00,SYN_101925,61,07:29:59,07:30:14,0
iUaEgr0LK4VOSZFkdzur6-07:00:00,SYN_101926,62,07:30:14,07:30:29,0
iUaEgr0LK4VOSZFkdzur6-07:00:00,SYN_101927,63,07:30:29,07:30:44,0
iUaEgr0LK4VOSZFkdzur6-07:00:00,SYN_101928,64,07:30:44,07:30:59,0
iUaEgr0LK4VOSZFkdzur6-07:00:00,SYN_101929,65,07:30:59,07:31:14,0
iUaEgr0LK4VOSZFkdzur6-07:00:00,SYN_101930,66,07:31:14,07:31:29,0
iUaEgr0LK4VOSZFkdzur6-07:00:00,SYN_101931,67,07:31:30,07:31:45,0
iUaEgr0LK4VOSZFkdzur6-07:00:00,SYN_101932,68,07:31:52,07:32:07,0
iUaEgr0LK4VOSZFkdzur6-07:00:00,SYN_101933,69,07:32:20,07:32:35,0
iUaEgr0LK4VOSZFkdzur6-07:00:00,SYN_101934,70,07:32:48,07:33:03,0
iUaEgr0LK4VOSZFkdzur6-07:00:00,SYN_101935,71,07:33:16,07:33:31,0
iUaEgr0LK4VOSZFkdzur6-07:00:00,SYN_101936,72,07:33:44,07:33:59,0
iUaEgr0LK4VOSZFkdzur6-07:00:00,SYN_101937,73,07:34:12,07:34:27,0
iUaEgr0LK4VOSZFkdzur6-07:00:00,SYN_101938,74,07:34:40,07:34:55,0
iUaEgr0LK4VOSZFkdzur6-07:00:00,SYN_101939,75,07:35:08,07:35:23,0
iUaEgr0LK4VOSZFkdzur6-07:00:00,SYN_101940,76,07:35:36,07:35:51,0
iUaEgr0LK4VOSZFkdzur6-07:00:00,SYN_101941,77,07:36:04,07:36:19,0
iUaEgr0LK4VOSZFkdzur6-07:00:00,SYN_101942,78,07:36:32,07:36:47,0
iUaEgr0LK4VOSZFkdzur6-07:00:00,SYN_101943,79,07:37:00,07:37:15,0
iUaEgr0LK4VOSZFkdzur6-07:00:00,SYN_101944,80,07:37:28,07:37:43,0
iUaEgr0LK4VOSZFkdzur6-07:00:00,SYN_101945,81,07:37:56,07:38:11,0
iUaEgr0LK4VOSZFkdzur6-07:00:00,SYN_101946,82,07:38:24,07:38:39,0
iUaEgr0LK4VOSZFkdzur6-07:00:00,SYN_101947,83,07:38:52,07:39:07,0
iUaEgr0LK4VOSZFkdzur6-07:00:00,SYN_101948,84,07:39:20,07:39:35,0
iUaEgr0LK4VOSZFkdzur6-07:00:00,SYN_101949,85,07:39:49,07:40:04,0
iUaEgr0LK4VOSZFkdzur6-07:00:00,SYN_101950,86,07:40:17,07:40:32,0
iUaEgr0LK4VOSZFkdzur6-07:00:00,SYN_101951,87,07:40:45,07:41:00,0
iUaEgr0LK4VOSZFkdzur6-07:00:00,SYN_101952,88,07:41:13,07:41:28,0
iUaEgr0LK4VOSZFkdzur6-07:00:00,SYN_101953,89,07:41:41,07:41:56,0
Rr5VrNghCMV3A0qeyJoVf-07:00:00,SYN_101862,0,07:36:55,07:37:10,0
Rr5VrNghCMV3A0qeyJoVf-07:00:00,SYN_101863,1,07:36:31,07:36:46,0
Rr5VrNghCMV3A0qeyJoVf-07:00:00,SYN_101864,2,07:36:07,07:36:22,0
Rr5VrNghCMV3A0qeyJoVf-07:00:00,SYN_101865,3,07:35:43,07:35:58,0
Rr5VrNghCMV3A0qeyJoVf-07:00:00,SYN_101866,4,07:35:19,07:35:34,0
Rr5VrNghCMV3A0qeyJoVf-07:00:00,SYN_101867,5,07:34:55,07:35:10,0
Rr5VrNghCMV3A0qeyJoVf-07:00:00,SYN_101868,6,07:34:31,07:34:46,0
Rr5VrNghCMV3A0qeyJoVf-07:00:00,SYN_101869,7,07:34:06,07:34:21,0
Rr5VrNghCMV3A0qeyJoVf-07:00:00,SYN_101870,8,07:33:42,07:33:57,0
Rr5VrNghCMV3A0qeyJoVf-07:00:00,SYN_101871,9,07:33:18,07:33:33,0
Rr5VrNghCMV3A0qeyJoVf-07:00:00,SYN_101872,10,07:32:54,07:33:09,0
Rr5VrNghCMV3A0qeyJoVf-07:00:00,SYN_101873,11,07:32:30,07:32:45,0
Rr5VrNghCMV3A0qeyJoVf-07:00:00,SYN_101874,12,07:32:06,07:32:21,0
Rr5VrNghCMV3A0qeyJoVf-07:00:00,SYN_101875,13,07:31:42,07:31:57,0
Rr5VrNghCMV3A0qeyJoVf-07:00:00,SYN_101876,14,07:31:17,07:31:32,0
Rr5VrNghCMV3A0qeyJoVf-07:00:00,SYN_101877,15,07:30:53,07:31:08,0
Rr5VrNghCMV3A0qeyJoVf-07:00:00,SYN_101878,16,07:30:29,07:30:44,0
Rr5VrNghCMV3A0qeyJoVf-07:00:00,SYN_101879,17,07:30:05,07:30:20,0
Rr5VrNghCMV3A0qeyJoVf-07:00:00,SYN_101880,18,07:29:41,07:29:56,0
Rr5VrNghCMV3A0qeyJoVf-07:00:00,SYN_101881,19,07:29:17,07:29:32,0
Rr5VrNghCMV3A0qeyJoVf-07:00:00,SYN_101882,20,07:28:53,07:29:08,0
Rr5VrNghCMV3A0qeyJoVf-07:00:00,SYN_101883,21,07:28:29,07:28:44,0
Rr5VrNghCMV3A0qeyJoVf-07:00:00,SYN_101884,22,07:28:04,07:28:19,0
Rr5VrNghCMV3A0qeyJoVf-07:00:00,SYN_101885,23,07:27:40,07:27:55,0
Rr5VrNghCMV3A0qeyJoVf-07:00:00,SYN_101886,24,07:27:16,07:27:31,0
Rr5VrNghCMV3A0qeyJoVf-07:00:00,SYN_101887,25,07:26:52,07:27:07,0
Rr5VrNghCMV3A0qeyJoVf-07:00:00,SYN_101888,26,07:26:28,07:26:43,0
Rr5VrNghCMV3A0qeyJoVf-07:00:00,SYN_101889,27,07:26:04,07:26:19,0
Rr5VrNghCMV3A0qeyJoVf-07:00:00,SYN_101890,28,07:25:40,07:25:55,0
Rr5VrNghCMV3A0qeyJoVf-07:00:00,SYN_101891,29,07:25:15,07:25:30,0
Rr5VrNghCMV3A0qeyJoVf-07:00:00,SYN_101892,30,07:24:51,07:25:06,0
Rr5VrNghCMV3A0qeyJoVf-07:00:00,SYN_101893,31,07:24:27,07:24:42,0
Rr5VrNghCMV3A0qeyJoVf-07:00:00,SYN_101894,32,07:24:03,07:24:18,0
Rr5VrNghCMV3A0qeyJoVf-07:00:00,SYN_101895,33,07:23:39,07:23:54,0
Rr5VrNghCMV3A0qeyJoVf-07:00:00,SYN_101896,34,07:23:15,07:23:30,0
Rr5VrNghCMV3A0qeyJoVf-07:00:00,SYN_101897,35,07:22:51,07:23:06,0
Rr5VrNghCMV3A0qeyJoVf-07:00:00,SYN_101898,36,07:22:27,07:22:42,0
Rr5VrNghCMV3A0qeyJoVf-07:00:00,SYN_101899,37,07:22:02,07:22:17,0
Rr5VrNghCMV3A0qeyJoVf-07:00:00,SYN_101900,38,07:21:38,07:21:53,0
Rr5VrNghCMV3A0qeyJoVf-07:00:00,SYN_101901,39,07:21:14,07:21:29,0
Rr5VrNghCMV3A0qeyJoVf-07:00:00,SYN_101902,40,07:20:50,07:21:05,0
Rr5VrNghCMV3A0qeyJoVf-07:00:00,SYN_101903,41,07:20:26,07:20:41,0
Rr5VrNghCMV3A0qeyJoVf-07:00:00,SYN_101904,42,07:20:02,07:20:17,0
Rr5VrNghCMV3A0qeyJoVf-07:00:00,SYN_101905,43,07:19:38,07:19:53,0
Rr5VrNghCMV3A0qeyJoVf-07:00:00,SYN_101906,44,07:19:13,07:19:28,0
Rr5VrNghCMV3A0qeyJoVf-07:00:00,SYN_101907,45,07:18:49,07:19:04,0
Rr5VrNghCMV3A0qeyJoVf-07:00:00,SYN_101908,46,07:18:25,07:18:40,0
Rr5VrNghCMV3A0qeyJoVf-07:00:00,SYN_101909,47,07:18:01,07:18:16,0
Rr5VrNghCMV3A0qeyJoVf-07:00:00,SYN_101910,48,07:17:37,07:17:52,0
Rr5VrNghCMV3A0qeyJoVf-07:00:00,SYN_101911,49,07:17:13,07:17:28,0
Rr5VrNghCMV3A0qeyJoVf-07:00:00,SYN_101912,50,07:16:49,07:17:04,0
Rr5VrNghCMV3A0qeyJoVf-07:00:00,SYN_101913,51,07:16:24,07:16:39,0
Rr5VrNghCMV3A0qeyJoVf-07:00:00,SYN_101914,52,07:16:00,07:16:15,0
Rr5VrNghCMV3A0qeyJoVf-07:00:00,SYN_101915,53,07:15:36,07:15:51,0
Rr5VrNghCMV3A0qeyJoVf-07:00:00,SYN_101916,54,07:15:12,07:15:27,0
Rr5VrNghCMV3A0qeyJoVf-07:00:00,SYN_101917,55,07:14:48,07:15:03,0
Rr5VrNghCMV3A0qeyJoVf-07:00:00,SYN_101918,56,07:14:24,07:14:39,0
Rr5VrNghCMV3A0qeyJoVf-07:00:00,SYN_101919,57,07:14:00,07:14:15,0
Rr5VrNghCMV3A0qeyJoVf-07:00:00,SYN_101920,58,07:13:36,07:13:51,0
Rr5VrNghCMV3A0qeyJoVf-07:00:00,SYN_101921,59,07:13:11,07:13:26,0
Rr5VrNghCMV3A0qeyJoVf-07:00:00,SYN_101922,60,07:12:47,07:13:02,0
Rr5VrNghCMV3A0qeyJoVf-07:00:00,SYN_101923,61,07:12:23,07:12:38,0
Rr5VrNghCMV3A0qeyJoVf-07:00:00,SYN_101924,62,07:11:59,07:12:14,0
Rr5VrNghCMV3A0qeyJoVf-07:00:00,SYN_101925,63,07:11:35,07:11:50,0
Rr5VrNghCMV3A0qeyJoVf-07:00:00,SYN_101926,64,07:11:11,07:11:26,0
Rr5VrNghCMV3A0qeyJoVf-07:00:00,SYN_101927,65,07:10:47,07:11:02,0
Rr5VrNghCMV3A0qeyJoVf-07:00:00,SYN_101928,66,07:10:22,07:10:37,0
Rr5VrNghCMV3A0qeyJoVf-07:00:00,SYN_101929,67,07:09:58,07:10:13,0
Rr5VrNghCMV3A0qeyJoVf-07:00:00,SYN_101930,68,07:09:34,07:09:49,0
Rr5VrNghCMV3A0qeyJoVf-07:00:00,SYN_101931,69,07:09:10,07:09:25,0
Rr5VrNghCMV3A0qeyJoVf-07:00:00,SYN_101932,70,07:08:46,07:09:01,0
Rr5VrNghCMV3A0qeyJoVf-07:00:00,SYN_101933,71,07:08:22,07:08:37,0
Rr5VrNghCMV3A0qeyJoVf-07:00:00,SYN_101934,72,07:07:58,07:08:13,0
Rr5VrNghCMV3A0qeyJoVf-07:00:00,SYN_101935,73,07:07:34,07:07:49,0
Rr5VrNghCMV3A0qeyJoVf-07:00:00,SYN_101936,74,07:07:09,07:07:24,0
Rr5VrNghCMV3A0qeyJoVf-07:00:00,SYN_101937,75,07:06:45,07:07:00,0
Rr5VrNghCMV3A0qeyJoVf-07:00:00,SYN_101938,76,07:06:21,07:06:36,0
Rr5VrNghCMV3A0qeyJoVf-07:00:00,SYN_101939,77,07:05:57,07:06:12,0
Rr5VrNghCMV3A0qeyJoVf-07:00:00,SYN_101940,78,07:05:33,07:05:48,0
Rr5VrNghCMV3A0qeyJoVf-07:00:00,SYN_101941,79,07:05:09,07:05:24,0
Rr5VrNghCMV3A0qeyJoVf-07:00:00,SYN_101942,80,07:04:45,07:05:00,0
Rr5VrNghCMV3A0qeyJoVf-07:00:00,SYN_101943,81,07:04:20,07:04:35,0
Rr5VrNghCMV3A0qeyJoVf-07:00:00,SYN_101944,82,07:03:56,07:04:11,0
Rr5VrNghCMV3A0qeyJoVf-07:00:00,SYN_101945,83,07:03:32,07:03:47,0
Rr5VrNghCMV3A0qeyJoVf-07:00:00,SYN_101946,84,07:03:08,07:03:23,0
Rr5VrNghCMV3A0qeyJoVf-07:00:00,SYN_101947,85,07:02:44,07:02:59,0
Rr5VrNghCMV3A0qeyJoVf-07:00:00,SYN_101948,86,07:02:20,07:02:35,0
Rr5VrNghCMV3A0qeyJoVf-07:00:00,SYN_101949,87,07:01:56,07:02:11,0
Rr5VrNghCMV3A0qeyJoVf-07:00:00,SYN_101950,88,07:01:31,07:01:46,0
Rr5VrNghCMV3A0qeyJoVf-07:00:00,SYN_101951,89,07:01:07,07:01:22,0
Rr5VrNghCMV3A0qeyJoVf-07:00:00,SYN_101952,90,07:00:43,07:00:58,0
Rr5VrNghCMV3A0qeyJoVf-07:00:00,SYN_101953,91,07:00:19,07:00:34,0
3wTFymMNfLvqoIaC8VkMX-07:00:00,SYN_101959,0,07:00:34,07:00:49,0
3wTFymMNfLvqoIaC8VkMX-07:00:00,SYN_101960,1,07:01:35,07:01:50,0
3wTFymMNfLvqoIaC8VkMX-07:00:00,SYN_101961,2,07:02:36,07:02:51,0
3wTFymMNfLvqoIaC8VkMX-07:00:00,SYN_101962,3,07:03:37,07:03:52,0
3wTFymMNfLvqoIaC8VkMX-07:00:00,SYN_101963,4,07:04:38,07:04:53,0
3wTFymMNfLvqoIaC8VkMX-07:00:00,SYN_101964,5,07:05:39,07:05:54,0
3wTFymMNfLvqoIaC8VkMX-07:00:00,SYN_101965,6,07:06:40,07:06:55,0
3wTFymMNfLvqoIaC8VkMX-07:00:00,SYN_101966,7,07:07:41,07:07:56,0
3wTFymMNfLvqoIaC8VkMX-07:00:00,SYN_101967,8,07:08:42,07:08:57,0
3wTFymMNfLvqoIaC8VkMX-07:00:00,SYN_101968,9,07:09:43,07:09:58,0
3wTFymMNfLvqoIaC8VkMX-07:00:00,SYN_101969,10,07:10:44,07:10:59,0
3wTFymMNfLvqoIaC8VkMX-07:00:00,SYN_101970,11,07:11:45,07:12:00,0
3wTFymMNfLvqoIaC8VkMX-07:00:00,SYN_101971,12,07:12:47,07:13:02,0
gNGHM_FUxY2cAKLH9-ILE-07:00:00,SYN_101959,0,07:08:28,07:08:43,0
gNGHM_FUxY2cAKLH9-ILE-07:00:00,SYN_101960,1,07:07:46,07:08:01,0
gNGHM_FUxY2cAKLH9-ILE-07:00:00,SYN_101961,2,07:07:04,07:07:19,0
gNGHM_FUxY2cAKLH9-ILE-07:00:00,SYN_101962,3,07:06:21,07:06:36,0
gNGHM_FUxY2cAKLH9-ILE-07:00:00,SYN_101963,4,07:05:39,07:05:54,0
gNGHM_FUxY2cAKLH9-ILE-07:00:00,SYN_101964,5,07:04:57,07:05:12,0
gNGHM_FUxY2cAKLH9-ILE-07:00:00,SYN_101965,6,07:04:14,07:04:29,0
gNGHM_FUxY2cAKLH9-ILE-07:00:00,SYN_101966,7,07:03:32,07:03:47,0
gNGHM_FUxY2cAKLH9-ILE-07:00:00,SYN_101967,8,07:02:50,07:03:05,0
gNGHM_FUxY2cAKLH9-ILE-07:00:00,SYN_101968,9,07:02:07,07:02:22,0
gNGHM_FUxY2cAKLH9-ILE-07:00:00,SYN_101969,10,07:01:25,07:01:40,0
gNGHM_FUxY2cAKLH9-ILE-07:00:00,SYN_101970,11,07:00:43,07:00:58,0
gNGHM_FUxY2cAKLH9-ILE-07:00:00,SYN_101971,12,07:00:00,07:00:15,0
7oFBV_-FjsLDgC5o68Mli-07:00:00,SYN_101972,0,07:00:44,07:00:59,0
7oFBV_-FjsLDgC5o68Mli-07:00:00,SYN_101973,1,07:01:28,07:01:43,0
7oFBV_-FjsLDgC5o68Mli-07:00:00,SYN_101974,2,07:02:59,07:03:14,0
7oFBV_-FjsLDgC5o68Mli-07:00:00,SYN_101975,3,07:04:47,07:05:02,0
7oFBV_-FjsLDgC5o68Mli-07:00:00,SYN_101976,4,07:06:06,07:06:21,0
7oFBV_-FjsLDgC5o68Mli-07:00:00,SYN_101977,5,07:07:11,07:07:26,0
7oFBV_-FjsLDgC5o68Mli-07:00:00,SYN_101978,6,07:08:17,07:08:32,0
7oFBV_-FjsLDgC5o68Mli-07:00:00,SYN_101979,7,07:09:28,07:09:43,0
7oFBV_-FjsLDgC5o68Mli-07:00:00,SYN_101980,8,07:10:53,07:11:08,0
7oFBV_-FjsLDgC5o68Mli-07:00:00,SYN_101981,9,07:12:17,07:12:32,0
BSHIbLq-S_VbTLPj0f5S7-07:00:00,SYN_101972,0,07:03:09,07:03:24,0
BSHIbLq-S_VbTLPj0f5S7-07:00:00,SYN_101973,1,07:02:12,07:02:27,0
BSHIbLq-S_VbTLPj0f5S7-07:00:00,SYN_101974,2,07:01:15,07:01:30,0
BSHIbLq-S_VbTLPj0f5S7-07:00:00,SYN_101975,3,07:00:18,07:00:33,0
ofLnCLGBqlPSHxiB_6HP7-07:00:00,SYN_101983,0,07:00:23,07:00:38,0
ofLnCLGBqlPSHxiB_6HP7-07:00:00,SYN_101984,1,07:01:00,07:01:15,0
ofLnCLGBqlPSHxiB_6HP7-07:00:00,SYN_101985,2,07:01:38,07:01:53,0
ofLnCLGBqlPSHxiB_6HP7-07:00:00,SYN_101986,3,07:02:16,07:02:31,0
ofLnCLGBqlPSHxiB_6HP7-07:00:00,SYN_101987,4,07:02:54,07:03:09,0
ofLnCLGBqlPSHxiB_6HP7-07:00:00,SYN_101988,5,07:03:32,07:03:47,0
ofLnCLGBqlPSHxiB_6HP7-07:00:00,SYN_101989,6,07:04:10,07:04:25,0
ofLnCLGBqlPSHxiB_6HP7-07:00:00,SYN_101990,7,07:04:45,07:05:00,0
ofLnCLGBqlPSHxiB_6HP7-07:00:00,SYN_101991,8,07:05:04,07:05:19,0
ofLnCLGBqlPSHxiB_6HP7-07:00:00,SYN_101992,9,07:05:22,07:05:37,0
ofLnCLGBqlPSHxiB_6HP7-07:00:00,SYN_101993,10,07:05:40,07:05:55,0
ofLnCLGBqlPSHxiB_6HP7-07:00:00,SYN_101994,11,07:05:59,07:06:14,0
ofLnCLGBqlPSHxiB_6HP7-07:00:00,SYN_101995,12,07:06:17,07:06:32,0
ofLnCLGBqlPSHxiB_6HP7-07:00:00,SYN_101996,13,07:06:36,07:06:51,0
ofLnCLGBqlPSHxiB_6HP7-07:00:00,SYN_101997,14,07:06:54,07:07:09,0
ofLnCLGBqlPSHxiB_6HP7-07:00:00,SYN_101998,15,07:07:12,07:07:27,0
ofLnCLGBqlPSHxiB_6HP7-07:00:00,SYN_101999,16,07:07:34,07:07:49,0
ofLnCLGBqlPSHxiB_6HP7-07:00:00,SYN_102000,17,07:08:10,07:08:25,0
ofLnCLGBqlPSHxiB_6HP7-07:00:00,SYN_102001,18,07:08:45,07:09:00,0
ofLnCLGBqlPSHxiB_6HP7-07:00:00,SYN_102002,19,07:09:20,07:09:35,0
ofLnCLGBqlPSHxiB_6HP7-07:00:00,SYN_102003,20,07:09:55,07:10:10,0
ofLnCLGBqlPSHxiB_6HP7-07:00:00,SYN_102004,21,07:10:31,07:10:46,0
ofLnCLGBqlPSHxiB_6HP7-07:00:00,SYN_102005,22,07:11:06,07:11:21,0
ofLnCLGBqlPSHxiB_6HP7-07:00:00,SYN_102006,23,07:11:41,07:11:56,0
ofLnCLGBqlPSHxiB_6HP7-07:00:00,SYN_102007,24,07:12:16,07:12:31,0
ofLnCLGBqlPSHxiB_6HP7-07:00:00,SYN_102008,25,07:12:49,07:13:04,0
ofLnCLGBqlPSHxiB_6HP7-07:00:00,SYN_102009,26,07:13:06,07:13:21,0
ofLnCLGBqlPSHxiB_6HP7-07:00:00,SYN_102010,27,07:13:23,07:13:38,0
ofLnCLGBqlPSHxiB_6HP7-07:00:00,SYN_102011,28,07:13:40,07:13:55,0
ofLnCLGBqlPSHxiB_6HP7-07:00:00,SYN_102012,29,07:13:56,07:14:11,0
ofLnCLGBqlPSHxiB_6HP7-07:00:00,SYN_102013,30,07:14:13,07:14:28,0
ofLnCLGBqlPSHxiB_6HP7-07:00:00,SYN_102014,31,07:14:30,07:14:45,0
ofLnCLGBqlPSHxiB_6HP7-07:00:00,SYN_102015,32,07:14:47,07:15:02,0
ofLnCLGBqlPSHxiB_6HP7-07:00:00,SYN_102016,33,07:15:03,07:15:18,0
ofLnCLGBqlPSHxiB_6HP7-07:00:00,SYN_102017,34,07:15:20,07:15:35,0
ofLnCLGBqlPSHxiB_6HP7-07:00:00,SYN_102018,35,07:15:37,07:15:52,0
ofLnCLGBqlPSHxiB_6HP7-07:00:00,SYN_102019,36,07:16:03,07:16:18,0
ofLnCLGBqlPSHxiB_6HP7-07:00:00,SYN_102020,37,07:16:41,07:16:56,0
ofLnCLGBqlPSHxiB_6HP7-07:00:00,SYN_102021,38,07:17:19,07:17:34,0
ofLnCLGBqlPSHxiB_6HP7-07:00:00,SYN_102022,39,07:17:58,07:18:13,0
ofLnCLGBqlPSHxiB_6HP7-07:00:00,SYN_102023,40,07:18:36,07:18:51,0
ofLnCLGBqlPSHxiB_6HP7-07:00:00,SYN_102024,41,07:19:14,07:19:29,0
ofLnCLGBqlPSHxiB_6HP7-07:00:00,SYN_102025,42,07:19:53,07:20:08,0
ofLnCLGBqlPSHxiB_6HP7-07:00:00,SYN_102026,43,07:20:31,07:20:46,0
ofLnCLGBqlPSHxiB_6HP7-07:00:00,SYN_102027,44,07:21:09,07:21:24,0
ofLnCLGBqlPSHxiB_6HP7-07:00:00,SYN_102028,45,07:21:45,07:22:00,0
ofLnCLGBqlPSHxiB_6HP7-07:00:00,SYN_102029,46,07:22:14,07:22:29,0
ofLnCLGBqlPSHxiB_6HP7-07:00:00,SYN_102030,47,07:22:42,07:22:57,0
ofLnCLGBqlPSHxiB_6HP7-07:00:00,SYN_102031,48,07:23:11,07:23:26,0
ofLnCLGBqlPSHxiB_6HP7-07:00:00,SYN_102032,49,07:23:39,07:23:54,0
ofLnCLGBqlPSHxiB_6HP7-07:00:00,SYN_102033,50,07:24:08,07:24:23,0
ofLnCLGBqlPSHxiB_6HP7-07:00:00,SYN_102034,51,07:24:36,07:24:51,0
ofLnCLGBqlPSHxiB_6HP7-07:00:00,SYN_102035,52,07:25:05,07:25:20,0
ofLnCLGBqlPSHxiB_6HP7-07:00:00,SYN_102036,53,07:25:34,07:25:49,0
ofLnCLGBqlPSHxiB_6HP7-07:00:00,SYN_102037,54,07:26:02,07:26:17,0
ofLnCLGBqlPSHxiB_6HP7-07:00:00,SYN_102038,55,07:26:31,07:26:46,0
ofLnCLGBqlPSHxiB_6HP7-07:00:00,SYN_102039,56,07:27:06,07:27:21,0
ofLnCLGBqlPSHxiB_6HP7-07:00:00,SYN_102040,57,07:28:17,07:28:32,0
ofLnCLGBqlPSHxiB_6HP7-07:00:00,SYN_102041,58,07:30:06,07:30:21,0
ofLnCLGBqlPSHxiB_6HP7-07:00:00,SYN_102042,59,07:30:30,07:30:45,0
ofLnCLGBqlPSHxiB_6HP7-07:00:00,SYN_102043,60,07:30:54,07:31:09,0
ofLnCLGBqlPSHxiB_6HP7-07:00:00,SYN_102044,61,07:31:21,07:31:36,0
ofLnCLGBqlPSHxiB_6HP7-07:00:00,SYN_102045,62,07:31:52,07:32:07,0
ofLnCLGBqlPSHxiB_6HP7-07:00:00,SYN_102046,63,07:32:24,07:32:39,0
ofLnCLGBqlPSHxiB_6HP7-07:00:00,SYN_102047,64,07:32:55,07:33:10,0
ofLnCLGBqlPSHxiB_6HP7-07:00:00,SYN_102048,65,07:33:26,07:33:41,0
ofLnCLGBqlPSHxiB_6HP7-07:00:00,SYN_102049,66,07:33:57,07:34:12,0
ofLnCLGBqlPSHxiB_6HP7-07:00:00,SYN_102050,67,07:34:28,07:34:43,0
ofLnCLGBqlPSHxiB_6HP7-07:00:00,SYN_102051,68,07:35:00,07:35:15,0
ofLnCLGBqlPSHxiB_6HP7-07:00:00,SYN_102052,69,07:35:31,07:35:46,0
ofLnCLGBqlPSHxiB_6HP7-07:00:00,SYN_102053,70,07:36:02,07:36:17,0
ofLnCLGBqlPSHxiB_6HP7-07:00:00,SYN_102054,71,07:36:35,07:36:50,0
ofLnCLGBqlPSHxiB_6HP7-07:00:00,SYN_102055,72,07:37:16,07:37:31,0
ofLnCLGBqlPSHxiB_6HP7-07:00:00,SYN_102056,73,07:37:58,07:38:13,0
ofLnCLGBqlPSHxiB_6HP7-07:00:00,SYN_102057,74,07:38:55,07:39:10,0
v6Tq-fJZg1OTVvR_yhueB-07:00:00,SYN_101983,0,07:32:19,07:32:34,0
v6Tq-fJZg1OTVvR_yhueB-07:00:00,SYN_101984,1,07:31:56,07:32:11,0
v6Tq-fJZg1OTVvR_yhueB-07:00:00,SYN_101985,2,07:31:33,07:31:48,0
v6Tq-fJZg1OTVvR_yhueB-07:00:00,SYN_101986,3,07:31:10,07:31:25,0
v6Tq-fJZg1OTVvR_yhueB-07:00:00,SYN_101987,4,07:30:47,07:31:02,0
v6Tq-fJZg1OTVvR_yhueB-07:00:00,SYN_101988,5,07:30:24,07:30:39,0
v6Tq-fJZg1OTVvR_yhueB-07:00:00,SYN_101989,6,07:30:01,07:30:16,0
v6Tq-fJZg1OTVvR_yhueB-07:00:00,SYN_101990,7,07:29:37,07:29:52,0
v6Tq-fJZg1OTVvR_yhueB-07:00:00,SYN_101991,8,07:29:14,07:29:29,0
v6Tq-fJZg1OTVvR_yhueB-07:00:00,SYN_101992,9,07:28:51,07:29:06,0
v6Tq-fJZg1OTVvR_yhueB-07:00:00,SYN_101993,10,07:28:28,07:28:43,0
v6Tq-fJZg1OTVvR_yhueB-07:00:00,SYN_101994,11,07:28:05,07:28:20,0
v6Tq-fJZg1OTVvR_yhueB-07:00:00,SYN_101995,12,07:27:42,07:27:57,0
v6Tq-fJZg1OTVvR_yhueB-07:00:00,SYN_101996,13,07:27:19,07:27:34,0
v6Tq-fJZg1OTVvR_yhueB-07:00:00,SYN_101997,14,07:26:55,07:27:10,0
v6Tq-fJZg1OTVvR_yhueB-07:00:00,SYN_101998,15,07:26:32,07:26:47,0
v6Tq-fJZg1OTVvR_yhueB-07:00:00,SYN_101999,16,07:26:09,07:26:24,0
v6Tq-fJZg1OTVvR_yhueB-07:00:00,SYN_102000,17,07:25:46,07:26:01,0
v6Tq-fJZg1OTVvR_yhueB-07:00:00,SYN_102001,18,07:25:23,07:25:38,0
v6Tq-fJZg1OTVvR_yhueB-07:00:00,SYN_102002,19,07:25:00,07:25:15,0
v6Tq-fJZg1OTVvR_yhueB-07:00:00,SYN_102003,20,07:24:37,07:24:52,0
v6Tq-fJZg1OTVvR_yhueB-07:00:00,SYN_102004,21,07:24:14,07:24:29,0
v6Tq-fJZg1OTVvR_yhueB-07:00:00,SYN_102005,22,07:23:50,07:24:05,0
v6Tq-fJZg1OTVvR_yhueB-07:00:00,SYN_102006,23,07:23:27,07:23:42,0
v6Tq-fJZg1OTVvR_yhueB-07:00:00,SYN_102007,24,07:23:04,07:23:19,0
v6Tq-fJZg1OTVvR_yhueB-07:00:00,SYN_102008,25,07:22:41,07:22:56,0
v6Tq-fJZg1OTVvR_yhueB-07:00:00,SYN_102009,26,07:22:18,07:22:33,0
v6Tq-fJZg1OTVvR_yhueB-07:00:00,SYN_102010,27,07:21:55,07:22:10,0
v6Tq-fJZg1OTVvR_yhueB-07:00:00,SYN_102011,28,07:21:32,07:21:47,0
v6Tq-fJZg1OTVvR_yhueB-07:00:00,SYN_102012,29,07:21:08,07:21:23,0
v6Tq-fJZg1OTVvR_yhueB-07:00:00,SYN_102013,30,07:20:45,07:21:00,0
v6Tq-fJZg1OTVvR_yhueB-07:00:00,SYN_102014,31,07:20:22,07:20:37,0
v6Tq-fJZg1OTVvR_yhueB-07:00:00,SYN_102015,32,07:19:59,07:20:14,0
v6Tq-fJZg1OTVvR_yhueB-07:00:00,SYN_102016,33,07:19:36,07:19:51,0
v6Tq-fJZg1OTVvR_yhueB-07:00:00,SYN_102017,34,07:19:13,07:19:28,0
v6Tq-fJZg1OTVvR_yhueB-07:00:00,SYN_102018,35,07:18:50,07:19:05,0
v6Tq-fJZg1OTVvR_yhueB-07:00:00,SYN_102019,36,07:18:26,07:18:41,0
v6Tq-fJZg1OTVvR_yhueB-07:00:00,SYN_102020,37,07:18:03,07:18:18,0
v6Tq-fJZg1OTVvR_yhueB-07:00:00,SYN_102021,38,07:17:40,07:17:55,0
v6Tq-fJZg1OTVvR_yhueB-07:00:00,SYN_102022,39,07:17:17,07:17:32,0
v6Tq-fJZg1OTVvR_yhueB-07:00:00,SYN_102023,40,07:16:54,07:17:09,0
v6Tq-fJZg1OTVvR_yhueB-07:00:00,SYN_102024,41,07:16:31,07:16:46,0
v6Tq-fJZg1OTVvR_yhueB-07:00:00,SYN_102025,42,07:16:08,07:16:23,0
v6Tq-fJZg1OTVvR_yhueB-07:00:00,SYN_102026,43,07:15:45,07:16:00,0
v6Tq-fJZg1OTVvR_yhueB-07:00:00,SYN_102027,44,07:15:21,07:15:36,0
v6Tq-fJZg1OTVvR_yhueB-07:00:00,SYN_102028,45,07:14:58,07:15:13,0
v6Tq-fJZg1OTVvR_yhueB-07:00:00,SYN_102029,46,07:14:35,07:14:50,0
v6Tq-fJZg1OTVvR_yhueB-07:00:00,SYN_102030,47,07:14:12,07:14:27,0
v6Tq-fJZg1OTVvR_yhueB-07:00:00,SYN_102031,48,07:13:49,07:14:04,0
v6Tq-fJZg1OTVvR_yhueB-07:00:00,SYN_102032,49,07:13:26,07:13:41,0
v6Tq-fJZg1OTVvR_yhueB-07:00:00,SYN_102033,50,07:13:03,07:13:18,0
v6Tq-fJZg1OTVvR_yhueB-07:00:00,SYN_102034,51,07:12:39,07:12:54,0
v6Tq-fJZg1OTVvR_yhueB-07:00:00,SYN_102035,52,07:12:16,07:12:31,0
v6Tq-fJZg1OTVvR_yhueB-07:00:00,SYN_102036,53,07:11:53,07:12:08,0
v6Tq-fJZg1OTVvR_yhueB-07:00:00,SYN_102037,54,07:11:30,07:11:45,0
v6Tq-fJZg1OTVvR_yhueB-07:00:00,SYN_102038,55,07:11:07,07:11:22,0
v6Tq-fJZg1OTVvR_yhueB-07:00:00,SYN_102039,56,07:10:44,07:10:59,0
v6Tq-fJZg1OTVvR_yhueB-07:00:00,SYN_102040,57,07:10:21,07:10:36,0
v6Tq-fJZg1OTVvR_yhueB-07:00:00,SYN_102041,58,07:09:57,07:10:12,0
v6Tq-fJZg1OTVvR_yhueB-07:00:00,SYN_102042,59,07:09:34,07:09:49,0
v6Tq-fJZg1OTVvR_yhueB-07:00:00,SYN_102043,60,07:09:11,07:09:26,0
v6Tq-fJZg1OTVvR_yhueB-07:00:00,SYN_102044,61,07:08:48,07:09:03,0
v6Tq-fJZg1OTVvR_yhueB-07:00:00,SYN_102045,62,07:08:25,07:08:40,0
v6Tq-fJZg1OTVvR_yhueB-07:00:00,SYN_102046,63,07:08:02,07:08:17,0
v6Tq-fJZg1OTVvR_yhueB-07:00:00,SYN_102047,64,07:07:39,07:07:54,0
v6Tq-fJZg1OTVvR_yhueB-07:00:00,SYN_102048,65,07:07:16,07:07:31,0
v6Tq-fJZg1OTVvR_yhueB-07:00:00,SYN_102049,66,07:06:52,07:07:07,0
v6Tq-fJZg1OTVvR_yhueB-07:00:00,SYN_102050,67,07:06:29,07:06:44,0
v6Tq-fJZg1OTVvR_yhueB-07:00:00,SYN_102051,68,07:06:06,07:06:21,0
v6Tq-fJZg1OTVvR_yhueB-07:00:00,SYN_102052,69,07:05:43,07:05:58,0
v6Tq-fJZg1OTVvR_yhueB-07:00:00,SYN_102053,70,07:05:20,07:05:35,0
v6Tq-fJZg1OTVvR_yhueB-07:00:00,SYN_102054,71,07:04:57,07:05:12,0
v6Tq-fJZg1OTVvR_yhueB-07:00:00,SYN_102055,72,07:04:34,07:04:49,0
v6Tq-fJZg1OTVvR_yhueB-07:00:00,SYN_102056,73,07:04:10,07:04:25,0
v6Tq-fJZg1OTVvR_yhueB-07:00:00,SYN_102057,74,07:03:47,07:04:02,0
v6Tq-fJZg1OTVvR_yhueB-07:00:00,SYN_102058,75,07:03:24,07:03:39,0
v6Tq-fJZg1OTVvR_yhueB-07:00:00,SYN_102059,76,07:03:01,07:03:16,0
v6Tq-fJZg1OTVvR_yhueB-07:00:00,SYN_102060,77,07:02:38,07:02:53,0
v6Tq-fJZg1OTVvR_yhueB-07:00:00,SYN_102061,78,07:02:15,07:02:30,0
v6Tq-fJZg1OTVvR_yhueB-07:00:00,SYN_102062,79,07:01:52,07:02:07,0
v6Tq-fJZg1OTVvR_yhueB-07:00:00,SYN_102063,80,07:01:28,07:01:43,0
v6Tq-fJZg1OTVvR_yhueB-07:00:00,SYN_102064,81,07:01:05,07:01:20,0
v6Tq-fJZg1OTVvR_yhueB-07:00:00,SYN_102065,82,07:00:42,07:00:57,0
v6Tq-fJZg1OTVvR_yhueB-07:00:00,SYN_102066,83,07:00:19,07:00:34,0
JjBliHamEx0YUxbao3vZS-07:00:00,SYN_102067,0,07:00:13,07:00:28,0
JjBliHamEx0YUxbao3vZS-07:00:00,SYN_102068,1,07:01:08,07:01:23,0
JjBliHamEx0YUxbao3vZS-07:00:00,SYN_102069,2,07:02:03,07:02:18,0
JjBliHamEx0YUxbao3vZS-07:00:00,SYN_102070,3,07:02:57,07:03:12,0
JjBliHamEx0YUxbao3vZS-07:00:00,SYN_102071,4,07:03:52,07:04:07,0
JjBliHamEx0YUxbao3vZS-07:00:00,SYN_102072,5,07:04:47,07:05:02,0
JjBliHamEx0YUxbao3vZS-07:00:00,SYN_102073,6,07:05:41,07:05:56,0
JjBliHamEx0YUxbao3vZS-07:00:00,SYN_102074,7,07:06:36,07:06:51,0
JjBliHamEx0YUxbao3vZS-07:00:00,SYN_102075,8,07:07:31,07:07:46,0
JjBliHamEx0YUxbao3vZS-07:00:00,SYN_102076,9,07:08:10,07:08:25,0
JjBliHamEx0YUxbao3vZS-07:00:00,SYN_102077,10,07:08:36,07:08:51,0
JjBliHamEx0YUxbao3vZS-07:00:00,SYN_102078,11,07:09:03,07:09:18,0
JjBliHamEx0YUxbao3vZS-07:00:00,SYN_102079,12,07:09:25,07:09:40,0
JjBliHamEx0YUxbao3vZS-07:00:00,SYN_102080,13,07:09:46,07:10:01,0
JjBliHamEx0YUxbao3vZS-07:00:00,SYN_102081,14,07:10:06,07:10:21,0
JjBliHamEx0YUxbao3vZS-07:00:00,SYN_102082,15,07:10:27,07:10:42,0
JjBliHamEx0YUxbao3vZS-07:00:00,SYN_102083,16,07:10:48,07:11:03,0
JjBliHamEx0YUxbao3vZS-07:00:00,SYN_102084,17,07:11:08,07:11:23,0
JjBliHamEx0YUxbao3vZS-07:00:00,SYN_102085,18,07:11:26,07:11:41,0
JjBliHamEx0YUxbao3vZS-07:00:00,SYN_102086,19,07:11:45,07:12:00,0
JjBliHamEx0YUxbao3vZS-07:00:00,SYN_102087,20,07:12:04,07:12:19,0
JjBliHamEx0YUxbao3vZS-07:00:00,SYN_102088,21,07:12:23,07:12:38,0
JjBliHamEx0YUxbao3vZS-07:00:00,SYN_102089,22,07:12:42,07:12:57,0
JjBliHamEx0YUxbao3vZS-07:00:00,SYN_102090,23,07:13:01,07:13:16,0
JjBliHamEx0YUxbao3vZS-07:00:00,SYN_102091,24,07:13:20,07:13:35,0
JjBliHamEx0YUxbao3vZS-07:00:00,SYN_102092,25,07:13:39,07:13:54,0
JjBliHamEx0YUxbao3vZS-07:00:00,SYN_102093,26,07:14:10,07:14:25,0
JjBliHamEx0YUxbao3vZS-07:00:00,SYN_102094,27,07:14:42,07:14:57,0
JjBliHamEx0YUxbao3vZS-07:00:00,SYN_102095,28,07:15:13,07:15:28,0
JjBliHamEx0YUxbao3vZS-07:00:00,SYN_102096,29,07:15:45,07:16:00,0
JjBliHamEx0YUxbao3vZS-07:00:00,SYN_102097,30,07:16:16,07:16:31,0
JjBliHamEx0YUxbao3vZS-07:00:00,SYN_102098,31,07:16:48,07:17:03,0
JjBliHamEx0YUxbao3vZS-07:00:00,SYN_102099,32,07:17:19,07:17:34,0
JjBliHamEx0YUxbao3vZS-07:00:00,SYN_102100,33,07:17:51,07:18:06,0
JjBliHamEx0YUxbao3vZS-07:00:00,SYN_102101,34,07:18:22,07:18:37,0
JjBliHamEx0YUxbao3vZS-07:00:00,SYN_102102,35,07:18:42,07:18:57,0
JjBliHamEx0YUxbao3vZS-07:00:00,SYN_102103,36,07:18:58,07:19:13,0
JjBliHamEx0YUxbao3vZS-07:00:00,SYN_102104,37,07:19:15,07:19:30,0
JjBliHamEx0YUxbao3vZS-07:00:00,SYN_102105,38,07:19:32,07:19:47,0
JjBliHamEx0YUxbao3vZS-07:00:00,SYN_102106,39,07:19:48,07:20:03,0
JjBliHamEx0YUxbao3vZS-07:00:00,SYN_102107,40,07:20:05,07:20:20,0
JjBliHamEx0YUxbao3vZS-07:00:00,SYN_102108,41,07:20:22,07:20:37,0
JjBliHamEx0YUxbao3vZS-07:00:00,SYN_102109,42,07:20:39,07:20:54,0
JjBliHamEx0YUxbao3vZS-07:00:00,SYN_102110,43,07:20:55,07:21:10,0
JjBliHamEx0YUxbao3vZS-07:00:00,SYN_102111,44,07:21:12,07:21:27,0
JjBliHamEx0YUxbao3vZS-07:00:00,SYN_102112,45,07:21:32,07:21:47,0
JjBliHamEx0YUxbao3vZS-07:00:00,SYN_102113,46,07:22:10,07:22:25,0
JjBliHamEx0YUxbao3vZS-07:00:00,SYN_102114,47,07:22:48,07:23:03,0
JjBliHamEx0YUxbao3vZS-07:00:00,SYN_102115,48,07:23:27,07:23:42,0
JjBliHamEx0YUxbao3vZS-07:00:00,SYN_102116,49,07:24:05,07:24:20,0
JjBliHamEx0YUxbao3vZS-07:00:00,SYN_102117,50,07:24:43,07:24:58,0
JjBliHamEx0YUxbao3vZS-07:00:00,SYN_102118,51,07:25:22,07:25:37,0
JjBliHamEx0YUxbao3vZS-07:00:00,SYN_102119,52,07:26:00,07:26:15,0
JjBliHamEx0YUxbao3vZS-07:00:00,SYN_102120,53,07:26:38,07:26:53,0
JjBliHamEx0YUxbao3vZS-07:00:00,SYN_102121,54,07:27:17,07:27:32,0
JjBliHamEx0YUxbao3vZS-07:00:00,SYN_102122,55,07:27:45,07:28:00,0
JjBliHamEx0YUxbao3vZS-07:00:00,SYN_102123,56,07:28:14,07:28:29,0
JjBliHamEx0YUxbao3vZS-07:00:00,SYN_102124,57,07:28:43,07:28:58,0
JjBliHamEx0YUxbao3vZS-07:00:00,SYN_102125,58,07:29:11,07:29:26,0
JjBliHamEx0YUxbao3vZS-07:00:00,SYN_102126,59,07:29:40,07:29:55,0
JjBliHamEx0YUxbao3vZS-07:00:00,SYN_102127,60,07:30:08,07:30:23,0
JjBliHamEx0YUxbao3vZS-07:00:00,SYN_102128,61,07:30:37,07:30:52,0
JjBliHamEx0YUxbao3vZS-07:00:00,SYN_102129,62,07:31:05,07:31:20,0
JjBliHamEx0YUxbao3vZS-07:00:00,SYN_102130,63,07:31:34,07:31:49,0
JjBliHamEx0YUxbao3vZS-07:00:00,SYN_102131,64,07:32:03,07:32:18,0
JjBliHamEx0YUxbao3vZS-07:00:00,SYN_102132,65,07:32:31,07:32:46,0
JjBliHamEx0YUxbao3vZS-07:00:00,SYN_102133,66,07:33:37,07:33:52,0
JjBliHamEx0YUxbao3vZS-07:00:00,SYN_102134,67,07:35:39,07:35:54,0
JjBliHamEx0YUxbao3vZS-07:00:00,SYN_102135,68,07:36:03,07:36:18,0
JjBliHamEx0YUxbao3vZS-07:00:00,SYN_102136,69,07:36:27,07:36:42,0
JjBliHamEx0YUxbao3vZS-07:00:00,SYN_102137,70,07:36:52,07:37:07,0
JjBliHamEx0YUxbao3vZS-07:00:00,SYN_102138,71,07:37:23,07:37:38,0
JjBliHamEx0YUxbao3vZS-07:00:00,SYN_102139,72,07:37:55,07:38:10,0
JjBliHamEx0YUxbao3vZS-07:00:00,SYN_102140,73,07:38:26,07:38:41,0
JjBliHamEx0YUxbao3vZS-07:00:00,SYN_102141,74,07:38:57,07:39:12,0
JjBliHamEx0YUxbao3vZS-07:00:00,SYN_102142,75,07:39:28,07:39:43,0
JjBliHamEx0YUxbao3vZS-07:00:00,SYN_102143,76,07:39:59,07:40:14,0
JjBliHamEx0YUxbao3vZS-07:00:00,SYN_102144,77,07:40:31,07:40:46,0
JjBliHamEx0YUxbao3vZS-07:00:00,SYN_102145,78,07:41:02,07:41:17,0
JjBliHamEx0YUxbao3vZS-07:00:00,SYN_102146,79,07:41:33,07:41:48,0
JjBliHamEx0YUxbao3vZS-07:00:00,SYN_102147,80,07:42:04,07:42:19,0
JjBliHamEx0YUxbao3vZS-07:00:00,SYN_102148,81,07:42:44,07:42:59,0
JjBliHamEx0YUxbao3vZS-07:00:00,SYN_102149,82,07:43:26,07:43:41,0
JjBliHamEx0YUxbao3vZS-07:00:00,SYN_102150,83,07:44:17,07:44:32,0
JjBliHamEx0YUxbao3vZS-07:00:00,SYN_102151,84,07:44:58,07:45:13,0
JjBliHamEx0YUxbao3vZS-07:00:00,SYN_102152,85,07:45:19,07:45:34,0
JjBliHamEx0YUxbao3vZS-07:00:00,SYN_102153,86,07:45:41,07:45:56,0
JjBliHamEx0YUxbao3vZS-07:00:00,SYN_102154,87,07:46:02,07:46:17,0
JjBliHamEx0YUxbao3vZS-07:00:00,SYN_102155,88,07:46:24,07:46:39,0
JjBliHamEx0YUxbao3vZS-07:00:00,SYN_102156,89,07:46:45,07:47:00,0
JjBliHamEx0YUxbao3vZS-07:00:00,SYN_102157,90,07:47:07,07:47:22,0
JjBliHamEx0YUxbao3vZS-07:00:00,SYN_102158,91,07:47:28,07:47:43,0
JjBliHamEx0YUxbao3vZS-07:00:00,SYN_102159,92,07:47:50,07:48:05,0
JjBliHamEx0YUxbao3vZS-07:00:00,SYN_102160,93,07:48:11,07:48:26,0
WWP7DCP2cjGJxPZSN68Y2-07:00:00,SYN_102067,0,07:48:55,07:49:10,0
WWP7DCP2cjGJxPZSN68Y2-07:00:00,SYN_102068,1,07:48:24,07:48:39,0
WWP7DCP2cjGJxPZSN68Y2-07:00:00,SYN_102069,2,07:47:53,07:48:08,0
WWP7DCP2cjGJxPZSN68Y2-07:00:00,SYN_102070,3,07:47:21,07:47:36,0
WWP7DCP2cjGJxPZSN68Y2-07:00:00,SYN_102071,4,07:46:50,07:47:05,0
WWP7DCP2cjGJxPZSN68Y2-07:00:00,SYN_102072,5,07:46:19,07:46:34,0
WWP7DCP2cjGJxPZSN68Y2-07:00:00,SYN_102073,6,07:45:47,07:46:02,0
WWP7DCP2cjGJxPZSN68Y2-07:00:00,SYN_102074,7,07:45:16,07:45:31,0
WWP7DCP2cjGJxPZSN68Y2-07:00:00,SYN_102075,8,07:44:45,07:45:00,0
WWP7DCP2cjGJxPZSN68Y2-07:00:00,SYN_102076,9,07:44:13,07:44:28,0
WWP7DCP2cjGJxPZSN68Y2-07:00:00,SYN_102077,10,07:43:42,07:43:57,0
WWP7DCP2cjGJxPZSN68Y2-07:00:00,SYN_102078,11,07:43:11,07:43:26,0
WWP7DCP2cjGJxPZSN68Y2-07:00:00,SYN_102079,12,07:42:39,07:42:54,0
WWP7DCP2cjGJxPZSN68Y2-07:00:00,SYN_102080,13,07:42:08,07:42:23,0
WWP7DCP2cjGJxPZSN68Y2-07:00:00,SYN_102081,14,07:41:37,07:41:52,0
WWP7DCP2cjGJxPZSN68Y2-07:00:00,SYN_102082,15,07:41:06,07:41:21,0
WWP7DCP2cjGJxPZSN68Y2-07:00:00,SYN_102083,16,07:40:34,07:40:49,0
WWP7DCP2cjGJxPZSN68Y2-07:00:00,SYN_102084,17,07:40:03,07:40:18,0
WWP7DCP2cjGJxPZSN68Y2-07:00:00,SYN_102085,18,07:39:32,07:39:47,0
WWP7DCP2cjGJxPZSN68Y2-07:00:00,SYN_102086,19,07:39:00,07:39:15,0
WWP7DCP2cjGJxPZSN68Y2-07:00:00,SYN_102087,20,07:38:29,07:38:44,0
WWP7DCP2cjGJxPZSN68Y2-07:00:00,SYN_102088,21,07:37:58,07:38:13,0
WWP7DCP2cjGJxPZSN68Y2-07:00:00,SYN_102089,22,07:37:26,07:37:41,0
WWP7DCP2cjGJxPZSN68Y2-07:00:00,SYN_102090,23,07:36:55,07:37:10,0
WWP7DCP2cjGJxPZSN68Y2-07:00:00,SYN_102091,24,07:36:24,07:36:39,0
WWP7DCP2cjGJxPZSN68Y2-07:00:00,SYN_102092,25,07:35:52,07:36:07,0
WWP7DCP2cjGJxPZSN68Y2-07:00:00,SYN_102093,26,07:35:21,07:35:36,0
WWP7DCP2cjGJxPZSN68Y2-07:00:00,SYN_102094,27,07:34:50,07:35:05,0
WWP7DCP2cjGJxPZSN68Y2-07:00:00,SYN_102095,28,07:34:18,07:34:33,0
WWP7DCP2cjGJxPZSN68Y2-07:00:00,SYN_102096,29,07:33:47,07:34:02,0
WWP7DCP2cjGJxPZSN68Y2-07:00:00,SYN_102097,30,07:33:16,07:33:31,0
WWP7DCP2cjGJxPZSN68Y2-07:00:00,SYN_102098,31,07:32:45,07:33:00,0
WWP7DCP2cjGJxPZSN68Y2-07:00:00,SYN_102099,32,07:32:13,07:32:28,0
WWP7DCP2cjGJxPZSN68Y2-07:00:00,SYN_102100,33,07:31:42,07:31:57,0
WWP7DCP2cjGJxPZSN68Y2-07:00:00,SYN_102101,34,07:31:11,07:31:26,0
WWP7DCP2cjGJxPZSN68Y2-07:00:00,SYN_102102,35,07:30:39,07:30:54,0
WWP7DCP2cjGJxPZSN68Y2-07:00:00,SYN_102103,36,07:30:08,07:30:23,0
WWP7DCP2cjGJxPZSN68Y2-07:00:00,SYN_102104,37,07:29:37,07:29:52,0
WWP7DCP2cjGJxPZSN68Y2-07:00:00,SYN_102105,38,07:29:05,07:29:20,0
WWP7DCP2cjGJxPZSN68Y2-07:00:00,SYN_102106,39,07:28:34,07:28:49,0
WWP7DCP2cjGJxPZSN68Y2-07:00:00,SYN_102107,40,07:28:03,07:28:18,0
WWP7DCP2cjGJxPZSN68Y2-07:00:00,SYN_102108,41,07:27:31,07:27:46,0
WWP7DCP2cjGJxPZSN68Y2-07:00:00,SYN_102109,42,07:27:00,07:27:15,0
WWP7DCP2cjGJxPZSN68Y2-07:00:00,SYN_102110,43,07:26:29,07:26:44,0
WWP7DCP2cjGJxPZSN68Y2-07:00:00,SYN_102111,44,07:25:57,07:26:12,0
WWP7DCP2cjGJxPZSN68Y2-07:00:00,SYN_102112,45,07:25:26,07:25:41,0
WWP7DCP2cjGJxPZSN68Y2-07:00:00,SYN_102113,46,07:24:55,07:25:10,0
WWP7DCP2cjGJxPZSN68Y2-07:00:00,SYN_102114,47,07:24:24,07:24:39,0
WWP7DCP2cjGJxPZSN68Y2-07:00:00,SYN_102115,48,07:23:52,07:24:07,0
WWP7DCP2cjGJxPZSN68Y2-07:00:00,SYN_102116,49,07:23:21,07:23:36,0
WWP7DCP2cjGJxPZSN68Y2-07:00:00,SYN_102117,50,07:22:50,07:23:05,0
WWP7DCP2cjGJxPZSN68Y2-07:00:00,SYN_102118,51,07:22:18,07:22:33,0
WWP7DCP2cjGJxPZSN68Y2-07:00:00,SYN_102119,52,07:21:47,07:22:02,0
WWP7DCP2cjGJxPZSN68Y2-07:00:00,SYN_102120,53,07:21:16,07:21:31,0
WWP7DCP2cjGJxPZSN68Y2-07:00:00,SYN_102121,54,07:20:44,07:20:59,0
WWP7DCP2cjGJxPZSN68Y2-07:00:00,SYN_102122,55,07:20:13,07:20:28,0
WWP7DCP2cjGJxPZSN68Y2-07:00:00,SYN_102123,56,07:19:42,07:19:57,0
WWP7DCP2cjGJxPZSN68Y2-07:00:00,SYN_102124,57,07:19:10,07:19:25,0
WWP7DCP2cjGJxPZSN68Y2-07:00:00,SYN_102125,58,07:18:39,07:18:54,0
WWP7DCP2cjGJxPZSN68Y2-07:00:00,SYN_102126,59,07:18:08,07:18:23,0
WWP7DCP2cjGJxPZSN68Y2-07:00:00,SYN_102127,60,07:17:36,07:17:51,0
WWP7DCP2cjGJxPZSN68Y2-07:00:00,SYN_102128,61,07:17:05,07:17:20,0
WWP7DCP2cjGJxPZSN68Y2-07:00:00,SYN_102129,62,07:16:34,07:16:49,0
WWP7DCP2cjGJxPZSN68Y2-07:00:00,SYN_102130,63,07:16:03,07:16:18,0
WWP7DCP2cjGJxPZSN68Y2-07:00:00,SYN_102131,64,07:15:31,07:15:46,0
WWP7DCP2cjGJxPZSN68Y2-07:00:00,SYN_102132,65,07:15:00,07:15:15,0
WWP7DCP2cjGJxPZSN68Y2-07:00:00,SYN_102133,66,07:14:29,07:14:44,0
WWP7DCP2cjGJxPZSN68Y2-07:00:00,SYN_102134,67,07:13:57,07:14:12,0
WWP7DCP2cjGJxPZSN68Y2-07:00:00,SYN_102135,68,07:13:26,07:13:41,0
WWP7DCP2cjGJxPZSN68Y2-07:00:00,SYN_102136,69,07:12:55,07:13:10,0
WWP7DCP2cjGJxPZSN68Y2-07:00:00,SYN_102137,70,07:12:23,07:12:38,0
WWP7DCP2cjGJxPZSN68Y2-07:00:00,SYN_102138,71,07:11:52,07:12:07,0
WWP7DCP2cjGJxPZSN68Y2-07:00:00,SYN_102139,72,07:11:21,07:11:36,0
WWP7DCP2cjGJxPZSN68Y2-07:00:00,SYN_102140,73,07:10:49,07:11:04,0
WWP7DCP2cjGJxPZSN68Y2-07:00:00,SYN_102141,74,07:10:18,07:10:33,0
WWP7DCP2cjGJxPZSN68Y2-07:00:00,SYN_102142,75,07:09:47,07:10:02,0
WWP7DCP2cjGJxPZSN68Y2-07:00:00,SYN_102143,76,07:09:15,07:09:30,0
WWP7DCP2cjGJxPZSN68Y2-07:00:00,SYN_102144,77,07:08:44,07:08:59,0
WWP7DCP2cjGJxPZSN68Y2-07:00:00,SYN_102145,78,07:08:13,07:08:28,0
WWP7DCP2cjGJxPZSN68Y2-07:00:00,SYN_102146,79,07:07:42,07:07:57,0
WWP7DCP2cjGJxPZSN68Y2-07:00:00,SYN_102147,80,07:07:10,07:07:25,0
WWP7DCP2cjGJxPZSN68Y2-07:00:00,SYN_102148,81,07:06:39,07:06:54,0
WWP7DCP2cjGJxPZSN68Y2-07:00:00,SYN_102149,82,07:06:08,07:06:23,0
WWP7DCP2cjGJxPZSN68Y2-07:00:00,SYN_102150,83,07:05:36,07:05:51,0
WWP7DCP2cjGJxPZSN68Y2-07:00:00,SYN_102151,84,07:05:05,07:05:20,0
WWP7DCP2cjGJxPZSN68Y2-07:00:00,SYN_102152,85,07:04:34,07:04:49,0
WWP7DCP2cjGJxPZSN68Y2-07:00:00,SYN_102153,86,07:04:02,07:04:17,0
WWP7DCP2cjGJxPZSN68Y2-07:00:00,SYN_102154,87,07:03:31,07:03:46,0
WWP7DCP2cjGJxPZSN68Y2-07:00:00,SYN_102155,88,07:03:00,07:03:15,0
WWP7DCP2cjGJxPZSN68Y2-07:00:00,SYN_102156,89,07:02:28,07:02:43,0
WWP7DCP2cjGJxPZSN68Y2-07:00:00,SYN_102157,90,07:01:57,07:02:12,0
WWP7DCP2cjGJxPZSN68Y2-07:00:00,SYN_102158,91,07:01:26,07:01:41,0
WWP7DCP2cjGJxPZSN68Y2-07:00:00,SYN_102159,92,07:00:54,07:01:09,0
WWP7DCP2cjGJxPZSN68Y2-07:00:00,SYN_102160,93,07:00:23,07:00:38,0
q_FpxkrHACQ0njq87xh7H-07:00:00,SYN_102163,0,07:00:25,07:00:40,0
q_FpxkrHACQ0njq87xh7H-07:00:00,SYN_102164,1,07:01:10,07:01:25,0
q_FpxkrHACQ0njq87xh7H-07:00:00,SYN_102165,2,07:01:55,07:02:10,0
q_FpxkrHACQ0njq87xh7H-07:00:00,SYN_102166,3,07:02:40,07:02:55,0
q_FpxkrHACQ0njq87xh7H-07:00:00,SYN_102167,4,07:03:31,07:03:46,0
q_FpxkrHACQ0njq87xh7H-07:00:00,SYN_102168,5,07:04:36,07:04:51,0
q_FpxkrHACQ0njq87xh7H-07:00:00,SYN_102169,6,07:05:42,07:05:57,0
q_FpxkrHACQ0njq87xh7H-07:00:00,SYN_102170,7,07:06:47,07:07:02,0
q_FpxkrHACQ0njq87xh7H-07:00:00,SYN_102171,8,07:07:53,07:08:08,0
q_FpxkrHACQ0njq87xh7H-07:00:00,SYN_102172,9,07:08:58,07:09:13,0
q_FpxkrHACQ0njq87xh7H-07:00:00,SYN_102173,10,07:10:04,07:10:19,0
q_FpxkrHACQ0njq87xh7H-07:00:00,SYN_102174,11,07:11:09,07:11:24,0
q_FpxkrHACQ0njq87xh7H-07:00:00,SYN_102175,12,07:12:12,07:12:27,0
q_FpxkrHACQ0njq87xh7H-07:00:00,SYN_102176,13,07:13:16,07:13:31,0
q_FpxkrHACQ0njq87xh7H-07:00:00,SYN_102177,14,07:14:16,07:14:31,0
q_FpxkrHACQ0njq87xh7H-07:00:00,SYN_102178,15,07:15:15,07:15:30,0
q_FpxkrHACQ0njq87xh7H-07:00:00,SYN_102179,16,07:16:02,07:16:17,0
q_FpxkrHACQ0njq87xh7H-07:00:00,SYN_102180,17,07:16:22,07:16:37,0
q_FpxkrHACQ0njq87xh7H-07:00:00,SYN_102181,18,07:16:43,07:16:58,0
q_FpxkrHACQ0njq87xh7H-07:00:00,SYN_102182,19,07:17:04,07:17:19,0
q_FpxkrHACQ0njq87xh7H-07:00:00,SYN_102183,20,07:17:57,07:18:12,0
q_FpxkrHACQ0njq87xh7H-07:00:00,SYN_102184,21,07:18:54,07:19:09,0
q_FpxkrHACQ0njq87xh7H-07:00:00,SYN_102185,22,07:19:49,07:20:04,0
q_FpxkrHACQ0njq87xh7H-07:00:00,SYN_102186,23,07:20:42,07:20:57,0
q_FpxkrHACQ0njq87xh7H-07:00:00,SYN_102187,24,07:21:26,07:21:41,0
q_FpxkrHACQ0njq87xh7H-07:00:00,SYN_102188,25,07:22:11,07:22:26,0
q_FpxkrHACQ0njq87xh7H-07:00:00,SYN_102189,26,07:22:55,07:23:10,0
q_FpxkrHACQ0njq87xh7H-07:00:00,SYN_102190,27,07:23:39,07:23:54,0
q_FpxkrHACQ0njq87xh7H-07:00:00,SYN_102191,28,07:24:23,07:24:38,0
q_FpxkrHACQ0njq87xh7H-07:00:00,SYN_102192,29,07:25:20,07:25:35,0
q_FpxkrHACQ0njq87xh7H-07:00:00,SYN_102193,30,07:26:30,07:26:45,0
q_FpxkrHACQ0njq87xh7H-07:00:00,SYN_102194,31,07:27:40,07:27:55,0
RNLlNLhCvrplPJ1T6Rv3G-07:00:00,SYN_102163,0,07:25:12,07:25:27,0
RNLlNLhCvrplPJ1T6Rv3G-07:00:00,SYN_102164,1,07:24:24,07:24:39,0
RNLlNLhCvrplPJ1T6Rv3G-07:00:00,SYN_102165,2,07:23:36,07:23:51,0
RNLlNLhCvrplPJ1T6Rv3G-07:00:00,SYN_102166,3,07:22:48,07:23:03,0
RNLlNLhCvrplPJ1T6Rv3G-07:00:00,SYN_102167,4,07:22:00,07:22:15,0
RNLlNLhCvrplPJ1T6Rv3G-07:00:00,SYN_102168,5,07:21:12,07:21:27,0
RNLlNLhCvrplPJ1T6Rv3G-07:00:00,SYN_102169,6,07:20:24,07:20:39,0
RNLlNLhCvrplPJ1T6Rv3G-07:00:00,SYN_102170,7,07:19:37,07:19:52,0
RNLlNLhCvrplPJ1T6Rv3G-07:00:00,SYN_102171,8,07:18:49,07:19:04,0
RNLlNLhCvrplPJ1T6Rv3G-07:00:00,SYN_102172,9,07:18:01,07:18:16,0
RNLlNLhCvrplPJ1T6Rv3G-07:00:00,SYN_102173,10,07:17:13,07:17:28,0
RNLlNLhCvrplPJ1T6Rv3G-07:00:00,SYN_102174,11,07:16:25,07:16:40,0
RNLlNLhCvrplPJ1T6Rv3G-07:00:00,SYN_102175,12,07:15:37,07:15:52,0
RNLlNLhCvrplPJ1T6Rv3G-07:00:00,SYN_102176,13,07:14:49,07:15:04,0
RNLlNLhCvrplPJ1T6Rv3G-07:00:00,SYN_102177,14,07:14:01,07:14:16,0
RNLlNLhCvrplPJ1T6Rv3G-07:00:00,SYN_102178,15,07:13:13,07:13:28,0
RNLlNLhCvrplPJ1T6Rv3G-07:00:00,SYN_102179,16,07:12:25,07:12:40,0
RNLlNLhCvrplPJ1T6Rv3G-07:00:00,SYN_102180,17,07:11:37,07:11:52,0
RNLlNLhCvrplPJ1T6Rv3G-07:00:00,SYN_102181,18,07:10:50,07:11:05,0
RNLlNLhCvrplPJ1T6Rv3G-07:00:00,SYN_102182,19,07:10:02,07:10:17,0
RNLlNLhCvrplPJ1T6Rv3G-07:00:00,SYN_102183,20,07:09:14,07:09:29,0
RNLlNLhCvrplPJ1T6Rv3G-07:00:00,SYN_102184,21,07:08:26,07:08:41,0
RNLlNLhCvrplPJ1T6Rv3G-07:00:00,SYN_102185,22,07:07:38,07:07:53,0
RNLlNLhCvrplPJ1T6Rv3G-07:00:00,SYN_102186,23,07:06:50,07:07:05,0
RNLlNLhCvrplPJ1T6Rv3G-07:00:00,SYN_102187,24,07:06:02,07:06:17,0
RNLlNLhCvrplPJ1T6Rv3G-07:00:00,SYN_102188,25,07:05:14,07:05:29,0
RNLlNLhCvrplPJ1T6Rv3G-07:00:00,SYN_102189,26,07:04:26,07:04:41,0
RNLlNLhCvrplPJ1T6Rv3G-07:00:00,SYN_102190,27,07:03:38,07:03:53,0
RNLlNLhCvrplPJ1T6Rv3G-07:00:00,SYN_102191,28,07:02:50,07:03:05,0
RNLlNLhCvrplPJ1T6Rv3G-07:00:00,SYN_102192,29,07:02:03,07:02:18,0
RNLlNLhCvrplPJ1T6Rv3G-07:00:00,SYN_102193,30,07:01:15,07:01:30,0
RNLlNLhCvrplPJ1T6Rv3G-07:00:00,SYN_102194,31,07:00:27,07:00:42,0
tL1NRyqKwJOCmUECmIQqO-07:00:00,SYN_102196,0,07:03:00,07:03:15,0
tL1NRyqKwJOCmUECmIQqO-07:00:00,SYN_102197,1,07:06:05,07:06:20,0
tL1NRyqKwJOCmUECmIQqO-07:00:00,SYN_102198,2,07:09:10,07:09:25,0
tL1NRyqKwJOCmUECmIQqO-07:00:00,SYN_102199,3,07:11:54,07:12:09,0
tL1NRyqKwJOCmUECmIQqO-07:00:00,SYN_102200,4,07:12:40,07:12:55,0
tL1NRyqKwJOCmUECmIQqO-07:00:00,SYN_102201,5,07:13:26,07:13:41,0
tL1NRyqKwJOCmUECmIQqO-07:00:00,SYN_102202,6,07:14:12,07:14:27,0
tL1NRyqKwJOCmUECmIQqO-07:00:00,SYN_102203,7,07:14:58,07:15:13,0
tL1NRyqKwJOCmUECmIQqO-07:00:00,SYN_102204,8,07:15:45,07:16:00,0
tL1NRyqKwJOCmUECmIQqO-07:00:00,SYN_102205,9,07:16:31,07:16:46,0
tL1NRyqKwJOCmUECmIQqO-07:00:00,SYN_102206,10,07:17:17,07:17:32,0
tL1NRyqKwJOCmUECmIQqO-07:00:00,SYN_102207,11,07:18:03,07:18:18,0
tL1NRyqKwJOCmUECmIQqO-07:00:00,SYN_102208,12,07:20:05,07:20:20,0
tL1NRyqKwJOCmUECmIQqO-07:00:00,SYN_102209,13,07:22:23,07:22:38,0
tL1NRyqKwJOCmUECmIQqO-07:00:00,SYN_102210,14,07:24:41,07:24:56,0
tL1NRyqKwJOCmUECmIQqO-07:00:00,SYN_102211,15,07:26:59,07:27:14,0
tL1NRyqKwJOCmUECmIQqO-07:00:00,SYN_102212,16,07:29:17,07:29:32,0
tL1NRyqKwJOCmUECmIQqO-07:00:00,SYN_102213,17,07:31:35,07:31:50,0
tL1NRyqKwJOCmUECmIQqO-07:00:00,SYN_102214,18,07:33:53,07:34:08,0
tL1NRyqKwJOCmUECmIQqO-07:00:00,SYN_102215,19,07:35:06,07:35:21,0
tL1NRyqKwJOCmUECmIQqO-07:00:00,SYN_102216,20,07:35:56,07:36:11,0
tL1NRyqKwJOCmUECmIQqO-07:00:00,SYN_102217,21,07:36:47,07:37:02,0
tL1NRyqKwJOCmUECmIQqO-07:00:00,SYN_102218,22,07:37:37,07:37:52,0
z8pSD1wGRKg4oVh4eC0Iw-07:00:00,SYN_102199,0,07:16:28,07:16:43,0
z8pSD1wGRKg4oVh4eC0Iw-07:00:00,SYN_102200,1,07:15:38,07:15:53,0
z8pSD1wGRKg4oVh4eC0Iw-07:00:00,SYN_102201,2,07:14:48,07:15:03,0
z8pSD1wGRKg4oVh4eC0Iw-07:00:00,SYN_102202,3,07:13:58,07:14:13,0
z8pSD1wGRKg4oVh4eC0Iw-07:00:00,SYN_102203,4,07:13:09,07:13:24,0
z8pSD1wGRKg4oVh4eC0Iw-07:00:00,SYN_102204,5,07:12:19,07:12:34,0
z8pSD1wGRKg4oVh4eC0Iw-07:00:00,SYN_102205,6,07:11:29,07:11:44,0
z8pSD1wGRKg4oVh4eC0Iw-07:00:00,SYN_102206,7,07:10:39,07:10:54,0
z8pSD1wGRKg4oVh4eC0Iw-07:00:00,SYN_102207,8,07:09:50,07:10:05,0
z8pSD1wGRKg4oVh4eC0Iw-07:00:00,SYN_102208,9,07:09:00,07:09:15,0
z8pSD1wGRKg4oVh4eC0Iw-07:00:00,SYN_102209,10,07:08:10,07:08:25,0
z8pSD1wGRKg4oVh4eC0Iw-07:00:00,SYN_102210,11,07:07:20,07:07:35,0
z8pSD1wGRKg4oVh4eC0Iw-07:00:00,SYN_102211,12,07:06:31,07:06:46,0
z8pSD1wGRKg4oVh4eC0Iw-07:00:00,SYN_102212,13,07:05:41,07:05:56,0
z8pSD1wGRKg4oVh4eC0Iw-07:00:00,SYN_102213,14,07:04:51,07:05:06,0
z8pSD1wGRKg4oVh4eC0Iw-07:00:00,SYN_102214,15,07:04:01,07:04:16,0
z8pSD1wGRKg4oVh4eC0Iw-07:00:00,SYN_102215,16,07:03:12,07:03:27,0
z8pSD1wGRKg4oVh4eC0Iw-07:00:00,SYN_102216,17,07:02:22,07:02:37,0
z8pSD1wGRKg4oVh4eC0Iw-07:00:00,SYN_102217,18,07:01:32,07:01:47,0
z8pSD1wGRKg4oVh4eC0Iw-07:00:00,SYN_102218,19,07:00:43,07:00:58,0
HcF2oktSKDVQXpBv7t2j3-07:00:00,SYN_102220,0,07:00:23,07:00:38,0
HcF2oktSKDVQXpBv7t2j3-07:00:00,SYN_102221,1,07:00:47,07:01:02,0
HcF2oktSKDVQXpBv7t2j3-07:00:00,SYN_102222,2,07:01:11,07:01:26,0
HcF2oktSKDVQXpBv7t2j3-07:00:00,SYN_102223,3,07:01:59,07:02:14,0
HcF2oktSKDVQXpBv7t2j3-07:00:00,SYN_102224,4,07:02:59,07:03:14,0
HcF2oktSKDVQXpBv7t2j3-07:00:00,SYN_102225,5,07:04:00,07:04:15,0
HcF2oktSKDVQXpBv7t2j3-07:00:00,SYN_102226,6,07:05:00,07:05:15,0
HcF2oktSKDVQXpBv7t2j3-07:00:00,SYN_102227,7,07:05:49,07:06:04,0
HcF2oktSKDVQXpBv7t2j3-07:00:00,SYN_102228,8,07:06:08,07:06:23,0
HcF2oktSKDVQXpBv7t2j3-07:00:00,SYN_102229,9,07:06:28,07:06:43,0
HcF2oktSKDVQXpBv7t2j3-07:00:00,SYN_102230,10,07:06:47,07:07:02,0
HcF2oktSKDVQXpBv7t2j3-07:00:00,SYN_102231,11,07:07:06,07:07:21,0
HcF2oktSKDVQXpBv7t2j3-07:00:00,SYN_102232,12,07:07:26,07:07:41,0
HcF2oktSKDVQXpBv7t2j3-07:00:00,SYN_102233,13,07:07:44,07:07:59,0
HcF2oktSKDVQXpBv7t2j3-07:00:00,SYN_102234,14,07:08:01,07:08:16,0
HcF2oktSKDVQXpBv7t2j3-07:00:00,SYN_102235,15,07:08:17,07:08:32,0
HcF2oktSKDVQXpBv7t2j3-07:00:00,SYN_102236,16,07:09:12,07:09:27,0
HcF2oktSKDVQXpBv7t2j3-07:00:00,SYN_102237,17,07:10:37,07:10:52,0
HcF2oktSKDVQXpBv7t2j3-07:00:00,SYN_102238,18,07:11:26,07:11:41,0
HcF2oktSKDVQXpBv7t2j3-07:00:00,SYN_102239,19,07:12:13,07:12:28,0
HcF2oktSKDVQXpBv7t2j3-07:00:00,SYN_102240,20,07:13:01,07:13:16,0
HcF2oktSKDVQXpBv7t2j3-07:00:00,SYN_102241,21,07:13:49,07:14:04,0
HcF2oktSKDVQXpBv7t2j3-07:00:00,SYN_102242,22,07:14:36,07:14:51,0
HcF2oktSKDVQXpBv7t2j3-07:00:00,SYN_102243,23,07:15:22,07:15:37,0
HcF2oktSKDVQXpBv7t2j3-07:00:00,SYN_102244,24,07:15:57,07:16:12,0
HcF2oktSKDVQXpBv7t2j3-07:00:00,SYN_102245,25,07:16:32,07:16:47,0
HcF2oktSKDVQXpBv7t2j3-07:00:00,SYN_102246,26,07:17:07,07:17:22,0
HcF2oktSKDVQXpBv7t2j3-07:00:00,SYN_102247,27,07:17:42,07:17:57,0
HcF2oktSKDVQXpBv7t2j3-07:00:00,SYN_102248,28,07:18:17,07:18:32,0
HcF2oktSKDVQXpBv7t2j3-07:00:00,SYN_102249,29,07:18:52,07:19:07,0
HcF2oktSKDVQXpBv7t2j3-07:00:00,SYN_102250,30,07:19:27,07:19:42,0
HcF2oktSKDVQXpBv7t2j3-07:00:00,SYN_102251,31,07:20:02,07:20:17,0
HcF2oktSKDVQXpBv7t2j3-07:00:00,SYN_102252,32,07:20:36,07:20:51,0
HcF2oktSKDVQXpBv7t2j3-07:00:00,SYN_102253,33,07:20:57,07:21:12,0
HcF2oktSKDVQXpBv7t2j3-07:00:00,SYN_102254,34,07:21:18,07:21:33,0
HcF2oktSKDVQXpBv7t2j3-07:00:00,SYN_102255,35,07:21:39,07:21:54,0
HcF2oktSKDVQXpBv7t2j3-07:00:00,SYN_102256,36,07:22:00,07:22:15,0
HcF2oktSKDVQXpBv7t2j3-07:00:00,SYN_102257,37,07:22:21,07:22:36,0
HcF2oktSKDVQXpBv7t2j3-07:00:00,SYN_102258,38,07:22:42,07:22:57,0
HcF2oktSKDVQXpBv7t2j3-07:00:00,SYN_102259,39,07:23:03,07:23:18,0
HcF2oktSKDVQXpBv7t2j3-07:00:00,SYN_102260,40,07:23:23,07:23:38,0
HcF2oktSKDVQXpBv7t2j3-07:00:00,SYN_102261,41,07:23:44,07:23:59,0
HcF2oktSKDVQXpBv7t2j3-07:00:00,SYN_102262,42,07:24:05,07:24:20,0
HcF2oktSKDVQXpBv7t2j3-07:00:00,SYN_102263,43,07:24:26,07:24:41,0
HcF2oktSKDVQXpBv7t2j3-07:00:00,SYN_102264,44,07:24:47,07:25:02,0
HcF2oktSKDVQXpBv7t2j3-07:00:00,SYN_102265,45,07:25:14,07:25:29,0
HcF2oktSKDVQXpBv7t2j3-07:00:00,SYN_102266,46,07:25:40,07:25:55,0
HcF2oktSKDVQXpBv7t2j3-07:00:00,SYN_102267,47,07:26:06,07:26:21,0
HcF2oktSKDVQXpBv7t2j3-07:00:00,SYN_102268,48,07:26:32,07:26:47,0
HcF2oktSKDVQXpBv7t2j3-07:00:00,SYN_102269,49,07:26:58,07:27:13,0
HcF2oktSKDVQXpBv7t2j3-07:00:00,SYN_102270,50,07:27:24,07:27:39,0
HcF2oktSKDVQXpBv7t2j3-07:00:00,SYN_102271,51,07:27:51,07:28:06,0
HcF2oktSKDVQXpBv7t2j3-07:00:00,SYN_102272,52,07:28:17,07:28:32,0
HcF2oktSKDVQXpBv7t2j3-07:00:00,SYN_102273,53,07:28:40,07:28:55,0
HcF2oktSKDVQXpBv7t2j3-07:00:00,SYN_102274,54,07:29:02,07:29:17,0
HcF2oktSKDVQXpBv7t2j3-07:00:00,SYN_102275,55,07:29:24,07:29:39,0
HcF2oktSKDVQXpBv7t2j3-07:00:00,SYN_102276,56,07:29:45,07:30:00,0
HcF2oktSKDVQXpBv7t2j3-07:00:00,SYN_102277,57,07:30:07,07:30:22,0
HcF2oktSKDVQXpBv7t2j3-07:00:00,SYN_102278,58,07:30:28,07:30:43,0
HcF2oktSKDVQXpBv7t2j3-07:00:00,SYN_102279,59,07:30:50,07:31:05,0
HcF2oktSKDVQXpBv7t2j3-07:00:00,SYN_102280,60,07:31:11,07:31:26,0
HcF2oktSKDVQXpBv7t2j3-07:00:00,SYN_102281,61,07:31:33,07:31:48,0
HcF2oktSKDVQXpBv7t2j3-07:00:00,SYN_102282,62,07:31:55,07:32:10,0
HcF2oktSKDVQXpBv7t2j3-07:00:00,SYN_102283,63,07:32:16,07:32:31,0
HcF2oktSKDVQXpBv7t2j3-07:00:00,SYN_102284,64,07:32:38,07:32:53,0
HcF2oktSKDVQXpBv7t2j3-07:00:00,SYN_102285,65,07:32:58,07:33:13,0
HcF2oktSKDVQXpBv7t2j3-07:00:00,SYN_102286,66,07:33:18,07:33:33,0
HcF2oktSKDVQXpBv7t2j3-07:00:00,SYN_102287,67,07:33:39,07:33:54,0
HcF2oktSKDVQXpBv7t2j3-07:00:00,SYN_102288,68,07:33:59,07:34:14,0
HcF2oktSKDVQXpBv7t2j3-07:00:00,SYN_102289,69,07:34:19,07:34:34,0
HcF2oktSKDVQXpBv7t2j3-07:00:00,SYN_102290,70,07:34:39,07:34:54,0
HcF2oktSKDVQXpBv7t2j3-07:00:00,SYN_102291,71,07:34:59,07:35:14,0
HcF2oktSKDVQXpBv7t2j3-07:00:00,SYN_102292,72,07:35:19,07:35:34,0
HcF2oktSKDVQXpBv7t2j3-07:00:00,SYN_102293,73,07:35:39,07:35:54,0
HcF2oktSKDVQXpBv7t2j3-07:00:00,SYN_102294,74,07:36:00,07:36:15,0
HcF2oktSKDVQXpBv7t2j3-07:00:00,SYN_102295,75,07:36:20,07:36:35,0
HcF2oktSKDVQXpBv7t2j3-07:00:00,SYN_102296,76,07:36:40,07:36:55,0
HcF2oktSKDVQXpBv7t2j3-07:00:00,SYN_102297,77,07:37:00,07:37:15,0
HcF2oktSKDVQXpBv7t2j3-07:00:00,SYN_102298,78,07:37:20,07:37:35,0
HcF2oktSKDVQXpBv7t2j3-07:00:00,SYN_102299,79,07:37:40,07:37:55,0
HcF2oktSKDVQXpBv7t2j3-07:00:00,SYN_102300,80,07:38:00,07:38:15,0
HcF2oktSKDVQXpBv7t2j3-07:00:00,SYN_102301,81,07:38:21,07:38:36,0
HcF2oktSKDVQXpBv7t2j3-07:00:00,SYN_102302,82,07:38:41,07:38:56,0
HcF2oktSKDVQXpBv7t2j3-07:00:00,SYN_102303,83,07:39:01,07:39:16,0
HcF2oktSKDVQXpBv7t2j3-07:00:00,SYN_102304,84,07:39:21,07:39:36,0
HcF2oktSKDVQXpBv7t2j3-07:00:00,SYN_102305,85,07:39:41,07:39:56,0
HcF2oktSKDVQXpBv7t2j3-07:00:00,SYN_102306,86,07:40:01,07:40:16,0
HcF2oktSKDVQXpBv7t2j3-07:00:00,SYN_102307,87,07:40:21,07:40:36,0
HcF2oktSKDVQXpBv7t2j3-07:00:00,SYN_102308,88,07:40:42,07:40:57,0
HcF2oktSKDVQXpBv7t2j3-07:00:00,SYN_102309,89,07:41:02,07:41:17,0
HcF2oktSKDVQXpBv7t2j3-07:00:00,SYN_102310,90,07:41:22,07:41:37,0
HcF2oktSKDVQXpBv7t2j3-07:00:00,SYN_102311,91,07:41:42,07:41:57,0
HcF2oktSKDVQXpBv7t2j3-07:00:00,SYN_102312,92,07:42:02,07:42:17,0
HcF2oktSKDVQXpBv7t2j3-07:00:00,SYN_102313,93,07:42:22,07:42:37,0
HcF2oktSKDVQXpBv7t2j3-07:00:00,SYN_102314,94,07:42:42,07:42:57,0
HcF2oktSKDVQXpBv7t2j3-07:00:00,SYN_102315,95,07:43:03,07:43:18,0
HcF2oktSKDVQXpBv7t2j3-07:00:00,SYN_102316,96,07:43:23,07:43:38,0
HcF2oktSKDVQXpBv7t2j3-07:00:00,SYN_102317,97,07:43:43,07:43:58,0
HcF2oktSKDVQXpBv7t2j3-07:00:00,SYN_102318,98,07:44:03,07:44:18,0
HcF2oktSKDVQXpBv7t2j3-07:00:00,SYN_102319,99,07:44:23,07:44:38,0
HcF2oktSKDVQXpBv7t2j3-07:00:00,SYN_102320,100,07:44:43,07:44:58,0
HcF2oktSKDVQXpBv7t2j3-07:00:00,SYN_102321,101,07:45:03,07:45:18,0
HcF2oktSKDVQXpBv7t2j3-07:00:00,SYN_102322,102,07:45:23,07:45:38,0
HcF2oktSKDVQXpBv7t2j3-07:00:00,SYN_102323,103,07:45:44,07:45:59,0
HcF2oktSKDVQXpBv7t2j3-07:00:00,SYN_102324,104,07:46:04,07:46:19,0
HcF2oktSKDVQXpBv7t2j3-07:00:00,SYN_102325,105,07:46:24,07:46:39,0
HcF2oktSKDVQXpBv7t2j3-07:00:00,SYN_102326,106,07:46:44,07:46:59,0
HcF2oktSKDVQXpBv7t2j3-07:00:00,SYN_102327,107,07:47:04,07:47:19,0
HcF2oktSKDVQXpBv7t2j3-07:00:00,SYN_102328,108,07:47:24,07:47:39,0
HcF2oktSKDVQXpBv7t2j3-07:00:00,SYN_102329,109,07:47:44,07:47:59,0
HcF2oktSKDVQXpBv7t2j3-07:00:00,SYN_102330,110,07:48:05,07:48:20,0
HcF2oktSKDVQXpBv7t2j3-07:00:00,SYN_102331,111,07:48:25,07:48:40,0
HcF2oktSKDVQXpBv7t2j3-07:00:00,SYN_102332,112,07:48:45,07:49:00,0
HcF2oktSKDVQXpBv7t2j3-07:00:00,SYN_102333,113,07:49:05,07:49:20,0
HcF2oktSKDVQXpBv7t2j3-07:00:00,SYN_102334,114,07:49:25,07:49:40,0
HcF2oktSKDVQXpBv7t2j3-07:00:00,SYN_102335,115,07:49:45,07:50:00,0
HcF2oktSKDVQXpBv7t2j3-07:00:00,SYN_102336,116,07:50:05,07:50:20,0
HcF2oktSKDVQXpBv7t2j3-07:00:00,SYN_102337,117,07:50:26,07:50:41,0
HcF2oktSKDVQXpBv7t2j3-07:00:00,SYN_102338,118,07:50:46,07:51:01,0
HcF2oktSKDVQXpBv7t2j3-07:00:00,SYN_102339,119,07:51:06,07:51:21,0
HcF2oktSKDVQXpBv7t2j3-07:00:00,SYN_102340,120,07:51:26,07:51:41,0
HcF2oktSKDVQXpBv7t2j3-07:00:00,SYN_102341,121,07:51:46,07:52:01,0
HcF2oktSKDVQXpBv7t2j3-07:00:00,SYN_102342,122,07:52:06,07:52:21,0
HcF2oktSKDVQXpBv7t2j3-07:00:00,SYN_102343,123,07:52:26,07:52:41,0
HcF2oktSKDVQXpBv7t2j3-07:00:00,SYN_102344,124,07:52:47,07:53:02,0
HcF2oktSKDVQXpBv7t2j3-07:00:00,SYN_102345,125,07:53:07,07:53:22,0
HcF2oktSKDVQXpBv7t2j3-07:00:00,SYN_102346,126,07:53:27,07:53:42,0
HcF2oktSKDVQXpBv7t2j3-07:00:00,SYN_102347,127,07:53:47,07:54:02,0
HcF2oktSKDVQXpBv7t2j3-07:00:00,SYN_102348,128,07:54:07,07:54:22,0
HcF2oktSKDVQXpBv7t2j3-07:00:00,SYN_102349,129,07:54:27,07:54:42,0
HcF2oktSKDVQXpBv7t2j3-07:00:00,SYN_102350,130,07:54:47,07:55:02,0
HcF2oktSKDVQXpBv7t2j3-07:00:00,SYN_102351,131,07:55:08,07:55:23,0
HcF2oktSKDVQXpBv7t2j3-07:00:00,SYN_102352,132,07:55:28,07:55:43,0
HcF2oktSKDVQXpBv7t2j3-07:00:00,SYN_102353,133,07:55:48,07:56:03,0
HcF2oktSKDVQXpBv7t2j3-07:00:00,SYN_102354,134,07:56:08,07:56:23,0
HcF2oktSKDVQXpBv7t2j3-07:00:00,SYN_102355,135,07:56:28,07:56:43,0
HcF2oktSKDVQXpBv7t2j3-07:00:00,SYN_102356,136,07:56:48,07:57:03,0
HcF2oktSKDVQXpBv7t2j3-07:00:00,SYN_102357,137,07:57:08,07:57:23,0
HcF2oktSKDVQXpBv7t2j3-07:00:00,SYN_102358,138,07:57:29,07:57:44,0
HcF2oktSKDVQXpBv7t2j3-07:00:00,SYN_102359,139,07:57:49,07:58:04,0
HcF2oktSKDVQXpBv7t2j3-07:00:00,SYN_102360,140,07:58:07,07:58:22,0
HcF2oktSKDVQXpBv7t2j3-07:00:00,SYN_102361,141,07:58:25,07:58:40,0
HcF2oktSKDVQXpBv7t2j3-07:00:00,SYN_102362,142,07:58:42,07:58:57,0
HcF2oktSKDVQXpBv7t2j3-07:00:00,SYN_102363,143,07:59:00,07:59:15,0
HcF2oktSKDVQXpBv7t2j3-07:00:00,SYN_102364,144,07:59:18,07:59:33,0
HcF2oktSKDVQXpBv7t2j3-07:00:00,SYN_102365,145,07:59:57,08:00:12,0
HcF2oktSKDVQXpBv7t2j3-07:00:00,SYN_102366,146,08:00:37,08:00:52,0
HcF2oktSKDVQXpBv7t2j3-07:00:00,SYN_102367,147,08:01:17,08:01:32,0
HcF2oktSKDVQXpBv7t2j3-07:00:00,SYN_102368,148,08:01:56,08:02:11,0
HcF2oktSKDVQXpBv7t2j3-07:00:00,SYN_102369,149,08:02:36,08:02:51,0
HcF2oktSKDVQXpBv7t2j3-07:00:00,SYN_102370,150,08:03:16,08:03:31,0
HcF2oktSKDVQXpBv7t2j3-07:00:00,SYN_102371,151,08:03:58,08:04:13,0
HcF2oktSKDVQXpBv7t2j3-07:00:00,SYN_102372,152,08:04:44,08:04:59,0
HcF2oktSKDVQXpBv7t2j3-07:00:00,SYN_102373,153,08:05:31,08:05:46,0
HcF2oktSKDVQXpBv7t2j3-07:00:00,SYN_102374,154,08:06:18,08:06:33,0
HcF2oktSKDVQXpBv7t2j3-07:00:00,SYN_102375,155,08:06:48,08:07:03,0
HcF2oktSKDVQXpBv7t2j3-07:00:00,SYN_102376,156,08:07:14,08:07:29,0
HcF2oktSKDVQXpBv7t2j3-07:00:00,SYN_102377,157,08:07:41,08:07:56,0
HcF2oktSKDVQXpBv7t2j3-07:00:00,SYN_102378,158,08:08:48,08:09:03,0
HcF2oktSKDVQXpBv7t2j3-07:00:00,SYN_102379,159,08:10:07,08:10:22,0
HcF2oktSKDVQXpBv7t2j3-07:00:00,SYN_102380,160,08:11:25,08:11:40,0
HcF2oktSKDVQXpBv7t2j3-07:00:00,SYN_102381,161,08:12:44,08:12:59,0
HcF2oktSKDVQXpBv7t2j3-07:00:00,SYN_102382,162,08:13:59,08:14:14,0
HcF2oktSKDVQXpBv7t2j3-07:00:00,SYN_102383,163,08:15:01,08:15:16,0
HcF2oktSKDVQXpBv7t2j3-07:00:00,SYN_102384,164,08:16:10,08:16:25,0
wzQQv79eeOAEsj4p6t-wx-07:00:00,SYN_102220,0,07:57:23,07:57:38,0
wzQQv79eeOAEsj4p6t-wx-07:00:00,SYN_102221,1,07:57:02,07:57:17,0
wzQQv79eeOAEsj4p6t-wx-07:00:00,SYN_102222,2,07:56:41,07:56:56,0
wzQQv79eeOAEsj4p6t-wx-07:00:00,SYN_102223,3,07:56:20,07:56:35,0
wzQQv79eeOAEsj4p6t-wx-07:00:00,SYN_102224,4,07:55:59,07:56:14,0
wzQQv79eeOAEsj4p6t-wx-07:00:00,SYN_102225,5,07:55:38,07:55:53,0
wzQQv79eeOAEsj4p6t-wx-07:00:00,SYN_102226,6,07:55:17,07:55:32,0
wzQQv79eeOAEsj4p6t-wx-07:00:00,SYN_102227,7,07:54:56,07:55:11,0
wzQQv79eeOAEsj4p6t-wx-07:00:00,SYN_102228,8,07:54:35,07:54:50,0
wzQQv79eeOAEsj4p6t-wx-07:00:00,SYN_102229,9,07:54:14,07:54:29,0
wzQQv79eeOAEsj4p6t-wx-07:00:00,SYN_102230,10,07:53:53,07:54:08,0
wzQQv79eeOAEsj4p6t-wx-07:00:00,SYN_102231,11,07:53:32,07:53:47,0
wzQQv79eeOAEsj4p6t-wx-07:00:00,SYN_102232,12,07:53:11,07:53:26,0
wzQQv79eeOAEsj4p6t-wx-07:00:00,SYN_102233,13,07:52:49,07:53:04,0
wzQQv79eeOAEsj4p6t-wx-07:00:00,SYN_102234,14,07:52:28,07:52:43,0
wzQQv79eeOAEsj4p6t-wx-07:00:00,SYN_102235,15,07:52:07,07:52:22,0
wzQQv79eeOAEsj4p6t-wx-07:00:00,SYN_102236,16,07:51:46,07:52:01,0
wzQQv79eeOAEsj4p6t-wx-07:00:00,SYN_102237,17,07:51:25,07:51:40,0
wzQQv79eeOAEsj4p6t-wx-07:00:00,SYN_102238,18,07:51:04,07:51:19,0
wzQQv79eeOAEsj4p6t-wx-07:00:00,SYN_102239,19,07:50:43,07:50:58,0
wzQQv79eeOAEsj4p6t-wx-07:00:00,SYN_102240,20,07:50:22,07:50:37,0
wzQQv79eeOAEsj4p6t-wx-07:00:00,SYN_102241,21,07:50:01,07:50:16,0
wzQQv79eeOAEsj4p6t-wx-07:00:00,SYN_102242,22,07:49:40,07:49:55,0
wzQQv79eeOAEsj4p6t-wx-07:00:00,SYN_102243,23,07:49:19,07:49:34,0
wzQQv79eeOAEsj4p6t-wx-07:00:00,SYN_102244,24,07:48:58,07:49:13,0
wzQQv79eeOAEsj4p6t-wx-07:00:00,SYN_102245,25,07:48:37,07:48:52,0
wzQQv79eeOAEsj4p6t-wx-07:00:00,SYN_102246,26,07:48:16,07:48:31,0
wzQQv79eeOAEsj4p6t-wx-07:00:00,SYN_102247,27,07:47:54,07:48:09,0
wzQQv79eeOAEsj4p6t-wx-07:00:00,SYN_102248,28,07:47:33,07:47:48,0
wzQQv79eeOAEsj4p6t-wx-07:00:00,SYN_102249,29,07:47:12,07:47:27,0
wzQQv79eeOAEsj4p6t-wx-07:00:00,SYN_102250,30,07:46:51,07:47:06,0
wzQQv79eeOAEsj4p6t-wx-07:00:00,SYN_102251,31,07:46:30,07:46:45,0
wzQQv79eeOAEsj4p6t-wx-07:00:00,SYN_102252,32,07:46:09,07:46:24,0
wzQQv79eeOAEsj4p6t-wx-07:00:00,SYN_102253,33,07:45:48,07:46:03,0
wzQQv79eeOAEsj4p6t-wx-07:00:00,SYN_102254,34,07:45:27,07:45:42,0
wzQQv79eeOAEsj4p6t-wx-07:00:00,SYN_102255,35,07:45:06,07:45:21,0
wzQQv79eeOAEsj4p6t-wx-07:00:00,SYN_102256,36,07:44:45,07:45:00,0
wzQQv79eeOAEsj4p6t-wx-07:00:00,SYN_102257,37,07:44:24,07:44:39,0
wzQQv79eeOAEsj4p6t-wx-07:00:00,SYN_102258,38,07:44:03,07:44:18,0
wzQQv79eeOAEsj4p6t-wx-07:00:00,SYN_102259,39,07:43:42,07:43:57,0
wzQQv79eeOAEsj4p6t-wx-07:00:00,SYN_102260,40,07:43:20,07:43:35,0
wzQQv79eeOAEsj4p6t-wx-07:00:00,SYN_102261,41,07:42:59,07:43:14,0
wzQQv79eeOAEsj4p6t-wx-07:00:00,SYN_102262,42,07:42:38,07:42:53,0
wzQQv79eeOAEsj4p6t-wx-07:00:00,SYN_102263,43,07:42:17,07:42:32,0
wzQQv79eeOAEsj4p6t-wx-07:00:00,SYN_102264,44,07:41:56,07:42:11,0
wzQQv79eeOAEsj4p6t-wx-07:00:00,SYN_102265,45,07:41:35,07:41:50,0
wzQQv79eeOAEsj4p6t-wx-07:00:00,SYN_102266,46,07:41:14,07:41:29,0
wzQQv79eeOAEsj4p6t-wx-07:00:00,SYN_102267,47,07:40:53,07:41:08,0
wzQQv79eeOAEsj4p6t-wx-07:00:00,SYN_102268,48,07:40:32,07:40:47,0
wzQQv79eeOAEsj4p6t-wx-07:00:00,SYN_102269,49,07:40:11,07:40:26,0
wzQQv79eeOAEsj4p6t-wx-07:00:00,SYN_102270,50,07:39:50,07:40:05,0
wzQQv79eeOAEsj4p6t-wx-07:00:00,SYN_102271,51,07:39:29,07:39:44,0
wzQQv79eeOAEsj4p6t-wx-07:00:00,SYN_102272,52,07:39:08,07:39:23,0
wzQQv79eeOAEsj4p6t-wx-07:00:00,SYN_102273,53,07:38:47,07:39:02,0
wzQQv79eeOAEsj4p6t-wx-07:00:00,SYN_102274,54,07:38:25,07:38:40,0
wzQQv79eeOAEsj4p6t-wx-07:00:00,SYN_102275,55,07:38:04,07:38:19,0
wzQQv79eeOAEsj4p6t-wx-07:00:00,SYN_102276,56,07:37:43,07:37:58,0
wzQQv79eeOAEsj4p6t-wx-07:00:00,SYN_102277,57,07:37:22,07:37:37,0
wzQQv79eeOAEsj4p6t-wx-07:00:00,SYN_102278,58,07:37:01,07:37:16,0
wzQQv79eeOAEsj4p6t-wx-07:00:00,SYN_102279,59,07:36:40,07:36:55,0
wzQQv79eeOAEsj4p6t-wx-07:00:00,SYN_102280,60,07:36:19,07:36:34,0
wzQQv79eeOAEsj4p6t-wx-07:00:00,SYN_102281,61,07:35:58,07:36:13,0
wzQQv79eeOAEsj4p6t-wx-07:00:00,SYN_102282,62,07:35:37,07:35:52,0
wzQQv79eeOAEsj4p6t-wx-07:00:00,SYN_102283,63,07:35:16,07:35:31,0
wzQQv79eeOAEsj4p6t-wx-07:00:00,SYN_102284,64,07:34:55,07:35:10,0
wzQQv79eeOAEsj4p6t-wx-07:00:00,SYN_102285,65,07:34:34,07:34:49,0
wzQQv79eeOAEsj4p6t-wx-07:00:00,SYN_102286,66,07:34:13,07:34:28,0
wzQQv79eeOAEsj4p6t-wx-07:00:00,SYN_102287,67,07:33:51,07:34:06,0
wzQQv79eeOAEsj4p6t-wx-07:00:00,SYN_102288,68,07:33:30,07:33:45,0
wzQQv79eeOAEsj4p6t-wx-07:00:00,SYN_102289,69,07:33:09,07:33:24,0
wzQQv79eeOAEsj4p6t-wx-07:00:00,SYN_102290,70,07:32:48,07:33:03,0
wzQQv79eeOAEsj4p6t-wx-07:00:00,SYN_102291,71,07:32:27,07:32:42,0
wzQQv79eeOAEsj4p6t-wx-07:00:00,SYN_102292,72,07:32:06,07:32:21,0
wzQQv79eeOAEsj4p6t-wx-07:00:00,SYN_102293,73,07:31:45,07:32:00,0
wzQQv79eeOAEsj4p6t-wx-07:00:00,SYN_102294,74,07:31:24,07:31:39,0
wzQQv79eeOAEsj4p6t-wx-07:00:00,SYN_102295,75,07:31:03,07:31:18,0
wzQQv79eeOAEsj4p6t-wx-07:00:00,SYN_102296,76,07:30:42,07:30:57,0
wzQQv79eeOAEsj4p6t-wx-07:00:00,SYN_102297,77,07:30:21,07:30:36,0
wzQQv79eeOAEsj4p6t-wx-07:00:00,SYN_102298,78,07:30:00,07:30:15,0
wzQQv79eeOAEsj4p6t-wx-07:00:00,SYN_102299,79,07:29:39,07:29:54,0
wzQQv79eeOAEsj4p6t-wx-07:00:00,SYN_102300,80,07:29:18,07:29:33,0
wzQQv79eeOAEsj4p6t-wx-07:00:00,SYN_102301,81,07:28:56,07:29:11,0
wzQQv79eeOAEsj4p6t-wx-07:00:00,SYN_102302,82,07:28:35,07:28:50,0
wzQQv79eeOAEsj4p6t-wx-07:00:00,SYN_102303,83,07:28:14,07:28:29,0
wzQQv79eeOAEsj4p6t-wx-07:00:00,SYN_102304,84,07:27:53,07:28:08,0
wzQQv79eeOAEsj4p6t-wx-07:00:00,SYN_102305,85,07:27:32,07:27:47,0
wzQQv79eeOAEsj4p6t-wx-07:00:00,SYN_102306,86,07:27:11,07:27:26,0
wzQQv79eeOAEsj4p6t-wx-07:00:00,SYN_102307,87,07:26:50,07:27:05,0
wzQQv79eeOAEsj4p6t-wx-07:00:00,SYN_102308,88,07:26:29,07:26:44,0
wzQQv79eeOAEsj4p6t-wx-07:00:00,SYN_102309,89,07:26:08,07:26:23,0
wzQQv79eeOAEsj4p6t-wx-07:00:00,SYN_102310,90,07:25:47,07:26:02,0
wzQQv79eeOAEsj4p6t-wx-07:00:00,SYN_102311,91,07:25:26,07:25:41,0
wzQQv79eeOAEsj4p6t-wx-07:00:00,SYN_102312,92,07:25:05,07:25:20,0
wzQQv79eeOAEsj4p6t-wx-07:00:00,SYN_102313,93,07:24:44,07:24:59,0
wzQQv79eeOAEsj4p6t-wx-07:00:00,SYN_102314,94,07:24:22,07:24:37,0
wzQQv79eeOAEsj4p6t-wx-07:00:00,SYN_102315,95,07:24:01,07:24:16,0
wzQQv79eeOAEsj4p6t-wx-07:00:00,SYN_102316,96,07:23:40,07:23:55,0
wzQQv79eeOAEsj4p6t-wx-07:00:00,SYN_102317,97,07:23:19,07:23:34,0
wzQQv79eeOAEsj4p6t-wx-07:00:00,SYN_102318,98,07:22:58,07:23:13,0
wzQQv79eeOAEsj4p6t-wx-07:00:00,SYN_102319,99,07:22:37,07:22:52,0
wzQQv79eeOAEsj4p6t-wx-07:00:00,SYN_102320,100,07:22:16,07:22:31,0
wzQQv79eeOAEsj4p6t-wx-07:00:00,SYN_102321,101,07:21:55,07:22:10,0
wzQQv79eeOAEsj4p6t-wx-07:00:00,SYN_102322,102,07:21:34,07:21:49,0
wzQQv79eeOAEsj4p6t-wx-07:00:00,SYN_102323,103,07:21:13,07:21:28,0
wzQQv79eeOAEsj4p6t-wx-07:00:00,SYN_102324,104,07:20:52,07:21:07,0
wzQQv79eeOAEsj4p6t-wx-07:00:00,SYN_102325,105,07:20:31,07:20:46,0
wzQQv79eeOAEsj4p6t-wx-07:00:00,SYN_102326,106,07:20:10,07:20:25,0
wzQQv79eeOAEsj4p6t-wx-07:00:00,SYN_102327,107,07:19:49,07:20:04,0
wzQQv79eeOAEsj4p6t-wx-07:00:00,SYN_102328,108,07:19:27,07:19:42,0
wzQQv79eeOAEsj4p6t-wx-07:00:00,SYN_102329,109,07:19:06,07:19:21,0
wzQQv79eeOAEsj4p6t-wx-07:00:00,SYN_102330,110,07:18:45,07:19:00,0
wzQQv79eeOAEsj4p6t-wx-07:00:00,SYN_102331,111,07:18:24,07:18:39,0
wzQQv79eeOAEsj4p6t-wx-07:00:00,SYN_102332,112,07:18:03,07:18:18,0
wzQQv79eeOAEsj4p6t-wx-07:00:00,SYN_102333,113,07:17:42,07:17:57,0
wzQQv79eeOAEsj4p6t-wx-07:00:00,SYN_102334,114,07:17:21,07:17:36,0
wzQQv79eeOAEsj4p6t-wx-07:00:00,SYN_102335,115,07:17:00,07:17:15,0
wzQQv79eeOAEsj4p6t-wx-07:00:00,SYN_102336,116,07:16:39,07:16:54,0
wzQQv79eeOAEsj4p6t-wx-07:00:00,SYN_102337,117,07:16:18,07:16:33,0
wzQQv79eeOAEsj4p6t-wx-07:00:00,SYN_102338,118,07:15:57,07:16:12,0
wzQQv79eeOAEsj4p6t-wx-07:00:00,SYN_102339,119,07:15:36,07:15:51,0
wzQQv79eeOAEsj4p6t-wx-07:00:00,SYN_102340,120,07:15:15,07:15:30,0
wzQQv79eeOAEsj4p6t-wx-07:00:00,SYN_102341,121,07:14:53,07:15:08,0
wzQQv79eeOAEsj4p6t-wx-07:00:00,SYN_102342,122,07:14:32,07:14:47,0
wzQQv79eeOAEsj4p6t-wx-07:00:00,SYN_102343,123,07:14:11,07:14:26,0
wzQQv79eeOAEsj4p6t-wx-07:00:00,SYN_102344,124,07:13:50,07:14:05,0
wzQQv79eeOAEsj4p6t-wx-07:00:00,SYN_102345,125,07:13:29,07:13:44,0
wzQQv79eeOAEsj4p6t-wx-07:00:00,SYN_102346,126,07:13:08,07:13:23,0
wzQQv79eeOAEsj4p6t-wx-07:00:00,SYN_102347,127,07:12:47,07:13:02,0
wzQQv79eeOAEsj4p6t-wx-07:00:00,SYN_102348,128,07:12:26,07:12:41,0
wzQQv79eeOAEsj4p6t-wx-07:00:00,SYN_102349,129,07:12:05,07:12:20,0
wzQQv79eeOAEsj4p6t-wx-07:00:00,SYN_102350,130,07:11:44,07:11:59,0
wzQQv79eeOAEsj4p6t-wx-07:00:00,SYN_102351,131,07:11:23,07:11:38,0
wzQQv79eeOAEsj4p6t-wx-07:00:00,SYN_102352,132,07:11:02,07:11:17,0
wzQQv79eeOAEsj4p6t-wx-07:00:00,SYN_102353,133,07:10:41,07:10:56,0
wzQQv79eeOAEsj4p6t-wx-07:00:00,SYN_102354,134,07:10:20,07:10:35,0
wzQQv79eeOAEsj4p6t-wx-07:00:00,SYN_102355,135,07:09:58,07:10:13,0
wzQQv79eeOAEsj4p6t-wx-07:00:00,SYN_102356,136,07:09:37,07:09:52,0
wzQQv79eeOAEsj4p6t-wx-07:00:00,SYN_102357,137,07:09:16,07:09:31,0
wzQQv79eeOAEsj4p6t-wx-07:00:00,SYN_102358,138,07:08:55,07:09:10,0
wzQQv79eeOAEsj4p6t-wx-07:00:00,SYN_102359,139,07:08:34,07:08:49,0
wzQQv79eeOAEsj4p6t-wx-07:00:00,SYN_102360,140,07:08:13,07:08:28,0
wzQQv79eeOAEsj4p6t-wx-07:00:00,SYN_102361,141,07:07:52,07:08:07,0
wzQQv79eeOAEsj4p6t-wx-07:00:00,SYN_102362,142,07:07:31,07:07:46,0
wzQQv79eeOAEsj4p6t-wx-07:00:00,SYN_102363,143,07:07:10,07:07:25,0
wzQQv79eeOAEsj4p6t-wx-07:00:00,SYN_102364,144,07:06:49,07:07:04,0
wzQQv79eeOAEsj4p6t-wx-07:00:00,SYN_102365,145,07:06:28,07:06:43,0
wzQQv79eeOAEsj4p6t-wx-07:00:00,SYN_102366,146,07:06:07,07:06:22,0
wzQQv79eeOAEsj4p6t-wx-07:00:00,SYN_102367,147,07:05:46,07:06:01,0
wzQQv79eeOAEsj4p6t-wx-07:00:00,SYN_102368,148,07:05:25,07:05:40,0
wzQQv79eeOAEsj4p6t-wx-07:00:00,SYN_102369,149,07:05:03,07:05:18,0
wzQQv79eeOAEsj4p6t-wx-07:00:00,SYN_102370,150,07:04:42,07:04:57,0
wzQQv79eeOAEsj4p6t-wx-07:00:00,SYN_102371,151,07:04:21,07:04:36,0
wzQQv79eeOAEsj4p6t-wx-07:00:00,SYN_102372,152,07:04:00,07:04:15,0
wzQQv79eeOAEsj4p6t-wx-07:00:00,SYN_102373,153,07:03:39,07:03:54,0
wzQQv79eeOAEsj4p6t-wx-07:00:00,SYN_102374,154,07:03:18,07:03:33,0
wzQQv79eeOAEsj4p6t-wx-07:00:00,SYN_102375,155,07:02:57,07:03:12,0
wzQQv79eeOAEsj4p6t-wx-07:00:00,SYN_102376,156,07:02:36,07:02:51,0
wzQQv79eeOAEsj4p6t-wx-07:00:00,SYN_102377,157,07:02:15,07:02:30,0
wzQQv79eeOAEsj4p6t-wx-07:00:00,SYN_102378,158,07:01:54,07:02:09,0
wzQQv79eeOAEsj4p6t-wx-07:00:00,SYN_102379,159,07:01:33,07:01:48,0
wzQQv79eeOAEsj4p6t-wx-07:00:00,SYN_102380,160,07:01:12,07:01:27,0
wzQQv79eeOAEsj4p6t-wx-07:00:00,SYN_102381,161,07:00:51,07:01:06,0
wzQQv79eeOAEsj4p6t-wx-07:00:00,SYN_102382,162,07:00:29,07:00:44,0
wzQQv79eeOAEsj4p6t-wx-07:00:00,SYN_102383,163,07:00:08,07:00:23,0
6OIx6bTrieeeSM5cAiCs--07:00:00,SYN_102387,0,07:00:18,07:00:33,0
6OIx6bTrieeeSM5cAiCs--07:00:00,SYN_102388,1,07:00:38,07:00:53,0
6OIx6bTrieeeSM5cAiCs--07:00:00,SYN_102389,2,07:00:58,07:01:13,0
6OIx6bTrieeeSM5cAiCs--07:00:00,SYN_102390,3,07:01:19,07:01:34,0
6OIx6bTrieeeSM5cAiCs--07:00:00,SYN_102391,4,07:01:39,07:01:54,0
6OIx6bTrieeeSM5cAiCs--07:00:00,SYN_102392,5,07:01:59,07:02:14,0
6OIx6bTrieeeSM5cAiCs--07:00:00,SYN_102393,6,07:02:19,07:02:34,0
6OIx6bTrieeeSM5cAiCs--07:00:00,SYN_102394,7,07:02:39,07:02:54,0
6OIx6bTrieeeSM5cAiCs--07:00:00,SYN_102395,8,07:02:59,07:03:14,0
6OIx6bTrieeeSM5cAiCs--07:00:00,SYN_102396,9,07:03:19,07:03:34,0
6OIx6bTrieeeSM5cAiCs--07:00:00,SYN_102397,10,07:03:40,07:03:55,0
6OIx6bTrieeeSM5cAiCs--07:00:00,SYN_102398,11,07:04:00,07:04:15,0
6OIx6bTrieeeSM5cAiCs--07:00:00,SYN_102399,12,07:04:20,07:04:35,0
6OIx6bTrieeeSM5cAiCs--07:00:00,SYN_102400,13,07:04:40,07:04:55,0
6OIx6bTrieeeSM5cAiCs--07:00:00,SYN_102401,14,07:05:00,07:05:15,0
6OIx6bTrieeeSM5cAiCs--07:00:00,SYN_102402,15,07:05:20,07:05:35,0
6OIx6bTrieeeSM5cAiCs--07:00:00,SYN_102403,16,07:05:40,07:05:55,0
6OIx6bTrieeeSM5cAiCs--07:00:00,SYN_102404,17,07:06:01,07:06:16,0
6OIx6bTrieeeSM5cAiCs--07:00:00,SYN_102405,18,07:06:21,07:06:36,0
6OIx6bTrieeeSM5cAiCs--07:00:00,SYN_102406,19,07:06:41,07:06:56,0
6OIx6bTrieeeSM5cAiCs--07:00:00,SYN_102407,20,07:07:01,07:07:16,0
6OIx6bTrieeeSM5cAiCs--07:00:00,SYN_102408,21,07:07:21,07:07:36,0
6OIx6bTrieeeSM5cAiCs--07:00:00,SYN_102409,22,07:07:41,07:07:56,0
6OIx6bTrieeeSM5cAiCs--07:00:00,SYN_102410,23,07:08:01,07:08:16,0
6OIx6bTrieeeSM5cAiCs--07:00:00,SYN_102411,24,07:08:21,07:08:36,0
6OIx6bTrieeeSM5cAiCs--07:00:00,SYN_102412,25,07:08:42,07:08:57,0
6OIx6bTrieeeSM5cAiCs--07:00:00,SYN_102413,26,07:09:02,07:09:17,0
6OIx6bTrieeeSM5cAiCs--07:00:00,SYN_102414,27,07:09:22,07:09:37,0
6OIx6bTrieeeSM5cAiCs--07:00:00,SYN_102415,28,07:09:42,07:09:57,0
6OIx6bTrieeeSM5cAiCs--07:00:00,SYN_102416,29,07:10:02,07:10:17,0
6OIx6bTrieeeSM5cAiCs--07:00:00,SYN_102417,30,07:10:22,07:10:37,0
6OIx6bTrieeeSM5cAiCs--07:00:00,SYN_102418,31,07:10:42,07:10:57,0
6OIx6bTrieeeSM5cAiCs--07:00:00,SYN_102419,32,07:11:03,07:11:18,0
6OIx6bTrieeeSM5cAiCs--07:00:00,SYN_102420,33,07:11:23,07:11:38,0
6OIx6bTrieeeSM5cAiCs--07:00:00,SYN_102421,34,07:11:43,07:11:58,0
6OIx6bTrieeeSM5cAiCs--07:00:00,SYN_102422,35,07:12:03,07:12:18,0
6OIx6bTrieeeSM5cAiCs--07:00:00,SYN_102423,36,07:12:23,07:12:38,0
6OIx6bTrieeeSM5cAiCs--07:00:00,SYN_102424,37,07:12:43,07:12:58,0
6OIx6bTrieeeSM5cAiCs--07:00:00,SYN_102425,38,07:13:03,07:13:18,0
6OIx6bTrieeeSM5cAiCs--07:00:00,SYN_102426,39,07:13:23,07:13:38,0
6OIx6bTrieeeSM5cAiCs--07:00:00,SYN_102427,40,07:13:44,07:13:59,0
6OIx6bTrieeeSM5cAiCs--07:00:00,SYN_102428,41,07:14:04,07:14:19,0
6OIx6bTrieeeSM5cAiCs--07:00:00,SYN_102429,42,07:14:24,07:14:39,0
6OIx6bTrieeeSM5cAiCs--07:00:00,SYN_102430,43,07:14:44,07:14:59,0
6OIx6bTrieeeSM5cAiCs--07:00:00,SYN_102431,44,07:15:04,07:15:19,0
6OIx6bTrieeeSM5cAiCs--07:00:00,SYN_102432,45,07:15:24,07:15:39,0
6OIx6bTrieeeSM5cAiCs--07:00:00,SYN_102433,46,07:15:44,07:15:59,0
6OIx6bTrieeeSM5cAiCs--07:00:00,SYN_102434,47,07:16:05,07:16:20,0
6OIx6bTrieeeSM5cAiCs--07:00:00,SYN_102435,48,07:16:25,07:16:40,0
6OIx6bTrieeeSM5cAiCs--07:00:00,SYN_102436,49,07:16:45,07:17:00,0
6OIx6bTrieeeSM5cAiCs--07:00:00,SYN_102437,50,07:17:05,07:17:20,0
6OIx6bTrieeeSM5cAiCs--07:00:00,SYN_102438,51,07:17:25,07:17:40,0
6OIx6bTrieeeSM5cAiCs--07:00:00,SYN_102439,52,07:17:45,07:18:00,0
6OIx6bTrieeeSM5cAiCs--07:00:00,SYN_102440,53,07:18:05,07:18:20,0
6OIx6bTrieeeSM5cAiCs--07:00:00,SYN_102441,54,07:18:26,07:18:41,0
6OIx6bTrieeeSM5cAiCs--07:00:00,SYN_102442,55,07:18:46,07:19:01,0
6OIx6bTrieeeSM5cAiCs--07:00:00,SYN_102443,56,07:19:06,07:19:21,0
6OIx6bTrieeeSM5cAiCs--07:00:00,SYN_102444,57,07:19:26,07:19:41,0
6OIx6bTrieeeSM5cAiCs--07:00:00,SYN_102445,58,07:19:46,07:20:01,0
6OIx6bTrieeeSM5cAiCs--07:00:00,SYN_102446,59,07:20:06,07:20:21,0
6OIx6bTrieeeSM5cAiCs--07:00:00,SYN_102447,60,07:20:26,07:20:41,0
6OIx6bTrieeeSM5cAiCs--07:00:00,SYN_102448,61,07:20:46,07:21:01,0
6OIx6bTrieeeSM5cAiCs--07:00:00,SYN_102449,62,07:21:07,07:21:22,0
6OIx6bTrieeeSM5cAiCs--07:00:00,SYN_102450,63,07:21:27,07:21:42,0
6OIx6bTrieeeSM5cAiCs--07:00:00,SYN_102451,64,07:21:47,07:22:02,0
6OIx6bTrieeeSM5cAiCs--07:00:00,SYN_102452,65,07:22:07,07:22:22,0
6OIx6bTrieeeSM5cAiCs--07:00:00,SYN_102453,66,07:22:27,07:22:42,0
6OIx6bTrieeeSM5cAiCs--07:00:00,SYN_102454,67,07:22:47,07:23:02,0
6OIx6bTrieeeSM5cAiCs--07:00:00,SYN_102455,68,07:23:07,07:23:22,0
6OIx6bTrieeeSM5cAiCs--07:00:00,SYN_102456,69,07:23:28,07:23:43,0
6OIx6bTrieeeSM5cAiCs--07:00:00,SYN_102457,70,07:23:48,07:24:03,0
6OIx6bTrieeeSM5cAiCs--07:00:00,SYN_102458,71,07:24:07,07:24:22,0
6OIx6bTrieeeSM5cAiCs--07:00:00,SYN_102459,72,07:24:25,07:24:40,0
6OIx6bTrieeeSM5cAiCs--07:00:00,SYN_102460,73,07:24:42,07:24:57,0
6OIx6bTrieeeSM5cAiCs--07:00:00,SYN_102461,74,07:25:00,07:25:15,0
6OIx6bTrieeeSM5cAiCs--07:00:00,SYN_102462,75,07:25:18,07:25:33,0
6OIx6bTrieeeSM5cAiCs--07:00:00,SYN_102463,76,07:25:48,07:26:03,0
6OIx6bTrieeeSM5cAiCs--07:00:00,SYN_102464,77,07:26:28,07:26:43,0
6OIx6bTrieeeSM5cAiCs--07:00:00,SYN_102465,78,07:27:08,07:27:23,0
6OIx6bTrieeeSM5cAiCs--07:00:00,SYN_102466,79,07:27:48,07:28:03,0
6OIx6bTrieeeSM5cAiCs--07:00:00,SYN_102467,80,07:28:28,07:28:43,0
6OIx6bTrieeeSM5cAiCs--07:00:00,SYN_102468,81,07:29:07,07:29:22,0
6OIx6bTrieeeSM5cAiCs--07:00:00,SYN_102469,82,07:29:47,07:30:02,0
6OIx6bTrieeeSM5cAiCs--07:00:00,SYN_102470,83,07:30:33,07:30:48,0
6OIx6bTrieeeSM5cAiCs--07:00:00,SYN_102471,84,07:31:19,07:31:34,0
6OIx6bTrieeeSM5cAiCs--07:00:00,SYN_102472,85,07:32:06,07:32:21,0
6OIx6bTrieeeSM5cAiCs--07:00:00,SYN_102473,86,07:32:44,07:32:59,0
6OIx6bTrieeeSM5cAiCs--07:00:00,SYN_102474,87,07:33:11,07:33:26,0
6OIx6bTrieeeSM5cAiCs--07:00:00,SYN_102475,88,07:33:37,07:33:52,0
6OIx6bTrieeeSM5cAiCs--07:00:00,SYN_102476,89,07:34:24,07:34:39,0
6OIx6bTrieeeSM5cAiCs--07:00:00,SYN_102477,90,07:35:42,07:35:57,0
6OIx6bTrieeeSM5cAiCs--07:00:00,SYN_102478,91,07:37:01,07:37:16,0
6OIx6bTrieeeSM5cAiCs--07:00:00,SYN_102479,92,07:38:20,07:38:35,0
6OIx6bTrieeeSM5cAiCs--07:00:00,SYN_102480,93,07:39:39,07:39:54,0
6OIx6bTrieeeSM5cAiCs--07:00:00,SYN_102481,94,07:40:43,07:40:58,0
dLkT29EUoWOal9hGBCA4x-07:00:00,SYN_102387,0,07:33:07,07:33:22,0
dLkT29EUoWOal9hGBCA4x-07:00:00,SYN_102388,1,07:32:46,07:33:01,0
dLkT29EUoWOal9hGBCA4x-07:00:00,SYN_102389,2,07:32:25,07:32:40,0
dLkT29EUoWOal9hGBCA4x-07:00:00,SYN_102390,3,07:32:04,07:32:19,0
dLkT29EUoWOal9hGBCA4x-07:00:00,SYN_102391,4,07:31:43,07:31:58,0
dLkT29EUoWOal9hGBCA4x-07:00:00,SYN_102392,5,07:31:22,07:31:37,0
dLkT29EUoWOal9hGBCA4x-07:00:00,SYN_102393,6,07:31:01,07:31:16,0
dLkT29EUoWOal9hGBCA4x-07:00:00,SYN_102394,7,07:30:40,07:30:55,0
dLkT29EUoWOal9hGBCA4x-07:00:00,SYN_102395,8,07:30:19,07:30:34,0
dLkT29EUoWOal9hGBCA4x-07:00:00,SYN_102396,9,07:29:58,07:30:13,0
dLkT29EUoWOal9hGBCA4x-07:00:00,SYN_102397,10,07:29:37,07:29:52,0
dLkT29EUoWOal9hGBCA4x-07:00:00,SYN_102398,11,07:29:16,07:29:31,0
dLkT29EUoWOal9hGBCA4x-07:00:00,SYN_102399,12,07:28:55,07:29:10,0
dLkT29EUoWOal9hGBCA4x-07:00:00,SYN_102400,13,07:28:34,07:28:49,0
dLkT29EUoWOal9hGBCA4x-07:00:00,SYN_102401,14,07:28:13,07:28:28,0
dLkT29EUoWOal9hGBCA4x-07:00:00,SYN_102402,15,07:27:52,07:28:07,0
dLkT29EUoWOal9hGBCA4x-07:00:00,SYN_102403,16,07:27:31,07:27:46,0
dLkT29EUoWOal9hGBCA4x-07:00:00,SYN_102404,17,07:27:10,07:27:25,0
dLkT29EUoWOal9hGBCA4x-07:00:00,SYN_102405,18,07:26:49,07:27:04,0
dLkT29EUoWOal9hGBCA4x-07:00:00,SYN_102406,19,07:26:28,07:26:43,0
dLkT29EUoWOal9hGBCA4x-07:00:00,SYN_102407,20,07:26:07,07:26:22,0
dLkT29EUoWOal9hGBCA4x-07:00:00,SYN_102408,21,07:25:46,07:26:01,0
dLkT29EUoWOal9hGBCA4x-07:00:00,SYN_102409,22,07:25:25,07:25:40,0
dLkT29EUoWOal9hGBCA4x-07:00:00,SYN_102410,23,07:25:04,07:25:19,0
dLkT29EUoWOal9hGBCA4x-07:00:00,SYN_102411,24,07:24:43,07:24:58,0
dLkT29EUoWOal9hGBCA4x-07:00:00,SYN_102412,25,07:24:22,07:24:37,0
dLkT29EUoWOal9hGBCA4x-07:00:00,SYN_102413,26,07:24:01,07:24:16,0
dLkT29EUoWOal9hGBCA4x-07:00:00,SYN_102414,27,07:23:40,07:23:55,0
dLkT29EUoWOal9hGBCA4x-07:00:00,SYN_102415,28,07:23:19,07:23:34,0
dLkT29EUoWOal9hGBCA4x-07:00:00,SYN_102416,29,07:22:58,07:23:13,0
dLkT29EUoWOal9hGBCA4x-07:00:00,SYN_102417,30,07:22:37,07:22:52,0
dLkT29EUoWOal9hGBCA4x-07:00:00,SYN_102418,31,07:22:16,07:22:31,0
dLkT29EUoWOal9hGBCA4x-07:00:00,SYN_102419,32,07:21:56,07:22:11,0
dLkT29EUoWOal9hGBCA4x-07:00:00,SYN_102420,33,07:21:35,07:21:50,0
dLkT29EUoWOal9hGBCA4x-07:00:00,SYN_102421,34,07:21:14,07:21:29,0
dLkT29EUoWOal9hGBCA4x-07:00:00,SYN_102422,35,07:20:53,07:21:08,0
dLkT29EUoWOal9hGBCA4x-07:00:00,SYN_102423,36,07:20:32,07:20:47,0
dLkT29EUoWOal9hGBCA4x-07:00:00,SYN_102424,37,07:20:11,07:20:26,0
dLkT29EUoWOal9hGBCA4x-07:00:00,SYN_102425,38,07:19:50,07:20:05,0
dLkT29EUoWOal9hGBCA4x-07:00:00,SYN_102426,39,07:19:29,07:19:44,0
dLkT29EUoWOal9hGBCA4x-07:00:00,SYN_102427,40,07:19:08,07:19:23,0
dLkT29EUoWOal9hGBCA4x-07:00:00,SYN_102428,41,07:18:47,07:19:02,0
dLkT29EUoWOal9hGBCA4x-07:00:00,SYN_102429,42,07:18:26,07:18:41,0
dLkT29EUoWOal9hGBCA4x-07:00:00,SYN_102430,43,07:18:05,07:18:20,0
dLkT29EUoWOal9hGBCA4x-07:00:00,SYN_102431,44,07:17:44,07:17:59,0
dLkT29EUoWOal9hGBCA4x-07:00:00,SYN_102432,45,07:17:23,07:17:38,0
dLkT29EUoWOal9hGBCA4x-07:00:00,SYN_102433,46,07:17:02,07:17:17,0
dLkT29EUoWOal9hGBCA4x-07:00:00,SYN_102434,47,07:16:41,07:16:56,0
dLkT29EUoWOal9hGBCA4x-07:00:00,SYN_102435,48,07:16:20,07:16:35,0
dLkT29EUoWOal9hGBCA4x-07:00:00,SYN_102436,49,07:15:59,07:16:14,0
dLkT29EUoWOal9hGBCA4x-07:00:00,SYN_102437,50,07:15:38,07:15:53,0
dLkT29EUoWOal9hGBCA4x-07:00:00,SYN_102438,51,07:15:17,07:15:32,0
dLkT29EUoWOal9hGBCA4x-07:00:00,SYN_102439,52,07:14:56,07:15:11,0
dLkT29EUoWOal9hGBCA4x-07:00:00,SYN_102440,53,07:14:35,07:14:50,0
dLkT29EUoWOal9hGBCA4x-07:00:00,SYN_102441,54,07:14:14,07:14:29,0
dLkT29EUoWOal9hGBCA4x-07:00:00,SYN_102442,55,07:13:53,07:14:08,0
dLkT29EUoWOal9hGBCA4x-07:00:00,SYN_102443,56,07:13:32,07:13:47,0
dLkT29EUoWOal9hGBCA4x-07:00:00,SYN_102444,57,07:13:11,07:13:26,0
dLkT29EUoWOal9hGBCA4x-07:00:00,SYN_102445,58,07:12:50,07:13:05,0
dLkT29EUoWOal9hGBCA4x-07:00:00,SYN_102446,59,07:12:29,07:12:44,0
dLkT29EUoWOal9hGBCA4x-07:00:00,SYN_102447,60,07:12:08,07:12:23,0
dLkT29EUoWOal9hGBCA4x-07:00:00,SYN_102448,61,07:11:47,07:12:02,0
dLkT29EUoWOal9hGBCA4x-07:00:00,SYN_102449,62,07:11:26,07:11:41,0
dLkT29EUoWOal9hGBCA4x-07:00:00,SYN_102450,63,07:11:05,07:11:20,0
dLkT29EUoWOal9hGBCA4x-07:00:00,SYN_102451,64,07:10:44,07:10:59,0
dLkT29EUoWOal9hGBCA4x-07:00:00,SYN_102452,65,07:10:23,07:10:38,0
dLkT29EUoWOal9hGBCA4x-07:00:00,SYN_102453,66,07:10:02,07:10:17,0
dLkT29EUoWOal9hGBCA4x-07:00:00,SYN_102454,67,07:09:41,07:09:56,0
dLkT29EUoWOal9hGBCA4x-07:00:00,SYN_102455,68,07:09:20,07:09:35,0
dLkT29EUoWOal9hGBCA4x-07:00:00,SYN_102456,69,07:08:59,07:09:14,0
dLkT29EUoWOal9hGBCA4x-07:00:00,SYN_102457,70,07:08:38,07:08:53,0
dLkT29EUoWOal9hGBCA4x-07:00:00,SYN_102458,71,07:08:17,07:08:32,0
dLkT29EUoWOal9hGBCA4x-07:00:00,SYN_102459,72,07:07:56,07:08:11,0
dLkT29EUoWOal9hGBCA4x-07:00:00,SYN_102460,73,07:07:35,07:07:50,0
dLkT29EUoWOal9hGBCA4x-07:00:00,SYN_102461,74,07:07:14,07:07:29,0
dLkT29EUoWOal9hGBCA4x-07:00:00,SYN_102462,75,07:06:53,07:07:08,0
dLkT29EUoWOal9hGBCA4x-07:00:00,SYN_102463,76,07:06:32,07:06:47,0
dLkT29EUoWOal9hGBCA4x-07:00:00,SYN_102464,77,07:06:11,07:06:26,0
dLkT29EUoWOal9hGBCA4x-07:00:00,SYN_102465,78,07:05:50,07:06:05,0
dLkT29EUoWOal9hGBCA4x-07:00:00,SYN_102466,79,07:05:29,07:05:44,0
dLkT29EUoWOal9hGBCA4x-07:00:00,SYN_102467,80,07:05:08,07:05:23,0
dLkT29EUoWOal9hGBCA4x-07:00:00,SYN_102468,81,07:04:47,07:05:02,0
dLkT29EUoWOal9hGBCA4x-07:00:00,SYN_102469,82,07:04:26,07:04:41,0
dLkT29EUoWOal9hGBCA4x-07:00:00,SYN_102470,83,07:04:05,07:04:20,0
dLkT29EUoWOal9hGBCA4x-07:00:00,SYN_102471,84,07:03:44,07:03:59,0
dLkT29EUoWOal9hGBCA4x-07:00:00,SYN_102472,85,07:03:23,07:03:38,0
dLkT29EUoWOal9hGBCA4x-07:00:00,SYN_102473,86,07:03:02,07:03:17,0
dLkT29EUoWOal9hGBCA4x-07:00:00,SYN_102474,87,07:02:41,07:02:56,0
dLkT29EUoWOal9hGBCA4x-07:00:00,SYN_102475,88,07:02:20,07:02:35,0
dLkT29EUoWOal9hGBCA4x-07:00:00,SYN_102476,89,07:01:59,07:02:14,0
dLkT29EUoWOal9hGBCA4x-07:00:00,SYN_102477,90,07:01:38,07:01:53,0
dLkT29EUoWOal9hGBCA4x-07:00:00,SYN_102478,91,07:01:17,07:01:32,0
dLkT29EUoWOal9hGBCA4x-07:00:00,SYN_102479,92,07:00:56,07:01:11,0
dLkT29EUoWOal9hGBCA4x-07:00:00,SYN_102480,93,07:00:35,07:00:50,0
dLkT29EUoWOal9hGBCA4x-07:00:00,SYN_102481,94,07:00:14,07:00:29,0
xxgi7P3OGoDShZ0IAQUyL-07:00:00,SYN_102482,0,07:00:23,07:00:38,0
xxgi7P3OGoDShZ0IAQUyL-07:00:00,SYN_102483,1,07:01:26,07:01:41,0
xxgi7P3OGoDShZ0IAQUyL-07:00:00,SYN_102484,2,07:02:28,07:02:43,0
xxgi7P3OGoDShZ0IAQUyL-07:00:00,SYN_102485,3,07:03:31,07:03:46,0
xxgi7P3OGoDShZ0IAQUyL-07:00:00,SYN_102486,4,07:04:34,07:04:49,0
xxgi7P3OGoDShZ0IAQUyL-07:00:00,SYN_102487,5,07:05:36,07:05:51,0
xxgi7P3OGoDShZ0IAQUyL-07:00:00,SYN_102488,6,07:06:11,07:06:26,0
xxgi7P3OGoDShZ0IAQUyL-07:00:00,SYN_102489,7,07:06:43,07:06:58,0
xxgi7P3OGoDShZ0IAQUyL-07:00:00,SYN_102490,8,07:07:15,07:07:30,0
xxgi7P3OGoDShZ0IAQUyL-07:00:00,SYN_102491,9,07:07:47,07:08:02,0
xxgi7P3OGoDShZ0IAQUyL-07:00:00,SYN_102492,10,07:08:19,07:08:34,0
xxgi7P3OGoDShZ0IAQUyL-07:00:00,SYN_102493,11,07:08:48,07:09:03,0
xxgi7P3OGoDShZ0IAQUyL-07:00:00,SYN_102494,12,07:09:17,07:09:32,0
xxgi7P3OGoDShZ0IAQUyL-07:00:00,SYN_102495,13,07:09:45,07:10:00,0
xxgi7P3OGoDShZ0IAQUyL-07:00:00,SYN_102496,14,07:10:15,07:10:30,0
xxgi7P3OGoDShZ0IAQUyL-07:00:00,SYN_102497,15,07:10:50,07:11:05,0
xxgi7P3OGoDShZ0IAQUyL-07:00:00,SYN_102498,16,07:11:25,07:11:40,0
xxgi7P3OGoDShZ0IAQUyL-07:00:00,SYN_102499,17,07:12:00,07:12:15,0
xxgi7P3OGoDShZ0IAQUyL-07:00:00,SYN_102500,18,07:12:35,07:12:50,0
xxgi7P3OGoDShZ0IAQUyL-07:00:00,SYN_102501,19,07:13:10,07:13:25,0
xxgi7P3OGoDShZ0IAQUyL-07:00:00,SYN_102502,20,07:13:45,07:14:00,0
xxgi7P3OGoDShZ0IAQUyL-07:00:00,SYN_102503,21,07:14:08,07:14:23,0
xxgi7P3OGoDShZ0IAQUyL-07:00:00,SYN_102504,22,07:14:30,07:14:45,0
xxgi7P3OGoDShZ0IAQUyL-07:00:00,SYN_102505,23,07:14:53,07:15:08,0
xxgi7P3OGoDShZ0IAQUyL-07:00:00,SYN_102506,24,07:15:15,07:15:30,0
xxgi7P3OGoDShZ0IAQUyL-07:00:00,SYN_102507,25,07:15:36,07:15:51,0
xxgi7P3OGoDShZ0IAQUyL-07:00:00,SYN_102508,26,07:15:58,07:16:13,0
xxgi7P3OGoDShZ0IAQUyL-07:00:00,SYN_102509,27,07:16:19,07:16:34,0
xxgi7P3OGoDShZ0IAQUyL-07:00:00,SYN_102510,28,07:16:41,07:16:56,0
xxgi7P3OGoDShZ0IAQUyL-07:00:00,SYN_102511,29,07:17:02,07:17:17,0
xxgi7P3OGoDShZ0IAQUyL-07:00:00,SYN_102512,30,07:17:24,07:17:39,0
xxgi7P3OGoDShZ0IAQUyL-07:00:00,SYN_102513,31,07:17:45,07:18:00,0
xxgi7P3OGoDShZ0IAQUyL-07:00:00,SYN_102514,32,07:18:06,07:18:21,0
xxgi7P3OGoDShZ0IAQUyL-07:00:00,SYN_102515,33,07:18:28,07:18:43,0
xxgi7P3OGoDShZ0IAQUyL-07:00:00,SYN_102516,34,07:18:49,07:19:04,0
xxgi7P3OGoDShZ0IAQUyL-07:00:00,SYN_102517,35,07:19:11,07:19:26,0
xxgi7P3OGoDShZ0IAQUyL-07:00:00,SYN_102518,36,07:19:32,07:19:47,0
xxgi7P3OGoDShZ0IAQUyL-07:00:00,SYN_102519,37,07:19:54,07:20:09,0
xxgi7P3OGoDShZ0IAQUyL-07:00:00,SYN_102520,38,07:20:15,07:20:30,0
xxgi7P3OGoDShZ0IAQUyL-07:00:00,SYN_102521,39,07:20:38,07:20:53,0
xxgi7P3OGoDShZ0IAQUyL-07:00:00,SYN_102522,40,07:21:02,07:21:17,0
xxgi7P3OGoDShZ0IAQUyL-07:00:00,SYN_102523,41,07:21:26,07:21:41,0
xxgi7P3OGoDShZ0IAQUyL-07:00:00,SYN_102524,42,07:21:50,07:22:05,0
xxgi7P3OGoDShZ0IAQUyL-07:00:00,SYN_102525,43,07:22:14,07:22:29,0
xxgi7P3OGoDShZ0IAQUyL-07:00:00,SYN_102526,44,07:22:38,07:22:53,0
xxgi7P3OGoDShZ0IAQUyL-07:00:00,SYN_102527,45,07:23:02,07:23:17,0
xxgi7P3OGoDShZ0IAQUyL-07:00:00,SYN_102528,46,07:23:26,07:23:41,0
xxgi7P3OGoDShZ0IAQUyL-07:00:00,SYN_102529,47,07:23:50,07:24:05,0
xxgi7P3OGoDShZ0IAQUyL-07:00:00,SYN_102530,48,07:24:14,07:24:29,0
xxgi7P3OGoDShZ0IAQUyL-07:00:00,SYN_102531,49,07:24:38,07:24:53,0
xxgi7P3OGoDShZ0IAQUyL-07:00:00,SYN_102532,50,07:25:02,07:25:17,0
xxgi7P3OGoDShZ0IAQUyL-07:00:00,SYN_102533,51,07:25:26,07:25:41,0
xxgi7P3OGoDShZ0IAQUyL-07:00:00,SYN_102534,52,07:25:50,07:26:05,0
xxgi7P3OGoDShZ0IAQUyL-07:00:00,SYN_102535,53,07:26:14,07:26:29,0
xxgi7P3OGoDShZ0IAQUyL-07:00:00,SYN_102536,54,07:26:38,07:26:53,0
xxgi7P3OGoDShZ0IAQUyL-07:00:00,SYN_102537,55,07:27:02,07:27:17,0
xxgi7P3OGoDShZ0IAQUyL-07:00:00,SYN_102538,56,07:27:26,07:27:41,0
xxgi7P3OGoDShZ0IAQUyL-07:00:00,SYN_102539,57,07:27:50,07:28:05,0
xxgi7P3OGoDShZ0IAQUyL-07:00:00,SYN_102540,58,07:28:14,07:28:29,0
xxgi7P3OGoDShZ0IAQUyL-07:00:00,SYN_102541,59,07:28:38,07:28:53,0
xxgi7P3OGoDShZ0IAQUyL-07:00:00,SYN_102542,60,07:28:56,07:29:11,0
xxgi7P3OGoDShZ0IAQUyL-07:00:00,SYN_102543,61,07:29:12,07:29:27,0
xxgi7P3OGoDShZ0IAQUyL-07:00:00,SYN_102544,62,07:29:28,07:29:43,0
xxgi7P3OGoDShZ0IAQUyL-07:00:00,SYN_102545,63,07:29:45,07:30:00,0
xxgi7P3OGoDShZ0IAQUyL-07:00:00,SYN_102546,64,07:30:01,07:30:16,0
xxgi7P3OGoDShZ0IAQUyL-07:00:00,SYN_102547,65,07:30:32,07:30:47,0
xxgi7P3OGoDShZ0IAQUyL-07:00:00,SYN_102548,66,07:31:12,07:31:27,0
xxgi7P3OGoDShZ0IAQUyL-07:00:00,SYN_102549,67,07:31:51,07:32:06,0
xxgi7P3OGoDShZ0IAQUyL-07:00:00,SYN_102550,68,07:32:31,07:32:46,0
xxgi7P3OGoDShZ0IAQUyL-07:00:00,SYN_102551,69,07:33:11,07:33:26,0
xxgi7P3OGoDShZ0IAQUyL-07:00:00,SYN_102552,70,07:33:51,07:34:06,0
xxgi7P3OGoDShZ0IAQUyL-07:00:00,SYN_102553,71,07:34:31,07:34:46,0
xxgi7P3OGoDShZ0IAQUyL-07:00:00,SYN_102554,72,07:35:17,07:35:32,0
xxgi7P3OGoDShZ0IAQUyL-07:00:00,SYN_102555,73,07:36:03,07:36:18,0
xxgi7P3OGoDShZ0IAQUyL-07:00:00,SYN_102556,74,07:36:50,07:37:05,0
xxgi7P3OGoDShZ0IAQUyL-07:00:00,SYN_102557,75,07:37:27,07:37:42,0
xxgi7P3OGoDShZ0IAQUyL-07:00:00,SYN_102558,76,07:37:54,07:38:09,0
xxgi7P3OGoDShZ0IAQUyL-07:00:00,SYN_102559,77,07:38:20,07:38:35,0
xxgi7P3OGoDShZ0IAQUyL-07:00:00,SYN_102560,78,07:39:09,07:39:24,0
xxgi7P3OGoDShZ0IAQUyL-07:00:00,SYN_102561,79,07:40:28,07:40:43,0
xxgi7P3OGoDShZ0IAQUyL-07:00:00,SYN_102562,80,07:41:47,07:42:02,0
xxgi7P3OGoDShZ0IAQUyL-07:00:00,SYN_102563,81,07:43:06,07:43:21,0
xxgi7P3OGoDShZ0IAQUyL-07:00:00,SYN_102564,82,07:44:24,07:44:39,0
xxgi7P3OGoDShZ0IAQUyL-07:00:00,SYN_102565,83,07:45:29,07:45:44,0
xxgi7P3OGoDShZ0IAQUyL-07:00:00,SYN_102566,84,07:46:34,07:46:49,0
zZPK942_z42ZWwqb9a3ED-07:00:00,SYN_102488,0,07:40:46,07:41:01,0
zZPK942_z42ZWwqb9a3ED-07:00:00,SYN_102489,1,07:40:14,07:40:29,0
zZPK942_z42ZWwqb9a3ED-07:00:00,SYN_102490,2,07:39:43,07:39:58,0
zZPK942_z42ZWwqb9a3ED-07:00:00,SYN_102491,3,07:39:11,07:39:26,0
zZPK942_z42ZWwqb9a3ED-07:00:00,SYN_102492,4,07:38:40,07:38:55,0
zZPK942_z42ZWwqb9a3ED-07:00:00,SYN_102493,5,07:38:08,07:38:23,0
zZPK942_z42ZWwqb9a3ED-07:00:00,SYN_102494,6,07:37:37,07:37:52,0
zZPK942_z42ZWwqb9a3ED-07:00:00,SYN_102495,7,07:37:05,07:37:20,0
zZPK942_z42ZWwqb9a3ED-07:00:00,SYN_102496,8,07:36:34,07:36:49,0
zZPK942_z42ZWwqb9a3ED-07:00:00,SYN_102497,9,07:36:03,07:36:18,0
zZPK942_z42ZWwqb9a3ED-07:00:00,SYN_102498,10,07:35:31,07:35:46,0
zZPK942_z42ZWwqb9a3ED-07:00:00,SYN_102499,11,07:35:00,07:35:15,0
zZPK942_z42ZWwqb9a3ED-07:00:00,SYN_102500,12,07:34:28,07:34:43,0
zZPK942_z42ZWwqb9a3ED-07:00:00,SYN_102501,13,07:33:57,07:34:12,0
zZPK942_z42ZWwqb9a3ED-07:00:00,SYN_102502,14,07:33:25,07:33:40,0
zZPK942_z42ZWwqb9a3ED-07:00:00,SYN_102503,15,07:32:54,07:33:09,0
zZPK942_z42ZWwqb9a3ED-07:00:00,SYN_102504,16,07:32:22,07:32:37,0
zZPK942_z42ZWwqb9a3ED-07:00:00,SYN_102505,17,07:31:51,07:32:06,0
zZPK942_z42ZWwqb9a3ED-07:00:00,SYN_102506,18,07:31:19,07:31:34,0
zZPK942_z42ZWwqb9a3ED-07:00:00,SYN_102507,19,07:30:48,07:31:03,0
zZPK942_z42ZWwqb9a3ED-07:00:00,SYN_102508,20,07:30:17,07:30:32,0
zZPK942_z42ZWwqb9a3ED-07:00:00,SYN_102509,21,07:29:45,07:30:00,0
zZPK942_z42ZWwqb9a3ED-07:00:00,SYN_102510,22,07:29:14,07:29:29,0
zZPK942_z42ZWwqb9a3ED-07:00:00,SYN_102511,23,07:28:42,07:28:57,0
zZPK942_z42ZWwqb9a3ED-07:00:00,SYN_102512,24,07:28:11,07:28:26,0
zZPK942_z42ZWwqb9a3ED-07:00:00,SYN_102513,25,07:27:39,07:27:54,0
zZPK942_z42ZWwqb9a3ED-07:00:00,SYN_102514,26,07:27:08,07:27:23,0
zZPK942_z42ZWwqb9a3ED-07:00:00,SYN_102515,27,07:26:36,07:26:51,0
zZPK942_z42ZWwqb9a3ED-07:00:00,SYN_102516,28,07:26:05,07:26:20,0
zZPK942_z42ZWwqb9a3ED-07:00:00,SYN_102517,29,07:25:34,07:25:49,0
zZPK942_z42ZWwqb9a3ED-07:00:00,SYN_102518,30,07:25:02,07:25:17,0
zZPK942_z42ZWwqb9a3ED-07:00:00,SYN_102519,31,07:24:31,07:24:46,0
zZPK942_z42ZWwqb9a3ED-07:00:00,SYN_102520,32,07:23:59,07:24:14,0
zZPK942_z42ZWwqb9a3ED-07:00:00,SYN_102521,33,07:23:28,07:23:43,0
zZPK942_z42ZWwqb9a3ED-07:00:00,SYN_102522,34,07:22:56,07:23:11,0
zZPK942_z42ZWwqb9a3ED-07:00:00,SYN_102523,35,07:22:25,07:22:40,0
zZPK942_z42ZWwqb9a3ED-07:00:00,SYN_102524,36,07:21:53,07:22:08,0
zZPK942_z42ZWwqb9a3ED-07:00:00,SYN_102525,37,07:21:22,07:21:37,0
zZPK942_z42ZWwqb9a3ED-07:00:00,SYN_102526,38,07:20:50,07:21:05,0
zZPK942_z42ZWwqb9a3ED-07:00:00,SYN_102527,39,07:20:19,07:20:34,0
zZPK942_z42ZWwqb9a3ED-07:00:00,SYN_102528,40,07:19:48,07:20:03,0
zZPK942_z42ZWwqb9a3ED-07:00:00,SYN_102529,41,07:19:16,07:19:31,0
zZPK942_z42ZWwqb9a3ED-07:00:00,SYN_102530,42,07:18:45,07:19:00,0
zZPK942_z42ZWwqb9a3ED-07:00:00,SYN_102531,43,07:18:13,07:18:28,0
zZPK942_z42ZWwqb9a3ED-07:00:00,SYN_102532,44,07:17:42,07:17:57,0
zZPK942_z42ZWwqb9a3ED-07:00:00,SYN_102533,45,07:17:10,07:17:25,0
zZPK942_z42ZWwqb9a3ED-07:00:00,SYN_102534,46,07:16:39,07:16:54,0
zZPK942_z42ZWwqb9a3ED-07:00:00,SYN_102535,47,07:16:07,07:16:22,0
zZPK942_z42ZWwqb9a3ED-07:00:00,SYN_102536,48,07:15:36,07:15:51,0
zZPK942_z42ZWwqb9a3ED-07:00:00,SYN_102537,49,07:15:04,07:15:19,0
zZPK942_z42ZWwqb9a3ED-07:00:00,SYN_102538,50,07:14:33,07:14:48,0
zZPK942_z42ZWwqb9a3ED-07:00:00,SYN_102539,51,07:14:02,07:14:17,0
zZPK942_z42ZWwqb9a3ED-07:00:00,SYN_102540,52,07:13:30,07:13:45,0
zZPK942_z42ZWwqb9a3ED-07:00:00,SYN_102541,53,07:12:59,07:13:14,0
zZPK942_z42ZWwqb9a3ED-07:00:00,SYN_102542,54,07:12:27,07:12:42,0
zZPK942_z42ZWwqb9a3ED-07:00:00,SYN_102543,55,07:11:56,07:12:11,0
zZPK942_z42ZWwqb9a3ED-07:00:00,SYN_102544,56,07:11:24,07:11:39,0
zZPK942_z42ZWwqb9a3ED-07:00:00,SYN_102545,57,07:10:53,07:11:08,0
zZPK942_z42ZWwqb9a3ED-07:00:00,SYN_102546,58,07:10:21,07:10:36,0
zZPK942_z42ZWwqb9a3ED-07:00:00,SYN_102547,59,07:09:50,07:10:05,0
zZPK942_z42ZWwqb9a3ED-07:00:00,SYN_102548,60,07:09:19,07:09:34,0
zZPK942_z42ZWwqb9a3ED-07:00:00,SYN_102549,61,07:08:47,07:09:02,0
zZPK942_z42ZWwqb9a3ED-07:00:00,SYN_102550,62,07:08:16,07:08:31,0
zZPK942_z42ZWwqb9a3ED-07:00:00,SYN_102551,63,07:07:44,07:07:59,0
zZPK942_z42ZWwqb9a3ED-07:00:00,SYN_102552,64,07:07:13,07:07:28,0
zZPK942_z42ZWwqb9a3ED-07:00:00,SYN_102553,65,07:06:41,07:06:56,0
zZPK942_z42ZWwqb9a3ED-07:00:00,SYN_102554,66,07:06:10,07:06:25,0
zZPK942_z42ZWwqb9a3ED-07:00:00,SYN_102555,67,07:05:38,07:05:53,0
zZPK942_z42ZWwqb9a3ED-07:00:00,SYN_102556,68,07:05:07,07:05:22,0
zZPK942_z42ZWwqb9a3ED-07:00:00,SYN_102557,69,07:04:35,07:04:50,0
zZPK942_z42ZWwqb9a3ED-07:00:00,SYN_102558,70,07:04:04,07:04:19,0
zZPK942_z42ZWwqb9a3ED-07:00:00,SYN_102559,71,07:03:33,07:03:48,0
zZPK942_z42ZWwqb9a3ED-07:00:00,SYN_102560,72,07:03:01,07:03:16,0
zZPK942_z42ZWwqb9a3ED-07:00:00,SYN_102561,73,07:02:30,07:02:45,0
zZPK942_z42ZWwqb9a3ED-07:00:00,SYN_102562,74,07:01:58,07:02:13,0
zZPK942_z42ZWwqb9a3ED-07:00:00,SYN_102563,75,07:01:27,07:01:42,0
zZPK942_z42ZWwqb9a3ED-07:00:00,SYN_102564,76,07:00:55,07:01:10,0
zZPK942_z42ZWwqb9a3ED-07:00:00,SYN_102565,77,07:00:24,07:00:39,0
QyDZF4yDNAntbYpYmjfxj-07:00:00,SYN_102567,0,07:01:26,07:01:41,0
QyDZF4yDNAntbYpYmjfxj-07:00:00,SYN_102568,1,07:02:52,07:03:07,0
QyDZF4yDNAntbYpYmjfxj-07:00:00,SYN_102569,2,07:04:18,07:04:33,0
QyDZF4yDNAntbYpYmjfxj-07:00:00,SYN_102570,3,07:05:43,07:05:58,0
QyDZF4yDNAntbYpYmjfxj-07:00:00,SYN_102571,4,07:06:24,07:06:39,0
QyDZF4yDNAntbYpYmjfxj-07:00:00,SYN_102572,5,07:07:06,07:07:21,0
QyDZF4yDNAntbYpYmjfxj-07:00:00,SYN_102573,6,07:07:47,07:08:02,0
QyDZF4yDNAntbYpYmjfxj-07:00:00,SYN_102574,7,07:08:28,07:08:43,0
QyDZF4yDNAntbYpYmjfxj-07:00:00,SYN_102575,8,07:08:53,07:09:08,0
QyDZF4yDNAntbYpYmjfxj-07:00:00,SYN_102576,9,07:09:14,07:09:29,0
QyDZF4yDNAntbYpYmjfxj-07:00:00,SYN_102577,10,07:09:36,07:09:51,0
QyDZF4yDNAntbYpYmjfxj-07:00:00,SYN_102578,11,07:09:57,07:10:12,0
QyDZF4yDNAntbYpYmjfxj-07:00:00,SYN_102579,12,07:10:18,07:10:33,0
QyDZF4yDNAntbYpYmjfxj-07:00:00,SYN_102580,13,07:10:40,07:10:55,0
QyDZF4yDNAntbYpYmjfxj-07:00:00,SYN_102581,14,07:11:01,07:11:16,0
QyDZF4yDNAntbYpYmjfxj-07:00:00,SYN_102582,15,07:11:22,07:11:37,0
QyDZF4yDNAntbYpYmjfxj-07:00:00,SYN_102583,16,07:11:44,07:11:59,0
QyDZF4yDNAntbYpYmjfxj-07:00:00,SYN_102584,17,07:12:07,07:12:22,0
QyDZF4yDNAntbYpYmjfxj-07:00:00,SYN_102585,18,07:12:32,07:12:47,0
QyDZF4yDNAntbYpYmjfxj-07:00:00,SYN_102586,19,07:12:57,07:13:12,0
QyDZF4yDNAntbYpYmjfxj-07:00:00,SYN_102587,20,07:13:23,07:13:38,0
QyDZF4yDNAntbYpYmjfxj-07:00:00,SYN_102588,21,07:13:48,07:14:03,0
QyDZF4yDNAntbYpYmjfxj-07:00:00,SYN_102589,22,07:14:13,07:14:28,0
QyDZF4yDNAntbYpYmjfxj-07:00:00,SYN_102590,23,07:14:39,07:14:54,0
QyDZF4yDNAntbYpYmjfxj-07:00:00,SYN_102591,24,07:15:04,07:15:19,0
QyDZF4yDNAntbYpYmjfxj-07:00:00,SYN_102592,25,07:15:29,07:15:44,0
QyDZF4yDNAntbYpYmjfxj-07:00:00,SYN_102593,26,07:15:53,07:16:08,0
QyDZF4yDNAntbYpYmjfxj-07:00:00,SYN_102594,27,07:16:15,07:16:30,0
QyDZF4yDNAntbYpYmjfxj-07:00:00,SYN_102595,28,07:16:37,07:16:52,0
QyDZF4yDNAntbYpYmjfxj-07:00:00,SYN_102596,29,07:16:59,07:17:14,0
QyDZF4yDNAntbYpYmjfxj-07:00:00,SYN_102597,30,07:17:21,07:17:36,0
QyDZF4yDNAntbYpYmjfxj-07:00:00,SYN_102598,31,07:17:43,07:17:58,0
QyDZF4yDNAntbYpYmjfxj-07:00:00,SYN_102599,32,07:18:05,07:18:20,0
QyDZF4yDNAntbYpYmjfxj-07:00:00,SYN_102600,33,07:18:27,07:18:42,0
QyDZF4yDNAntbYpYmjfxj-07:00:00,SYN_102601,34,07:18:50,07:19:05,0
QyDZF4yDNAntbYpYmjfxj-07:00:00,SYN_102602,35,07:19:12,07:19:27,0
QyDZF4yDNAntbYpYmjfxj-07:00:00,SYN_102603,36,07:19:34,07:19:49,0
QyDZF4yDNAntbYpYmjfxj-07:00:00,SYN_102604,37,07:19:56,07:20:11,0
QyDZF4yDNAntbYpYmjfxj-07:00:00,SYN_102605,38,07:20:16,07:20:31,0
QyDZF4yDNAntbYpYmjfxj-07:00:00,SYN_102606,39,07:20:36,07:20:51,0
QyDZF4yDNAntbYpYmjfxj-07:00:00,SYN_102607,40,07:20:56,07:21:11,0
QyDZF4yDNAntbYpYmjfxj-07:00:00,SYN_102608,41,07:21:16,07:21:31,0
QyDZF4yDNAntbYpYmjfxj-07:00:00,SYN_102609,42,07:21:37,07:21:52,0
QyDZF4yDNAntbYpYmjfxj-07:00:00,SYN_102610,43,07:21:57,07:22:12,0
QyDZF4yDNAntbYpYmjfxj-07:00:00,SYN_102611,44,07:22:17,07:22:32,0
QyDZF4yDNAntbYpYmjfxj-07:00:00,SYN_102612,45,07:22:37,07:22:52,0
QyDZF4yDNAntbYpYmjfxj-07:00:00,SYN_102613,46,07:22:57,07:23:12,0
QyDZF4yDNAntbYpYmjfxj-07:00:00,SYN_102614,47,07:23:17,07:23:32,0
QyDZF4yDNAntbYpYmjfxj-07:00:00,SYN_102615,48,07:23:37,07:23:52,0
QyDZF4yDNAntbYpYmjfxj-07:00:00,SYN_102616,49,07:23:58,07:24:13,0
QyDZF4yDNAntbYpYmjfxj-07:00:00,SYN_102617,50,07:24:18,07:24:33,0
QyDZF4yDNAntbYpYmjfxj-07:00:00,SYN_102618,51,07:24:38,07:24:53,0
QyDZF4yDNAntbYpYmjfxj-07:00:00,SYN_102619,52,07:24:58,07:25:13,0
QyDZF4yDNAntbYpYmjfxj-07:00:00,SYN_102620,53,07:25:18,07:25:33,0
QyDZF4yDNAntbYpYmjfxj-07:00:00,SYN_102621,54,07:25:38,07:25:53,0
QyDZF4yDNAntbYpYmjfxj-07:00:00,SYN_102622,55,07:25:58,07:26:13,0
QyDZF4yDNAntbYpYmjfxj-07:00:00,SYN_102623,56,07:26:19,07:26:34,0
QyDZF4yDNAntbYpYmjfxj-07:00:00,SYN_102624,57,07:26:39,07:26:54,0
QyDZF4yDNAntbYpYmjfxj-07:00:00,SYN_102625,58,07:26:59,07:27:14,0
QyDZF4yDNAntbYpYmjfxj-07:00:00,SYN_102626,59,07:27:19,07:27:34,0
QyDZF4yDNAntbYpYmjfxj-07:00:00,SYN_102627,60,07:27:39,07:27:54,0
QyDZF4yDNAntbYpYmjfxj-07:00:00,SYN_102628,61,07:27:59,07:28:14,0
QyDZF4yDNAntbYpYmjfxj-07:00:00,SYN_102629,62,07:28:19,07:28:34,0
QyDZF4yDNAntbYpYmjfxj-07:00:00,SYN_102630,63,07:28:40,07:28:55,0
QyDZF4yDNAntbYpYmjfxj-07:00:00,SYN_102631,64,07:29:00,07:29:15,0
QyDZF4yDNAntbYpYmjfxj-07:00:00,SYN_102632,65,07:29:20,07:29:35,0
QyDZF4yDNAntbYpYmjfxj-07:00:00,SYN_102633,66,07:29:40,07:29:55,0
QyDZF4yDNAntbYpYmjfxj-07:00:00,SYN_102634,67,07:30:00,07:30:15,0
QyDZF4yDNAntbYpYmjfxj-07:00:00,SYN_102635,68,07:30:20,07:30:35,0
QyDZF4yDNAntbYpYmjfxj-07:00:00,SYN_102636,69,07:30:40,07:30:55,0
QyDZF4yDNAntbYpYmjfxj-07:00:00,SYN_102637,70,07:31:01,07:31:16,0
QyDZF4yDNAntbYpYmjfxj-07:00:00,SYN_102638,71,07:31:21,07:31:36,0
QyDZF4yDNAntbYpYmjfxj-07:00:00,SYN_102639,72,07:31:41,07:31:56,0
QyDZF4yDNAntbYpYmjfxj-07:00:00,SYN_102640,73,07:32:01,07:32:16,0
QyDZF4yDNAntbYpYmjfxj-07:00:00,SYN_102641,74,07:32:21,07:32:36,0
QyDZF4yDNAntbYpYmjfxj-07:00:00,SYN_102642,75,07:32:41,07:32:56,0
QyDZF4yDNAntbYpYmjfxj-07:00:00,SYN_102643,76,07:33:01,07:33:16,0
QyDZF4yDNAntbYpYmjfxj-07:00:00,SYN_102644,77,07:33:21,07:33:36,0
QyDZF4yDNAntbYpYmjfxj-07:00:00,SYN_102645,78,07:33:42,07:33:57,0
QyDZF4yDNAntbYpYmjfxj-07:00:00,SYN_102646,79,07:34:02,07:34:17,0
QyDZF4yDNAntbYpYmjfxj-07:00:00,SYN_102647,80,07:34:22,07:34:37,0
QyDZF4yDNAntbYpYmjfxj-07:00:00,SYN_102648,81,07:34:42,07:34:57,0
QyDZF4yDNAntbYpYmjfxj-07:00:00,SYN_102649,82,07:35:02,07:35:17,0
QyDZF4yDNAntbYpYmjfxj-07:00:00,SYN_102650,83,07:35:22,07:35:37,0
QyDZF4yDNAntbYpYmjfxj-07:00:00,SYN_102651,84,07:35:42,07:35:57,0
QyDZF4yDNAntbYpYmjfxj-07:00:00,SYN_102652,85,07:36:03,07:36:18,0
QyDZF4yDNAntbYpYmjfxj-07:00:00,SYN_102653,86,07:36:23,07:36:38,0
QyDZF4yDNAntbYpYmjfxj-07:00:00,SYN_102654,87,07:36:43,07:36:58,0
QyDZF4yDNAntbYpYmjfxj-07:00:00,SYN_102655,88,07:37:03,07:37:18,0
QyDZF4yDNAntbYpYmjfxj-07:00:00,SYN_102656,89,07:37:23,07:37:38,0
QyDZF4yDNAntbYpYmjfxj-07:00:00,SYN_102657,90,07:37:43,07:37:58,0
QyDZF4yDNAntbYpYmjfxj-07:00:00,SYN_102658,91,07:38:03,07:38:18,0
QyDZF4yDNAntbYpYmjfxj-07:00:00,SYN_102659,92,07:38:24,07:38:39,0
QyDZF4yDNAntbYpYmjfxj-07:00:00,SYN_102660,93,07:38:44,07:38:59,0
QyDZF4yDNAntbYpYmjfxj-07:00:00,SYN_102661,94,07:39:04,07:39:19,0
QyDZF4yDNAntbYpYmjfxj-07:00:00,SYN_102662,95,07:39:24,07:39:39,0
QyDZF4yDNAntbYpYmjfxj-07:00:00,SYN_102663,96,07:39:44,07:39:59,0
QyDZF4yDNAntbYpYmjfxj-07:00:00,SYN_102664,97,07:40:04,07:40:19,0
QyDZF4yDNAntbYpYmjfxj-07:00:00,SYN_102665,98,07:40:24,07:40:39,0
QyDZF4yDNAntbYpYmjfxj-07:00:00,SYN_102666,99,07:40:45,07:41:00,0
QyDZF4yDNAntbYpYmjfxj-07:00:00,SYN_102667,100,07:41:05,07:41:20,0
QyDZF4yDNAntbYpYmjfxj-07:00:00,SYN_102668,101,07:41:25,07:41:40,0
QyDZF4yDNAntbYpYmjfxj-07:00:00,SYN_102669,102,07:41:45,07:42:00,0
QyDZF4yDNAntbYpYmjfxj-07:00:00,SYN_102670,103,07:42:05,07:42:20,0
QyDZF4yDNAntbYpYmjfxj-07:00:00,SYN_102671,104,07:42:25,07:42:40,0
QyDZF4yDNAntbYpYmjfxj-07:00:00,SYN_102672,105,07:42:45,07:43:00,0
QyDZF4yDNAntbYpYmjfxj-07:00:00,SYN_102673,106,07:43:06,07:43:21,0
QyDZF4yDNAntbYpYmjfxj-07:00:00,SYN_102674,107,07:43:26,07:43:41,0
QyDZF4yDNAntbYpYmjfxj-07:00:00,SYN_102675,108,07:43:46,07:44:01,0
QyDZF4yDNAntbYpYmjfxj-07:00:00,SYN_102676,109,07:44:06,07:44:21,0
QyDZF4yDNAntbYpYmjfxj-07:00:00,SYN_102677,110,07:44:26,07:44:41,0
QyDZF4yDNAntbYpYmjfxj-07:00:00,SYN_102678,111,07:44:46,07:45:01,0
QyDZF4yDNAntbYpYmjfxj-07:00:00,SYN_102679,112,07:45:06,07:45:21,0
QyDZF4yDNAntbYpYmjfxj-07:00:00,SYN_102680,113,07:45:24,07:45:39,0
QyDZF4yDNAntbYpYmjfxj-07:00:00,SYN_102681,114,07:45:42,07:45:57,0
QyDZF4yDNAntbYpYmjfxj-07:00:00,SYN_102682,115,07:45:59,07:46:14,0
QyDZF4yDNAntbYpYmjfxj-07:00:00,SYN_102683,116,07:46:17,07:46:32,0
QyDZF4yDNAntbYpYmjfxj-07:00:00,SYN_102684,117,07:46:41,07:46:56,0
QyDZF4yDNAntbYpYmjfxj-07:00:00,SYN_102685,118,07:47:21,07:47:36,0
QyDZF4yDNAntbYpYmjfxj-07:00:00,SYN_102686,119,07:48:01,07:48:16,0
QyDZF4yDNAntbYpYmjfxj-07:00:00,SYN_102687,120,07:48:41,07:48:56,0
QyDZF4yDNAntbYpYmjfxj-07:00:00,SYN_102688,121,07:49:21,07:49:36,0
QyDZF4yDNAntbYpYmjfxj-07:00:00,SYN_102689,122,07:50:01,07:50:16,0
QyDZF4yDNAntbYpYmjfxj-07:00:00,SYN_102690,123,07:50:41,07:50:56,0
QyDZF4yDNAntbYpYmjfxj-07:00:00,SYN_102691,124,07:51:24,07:51:39,0
QyDZF4yDNAntbYpYmjfxj-07:00:00,SYN_102692,125,07:52:11,07:52:26,0
QyDZF4yDNAntbYpYmjfxj-07:00:00,SYN_102693,126,07:52:57,07:53:12,0
QyDZF4yDNAntbYpYmjfxj-07:00:00,SYN_102694,127,07:53:41,07:53:56,0
QyDZF4yDNAntbYpYmjfxj-07:00:00,SYN_102695,128,07:54:07,07:54:22,0
QyDZF4yDNAntbYpYmjfxj-07:00:00,SYN_102696,129,07:54:34,07:54:49,0
QyDZF4yDNAntbYpYmjfxj-07:00:00,SYN_102697,130,07:55:06,07:55:21,0
QyDZF4yDNAntbYpYmjfxj-07:00:00,SYN_102698,131,07:56:25,07:56:40,0
QyDZF4yDNAntbYpYmjfxj-07:00:00,SYN_102699,132,07:57:44,07:57:59,0
QyDZF4yDNAntbYpYmjfxj-07:00:00,SYN_102700,133,07:59:03,07:59:18,0
QyDZF4yDNAntbYpYmjfxj-07:00:00,SYN_102701,134,08:00:22,08:00:37,0
QyDZF4yDNAntbYpYmjfxj-07:00:00,SYN_102702,135,08:01:32,08:01:47,0
QyDZF4yDNAntbYpYmjfxj-07:00:00,SYN_102703,136,08:02:34,08:02:49,0
gSfwa8Ce0UZivfHRgFQmi-07:00:00,SYN_102567,0,07:59:34,07:59:49,0
gSfwa8Ce0UZivfHRgFQmi-07:00:00,SYN_102568,1,07:59:08,07:59:23,0
gSfwa8Ce0UZivfHRgFQmi-07:00:00,SYN_102569,2,07:58:42,07:58:57,0
gSfwa8Ce0UZivfHRgFQmi-07:00:00,SYN_102570,3,07:58:15,07:58:30,0
gSfwa8Ce0UZivfHRgFQmi-07:00:00,SYN_102571,4,07:57:49,07:58:04,0
gSfwa8Ce0UZivfHRgFQmi-07:00:00,SYN_102572,5,07:57:23,07:57:38,0
gSfwa8Ce0UZivfHRgFQmi-07:00:00,SYN_102573,6,07:56:57,07:57:12,0
gSfwa8Ce0UZivfHRgFQmi-07:00:00,SYN_102574,7,07:56:30,07:56:45,0
gSfwa8Ce0UZivfHRgFQmi-07:00:00,SYN_102575,8,07:56:04,07:56:19,0
gSfwa8Ce0UZivfHRgFQmi-07:00:00,SYN_102576,9,07:55:38,07:55:53,0
gSfwa8Ce0UZivfHRgFQmi-07:00:00,SYN_102577,10,07:55:12,07:55:27,0
gSfwa8Ce0UZivfHRgFQmi-07:00:00,SYN_102578,11,07:54:45,07:55:00,0
gSfwa8Ce0UZivfHRgFQmi-07:00:00,SYN_102579,12,07:54:19,07:54:34,0
gSfwa8Ce0UZivfHRgFQmi-07:00:00,SYN_102580,13,07:53:53,07:54:08,0
gSfwa8Ce0UZivfHRgFQmi-07:00:00,SYN_102581,14,07:53:26,07:53:41,0
gSfwa8Ce0UZivfHRgFQmi-07:00:00,SYN_102582,15,07:53:00,07:53:15,0
gSfwa8Ce0UZivfHRgFQmi-07:00:00,SYN_102583,16,07:52:34,07:52:49,0
gSfwa8Ce0UZivfHRgFQmi-07:00:00,SYN_102584,17,07:52:08,07:52:23,0
gSfwa8Ce0UZivfHRgFQmi-07:00:00,SYN_102585,18,07:51:41,07:51:56,0
gSfwa8Ce0UZivfHRgFQmi-07:00:00,SYN_102586,19,07:51:15,07:51:30,0
gSfwa8Ce0UZivfHRgFQmi-07:00:00,SYN_102587,20,07:50:49,07:51:04,0
gSfwa8Ce0UZivfHRgFQmi-07:00:00,SYN_102588,21,07:50:23,07:50:38,0
gSfwa8Ce0UZivfHRgFQmi-07:00:00,SYN_102589,22,07:49:56,07:50:11,0
gSfwa8Ce0UZivfHRgFQmi-07:00:00,SYN_102590,23,07:49:30,07:49:45,0
gSfwa8Ce0UZivfHRgFQmi-07:00:00,SYN_102591,24,07:49:04,07:49:19,0
gSfwa8Ce0UZivfHRgFQmi-07:00:00,SYN_102592,25,07:48:38,07:48:53,0
gSfwa8Ce0UZivfHRgFQmi-07:00:00,SYN_102593,26,07:48:11,07:48:26,0
gSfwa8Ce0UZivfHRgFQmi-07:00:00,SYN_102594,27,07:47:45,07:48:00,0
gSfwa8Ce0UZivfHRgFQmi-07:00:00,SYN_102595,28,07:47:19,07:47:34,0
gSfwa8Ce0UZivfHRgFQmi-07:00:00,SYN_102596,29,07:46:52,07:47:07,0
gSfwa8Ce0UZivfHRgFQmi-07:00:00,SYN_102597,30,07:46:26,07:46:41,0
gSfwa8Ce0UZivfHRgFQmi-07:00:00,SYN_102598,31,07:46:00,07:46:15,0
gSfwa8Ce0UZivfHRgFQmi-07:00:00,SYN_102599,32,07:45:34,07:45:49,0
gSfwa8Ce0UZivfHRgFQmi-07:00:00,SYN_102600,33,07:45:07,07:45:22,0
gSfwa8Ce0UZivfHRgFQmi-07:00:00,SYN_102601,34,07:44:41,07:44:56,0
gSfwa8Ce0UZivfHRgFQmi-07:00:00,SYN_102602,35,07:44:15,07:44:30,0
gSfwa8Ce0UZivfHRgFQmi-07:00:00,SYN_102603,36,07:43:49,07:44:04,0
gSfwa8Ce0UZivfHRgFQmi-07:00:00,SYN_102604,37,07:43:22,07:43:37,0
gSfwa8Ce0UZivfHRgFQmi-07:00:00,SYN_102605,38,07:42:56,07:43:11,0
gSfwa8Ce0UZivfHRgFQmi-07:00:00,SYN_102606,39,07:42:30,07:42:45,0
gSfwa8Ce0UZivfHRgFQmi-07:00:00,SYN_102607,40,07:42:04,07:42:19,0
gSfwa8Ce0UZivfHRgFQmi-07:00:00,SYN_102608,41,07:41:37,07:41:52,0
gSfwa8Ce0UZivfHRgFQmi-07:00:00,SYN_102609,42,07:41:11,07:41:26,0
gSfwa8Ce0UZivfHRgFQmi-07:00:00,SYN_102610,43,07:40:45,07:41:00,0
gSfwa8Ce0UZivfHRgFQmi-07:00:00,SYN_102611,44,07:40:18,07:40:33,0
gSfwa8Ce0UZivfHRgFQmi-07:00:00,SYN_102612,45,07:39:52,07:40:07,0
gSfwa8Ce0UZivfHRgFQmi-07:00:00,SYN_102613,46,07:39:26,07:39:41,0
gSfwa8Ce0UZivfHRgFQmi-07:00:00,SYN_102614,47,07:39:00,07:39:15,0
gSfwa8Ce0UZivfHRgFQmi-07:00:00,SYN_102615,48,07:38:33,07:38:48,0
gSfwa8Ce0UZivfHRgFQmi-07:00:00,SYN_102616,49,07:38:07,07:38:22,0
gSfwa8Ce0UZivfHRgFQmi-07:00:00,SYN_102617,50,07:37:41,07:37:56,0
gSfwa8Ce0UZivfHRgFQmi-07:00:00,SYN_102618,51,07:37:15,07:37:30,0
gSfwa8Ce0UZivfHRgFQmi-07:00:00,SYN_102619,52,07:36:48,07:37:03,0
gSfwa8Ce0UZivfHRgFQmi-07:00:00,SYN_102620,53,07:36:22,07:36:37,0
gSfwa8Ce0UZivfHRgFQmi-07:00:00,SYN_102621,54,07:35:56,07:36:11,0
gSfwa8Ce0UZivfHRgFQmi-07:00:00,SYN_102622,55,07:35:30,07:35:45,0
gSfwa8Ce0UZivfHRgFQmi-07:00:00,SYN_102623,56,07:35:03,07:35:18,0
gSfwa8Ce0UZivfHRgFQmi-07:00:00,SYN_102624,57,07:34:37,07:34:52,0
gSfwa8Ce0UZivfHRgFQmi-07:00:00,SYN_102625,58,07:34:11,07:34:26,0
gSfwa8Ce0UZivfHRgFQmi-07:00:00,SYN_102626,59,07:33:44,07:33:59,0
gSfwa8Ce0UZivfHRgFQmi-07:00:00,SYN_102627,60,07:33:18,07:33:33,0
gSfwa8Ce0UZivfHRgFQmi-07:00:00,SYN_102628,61,07:32:52,07:33:07,0
gSfwa8Ce0UZivfHRgFQmi-07:00:00,SYN_102629,62,07:32:26,07:32:41,0
gSfwa8Ce0UZivfHRgFQmi-07:00:00,SYN_102630,63,07:31:59,07:32:14,0
gSfwa8Ce0UZivfHRgFQmi-07:00:00,SYN_102631,64,07:31:33,07:31:48,0
gSfwa8Ce0UZivfHRgFQmi-07:00:00,SYN_102632,65,07:31:07,07:31:22,0
gSfwa8Ce0UZivfHRgFQmi-07:00:00,SYN_102633,66,07:30:41,07:30:56,0
gSfwa8Ce0UZivfHRgFQmi-07:00:00,SYN_102634,67,07:30:14,07:30:29,0
gSfwa8Ce0UZivfHRgFQmi-07:00:00,SYN_102635,68,07:29:48,07:30:03,0
gSfwa8Ce0UZivfHRgFQmi-07:00:00,SYN_102636,69,07:29:22,07:29:37,0
gSfwa8Ce0UZivfHRgFQmi-07:00:00,SYN_102637,70,07:28:55,07:29:10,0
gSfwa8Ce0UZivfHRgFQmi-07:00:00,SYN_102638,71,07:28:29,07:28:44,0
gSfwa8Ce0UZivfHRgFQmi-07:00:00,SYN_102639,72,07:28:03,07:28:18,0
gSfwa8Ce0UZivfHRgFQmi-07:00:00,SYN_102640,73,07:27:37,07:27:52,0
gSfwa8Ce0UZivfHRgFQmi-07:00:00,SYN_102641,74,07:27:10,07:27:25,0
gSfwa8Ce0UZivfHRgFQmi-07:00:00,SYN_102642,75,07:26:44,07:26:59,0
gSfwa8Ce0UZivfHRgFQmi-07:00:00,SYN_102643,76,07:26:18,07:26:33,0
gSfwa8Ce0UZivfHRgFQmi-07:00:00,SYN_102644,77,07:25:52,07:26:07,0
gSfwa8Ce0UZivfHRgFQmi-07:00:00,SYN_102645,78,07:25:25,07:25:40,0
gSfwa8Ce0UZivfHRgFQmi-07:00:00,SYN_102646,79,07:24:59,07:25:14,0
gSfwa8Ce0UZivfHRgFQmi-07:00:00,SYN_102647,80,07:24:33,07:24:48,0
gSfwa8Ce0UZivfHRgFQmi-07:00:00,SYN_102648,81,07:24:07,07:24:22,0
gSfwa8Ce0UZivfHRgFQmi-07:00:00,SYN_102649,82,07:23:40,07:23:55,0
gSfwa8Ce0UZivfHRgFQmi-07:00:00,SYN_102650,83,07:23:14,07:23:29,0
gSfwa8Ce0UZivfHRgFQmi-07:00:00,SYN_102651,84,07:22:48,07:23:03,0
gSfwa8Ce0UZivfHRgFQmi-07:00:00,SYN_102652,85,07:22:21,07:22:36,0
gSfwa8Ce0UZivfHRgFQmi-07:00:00,SYN_102653,86,07:21:55,07:22:10,0
gSfwa8Ce0UZivfHRgFQmi-07:00:00,SYN_102654,87,07:21:29,07:21:44,0
gSfwa8Ce0UZivfHRgFQmi-07:00:00,SYN_102655,88,07:21:03,07:21:18,0
gSfwa8Ce0UZivfHRgFQmi-07:00:00,SYN_102656,89,07:20:36,07:20:51,0
gSfwa8Ce0UZivfHRgFQmi-07:00:00,SYN_102657,90,07:20:10,07:20:25,0
gSfwa8Ce0UZivfHRgFQmi-07:00:00,SYN_102658,91,07:19:44,07:19:59,0
gSfwa8Ce0UZivfHRgFQmi-07:00:00,SYN_102659,92,07:19:18,07:19:33,0
gSfwa8Ce0UZivfHRgFQmi-07:00:00,SYN_102660,93,07:18:51,07:19:06,0
gSfwa8Ce0UZivfHRgFQmi-07:00:00,SYN_102661,94,07:18:25,07:18:40,0
gSfwa8Ce0UZivfHRgFQmi-07:00:00,SYN_102662,95,07:17:59,07:18:14,0
gSfwa8Ce0UZivfHRgFQmi-07:00:00,SYN_102663,96,07:17:33,07:17:48,0
gSfwa8Ce0UZivfHRgFQmi-07:00:00,SYN_102664,97,07:17:06,07:17:21,0
gSfwa8Ce0UZivfHRgFQmi-07:00:00,SYN_102665,98,07:16:40,07:16:55,0
gSfwa8Ce0UZivfHRgFQmi-07:00:00,SYN_102666,99,07:16:14,07:16:29,0
gSfwa8Ce0UZivfHRgFQmi-07:00:00,SYN_102667,100,07:15:47,07:16:02,0
gSfwa8Ce0UZivfHRgFQmi-07:00:00,SYN_102668,101,07:15:21,07:15:36,0
gSfwa8Ce0UZivfHRgFQmi-07:00:00,SYN_102669,102,07:14:55,07:15:10,0
gSfwa8Ce0UZivfHRgFQmi-07:00:00,SYN_102670,103,07:14:29,07:14:44,0
gSfwa8Ce0UZivfHRgFQmi-07:00:00,SYN_102671,104,07:14:02,07:14:17,0
gSfwa8Ce0UZivfHRgFQmi-07:00:00,SYN_102672,105,07:13:36,07:13:51,0
gSfwa8Ce0UZivfHRgFQmi-07:00:00,SYN_102673,106,07:13:10,07:13:25,0
gSfwa8Ce0UZivfHRgFQmi-07:00:00,SYN_102674,107,07:12:44,07:12:59,0
gSfwa8Ce0UZivfHRgFQmi-07:00:00,SYN_102675,108,07:12:17,07:12:32,0
gSfwa8Ce0UZivfHRgFQmi-07:00:00,SYN_102676,109,07:11:51,07:12:06,0
gSfwa8Ce0UZivfHRgFQmi-07:00:00,SYN_102677,110,07:11:25,07:11:40,0
gSfwa8Ce0UZivfHRgFQmi-07:00:00,SYN_102678,111,07:10:59,07:11:14,0
gSfwa8Ce0UZivfHRgFQmi-07:00:00,SYN_102679,112,07:10:32,07:10:47,0
gSfwa8Ce0UZivfHRgFQmi-07:00:00,SYN_102680,113,07:10:06,07:10:21,0
gSfwa8Ce0UZivfHRgFQmi-07:00:00,SYN_102681,114,07:09:40,07:09:55,0
gSfwa8Ce0UZivfHRgFQmi-07:00:00,SYN_102682,115,07:09:13,07:09:28,0
gSfwa8Ce0UZivfHRgFQmi-07:00:00,SYN_102683,116,07:08:47,07:09:02,0
gSfwa8Ce0UZivfHRgFQmi-07:00:00,SYN_102684,117,07:08:21,07:08:36,0
gSfwa8Ce0UZivfHRgFQmi-07:00:00,SYN_102685,118,07:07:55,07:08:10,0
gSfwa8Ce0UZivfHRgFQmi-07:00:00,SYN_102686,119,07:07:28,07:07:43,0
gSfwa8Ce0UZivfHRgFQmi-07:00:00,SYN_102687,120,07:07:02,07:07:17,0
gSfwa8Ce0UZivfHRgFQmi-07:00:00,SYN_102688,121,07:06:36,07:06:51,0
gSfwa8Ce0UZivfHRgFQmi-07:00:00,SYN_102689,122,07:06:10,07:06:25,0
gSfwa8Ce0UZivfHRgFQmi-07:00:00,SYN_102690,123,07:05:43,07:05:58,0
gSfwa8Ce0UZivfHRgFQmi-07:00:00,SYN_102691,124,07:05:17,07:05:32,0
gSfwa8Ce0UZivfHRgFQmi-07:00:00,SYN_102692,125,07:04:51,07:05:06,0
gSfwa8Ce0UZivfHRgFQmi-07:00:00,SYN_102693,126,07:04:24,07:04:39,0
gSfwa8Ce0UZivfHRgFQmi-07:00:00,SYN_102694,127,07:03:58,07:04:13,0
gSfwa8Ce0UZivfHRgFQmi-07:00:00,SYN_102695,128,07:03:32,07:03:47,0
gSfwa8Ce0UZivfHRgFQmi-07:00:00,SYN_102696,129,07:03:06,07:03:21,0
gSfwa8Ce0UZivfHRgFQmi-07:00:00,SYN_102697,130,07:02:39,07:02:54,0
gSfwa8Ce0UZivfHRgFQmi-07:00:00,SYN_102698,131,07:02:13,07:02:28,0
gSfwa8Ce0UZivfHRgFQmi-07:00:00,SYN_102699,132,07:01:47,07:02:02,0
gSfwa8Ce0UZivfHRgFQmi-07:00:00,SYN_102700,133,07:01:21,07:01:36,0
gSfwa8Ce0UZivfHRgFQmi-07:00:00,SYN_102701,134,07:00:54,07:01:09,0
gSfwa8Ce0UZivfHRgFQmi-07:00:00,SYN_102702,135,07:00:28,07:00:43,0
gSfwa8Ce0UZivfHRgFQmi-07:00:00,SYN_102703,136,07:00:02,07:00:17,0
K1fkkoXPyuSsmQKdjzWHd-07:00:00,SYN_102705,0,07:00:51,07:01:06,0
K1fkkoXPyuSsmQKdjzWHd-07:00:00,SYN_102706,1,07:01:14,07:01:29,0
K1fkkoXPyuSsmQKdjzWHd-07:00:00,SYN_102707,2,07:01:37,07:01:52,0
K1fkkoXPyuSsmQKdjzWHd-07:00:00,SYN_102708,3,07:02:20,07:02:35,0
K1fkkoXPyuSsmQKdjzWHd-07:00:00,SYN_102709,4,07:03:20,07:03:35,0
K1fkkoXPyuSsmQKdjzWHd-07:00:00,SYN_102710,5,07:04:21,07:04:36,0
K1fkkoXPyuSsmQKdjzWHd-07:00:00,SYN_102711,6,07:05:21,07:05:36,0
K1fkkoXPyuSsmQKdjzWHd-07:00:00,SYN_102712,7,07:06:16,07:06:31,0
K1fkkoXPyuSsmQKdjzWHd-07:00:00,SYN_102713,8,07:06:35,07:06:50,0
K1fkkoXPyuSsmQKdjzWHd-07:00:00,SYN_102714,9,07:06:54,07:07:09,0
K1fkkoXPyuSsmQKdjzWHd-07:00:00,SYN_102715,10,07:07:14,07:07:29,0
K1fkkoXPyuSsmQKdjzWHd-07:00:00,SYN_102716,11,07:07:33,07:07:48,0
K1fkkoXPyuSsmQKdjzWHd-07:00:00,SYN_102717,12,07:07:52,07:08:07,0
K1fkkoXPyuSsmQKdjzWHd-07:00:00,SYN_102718,13,07:08:11,07:08:26,0
K1fkkoXPyuSsmQKdjzWHd-07:00:00,SYN_102719,14,07:08:27,07:08:42,0
K1fkkoXPyuSsmQKdjzWHd-07:00:00,SYN_102720,15,07:08:44,07:08:59,0
K1fkkoXPyuSsmQKdjzWHd-07:00:00,SYN_102721,16,07:09:15,07:09:30,0
K1fkkoXPyuSsmQKdjzWHd-07:00:00,SYN_102722,17,07:11:00,07:11:15,0
K1fkkoXPyuSsmQKdjzWHd-07:00:00,SYN_102723,18,07:11:35,07:11:50,0
K1fkkoXPyuSsmQKdjzWHd-07:00:00,SYN_102724,19,07:11:49,07:12:04,0
K1fkkoXPyuSsmQKdjzWHd-07:00:00,SYN_102725,20,07:12:02,07:12:17,0
K1fkkoXPyuSsmQKdjzWHd-07:00:00,SYN_102726,21,07:12:16,07:12:31,0
K1fkkoXPyuSsmQKdjzWHd-07:00:00,SYN_102727,22,07:12:29,07:12:44,0
K1fkkoXPyuSsmQKdjzWHd-07:00:00,SYN_102728,23,07:12:43,07:12:58,0
K1fkkoXPyuSsmQKdjzWHd-07:00:00,SYN_102729,24,07:12:56,07:13:11,0
K1fkkoXPyuSsmQKdjzWHd-07:00:00,SYN_102730,25,07:13:10,07:13:25,0
K1fkkoXPyuSsmQKdjzWHd-07:00:00,SYN_102731,26,07:13:23,07:13:38,0
K1fkkoXPyuSsmQKdjzWHd-07:00:00,SYN_102732,27,07:13:37,07:13:52,0
K1fkkoXPyuSsmQKdjzWHd-07:00:00,SYN_102733,28,07:13:50,07:14:05,0
K1fkkoXPyuSsmQKdjzWHd-07:00:00,SYN_102734,29,07:14:04,07:14:19,0
K1fkkoXPyuSsmQKdjzWHd-07:00:00,SYN_102735,30,07:14:18,07:14:33,0
K1fkkoXPyuSsmQKdjzWHd-07:00:00,SYN_102736,31,07:14:31,07:14:46,0
K1fkkoXPyuSsmQKdjzWHd-07:00:00,SYN_102737,32,07:14:45,07:15:00,0
K1fkkoXPyuSsmQKdjzWHd-07:00:00,SYN_102738,33,07:14:58,07:15:13,0
K1fkkoXPyuSsmQKdjzWHd-07:00:00,SYN_102739,34,07:15:12,07:15:27,0
K1fkkoXPyuSsmQKdjzWHd-07:00:00,SYN_102740,35,07:15:25,07:15:40,0
K1fkkoXPyuSsmQKdjzWHd-07:00:00,SYN_102741,36,07:15:39,07:15:54,0
K1fkkoXPyuSsmQKdjzWHd-07:00:00,SYN_102742,37,07:15:54,07:16:09,0
K1fkkoXPyuSsmQKdjzWHd-07:00:00,SYN_102743,38,07:16:10,07:16:25,0
K1fkkoXPyuSsmQKdjzWHd-07:00:00,SYN_102744,39,07:16:27,07:16:42,0
K1fkkoXPyuSsmQKdjzWHd-07:00:00,SYN_102745,40,07:16:43,07:16:58,0
K1fkkoXPyuSsmQKdjzWHd-07:00:00,SYN_102746,41,07:16:59,07:17:14,0
K1fkkoXPyuSsmQKdjzWHd-07:00:00,SYN_102747,42,07:17:16,07:17:31,0
K1fkkoXPyuSsmQKdjzWHd-07:00:00,SYN_102748,43,07:17:32,07:17:47,0
K1fkkoXPyuSsmQKdjzWHd-07:00:00,SYN_102749,44,07:17:49,07:18:04,0
K1fkkoXPyuSsmQKdjzWHd-07:00:00,SYN_102750,45,07:18:01,07:18:16,0
K1fkkoXPyuSsmQKdjzWHd-07:00:00,SYN_102751,46,07:18:13,07:18:28,0
K1fkkoXPyuSsmQKdjzWHd-07:00:00,SYN_102752,47,07:18:25,07:18:40,0
K1fkkoXPyuSsmQKdjzWHd-07:00:00,SYN_102753,48,07:18:37,07:18:52,0
K1fkkoXPyuSsmQKdjzWHd-07:00:00,SYN_102754,49,07:18:49,07:19:04,0
K1fkkoXPyuSsmQKdjzWHd-07:00:00,SYN_102755,50,07:19:01,07:19:16,0
K1fkkoXPyuSsmQKdjzWHd-07:00:00,SYN_102756,51,07:19:13,07:19:28,0
K1fkkoXPyuSsmQKdjzWHd-07:00:00,SYN_102757,52,07:19:25,07:19:40,0
K1fkkoXPyuSsmQKdjzWHd-07:00:00,SYN_102758,53,07:19:37,07:19:52,0
K1fkkoXPyuSsmQKdjzWHd-07:00:00,SYN_102759,54,07:19:49,07:20:04,0
K1fkkoXPyuSsmQKdjzWHd-07:00:00,SYN_102760,55,07:20:01,07:20:16,0
K1fkkoXPyuSsmQKdjzWHd-07:00:00,SYN_102761,56,07:20:13,07:20:28,0
K1fkkoXPyuSsmQKdjzWHd-07:00:00,SYN_102762,57,07:20:26,07:20:41,0
K1fkkoXPyuSsmQKdjzWHd-07:00:00,SYN_102763,58,07:20:43,07:20:58,0
K1fkkoXPyuSsmQKdjzWHd-07:00:00,SYN_102764,59,07:21:00,07:21:15,0
K1fkkoXPyuSsmQKdjzWHd-07:00:00,SYN_102765,60,07:21:17,07:21:32,0
K1fkkoXPyuSsmQKdjzWHd-07:00:00,SYN_102766,61,07:21:33,07:21:48,0
K1fkkoXPyuSsmQKdjzWHd-07:00:00,SYN_102767,62,07:21:48,07:22:03,0
K1fkkoXPyuSsmQKdjzWHd-07:00:00,SYN_102768,63,07:22:03,07:22:18,0
K1fkkoXPyuSsmQKdjzWHd-07:00:00,SYN_102769,64,07:22:19,07:22:34,0
K1fkkoXPyuSsmQKdjzWHd-07:00:00,SYN_102770,65,07:22:38,07:22:53,0
K1fkkoXPyuSsmQKdjzWHd-07:00:00,SYN_102771,66,07:22:57,07:23:12,0
K1fkkoXPyuSsmQKdjzWHd-07:00:00,SYN_102772,67,07:23:16,07:23:31,0
K1fkkoXPyuSsmQKdjzWHd-07:00:00,SYN_102773,68,07:23:35,07:23:50,0
K1fkkoXPyuSsmQKdjzWHd-07:00:00,SYN_102774,69,07:23:54,07:24:09,0
K1fkkoXPyuSsmQKdjzWHd-07:00:00,SYN_102775,70,07:24:18,07:24:33,0
K1fkkoXPyuSsmQKdjzWHd-07:00:00,SYN_102776,71,07:24:49,07:25:04,0
K1fkkoXPyuSsmQKdjzWHd-07:00:00,SYN_102777,72,07:25:21,07:25:36,0
K1fkkoXPyuSsmQKdjzWHd-07:00:00,SYN_102778,73,07:25:53,07:26:08,0
K1fkkoXPyuSsmQKdjzWHd-07:00:00,SYN_102779,74,07:26:25,07:26:40,0
K1fkkoXPyuSsmQKdjzWHd-07:00:00,SYN_102780,75,07:26:56,07:27:11,0
K1fkkoXPyuSsmQKdjzWHd-07:00:00,SYN_102781,76,07:27:28,07:27:43,0
K1fkkoXPyuSsmQKdjzWHd-07:00:00,SYN_102782,77,07:28:00,07:28:15,0
K1fkkoXPyuSsmQKdjzWHd-07:00:00,SYN_102783,78,07:28:32,07:28:47,0
K1fkkoXPyuSsmQKdjzWHd-07:00:00,SYN_102784,79,07:29:04,07:29:19,0
K1fkkoXPyuSsmQKdjzWHd-07:00:00,SYN_102785,80,07:29:38,07:29:53,0
K1fkkoXPyuSsmQKdjzWHd-07:00:00,SYN_102786,81,07:30:12,07:30:27,0
K1fkkoXPyuSsmQKdjzWHd-07:00:00,SYN_102787,82,07:30:46,07:31:01,0
K1fkkoXPyuSsmQKdjzWHd-07:00:00,SYN_102788,83,07:31:20,07:31:35,0
K1fkkoXPyuSsmQKdjzWHd-07:00:00,SYN_102789,84,07:31:54,07:32:09,0
K1fkkoXPyuSsmQKdjzWHd-07:00:00,SYN_102790,85,07:32:25,07:32:40,0
K1fkkoXPyuSsmQKdjzWHd-07:00:00,SYN_102791,86,07:32:57,07:33:12,0
K1fkkoXPyuSsmQKdjzWHd-07:00:00,SYN_102792,87,07:33:32,07:33:47,0
K1fkkoXPyuSsmQKdjzWHd-07:00:00,SYN_102793,88,07:34:15,07:34:30,0
K1fkkoXPyuSsmQKdjzWHd-07:00:00,SYN_102794,89,07:34:59,07:35:14,0
K1fkkoXPyuSsmQKdjzWHd-07:00:00,SYN_102795,90,07:35:43,07:35:58,0
K1fkkoXPyuSsmQKdjzWHd-07:00:00,SYN_102796,91,07:36:24,07:36:39,0
K1fkkoXPyuSsmQKdjzWHd-07:00:00,SYN_102797,92,07:37:01,07:37:16,0
K1fkkoXPyuSsmQKdjzWHd-07:00:00,SYN_102798,93,07:37:37,07:37:52,0
K1fkkoXPyuSsmQKdjzWHd-07:00:00,SYN_102799,94,07:38:14,07:38:29,0
K1fkkoXPyuSsmQKdjzWHd-07:00:00,SYN_102800,95,07:38:50,07:39:05,0
K1fkkoXPyuSsmQKdjzWHd-07:00:00,SYN_102801,96,07:39:34,07:39:49,0
K1fkkoXPyuSsmQKdjzWHd-07:00:00,SYN_102802,97,07:40:24,07:40:39,0
K1fkkoXPyuSsmQKdjzWHd-07:00:00,SYN_102803,98,07:41:14,07:41:29,0
4dazyxD50LYtjM4jq9_Ot-07:00:00,SYN_102705,0,07:45:50,07:46:05,0
4dazyxD50LYtjM4jq9_Ot-07:00:00,SYN_102706,1,07:45:23,07:45:38,0
4dazyxD50LYtjM4jq9_Ot-07:00:00,SYN_102707,2,07:44:55,07:45:10,0
4dazyxD50LYtjM4jq9_Ot-07:00:00,SYN_102708,3,07:44:28,07:44:43,0
4dazyxD50LYtjM4jq9_Ot-07:00:00,SYN_102709,4,07:44:01,07:44:16,0
4dazyxD50LYtjM4jq9_Ot-07:00:00,SYN_102710,5,07:43:33,07:43:48,0
4dazyxD50LYtjM4jq9_Ot-07:00:00,SYN_102711,6,07:43:06,07:43:21,0
4dazyxD50LYtjM4jq9_Ot-07:00:00,SYN_102712,7,07:42:39,07:42:54,0
4dazyxD50LYtjM4jq9_Ot-07:00:00,SYN_102713,8,07:42:11,07:42:26,0
4dazyxD50LYtjM4jq9_Ot-07:00:00,SYN_102714,9,07:41:44,07:41:59,0
4dazyxD50LYtjM4jq9_Ot-07:00:00,SYN_102715,10,07:41:16,07:41:31,0
4dazyxD50LYtjM4jq9_Ot-07:00:00,SYN_102716,11,07:40:49,07:41:04,0
4dazyxD50LYtjM4jq9_Ot-07:00:00,SYN_102717,12,07:40:22,07:40:37,0
4dazyxD50LYtjM4jq9_Ot-07:00:00,SYN_102718,13,07:39:54,07:40:09,0
4dazyxD50LYtjM4jq9_Ot-07:00:00,SYN_102719,14,07:39:27,07:39:42,0
4dazyxD50LYtjM4jq9_Ot-07:00:00,SYN_102720,15,07:39:00,07:39:15,0
4dazyxD50LYtjM4jq9_Ot-07:00:00,SYN_102721,16,07:38:32,07:38:47,0
4dazyxD50LYtjM4jq9_Ot-07:00:00,SYN_102722,17,07:38:05,07:38:20,0
4dazyxD50LYtjM4jq9_Ot-07:00:00,SYN_102723,18,07:37:38,07:37:53,0
4dazyxD50LYtjM4jq9_Ot-07:00:00,SYN_102724,19,07:37:10,07:37:25,0
4dazyxD50LYtjM4jq9_Ot-07:00:00,SYN_102725,20,07:36:43,07:36:58,0
4dazyxD50LYtjM4jq9_Ot-07:00:00,SYN_102726,21,07:36:15,07:36:30,0
4dazyxD50LYtjM4jq9_Ot-07:00:00,SYN_102727,22,07:35:48,07:36:03,0
4dazyxD50LYtjM4jq9_Ot-07:00:00,SYN_102728,23,07:35:21,07:35:36,0
4dazyxD50LYtjM4jq9_Ot-07:00:00,SYN_102729,24,07:34:53,07:35:08,0
4dazyxD50LYtjM4jq9_Ot-07:00:00,SYN_102730,25,07:34:26,07:34:41,0
4dazyxD50LYtjM4jq9_Ot-07:00:00,SYN_102731,26,07:33:59,07:34:14,0
4dazyxD50LYtjM4jq9_Ot-07:00:00,SYN_102732,27,07:33:31,07:33:46,0
4dazyxD50LYtjM4jq9_Ot-07:00:00,SYN_102733,28,07:33:04,07:33:19,0
4dazyxD50LYtjM4jq9_Ot-07:00:00,SYN_102734,29,07:32:37,07:32:52,0
4dazyxD50LYtjM4jq9_Ot-07:00:00,SYN_102735,30,07:32:09,07:32:24,0
4dazyxD50LYtjM4jq9_Ot-07:00:00,SYN_102736,31,07:31:42,07:31:57,0
4dazyxD50LYtjM4jq9_Ot-07:00:00,SYN_102737,32,07:31:14,07:31:29,0
4dazyxD50LYtjM4jq9_Ot-07:00:00,SYN_102738,33,07:30:47,07:31:02,0
4dazyxD50LYtjM4jq9_Ot-07:00:00,SYN_102739,34,07:30:20,07:30:35,0
4dazyxD50LYtjM4jq9_Ot-07:00:00,SYN_102740,35,07:29:52,07:30:07,0
4dazyxD50LYtjM4jq9_Ot-07:00:00,SYN_102741,36,07:29:25,07:29:40,0
4dazyxD50LYtjM4jq9_Ot-07:00:00,SYN_102742,37,07:28:58,07:29:13,0
4dazyxD50LYtjM4jq9_Ot-07:00:00,SYN_102743,38,07:28:30,07:28:45,0
4dazyxD50LYtjM4jq9_Ot-07:00:00,SYN_102744,39,07:28:03,07:28:18,0
4dazyxD50LYtjM4jq9_Ot-07:00:00,SYN_102745,40,07:27:35,07:27:50,0
4dazyxD50LYtjM4jq9_Ot-07:00:00,SYN_102746,41,07:27:08,07:27:23,0
4dazyxD50LYtjM4jq9_Ot-07:00:00,SYN_102747,42,07:26:41,07:26:56,0
4dazyxD50LYtjM4jq9_Ot-07:00:00,SYN_102748,43,07:26:13,07:26:28,0
4dazyxD50LYtjM4jq9_Ot-07:00:00,SYN_102749,44,07:25:46,07:26:01,0
4dazyxD50LYtjM4jq9_Ot-07:00:00,SYN_102750,45,07:25:19,07:25:34,0
4dazyxD50LYtjM4jq9_Ot-07:00:00,SYN_102751,46,07:24:51,07:25:06,0
4dazyxD50LYtjM4jq9_Ot-07:00:00,SYN_102752,47,07:24:24,07:24:39,0
4dazyxD50LYtjM4jq9_Ot-07:00:00,SYN_102753,48,07:23:57,07:24:12,0
4dazyxD50LYtjM4jq9_Ot-07:00:00,SYN_102754,49,07:23:29,07:23:44,0
4dazyxD50LYtjM4jq9_Ot-07:00:00,SYN_102755,50,07:23:02,07:23:17,0
4dazyxD50LYtjM4jq9_Ot-07:00:00,SYN_102756,51,07:22:34,07:22:49,0
4dazyxD50LYtjM4jq9_Ot-07:00:00,SYN_102757,52,07:22:07,07:22:22,0
4dazyxD50LYtjM4jq9_Ot-07:00:00,SYN_102758,53,07:21:40,07:21:55,0
4dazyxD50LYtjM4jq9_Ot-07:00:00,SYN_102759,54,07:21:12,07:21:27,0
4dazyxD50LYtjM4jq9_Ot-07:00:00,SYN_102760,55,07:20:45,07:21:00,0
4dazyxD50LYtjM4jq9_Ot-07:00:00,SYN_102761,56,07:20:18,07:20:33,0
4dazyxD50LYtjM4jq9_Ot-07:00:00,SYN_102762,57,07:19:50,07:20:05,0
4dazyxD50LYtjM4jq9_Ot-07:00:00,SYN_102763,58,07:19:23,07:19:38,0
4dazyxD50LYtjM4jq9_Ot-07:00:00,SYN_102764,59,07:18:56,07:19:11,0
4dazyxD50LYtjM4jq9_Ot-07:00:00,SYN_102765,60,07:18:28,07:18:43,0
4dazyxD50LYtjM4jq9_Ot-07:00:00,SYN_102766,61,07:18:01,07:18:16,0
4dazyxD50LYtjM4jq9_Ot-07:00:00,SYN_102767,62,07:17:33,07:17:48,0
4dazyxD50LYtjM4jq9_Ot-07:00:00,SYN_102768,63,07:17:06,07:17:21,0
4dazyxD50LYtjM4jq9_Ot-07:00:00,SYN_102769,64,07:16:39,07:16:54,0
4dazyxD50LYtjM4jq9_Ot-07:00:00,SYN_102770,65,07:16:11,07:16:26,0
4dazyxD50LYtjM4jq9_Ot-07:00:00,SYN_102771,66,07:15:44,07:15:59,0
4dazyxD50LYtjM4jq9_Ot-07:00:00,SYN_102772,67,07:15:17,07:15:32,0
4dazyxD50LYtjM4jq9_Ot-07:00:00,SYN_102773,68,07:14:49,07:15:04,0
4dazyxD50LYtjM4jq9_Ot-07:00:00,SYN_102774,69,07:14:22,07:14:37,0
4dazyxD50LYtjM4jq9_Ot-07:00:00,SYN_102775,70,07:13:54,07:14:09,0
4dazyxD50LYtjM4jq9_Ot-07:00:00,SYN_102776,71,07:13:27,07:13:42,0
4dazyxD50LYtjM4jq9_Ot-07:00:00,SYN_102777,72,07:13:00,07:13:15,0
4dazyxD50LYtjM4jq9_Ot-07:00:00,SYN_102778,73,07:12:32,07:12:47,0
4dazyxD50LYtjM4jq9_Ot-07:00:00,SYN_102779,74,07:12:05,07:12:20,0
4dazyxD50LYtjM4jq9_Ot-07:00:00,SYN_102780,75,07:11:38,07:11:53,0
4dazyxD50LYtjM4jq9_Ot-07:00:00,SYN_102781,76,07:11:10,07:11:25,0
4dazyxD50LYtjM4jq9_Ot-07:00:00,SYN_102782,77,07:10:43,07:10:58,0
4dazyxD50LYtjM4jq9_Ot-07:00:00,SYN_102783,78,07:10:16,07:10:31,0
4dazyxD50LYtjM4jq9_Ot-07:00:00,SYN_102784,79,07:09:48,07:10:03,0
4dazyxD50LYtjM4jq9_Ot-07:00:00,SYN_102785,80,07:09:21,07:09:36,0
4dazyxD50LYtjM4jq9_Ot-07:00:00,SYN_102786,81,07:08:53,07:09:08,0
4dazyxD50LYtjM4jq9_Ot-07:00:00,SYN_102787,82,07:08:26,07:08:41,0
4dazyxD50LYtjM4jq9_Ot-07:00:00,SYN_102788,83,07:07:59,07:08:14,0
4dazyxD50LYtjM4jq9_Ot-07:00:00,SYN_102789,84,07:07:31,07:07:46,0
4dazyxD50LYtjM4jq9_Ot-07:00:00,SYN_102790,85,07:07:04,07:07:19,0
4dazyxD50LYtjM4jq9_Ot-07:00:00,SYN_102791,86,07:06:37,07:06:52,0
4dazyxD50LYtjM4jq9_Ot-07:00:00,SYN_102792,87,07:06:09,07:06:24,0
4dazyxD50LYtjM4jq9_Ot-07:00:00,SYN_102793,88,07:05:42,07:05:57,0
4dazyxD50LYtjM4jq9_Ot-07:00:00,SYN_102794,89,07:05:15,07:05:30,0
4dazyxD50LYtjM4jq9_Ot-07:00:00,SYN_102795,90,07:04:47,07:05:02,0
4dazyxD50LYtjM4jq9_Ot-07:00:00,SYN_102796,91,07:04:20,07:04:35,0
4dazyxD50LYtjM4jq9_Ot-07:00:00,SYN_102797,92,07:03:52,07:04:07,0
4dazyxD50LYtjM4jq9_Ot-07:00:00,SYN_102798,93,07:03:25,07:03:40,0
4dazyxD50LYtjM4jq9_Ot-07:00:00,SYN_102799,94,07:02:58,07:03:13,0
4dazyxD50LYtjM4jq9_Ot-07:00:00,SYN_102800,95,07:02:30,07:02:45,0
4dazyxD50LYtjM4jq9_Ot-07:00:00,SYN_102801,96,07:02:03,07:02:18,0
4dazyxD50LYtjM4jq9_Ot-07:00:00,SYN_102802,97,07:01:36,07:01:51,0
4dazyxD50LYtjM4jq9_Ot-07:00:00,SYN_102803,98,07:01:08,07:01:23,0
4dazyxD50LYtjM4jq9_Ot-07:00:00,SYN_102804,99,07:00:41,07:00:56,0
4dazyxD50LYtjM4jq9_Ot-07:00:00,SYN_102805,100,07:00:13,07:00:28,0
x4ViZBh3xZ7dXQ23JVcoJ-07:00:00,SYN_102807,0,07:00:27,07:00:42,0
x4ViZBh3xZ7dXQ23JVcoJ-07:00:00,SYN_102808,1,07:01:05,07:01:20,0
x4ViZBh3xZ7dXQ23JVcoJ-07:00:00,SYN_102809,2,07:01:43,07:01:58,0
x4ViZBh3xZ7dXQ23JVcoJ-07:00:00,SYN_102810,3,07:02:21,07:02:36,0
x4ViZBh3xZ7dXQ23JVcoJ-07:00:00,SYN_102811,4,07:02:59,07:03:14,0
x4ViZBh3xZ7dXQ23JVcoJ-07:00:00,SYN_102812,5,07:03:36,07:03:51,0
x4ViZBh3xZ7dXQ23JVcoJ-07:00:00,SYN_102813,6,07:04:14,07:04:29,0
x4ViZBh3xZ7dXQ23JVcoJ-07:00:00,SYN_102814,7,07:04:47,07:05:02,0
x4ViZBh3xZ7dXQ23JVcoJ-07:00:00,SYN_102815,8,07:05:05,07:05:20,0
x4ViZBh3xZ7dXQ23JVcoJ-07:00:00,SYN_102816,9,07:05:23,07:05:38,0
x4ViZBh3xZ7dXQ23JVcoJ-07:00:00,SYN_102817,10,07:05:40,07:05:55,0
x4ViZBh3xZ7dXQ23JVcoJ-07:00:00,SYN_102818,11,07:05:58,07:06:13,0
x4ViZBh3xZ7dXQ23JVcoJ-07:00:00,SYN_102819,12,07:06:15,07:06:30,0
x4ViZBh3xZ7dXQ23JVcoJ-07:00:00,SYN_102820,13,07:06:33,07:06:48,0
x4ViZBh3xZ7dXQ23JVcoJ-07:00:00,SYN_102821,14,07:06:50,07:07:05,0
x4ViZBh3xZ7dXQ23JVcoJ-07:00:00,SYN_102822,15,07:07:08,07:07:23,0
x4ViZBh3xZ7dXQ23JVcoJ-07:00:00,SYN_102823,16,07:07:26,07:07:41,0
x4ViZBh3xZ7dXQ23JVcoJ-07:00:00,SYN_102824,17,07:07:43,07:07:58,0
x4ViZBh3xZ7dXQ23JVcoJ-07:00:00,SYN_102825,18,07:08:13,07:08:28,0
x4ViZBh3xZ7dXQ23JVcoJ-07:00:00,SYN_102826,19,07:08:44,07:08:59,0
x4ViZBh3xZ7dXQ23JVcoJ-07:00:00,SYN_102827,20,07:09:18,07:09:33,0
x4ViZBh3xZ7dXQ23JVcoJ-07:00:00,SYN_102828,21,07:10:01,07:10:16,0
x4ViZBh3xZ7dXQ23JVcoJ-07:00:00,SYN_102829,22,07:10:45,07:11:00,0
x4ViZBh3xZ7dXQ23JVcoJ-07:00:00,SYN_102830,23,07:11:28,07:11:43,0
x4ViZBh3xZ7dXQ23JVcoJ-07:00:00,SYN_102831,24,07:12:10,07:12:25,0
x4ViZBh3xZ7dXQ23JVcoJ-07:00:00,SYN_102832,25,07:12:47,07:13:02,0
x4ViZBh3xZ7dXQ23JVcoJ-07:00:00,SYN_102833,26,07:13:23,07:13:38,0
x4ViZBh3xZ7dXQ23JVcoJ-07:00:00,SYN_102834,27,07:14:00,07:14:15,0
x4ViZBh3xZ7dXQ23JVcoJ-07:00:00,SYN_102835,28,07:14:36,07:14:51,0
x4ViZBh3xZ7dXQ23JVcoJ-07:00:00,SYN_102836,29,07:15:19,07:15:34,0
x4ViZBh3xZ7dXQ23JVcoJ-07:00:00,SYN_102837,30,07:16:09,07:16:24,0
x4ViZBh3xZ7dXQ23JVcoJ-07:00:00,SYN_102838,31,07:16:58,07:17:13,0
DQG7BcWUYPP3fo9nY8SBc-07:00:00,SYN_102806,0,07:08:22,07:08:37,0
DQG7BcWUYPP3fo9nY8SBc-07:00:00,SYN_102807,1,07:08:05,07:08:20,0
DQG7BcWUYPP3fo9nY8SBc-07:00:00,SYN_102808,2,07:07:48,07:08:03,0
DQG7BcWUYPP3fo9nY8SBc-07:00:00,SYN_102809,3,07:07:31,07:07:46,0
DQG7BcWUYPP3fo9nY8SBc-07:00:00,SYN_102810,4,07:07:14,07:07:29,0
DQG7BcWUYPP3fo9nY8SBc-07:00:00,SYN_102811,5,07:06:57,07:07:12,0
DQG7BcWUYPP3fo9nY8SBc-07:00:00,SYN_102812,6,07:06:40,07:06:55,0
DQG7BcWUYPP3fo9nY8SBc-07:00:00,SYN_102813,7,07:06:23,07:06:38,0
DQG7BcWUYPP3fo9nY8SBc-07:00:00,SYN_102814,8,07:06:06,07:06:21,0
DQG7BcWUYPP3fo9nY8SBc-07:00:00,SYN_102815,9,07:05:49,07:06:04,0
DQG7BcWUYPP3fo9nY8SBc-07:00:00,SYN_102816,10,07:05:32,07:05:47,0
DQG7BcWUYPP3fo9nY8SBc-07:00:00,SYN_102817,11,07:05:15,07:05:30,0
DQG7BcWUYPP3fo9nY8SBc-07:00:00,SYN_102818,12,07:04:58,07:05:13,0
DQG7BcWUYPP3fo9nY8SBc-07:00:00,SYN_102819,13,07:04:41,07:04:56,0
DQG7BcWUYPP3fo9nY8SBc-07:00:00,SYN_102820,14,07:04:24,07:04:39,0
DQG7BcWUYPP3fo9nY8SBc-07:00:00,SYN_102821,15,07:04:07,07:04:22,0
DQG7BcWUYPP3fo9nY8SBc-07:00:00,SYN_102822,16,07:03:50,07:04:05,0
DQG7BcWUYPP3fo9nY8SBc-07:00:00,SYN_102823,17,07:03:33,07:03:48,0
DQG7BcWUYPP3fo9nY8SBc-07:00:00,SYN_102824,18,07:03:16,07:03:31,0
DQG7BcWUYPP3fo9nY8SBc-07:00:00,SYN_102825,19,07:02:59,07:03:14,0
DQG7BcWUYPP3fo9nY8SBc-07:00:00,SYN_102826,20,07:02:42,07:02:57,0
DQG7BcWUYPP3fo9nY8SBc-07:00:00,SYN_102827,21,07:02:25,07:02:40,0
DQG7BcWUYPP3fo9nY8SBc-07:00:00,SYN_102828,22,07:02:08,07:02:23,0
DQG7BcWUYPP3fo9nY8SBc-07:00:00,SYN_102829,23,07:01:51,07:02:06,0
DQG7BcWUYPP3fo9nY8SBc-07:00:00,SYN_102830,24,07:01:34,07:01:49,0
DQG7BcWUYPP3fo9nY8SBc-07:00:00,SYN_102831,25,07:01:17,07:01:32,0
DQG7BcWUYPP3fo9nY8SBc-07:00:00,SYN_102832,26,07:01:00,07:01:15,0
DQG7BcWUYPP3fo9nY8SBc-07:00:00,SYN_102833,27,07:00:43,07:00:58,0
DQG7BcWUYPP3fo9nY8SBc-07:00:00,SYN_102834,28,07:00:26,07:00:41,0
DQG7BcWUYPP3fo9nY8SBc-07:00:00,SYN_102835,29,07:00:09,07:00:24,0
FUo5FExiKwUTpyTUJYA7R-07:00:00,SYN_102841,0,07:00:23,07:00:38,0
FUo5FExiKwUTpyTUJYA7R-07:00:00,SYN_102842,1,07:00:46,07:01:01,0
FUo5FExiKwUTpyTUJYA7R-07:00:00,SYN_102843,2,07:01:09,07:01:24,0
FUo5FExiKwUTpyTUJYA7R-07:00:00,SYN_102844,3,07:01:39,07:01:54,0
FUo5FExiKwUTpyTUJYA7R-07:00:00,SYN_102845,4,07:02:30,07:02:45,0
FUo5FExiKwUTpyTUJYA7R-07:00:00,SYN_102846,5,07:03:22,07:03:37,0
FUo5FExiKwUTpyTUJYA7R-07:00:00,SYN_102847,6,07:04:13,07:04:28,0
FUo5FExiKwUTpyTUJYA7R-07:00:00,SYN_102848,7,07:05:04,07:05:19,0
FUo5FExiKwUTpyTUJYA7R-07:00:00,SYN_102849,8,07:05:56,07:06:11,0
FUo5FExiKwUTpyTUJYA7R-07:00:00,SYN_102850,9,07:06:47,07:07:02,0
FUo5FExiKwUTpyTUJYA7R-07:00:00,SYN_102851,10,07:07:37,07:07:52,0
FUo5FExiKwUTpyTUJYA7R-07:00:00,SYN_102852,11,07:08:28,07:08:43,0
FUo5FExiKwUTpyTUJYA7R-07:00:00,SYN_102853,12,07:09:29,07:09:44,0
FUo5FExiKwUTpyTUJYA7R-07:00:00,SYN_102854,13,07:10:49,07:11:04,0
FUo5FExiKwUTpyTUJYA7R-07:00:00,SYN_102855,14,07:12:09,07:12:24,0
FUo5FExiKwUTpyTUJYA7R-07:00:00,SYN_102856,15,07:13:29,07:13:44,0
FUo5FExiKwUTpyTUJYA7R-07:00:00,SYN_102857,16,07:14:48,07:15:03,0
FUo5FExiKwUTpyTUJYA7R-07:00:00,SYN_102858,17,07:16:08,07:16:23,0
FUo5FExiKwUTpyTUJYA7R-07:00:00,SYN_102859,18,07:17:28,07:17:43,0
FUo5FExiKwUTpyTUJYA7R-07:00:00,SYN_102860,19,07:18:46,07:19:01,0
FUo5FExiKwUTpyTUJYA7R-07:00:00,SYN_102861,20,07:19:52,07:20:07,0
FUo5FExiKwUTpyTUJYA7R-07:00:00,SYN_102862,21,07:20:58,07:21:13,0
FUo5FExiKwUTpyTUJYA7R-07:00:00,SYN_102863,22,07:22:03,07:22:18,0
FUo5FExiKwUTpyTUJYA7R-07:00:00,SYN_102864,23,07:23:09,07:23:24,0
FUo5FExiKwUTpyTUJYA7R-07:00:00,SYN_102865,24,07:24:14,07:24:29,0
FUo5FExiKwUTpyTUJYA7R-07:00:00,SYN_102866,25,07:25:20,07:25:35,0
FUo5FExiKwUTpyTUJYA7R-07:00:00,SYN_102867,26,07:26:25,07:26:40,0
FUo5FExiKwUTpyTUJYA7R-07:00:00,SYN_102868,27,07:27:32,07:27:47,0
FUo5FExiKwUTpyTUJYA7R-07:00:00,SYN_102869,28,07:28:45,07:29:00,0
FUo5FExiKwUTpyTUJYA7R-07:00:00,SYN_102870,29,07:29:59,07:30:14,0
FUo5FExiKwUTpyTUJYA7R-07:00:00,SYN_102871,30,07:31:13,07:31:28,0
FUo5FExiKwUTpyTUJYA7R-07:00:00,SYN_102872,31,07:32:27,07:32:42,0
FUo5FExiKwUTpyTUJYA7R-07:00:00,SYN_102873,32,07:33:41,07:33:56,0
FUo5FExiKwUTpyTUJYA7R-07:00:00,SYN_102874,33,07:35:12,07:35:27,0
FUo5FExiKwUTpyTUJYA7R-07:00:00,SYN_102875,34,07:37:01,07:37:16,0
FUo5FExiKwUTpyTUJYA7R-07:00:00,SYN_102876,35,07:38:50,07:39:05,0
FUo5FExiKwUTpyTUJYA7R-07:00:00,SYN_102877,36,07:40:39,07:40:54,0
FUo5FExiKwUTpyTUJYA7R-07:00:00,SYN_102878,37,07:42:28,07:42:43,0
FUo5FExiKwUTpyTUJYA7R-07:00:00,SYN_102879,38,07:44:17,07:44:32,0
FUo5FExiKwUTpyTUJYA7R-07:00:00,SYN_102880,39,07:45:37,07:45:52,0
FUo5FExiKwUTpyTUJYA7R-07:00:00,SYN_102881,40,07:46:33,07:46:48,0
FUo5FExiKwUTpyTUJYA7R-07:00:00,SYN_102882,41,07:47:29,07:47:44,0
FUo5FExiKwUTpyTUJYA7R-07:00:00,SYN_102883,42,07:48:24,07:48:39,0
FUo5FExiKwUTpyTUJYA7R-07:00:00,SYN_102884,43,07:49:11,07:49:26,0
FUo5FExiKwUTpyTUJYA7R-07:00:00,SYN_102885,44,07:49:51,07:50:06,0
FUo5FExiKwUTpyTUJYA7R-07:00:00,SYN_102886,45,07:50:32,07:50:47,0
FUo5FExiKwUTpyTUJYA7R-07:00:00,SYN_102887,46,07:51:12,07:51:27,0
FUo5FExiKwUTpyTUJYA7R-07:00:00,SYN_102888,47,07:51:53,07:52:08,0
FUo5FExiKwUTpyTUJYA7R-07:00:00,SYN_102889,48,07:52:33,07:52:48,0
FUo5FExiKwUTpyTUJYA7R-07:00:00,SYN_102890,49,07:53:14,07:53:29,0
FUo5FExiKwUTpyTUJYA7R-07:00:00,SYN_102891,50,07:53:54,07:54:09,0
FUo5FExiKwUTpyTUJYA7R-07:00:00,SYN_102892,51,07:54:34,07:54:49,0
FUo5FExiKwUTpyTUJYA7R-07:00:00,SYN_102893,52,07:55:18,07:55:33,0
FUo5FExiKwUTpyTUJYA7R-07:00:00,SYN_102894,53,07:56:02,07:56:17,0
FUo5FExiKwUTpyTUJYA7R-07:00:00,SYN_102895,54,07:56:47,07:57:02,0
FUo5FExiKwUTpyTUJYA7R-07:00:00,SYN_102896,55,07:57:32,07:57:47,0
FUo5FExiKwUTpyTUJYA7R-07:00:00,SYN_102897,56,07:58:17,07:58:32,0
FUo5FExiKwUTpyTUJYA7R-07:00:00,SYN_102898,57,07:59:02,07:59:17,0
FUo5FExiKwUTpyTUJYA7R-07:00:00,SYN_102899,58,07:59:47,08:00:02,0
FUo5FExiKwUTpyTUJYA7R-07:00:00,SYN_102900,59,08:00:22,08:00:37,0
FUo5FExiKwUTpyTUJYA7R-07:00:00,SYN_102901,60,08:00:50,08:01:05,0
FUo5FExiKwUTpyTUJYA7R-07:00:00,SYN_102902,61,08:01:19,08:01:34,0
FUo5FExiKwUTpyTUJYA7R-07:00:00,SYN_102903,62,08:01:48,08:02:03,0
FUo5FExiKwUTpyTUJYA7R-07:00:00,SYN_102904,63,08:02:16,08:02:31,0
FUo5FExiKwUTpyTUJYA7R-07:00:00,SYN_102905,64,08:02:45,08:03:00,0
FUo5FExiKwUTpyTUJYA7R-07:00:00,SYN_102906,65,08:03:14,08:03:29,0
FUo5FExiKwUTpyTUJYA7R-07:00:00,SYN_102907,66,08:03:58,08:04:13,0
FUo5FExiKwUTpyTUJYA7R-07:00:00,SYN_102908,67,08:04:49,08:05:04,0
FUo5FExiKwUTpyTUJYA7R-07:00:00,SYN_102909,68,08:05:39,08:05:54,0
yKUP1GAjkqmvJPLe6dDUV-07:00:00,SYN_102910,0,07:00:55,07:01:10,0
yKUP1GAjkqmvJPLe6dDUV-07:00:00,SYN_102911,1,07:01:59,07:02:14,0
yKUP1GAjkqmvJPLe6dDUV-07:00:00,SYN_102912,2,07:03:03,07:03:18,0
yKUP1GAjkqmvJPLe6dDUV-07:00:00,SYN_102913,3,07:04:52,07:05:07,0
yKUP1GAjkqmvJPLe6dDUV-07:00:00,SYN_102914,4,07:06:49,07:07:04,0
yKUP1GAjkqmvJPLe6dDUV-07:00:00,SYN_102915,5,07:08:01,07:08:16,0
yKUP1GAjkqmvJPLe6dDUV-07:00:00,SYN_102916,6,07:09:12,07:09:27,0
yKUP1GAjkqmvJPLe6dDUV-07:00:00,SYN_102917,7,07:10:23,07:10:38,0
yKUP1GAjkqmvJPLe6dDUV-07:00:00,SYN_102918,8,07:11:18,07:11:33,0
yKUP1GAjkqmvJPLe6dDUV-07:00:00,SYN_102919,9,07:12:07,07:12:22,0
yKUP1GAjkqmvJPLe6dDUV-07:00:00,SYN_102920,10,07:12:55,07:13:10,0
RHazPXn1EQ_y4RbVe6HYc-07:00:00,SYN_102910,0,07:21:31,07:21:46,0
RHazPXn1EQ_y4RbVe6HYc-07:00:00,SYN_102911,1,07:20:22,07:20:37,0
RHazPXn1EQ_y4RbVe6HYc-07:00:00,SYN_102912,2,07:19:13,07:19:28,0
RHazPXn1EQ_y4RbVe6HYc-07:00:00,SYN_102913,3,07:18:04,07:18:19,0
RHazPXn1EQ_y4RbVe6HYc-07:00:00,SYN_102914,4,07:16:55,07:17:10,0
RHazPXn1EQ_y4RbVe6HYc-07:00:00,SYN_102915,5,07:15:46,07:16:01,0
RHazPXn1EQ_y4RbVe6HYc-07:00:00,SYN_102916,6,07:14:37,07:14:52,0
RHazPXn1EQ_y4RbVe6HYc-07:00:00,SYN_102917,7,07:13:28,07:13:43,0
RHazPXn1EQ_y4RbVe6HYc-07:00:00,SYN_102918,8,07:12:19,07:12:34,0
RHazPXn1EQ_y4RbVe6HYc-07:00:00,SYN_102919,9,07:11:10,07:11:25,0
RHazPXn1EQ_y4RbVe6HYc-07:00:00,SYN_102920,10,07:10:01,07:10:16,0
RHazPXn1EQ_y4RbVe6HYc-07:00:00,SYN_102921,11,07:08:52,07:09:07,0
RHazPXn1EQ_y4RbVe6HYc-07:00:00,SYN_102922,12,07:07:43,07:07:58,0
RHazPXn1EQ_y4RbVe6HYc-07:00:00,SYN_102923,13,07:06:34,07:06:49,0
RHazPXn1EQ_y4RbVe6HYc-07:00:00,SYN_102924,14,07:05:25,07:05:40,0
RHazPXn1EQ_y4RbVe6HYc-07:00:00,SYN_102925,15,07:04:16,07:04:31,0
RHazPXn1EQ_y4RbVe6HYc-07:00:00,SYN_102926,16,07:03:07,07:03:22,0
RHazPXn1EQ_y4RbVe6HYc-07:00:00,SYN_102927,17,07:01:58,07:02:13,0
RHazPXn1EQ_y4RbVe6HYc-07:00:00,SYN_102928,18,07:00:49,07:01:04,0
APpubImR-DQ7ipx8VqTDi-07:00:00,SYN_102929,0,07:01:22,07:01:37,0
APpubImR-DQ7ipx8VqTDi-07:00:00,SYN_102930,1,07:02:44,07:02:59,0
APpubImR-DQ7ipx8VqTDi-07:00:00,SYN_102931,2,07:04:07,07:04:22,0
APpubImR-DQ7ipx8VqTDi-07:00:00,SYN_102932,3,07:05:29,07:05:44,0
APpubImR-DQ7ipx8VqTDi-07:00:00,SYN_102933,4,07:06:17,07:06:32,0
APpubImR-DQ7ipx8VqTDi-07:00:00,SYN_102934,5,07:06:59,07:07:14,0
APpubImR-DQ7ipx8VqTDi-07:00:00,SYN_102935,6,07:07:40,07:07:55,0
APpubImR-DQ7ipx8VqTDi-07:00:00,SYN_102936,7,07:08:21,07:08:36,0
APpubImR-DQ7ipx8VqTDi-07:00:00,SYN_102937,8,07:08:49,07:09:04,0
APpubImR-DQ7ipx8VqTDi-07:00:00,SYN_102938,9,07:09:10,07:09:25,0
APpubImR-DQ7ipx8VqTDi-07:00:00,SYN_102939,10,07:09:32,07:09:47,0
APpubImR-DQ7ipx8VqTDi-07:00:00,SYN_102940,11,07:09:53,07:10:08,0
APpubImR-DQ7ipx8VqTDi-07:00:00,SYN_102941,12,07:10:15,07:10:30,0
APpubImR-DQ7ipx8VqTDi-07:00:00,SYN_102942,13,07:10:36,07:10:51,0
APpubImR-DQ7ipx8VqTDi-07:00:00,SYN_102943,14,07:10:57,07:11:12,0
APpubImR-DQ7ipx8VqTDi-07:00:00,SYN_102944,15,07:11:19,07:11:34,0
APpubImR-DQ7ipx8VqTDi-07:00:00,SYN_102945,16,07:11:40,07:11:55,0
APpubImR-DQ7ipx8VqTDi-07:00:00,SYN_102946,17,07:12:02,07:12:17,0
APpubImR-DQ7ipx8VqTDi-07:00:00,SYN_102947,18,07:12:28,07:12:43,0
APpubImR-DQ7ipx8VqTDi-07:00:00,SYN_102948,19,07:12:53,07:13:08,0
APpubImR-DQ7ipx8VqTDi-07:00:00,SYN_102949,20,07:13:18,07:13:33,0
APpubImR-DQ7ipx8VqTDi-07:00:00,SYN_102950,21,07:13:44,07:13:59,0
APpubImR-DQ7ipx8VqTDi-07:00:00,SYN_102951,22,07:14:09,07:14:24,0
APpubImR-DQ7ipx8VqTDi-07:00:00,SYN_102952,23,07:14:34,07:14:49,0
APpubImR-DQ7ipx8VqTDi-07:00:00,SYN_102953,24,07:15:00,07:15:15,0
APpubImR-DQ7ipx8VqTDi-07:00:00,SYN_102954,25,07:15:25,07:15:40,0
APpubImR-DQ7ipx8VqTDi-07:00:00,SYN_102955,26,07:15:49,07:16:04,0
APpubImR-DQ7ipx8VqTDi-07:00:00,SYN_102956,27,07:16:11,07:16:26,0
APpubImR-DQ7ipx8VqTDi-07:00:00,SYN_102957,28,07:16:33,07:16:48,0
APpubImR-DQ7ipx8VqTDi-07:00:00,SYN_102958,29,07:16:56,07:17:11,0
APpubImR-DQ7ipx8VqTDi-07:00:00,SYN_102959,30,07:17:18,07:17:33,0
APpubImR-DQ7ipx8VqTDi-07:00:00,SYN_102960,31,07:17:40,07:17:55,0
APpubImR-DQ7ipx8VqTDi-07:00:00,SYN_102961,32,07:18:02,07:18:17,0
APpubImR-DQ7ipx8VqTDi-07:00:00,SYN_102962,33,07:18:24,07:18:39,0
APpubImR-DQ7ipx8VqTDi-07:00:00,SYN_102963,34,07:18:46,07:19:01,0
APpubImR-DQ7ipx8VqTDi-07:00:00,SYN_102964,35,07:19:09,07:19:24,0
APpubImR-DQ7ipx8VqTDi-07:00:00,SYN_102965,36,07:19:31,07:19:46,0
APpubImR-DQ7ipx8VqTDi-07:00:00,SYN_102966,37,07:19:53,07:20:08,0
-vGMBy-ffWWJVczaRlv5z-07:00:00,SYN_102929,0,07:25:30,07:25:45,0
-vGMBy-ffWWJVczaRlv5z-07:00:00,SYN_102930,1,07:24:50,07:25:05,0
-vGMBy-ffWWJVczaRlv5z-07:00:00,SYN_102931,2,07:24:09,07:24:24,0
-vGMBy-ffWWJVczaRlv5z-07:00:00,SYN_102932,3,07:23:29,07:23:44,0
-vGMBy-ffWWJVczaRlv5z-07:00:00,SYN_102933,4,07:22:48,07:23:03,0
-vGMBy-ffWWJVczaRlv5z-07:00:00,SYN_102934,5,07:22:08,07:22:23,0
-vGMBy-ffWWJVczaRlv5z-07:00:00,SYN_102935,6,07:21:28,07:21:43,0
-vGMBy-ffWWJVczaRlv5z-07:00:00,SYN_102936,7,07:20:47,07:21:02,0
-vGMBy-ffWWJVczaRlv5z-07:00:00,SYN_102937,8,07:20:07,07:20:22,0
-vGMBy-ffWWJVczaRlv5z-07:00:00,SYN_102938,9,07:19:26,07:19:41,0
-vGMBy-ffWWJVczaRlv5z-07:00:00,SYN_102939,10,07:18:46,07:19:01,0
-vGMBy-ffWWJVczaRlv5z-07:00:00,SYN_102940,11,07:18:05,07:18:20,0
-vGMBy-ffWWJVczaRlv5z-07:00:00,SYN_102941,12,07:17:25,07:17:40,0
-vGMBy-ffWWJVczaRlv5z-07:00:00,SYN_102942,13,07:16:45,07:17:00,0
-vGMBy-ffWWJVczaRlv5z-07:00:00,SYN_102943,14,07:16:04,07:16:19,0
-vGMBy-ffWWJVczaRlv5z-07:00:00,SYN_102944,15,07:15:24,07:15:39,0
-vGMBy-ffWWJVczaRlv5z-07:00:00,SYN_102945,16,07:14:43,07:14:58,0
-vGMBy-ffWWJVczaRlv5z-07:00:00,SYN_102946,17,07:14:03,07:14:18,0
-vGMBy-ffWWJVczaRlv5z-07:00:00,SYN_102947,18,07:13:22,07:13:37,0
-vGMBy-ffWWJVczaRlv5z-07:00:00,SYN_102948,19,07:12:42,07:12:57,0
-vGMBy-ffWWJVczaRlv5z-07:00:00,SYN_102949,20,07:12:02,07:12:17,0
-vGMBy-ffWWJVczaRlv5z-07:00:00,SYN_102950,21,07:11:21,07:11:36,0
-vGMBy-ffWWJVczaRlv5z-07:00:00,SYN_102951,22,07:10:41,07:10:56,0
-vGMBy-ffWWJVczaRlv5z-07:00:00,SYN_102952,23,07:10:00,07:10:15,0
-vGMBy-ffWWJVczaRlv5z-07:00:00,SYN_102953,24,07:09:20,07:09:35,0
-vGMBy-ffWWJVczaRlv5z-07:00:00,SYN_102954,25,07:08:39,07:08:54,0
-vGMBy-ffWWJVczaRlv5z-07:00:00,SYN_102955,26,07:07:59,07:08:14,0
-vGMBy-ffWWJVczaRlv5z-07:00:00,SYN_102956,27,07:07:19,07:07:34,0
-vGMBy-ffWWJVczaRlv5z-07:00:00,SYN_102957,28,07:06:38,07:06:53,0
-vGMBy-ffWWJVczaRlv5z-07:00:00,SYN_102958,29,07:05:58,07:06:13,0
-vGMBy-ffWWJVczaRlv5z-07:00:00,SYN_102959,30,07:05:17,07:05:32,0
-vGMBy-ffWWJVczaRlv5z-07:00:00,SYN_102960,31,07:04:37,07:04:52,0
-vGMBy-ffWWJVczaRlv5z-07:00:00,SYN_102961,32,07:03:56,07:04:11,0
-vGMBy-ffWWJVczaRlv5z-07:00:00,SYN_102962,33,07:03:16,07:03:31,0
-vGMBy-ffWWJVczaRlv5z-07:00:00,SYN_102963,34,07:02:36,07:02:51,0
-vGMBy-ffWWJVczaRlv5z-07:00:00,SYN_102964,35,07:01:55,07:02:10,0
-vGMBy-ffWWJVczaRlv5z-07:00:00,SYN_102965,36,07:01:15,07:01:30,0
-vGMBy-ffWWJVczaRlv5z-07:00:00,SYN_102966,37,07:00:34,07:00:49,0
4QUtLrt9QqoQBADynOzAM-07:00:00,SYN_102968,0,07:00:07,07:00:22,0
4QUtLrt9QqoQBADynOzAM-07:00:00,SYN_102969,1,07:00:23,07:00:38,0
4QUtLrt9QqoQBADynOzAM-07:00:00,SYN_102970,2,07:00:38,07:00:53,0
4QUtLrt9QqoQBADynOzAM-07:00:00,SYN_102971,3,07:00:54,07:01:09,0
4QUtLrt9QqoQBADynOzAM-07:00:00,SYN_102972,4,07:01:09,07:01:24,0
4QUtLrt9QqoQBADynOzAM-07:00:00,SYN_102973,5,07:01:24,07:01:39,0
4QUtLrt9QqoQBADynOzAM-07:00:00,SYN_102974,6,07:01:40,07:01:55,0
4QUtLrt9QqoQBADynOzAM-07:00:00,SYN_102975,7,07:01:55,07:02:10,0
4QUtLrt9QqoQBADynOzAM-07:00:00,SYN_102976,8,07:02:11,07:02:26,0
4QUtLrt9QqoQBADynOzAM-07:00:00,SYN_102977,9,07:02:26,07:02:41,0
4QUtLrt9QqoQBADynOzAM-07:00:00,SYN_102978,10,07:02:42,07:02:57,0
4QUtLrt9QqoQBADynOzAM-07:00:00,SYN_102979,11,07:02:57,07:03:12,0
4QUtLrt9QqoQBADynOzAM-07:00:00,SYN_102980,12,07:03:12,07:03:27,0
4QUtLrt9QqoQBADynOzAM-07:00:00,SYN_102981,13,07:03:28,07:03:43,0
4QUtLrt9QqoQBADynOzAM-07:00:00,SYN_102982,14,07:03:43,07:03:58,0
4QUtLrt9QqoQBADynOzAM-07:00:00,SYN_102983,15,07:03:59,07:04:14,0
4QUtLrt9QqoQBADynOzAM-07:00:00,SYN_102984,16,07:04:14,07:04:29,0
4QUtLrt9QqoQBADynOzAM-07:00:00,SYN_102985,17,07:04:29,07:04:44,0
4QUtLrt9QqoQBADynOzAM-07:00:00,SYN_102986,18,07:04:45,07:05:00,0
4QUtLrt9QqoQBADynOzAM-07:00:00,SYN_102987,19,07:05:00,07:05:15,0
4QUtLrt9QqoQBADynOzAM-07:00:00,SYN_102988,20,07:05:16,07:05:31,0
4QUtLrt9QqoQBADynOzAM-07:00:00,SYN_102989,21,07:05:31,07:05:46,0
4QUtLrt9QqoQBADynOzAM-07:00:00,SYN_102990,22,07:05:47,07:06:02,0
4QUtLrt9QqoQBADynOzAM-07:00:00,SYN_102991,23,07:06:02,07:06:17,0
4QUtLrt9QqoQBADynOzAM-07:00:00,SYN_102992,24,07:06:17,07:06:32,0
4QUtLrt9QqoQBADynOzAM-07:00:00,SYN_102993,25,07:06:33,07:06:48,0
4QUtLrt9QqoQBADynOzAM-07:00:00,SYN_102994,26,07:06:48,07:07:03,0
4QUtLrt9QqoQBADynOzAM-07:00:00,SYN_102995,27,07:07:04,07:07:19,0
4QUtLrt9QqoQBADynOzAM-07:00:00,SYN_102996,28,07:07:19,07:07:34,0
4QUtLrt9QqoQBADynOzAM-07:00:00,SYN_102997,29,07:07:35,07:07:50,0
4QUtLrt9QqoQBADynOzAM-07:00:00,SYN_102998,30,07:07:50,07:08:05,0
4QUtLrt9QqoQBADynOzAM-07:00:00,SYN_102999,31,07:08:05,07:08:20,0
4QUtLrt9QqoQBADynOzAM-07:00:00,SYN_103000,32,07:08:21,07:08:36,0
4QUtLrt9QqoQBADynOzAM-07:00:00,SYN_103001,33,07:08:36,07:08:51,0
4QUtLrt9QqoQBADynOzAM-07:00:00,SYN_103002,34,07:08:52,07:09:07,0
4QUtLrt9QqoQBADynOzAM-07:00:00,SYN_103003,35,07:09:07,07:09:22,0
4QUtLrt9QqoQBADynOzAM-07:00:00,SYN_103004,36,07:09:22,07:09:37,0
4QUtLrt9QqoQBADynOzAM-07:00:00,SYN_103005,37,07:09:38,07:09:53,0
4QUtLrt9QqoQBADynOzAM-07:00:00,SYN_103006,38,07:09:52,07:10:07,0
4QUtLrt9QqoQBADynOzAM-07:00:00,SYN_103007,39,07:10:01,07:10:16,0
4QUtLrt9QqoQBADynOzAM-07:00:00,SYN_103008,40,07:10:10,07:10:25,0
4QUtLrt9QqoQBADynOzAM-07:00:00,SYN_103009,41,07:10:19,07:10:34,0
4QUtLrt9QqoQBADynOzAM-07:00:00,SYN_103010,42,07:10:27,07:10:42,0
4QUtLrt9QqoQBADynOzAM-07:00:00,SYN_103011,43,07:10:36,07:10:51,0
4QUtLrt9QqoQBADynOzAM-07:00:00,SYN_103012,44,07:10:45,07:11:00,0
4QUtLrt9QqoQBADynOzAM-07:00:00,SYN_103013,45,07:10:54,07:11:09,0
4QUtLrt9QqoQBADynOzAM-07:00:00,SYN_103014,46,07:11:03,07:11:18,0
4QUtLrt9QqoQBADynOzAM-07:00:00,SYN_103015,47,07:11:12,07:11:27,0
4QUtLrt9QqoQBADynOzAM-07:00:00,SYN_103016,48,07:11:20,07:11:35,0
4QUtLrt9QqoQBADynOzAM-07:00:00,SYN_103017,49,07:11:29,07:11:44,0
4QUtLrt9QqoQBADynOzAM-07:00:00,SYN_103018,50,07:11:38,07:11:53,0
4QUtLrt9QqoQBADynOzAM-07:00:00,SYN_103019,51,07:11:47,07:12:02,0
4QUtLrt9QqoQBADynOzAM-07:00:00,SYN_103020,52,07:11:56,07:12:11,0
4QUtLrt9QqoQBADynOzAM-07:00:00,SYN_103021,53,07:12:05,07:12:20,0
4QUtLrt9QqoQBADynOzAM-07:00:00,SYN_103022,54,07:12:13,07:12:28,0
4QUtLrt9QqoQBADynOzAM-07:00:00,SYN_103023,55,07:12:22,07:12:37,0
4QUtLrt9QqoQBADynOzAM-07:00:00,SYN_103024,56,07:12:31,07:12:46,0
4QUtLrt9QqoQBADynOzAM-07:00:00,SYN_103025,57,07:12:40,07:12:55,0
4QUtLrt9QqoQBADynOzAM-07:00:00,SYN_103026,58,07:12:49,07:13:04,0
4QUtLrt9QqoQBADynOzAM-07:00:00,SYN_103027,59,07:12:58,07:13:13,0
4QUtLrt9QqoQBADynOzAM-07:00:00,SYN_103028,60,07:13:06,07:13:21,0
4QUtLrt9QqoQBADynOzAM-07:00:00,SYN_103029,61,07:13:15,07:13:30,0
4QUtLrt9QqoQBADynOzAM-07:00:00,SYN_103030,62,07:13:24,07:13:39,0
4QUtLrt9QqoQBADynOzAM-07:00:00,SYN_103031,63,07:13:33,07:13:48,0
4QUtLrt9QqoQBADynOzAM-07:00:00,SYN_103032,64,07:13:42,07:13:57,0
4QUtLrt9QqoQBADynOzAM-07:00:00,SYN_103033,65,07:13:51,07:14:06,0
4QUtLrt9QqoQBADynOzAM-07:00:00,SYN_103034,66,07:13:59,07:14:14,0
4QUtLrt9QqoQBADynOzAM-07:00:00,SYN_103035,67,07:14:08,07:14:23,0
4QUtLrt9QqoQBADynOzAM-07:00:00,SYN_103036,68,07:14:17,07:14:32,0
4QUtLrt9QqoQBADynOzAM-07:00:00,SYN_103037,69,07:14:26,07:14:41,0
4QUtLrt9QqoQBADynOzAM-07:00:00,SYN_103038,70,07:14:35,07:14:50,0
4QUtLrt9QqoQBADynOzAM-07:00:00,SYN_103039,71,07:14:44,07:14:59,0
4QUtLrt9QqoQBADynOzAM-07:00:00,SYN_103040,72,07:14:52,07:15:07,0
4QUtLrt9QqoQBADynOzAM-07:00:00,SYN_103041,73,07:15:01,07:15:16,0
4QUtLrt9QqoQBADynOzAM-07:00:00,SYN_103042,74,07:15:10,07:15:25,0
4QUtLrt9QqoQBADynOzAM-07:00:00,SYN_103043,75,07:15:19,07:15:34,0
4QUtLrt9QqoQBADynOzAM-07:00:00,SYN_103044,76,07:15:28,07:15:43,0
4QUtLrt9QqoQBADynOzAM-07:00:00,SYN_103045,77,07:15:37,07:15:52,0
4QUtLrt9QqoQBADynOzAM-07:00:00,SYN_103046,78,07:15:45,07:16:00,0
4QUtLrt9QqoQBADynOzAM-07:00:00,SYN_103047,79,07:15:54,07:16:09,0
4QUtLrt9QqoQBADynOzAM-07:00:00,SYN_103048,80,07:16:11,07:16:26,0
4QUtLrt9QqoQBADynOzAM-07:00:00,SYN_103049,81,07:16:46,07:17:01,0
4QUtLrt9QqoQBADynOzAM-07:00:00,SYN_103050,82,07:17:21,07:17:36,0
4QUtLrt9QqoQBADynOzAM-07:00:00,SYN_103051,83,07:17:57,07:18:12,0
4QUtLrt9QqoQBADynOzAM-07:00:00,SYN_103052,84,07:18:32,07:18:47,0
4QUtLrt9QqoQBADynOzAM-07:00:00,SYN_103053,85,07:19:07,07:19:22,0
4QUtLrt9QqoQBADynOzAM-07:00:00,SYN_103054,86,07:19:42,07:19:57,0
4QUtLrt9QqoQBADynOzAM-07:00:00,SYN_103055,87,07:20:18,07:20:33,0
4QUtLrt9QqoQBADynOzAM-07:00:00,SYN_103056,88,07:20:53,07:21:08,0
4QUtLrt9QqoQBADynOzAM-07:00:00,SYN_103057,89,07:21:28,07:21:43,0
4QUtLrt9QqoQBADynOzAM-07:00:00,SYN_103058,90,07:22:04,07:22:19,0
4QUtLrt9QqoQBADynOzAM-07:00:00,SYN_103059,91,07:22:39,07:22:54,0
4QUtLrt9QqoQBADynOzAM-07:00:00,SYN_103060,92,07:23:14,07:23:29,0
4QUtLrt9QqoQBADynOzAM-07:00:00,SYN_103061,93,07:23:49,07:24:04,0
4QUtLrt9QqoQBADynOzAM-07:00:00,SYN_103062,94,07:24:25,07:24:40,0
4QUtLrt9QqoQBADynOzAM-07:00:00,SYN_103063,95,07:25:00,07:25:15,0
4QUtLrt9QqoQBADynOzAM-07:00:00,SYN_103064,96,07:25:35,07:25:50,0
4QUtLrt9QqoQBADynOzAM-07:00:00,SYN_103065,97,07:26:11,07:26:26,0
4QUtLrt9QqoQBADynOzAM-07:00:00,SYN_103066,98,07:26:46,07:27:01,0
4QUtLrt9QqoQBADynOzAM-07:00:00,SYN_103067,99,07:27:21,07:27:36,0
4QUtLrt9QqoQBADynOzAM-07:00:00,SYN_103068,100,07:27:56,07:28:11,0
4QUtLrt9QqoQBADynOzAM-07:00:00,SYN_103069,101,07:28:32,07:28:47,0
4QUtLrt9QqoQBADynOzAM-07:00:00,SYN_103070,102,07:29:07,07:29:22,0
4QUtLrt9QqoQBADynOzAM-07:00:00,SYN_103071,103,07:29:42,07:29:57,0
4QUtLrt9QqoQBADynOzAM-07:00:00,SYN_103072,104,07:30:17,07:30:32,0
4QUtLrt9QqoQBADynOzAM-07:00:00,SYN_103073,105,07:30:52,07:31:07,0
4QUtLrt9QqoQBADynOzAM-07:00:00,SYN_103074,106,07:31:27,07:31:42,0
4QUtLrt9QqoQBADynOzAM-07:00:00,SYN_103075,107,07:32:01,07:32:16,0
4QUtLrt9QqoQBADynOzAM-07:00:00,SYN_103076,108,07:32:36,07:32:51,0
4QUtLrt9QqoQBADynOzAM-07:00:00,SYN_103077,109,07:33:10,07:33:25,0
4QUtLrt9QqoQBADynOzAM-07:00:00,SYN_103078,110,07:33:45,07:34:00,0
4QUtLrt9QqoQBADynOzAM-07:00:00,SYN_103079,111,07:34:20,07:34:35,0
4QUtLrt9QqoQBADynOzAM-07:00:00,SYN_103080,112,07:34:54,07:35:09,0
4QUtLrt9QqoQBADynOzAM-07:00:00,SYN_103081,113,07:35:28,07:35:43,0
4QUtLrt9QqoQBADynOzAM-07:00:00,SYN_103082,114,07:35:49,07:36:04,0
4QUtLrt9QqoQBADynOzAM-07:00:00,SYN_103083,115,07:36:10,07:36:25,0
4QUtLrt9QqoQBADynOzAM-07:00:00,SYN_103084,116,07:36:31,07:36:46,0
4QUtLrt9QqoQBADynOzAM-07:00:00,SYN_103085,117,07:36:51,07:37:06,0
4QUtLrt9QqoQBADynOzAM-07:00:00,SYN_103086,118,07:37:12,07:37:27,0
4QUtLrt9QqoQBADynOzAM-07:00:00,SYN_103087,119,07:37:33,07:37:48,0
4QUtLrt9QqoQBADynOzAM-07:00:00,SYN_103088,120,07:37:54,07:38:09,0
4QUtLrt9QqoQBADynOzAM-07:00:00,SYN_103089,121,07:38:15,07:38:30,0
4QUtLrt9QqoQBADynOzAM-07:00:00,SYN_103090,122,07:38:36,07:38:51,0
4QUtLrt9QqoQBADynOzAM-07:00:00,SYN_103091,123,07:38:57,07:39:12,0
4QUtLrt9QqoQBADynOzAM-07:00:00,SYN_103092,124,07:39:18,07:39:33,0
4QUtLrt9QqoQBADynOzAM-07:00:00,SYN_103093,125,07:39:39,07:39:54,0
4QUtLrt9QqoQBADynOzAM-07:00:00,SYN_103094,126,07:40:04,07:40:19,0
4QUtLrt9QqoQBADynOzAM-07:00:00,SYN_103095,127,07:40:30,07:40:45,0
4QUtLrt9QqoQBADynOzAM-07:00:00,SYN_103096,128,07:40:55,07:41:10,0
4QUtLrt9QqoQBADynOzAM-07:00:00,SYN_103097,129,07:41:20,07:41:35,0
4QUtLrt9QqoQBADynOzAM-07:00:00,SYN_103098,130,07:41:46,07:42:01,0
4QUtLrt9QqoQBADynOzAM-07:00:00,SYN_103099,131,07:42:11,07:42:26,0
4QUtLrt9QqoQBADynOzAM-07:00:00,SYN_103100,132,07:42:36,07:42:51,0
4QUtLrt9QqoQBADynOzAM-07:00:00,SYN_103101,133,07:43:02,07:43:17,0
4QUtLrt9QqoQBADynOzAM-07:00:00,SYN_103102,134,07:43:28,07:43:43,0
4QUtLrt9QqoQBADynOzAM-07:00:00,SYN_103103,135,07:43:57,07:44:12,0
4QUtLrt9QqoQBADynOzAM-07:00:00,SYN_103104,136,07:44:26,07:44:41,0
4QUtLrt9QqoQBADynOzAM-07:00:00,SYN_103105,137,07:44:55,07:45:10,0
4QUtLrt9QqoQBADynOzAM-07:00:00,SYN_103106,138,07:45:24,07:45:39,0
4QUtLrt9QqoQBADynOzAM-07:00:00,SYN_103107,139,07:45:53,07:46:08,0
4QUtLrt9QqoQBADynOzAM-07:00:00,SYN_103108,140,07:46:22,07:46:37,0
4QUtLrt9QqoQBADynOzAM-07:00:00,SYN_103109,141,07:46:51,07:47:06,0
4QUtLrt9QqoQBADynOzAM-07:00:00,SYN_103110,142,07:47:25,07:47:40,0
4QUtLrt9QqoQBADynOzAM-07:00:00,SYN_103111,143,07:47:59,07:48:14,0
4QUtLrt9QqoQBADynOzAM-07:00:00,SYN_103112,144,07:48:33,07:48:48,0
4QUtLrt9QqoQBADynOzAM-07:00:00,SYN_103113,145,07:49:07,07:49:22,0
4QUtLrt9QqoQBADynOzAM-07:00:00,SYN_103114,146,07:49:41,07:49:56,0
4QUtLrt9QqoQBADynOzAM-07:00:00,SYN_103115,147,07:50:13,07:50:28,0
4QUtLrt9QqoQBADynOzAM-07:00:00,SYN_103116,148,07:50:45,07:51:00,0
4QUtLrt9QqoQBADynOzAM-07:00:00,SYN_103117,149,07:51:16,07:51:31,0
4QUtLrt9QqoQBADynOzAM-07:00:00,SYN_103118,150,07:52:00,07:52:15,0
4QUtLrt9QqoQBADynOzAM-07:00:00,SYN_103119,151,07:52:43,07:52:58,0
4QUtLrt9QqoQBADynOzAM-07:00:00,SYN_103120,152,07:53:26,07:53:41,0
4QUtLrt9QqoQBADynOzAM-07:00:00,SYN_103121,153,07:54:10,07:54:25,0
4QUtLrt9QqoQBADynOzAM-07:00:00,SYN_103122,154,07:54:46,07:55:01,0
4QUtLrt9QqoQBADynOzAM-07:00:00,SYN_103123,155,07:55:23,07:55:38,0
4QUtLrt9QqoQBADynOzAM-07:00:00,SYN_103124,156,07:56:00,07:56:15,0
4QUtLrt9QqoQBADynOzAM-07:00:00,SYN_103125,157,07:56:36,07:56:51,0
4QUtLrt9QqoQBADynOzAM-07:00:00,SYN_103126,158,07:57:16,07:57:31,0
4QUtLrt9QqoQBADynOzAM-07:00:00,SYN_103127,159,07:58:06,07:58:21,0
4QUtLrt9QqoQBADynOzAM-07:00:00,SYN_103128,160,07:58:55,07:59:10,0
4QUtLrt9QqoQBADynOzAM-07:00:00,SYN_103129,161,07:59:45,08:00:00,0
MrihzTWrnXBOK-ItJhoR8-07:00:00,SYN_102968,0,08:00:18,08:00:33,0
MrihzTWrnXBOK-ItJhoR8-07:00:00,SYN_102969,1,07:59:56,08:00:11,0
MrihzTWrnXBOK-ItJhoR8-07:00:00,SYN_102970,2,07:59:33,07:59:48,0
MrihzTWrnXBOK-ItJhoR8-07:00:00,SYN_102971,3,07:59:11,07:59:26,0
MrihzTWrnXBOK-ItJhoR8-07:00:00,SYN_102972,4,07:58:48,07:59:03,0
MrihzTWrnXBOK-ItJhoR8-07:00:00,SYN_102973,5,07:58:26,07:58:41,0
MrihzTWrnXBOK-ItJhoR8-07:00:00,SYN_102974,6,07:58:03,07:58:18,0
MrihzTWrnXBOK-ItJhoR8-07:00:00,SYN_102975,7,07:57:41,07:57:56,0
MrihzTWrnXBOK-ItJhoR8-07:00:00,SYN_102976,8,07:57:18,07:57:33,0
MrihzTWrnXBOK-ItJhoR8-07:00:00,SYN_102977,9,07:56:56,07:57:11,0
MrihzTWrnXBOK-ItJhoR8-07:00:00,SYN_102978,10,07:56:34,07:56:49,0
MrihzTWrnXBOK-ItJhoR8-07:00:00,SYN_102979,11,07:56:11,07:56:26,0
MrihzTWrnXBOK-ItJhoR8-07:00:00,SYN_102980,12,07:55:49,07:56:04,0
MrihzTWrnXBOK-ItJhoR8-07:00:00,SYN_102981,13,07:55:26,07:55:41,0
MrihzTWrnXBOK-ItJhoR8-07:00:00,SYN_102982,14,07:55:04,07:55:19,0
MrihzTWrnXBOK-ItJhoR8-07:00:00,SYN_102983,15,07:54:41,07:54:56,0
MrihzTWrnXBOK-ItJhoR8-07:00:00,SYN_102984,16,07:54:19,07:54:34,0
MrihzTWrnXBOK-ItJhoR8-07:00:00,SYN_102985,17,07:53:56,07:54:11,0
MrihzTWrnXBOK-ItJhoR8-07:00:00,SYN_102986,18,07:53:34,07:53:49,0
MrihzTWrnXBOK-ItJhoR8-07:00:00,SYN_102987,19,07:53:11,07:53:26,0
MrihzTWrnXBOK-ItJhoR8-07:00:00,SYN_102988,20,07:52:49,07:53:04,0
MrihzTWrnXBOK-ItJhoR8-07:00:00,SYN_102989,21,07:52:27,07:52:42,0
MrihzTWrnXBOK-ItJhoR8-07:00:00,SYN_102990,22,07:52:04,07:52:19,0
MrihzTWrnXBOK-ItJhoR8-07:00:00,SYN_102991,23,07:51:42,07:51:57,0
MrihzTWrnXBOK-ItJhoR8-07:00:00,SYN_102992,24,07:51:19,07:51:34,0
MrihzTWrnXBOK-ItJhoR8-07:00:00,SYN_102993,25,07:50:57,07:51:12,0
MrihzTWrnXBOK-ItJhoR8-07:00:00,SYN_102994,26,07:50:34,07:50:49,0
MrihzTWrnXBOK-ItJhoR8-07:00:00,SYN_102995,27,07:50:12,07:50:27,0
MrihzTWrnXBOK-ItJhoR8-07:00:00,SYN_102996,28,07:49:49,07:50:04,0
MrihzTWrnXBOK-ItJhoR8-07:00:00,SYN_102997,29,07:49:27,07:49:42,0
MrihzTWrnXBOK-ItJhoR8-07:00:00,SYN_102998,30,07:49:04,07:49:19,0
MrihzTWrnXBOK-ItJhoR8-07:00:00,SYN_102999,31,07:48:42,07:48:57,0
MrihzTWrnXBOK-ItJhoR8-07:00:00,SYN_103000,32,07:48:20,07:48:35,0
MrihzTWrnXBOK-ItJhoR8-07:00:00,SYN_103001,33,07:47:57,07:48:12,0
MrihzTWrnXBOK-ItJhoR8-07:00:00,SYN_103002,34,07:47:35,07:47:50,0
MrihzTWrnXBOK-ItJhoR8-07:00:00,SYN_103003,35,07:47:12,07:47:27,0
MrihzTWrnXBOK-ItJhoR8-07:00:00,SYN_103004,36,07:46:50,07:47:05,0
MrihzTWrnXBOK-ItJhoR8-07:00:00,SYN_103005,37,07:46:27,07:46:42,0
MrihzTWrnXBOK-ItJhoR8-07:00:00,SYN_103006,38,07:46:05,07:46:20,0
MrihzTWrnXBOK-ItJhoR8-07:00:00,SYN_103007,39,07:45:42,07:45:57,0
MrihzTWrnXBOK-ItJhoR8-07:00:00,SYN_103008,40,07:45:20,07:45:35,0
MrihzTWrnXBOK-ItJhoR8-07:00:00,SYN_103009,41,07:44:57,07:45:12,0
MrihzTWrnXBOK-ItJhoR8-07:00:00,SYN_103010,42,07:44:35,07:44:50,0
MrihzTWrnXBOK-ItJhoR8-07:00:00,SYN_103011,43,07:44:13,07:44:28,0
MrihzTWrnXBOK-ItJhoR8-07:00:00,SYN_103012,44,07:43:50,07:44:05,0
MrihzTWrnXBOK-ItJhoR8-07:00:00,SYN_103013,45,07:43:28,07:43:43,0
MrihzTWrnXBOK-ItJhoR8-07:00:00,SYN_103014,46,07:43:05,07:43:20,0
MrihzTWrnXBOK-ItJhoR8-07:00:00,SYN_103015,47,07:42:43,07:42:58,0
MrihzTWrnXBOK-ItJhoR8-07:00:00,SYN_103016,48,07:42:20,07:42:35,0
MrihzTWrnXBOK-ItJhoR8-07:00:00,SYN_103017,49,07:41:58,07:42:13,0
MrihzTWrnXBOK-ItJhoR8-07:00:00,SYN_103018,50,07:41:35,07:41:50,0
MrihzTWrnXBOK-ItJhoR8-07:00:00,SYN_103019,51,07:41:13,07:41:28,0
MrihzTWrnXBOK-ItJhoR8-07:00:00,SYN_103020,52,07:40:50,07:41:05,0
MrihzTWrnXBOK-ItJhoR8-07:00:00,SYN_103021,53,07:40:28,07:40:43,0
MrihzTWrnXBOK-ItJhoR8-07:00:00,SYN_103022,54,07:40:06,07:40:21,0
MrihzTWrnXBOK-ItJhoR8-07:00:00,SYN_103023,55,07:39:43,07:39:58,0
MrihzTWrnXBOK-ItJhoR8-07:00:00,SYN_103024,56,07:39:21,07:39:36,0
MrihzTWrnXBOK-ItJhoR8-07:00:00,SYN_103025,57,07:38:58,07:39:13,0
MrihzTWrnXBOK-ItJhoR8-07:00:00,SYN_103026,58,07:38:36,07:38:51,0
MrihzTWrnXBOK-ItJhoR8-07:00:00,SYN_103027,59,07:38:13,07:38:28,0
MrihzTWrnXBOK-ItJhoR8-07:00:00,SYN_103028,60,07:37:51,07:38:06,0
MrihzTWrnXBOK-ItJhoR8-07:00:00,SYN_103029,61,07:37:28,07:37:43,0
MrihzTWrnXBOK-ItJhoR8-07:00:00,SYN_103030,62,07:37:06,07:37:21,0
MrihzTWrnXBOK-ItJhoR8-07:00:00,SYN_103031,63,07:36:43,07:36:58,0
MrihzTWrnXBOK-ItJhoR8-07:00:00,SYN_103032,64,07:36:21,07:36:36,0
MrihzTWrnXBOK-ItJhoR8-07:00:00,SYN_103033,65,07:35:59,07:36:14,0
MrihzTWrnXBOK-ItJhoR8-07:00:00,SYN_103034,66,07:35:36,07:35:51,0
MrihzTWrnXBOK-ItJhoR8-07:00:00,SYN_103035,67,07:35:14,07:35:29,0
MrihzTWrnXBOK-ItJhoR8-07:00:00,SYN_103036,68,07:34:51,07:35:06,0
MrihzTWrnXBOK-ItJhoR8-07:00:00,SYN_103037,69,07:34:29,07:34:44,0
MrihzTWrnXBOK-ItJhoR8-07:00:00,SYN_103038,70,07:34:06,07:34:21,0
MrihzTWrnXBOK-ItJhoR8-07:00:00,SYN_103039,71,07:33:44,07:33:59,0
MrihzTWrnXBOK-ItJhoR8-07:00:00,SYN_103040,72,07:33:21,07:33:36,0
MrihzTWrnXBOK-ItJhoR8-07:00:00,SYN_103041,73,07:32:59,07:33:14,0
MrihzTWrnXBOK-ItJhoR8-07:00:00,SYN_103042,74,07:32:36,07:32:51,0
MrihzTWrnXBOK-ItJhoR8-07:00:00,SYN_103043,75,07:32:14,07:32:29,0
MrihzTWrnXBOK-ItJhoR8-07:00:00,SYN_103044,76,07:31:52,07:32:07,0
MrihzTWrnXBOK-ItJhoR8-07:00:00,SYN_103045,77,07:31:29,07:31:44,0
MrihzTWrnXBOK-ItJhoR8-07:00:00,SYN_103046,78,07:31:07,07:31:22,0
MrihzTWrnXBOK-ItJhoR8-07:00:00,SYN_103047,79,07:30:44,07:30:59,0
MrihzTWrnXBOK-ItJhoR8-07:00:00,SYN_103048,80,07:30:22,07:30:37,0
MrihzTWrnXBOK-ItJhoR8-07:00:00,SYN_103049,81,07:29:59,07:30:14,0
MrihzTWrnXBOK-ItJhoR8-07:00:00,SYN_103050,82,07:29:37,07:29:52,0
MrihzTWrnXBOK-ItJhoR8-07:00:00,SYN_103051,83,07:29:14,07:29:29,0
MrihzTWrnXBOK-ItJhoR8-07:00:00,SYN_103052,84,07:28:52,07:29:07,0
MrihzTWrnXBOK-ItJhoR8-07:00:00,SYN_103053,85,07:28:29,07:28:44,0
MrihzTWrnXBOK-ItJhoR8-07:00:00,SYN_103054,86,07:28:07,07:28:22,0
MrihzTWrnXBOK-ItJhoR8-07:00:00,SYN_103055,87,07:27:45,07:28:00,0
MrihzTWrnXBOK-ItJhoR8-07:00:00,SYN_103056,88,07:27:22,07:27:37,0
MrihzTWrnXBOK-ItJhoR8-07:00:00,SYN_103057,89,07:27:00,07:27:15,0
MrihzTWrnXBOK-ItJhoR8-07:00:00,SYN_103058,90,07:26:37,07:26:52,0
MrihzTWrnXBOK-ItJhoR8-07:00:00,SYN_103059,91,07:26:15,07:26:30,0
MrihzTWrnXBOK-ItJhoR8-07:00:00,SYN_103060,92,07:25:52,07:26:07,0
MrihzTWrnXBOK-ItJhoR8-07:00:00,SYN_103061,93,07:25:30,07:25:45,0
MrihzTWrnXBOK-ItJhoR8-07:00:00,SYN_103062,94,07:25:07,07:25:22,0
MrihzTWrnXBOK-ItJhoR8-07:00:00,SYN_103063,95,07:24:45,07:25:00,0
MrihzTWrnXBOK-ItJhoR8-07:00:00,SYN_103064,96,07:24:22,07:24:37,0
MrihzTWrnXBOK-ItJhoR8-07:00:00,SYN_103065,97,07:24:00,07:24:15,0
MrihzTWrnXBOK-ItJhoR8-07:00:00,SYN_103066,98,07:23:38,07:23:53,0
MrihzTWrnXBOK-ItJhoR8-07:00:00,SYN_103067,99,07:23:15,07:23:30,0
MrihzTWrnXBOK-ItJhoR8-07:00:00,SYN_103068,100,07:22:53,07:23:08,0
MrihzTWrnXBOK-ItJhoR8-07:00:00,SYN_103069,101,07:22:30,07:22:45,0
MrihzTWrnXBOK-ItJhoR8-07:00:00,SYN_103070,102,07:22:08,07:22:23,0
MrihzTWrnXBOK-ItJhoR8-07:00:00,SYN_103071,103,07:21:45,07:22:00,0
MrihzTWrnXBOK-ItJhoR8-07:00:00,SYN_103072,104,07:21:23,07:21:38,0
MrihzTWrnXBOK-ItJhoR8-07:00:00,SYN_103073,105,07:21:00,07:21:15,0
MrihzTWrnXBOK-ItJhoR8-07:00:00,SYN_103074,106,07:20:38,07:20:53,0
MrihzTWrnXBOK-ItJhoR8-07:00:00,SYN_103075,107,07:20:15,07:20:30,0
MrihzTWrnXBOK-ItJhoR8-07:00:00,SYN_103076,108,07:19:53,07:20:08,0
MrihzTWrnXBOK-ItJhoR8-07:00:00,SYN_103077,109,07:19:31,07:19:46,0
MrihzTWrnXBOK-ItJhoR8-07:00:00,SYN_103078,110,07:19:08,07:19:23,0
MrihzTWrnXBOK-ItJhoR8-07:00:00,SYN_103079,111,07:18:46,07:19:01,0
MrihzTWrnXBOK-ItJhoR8-07:00:00,SYN_103080,112,07:18:23,07:18:38,0
MrihzTWrnXBOK-ItJhoR8-07:00:00,SYN_103081,113,07:18:01,07:18:16,0
MrihzTWrnXBOK-ItJhoR8-07:00:00,SYN_103082,114,07:17:38,07:17:53,0
MrihzTWrnXBOK-ItJhoR8-07:00:00,SYN_103083,115,07:17:16,07:17:31,0
MrihzTWrnXBOK-ItJhoR8-07:00:00,SYN_103084,116,07:16:53,07:17:08,0
MrihzTWrnXBOK-ItJhoR8-07:00:00,SYN_103085,117,07:16:31,07:16:46,0
MrihzTWrnXBOK-ItJhoR8-07:00:00,SYN_103086,118,07:16:08,07:16:23,0
MrihzTWrnXBOK-ItJhoR8-07:00:00,SYN_103087,119,07:15:46,07:16:01,0
MrihzTWrnXBOK-ItJhoR8-07:00:00,SYN_103088,120,07:15:24,07:15:39,0
MrihzTWrnXBOK-ItJhoR8-07:00:00,SYN_103089,121,07:15:01,07:15:16,0
MrihzTWrnXBOK-ItJhoR8-07:00:00,SYN_103090,122,07:14:39,07:14:54,0
MrihzTWrnXBOK-ItJhoR8-07:00:00,SYN_103091,123,07:14:16,07:14:31,0
MrihzTWrnXBOK-ItJhoR8-07:00:00,SYN_103092,124,07:13:54,07:14:09,0
MrihzTWrnXBOK-ItJhoR8-07:00:00,SYN_103093,125,07:13:31,07:13:46,0
MrihzTWrnXBOK-ItJhoR8-07:00:00,SYN_103094,126,07:13:09,07:13:24,0
MrihzTWrnXBOK-ItJhoR8-07:00:00,SYN_103095,127,07:12:46,07:13:01,0
MrihzTWrnXBOK-ItJhoR8-07:00:00,SYN_103096,128,07:12:24,07:12:39,0
MrihzTWrnXBOK-ItJhoR8-07:00:00,SYN_103097,129,07:12:01,07:12:16,0
MrihzTWrnXBOK-ItJhoR8-07:00:00,SYN_103098,130,07:11:39,07:11:54,0
MrihzTWrnXBOK-ItJhoR8-07:00:00,SYN_103099,131,07:11:17,07:11:32,0
MrihzTWrnXBOK-ItJhoR8-07:00:00,SYN_103100,132,07:10:54,07:11:09,0
MrihzTWrnXBOK-ItJhoR8-07:00:00,SYN_103101,133,07:10:32,07:10:47,0
MrihzTWrnXBOK-ItJhoR8-07:00:00,SYN_103102,134,07:10:09,07:10:24,0
MrihzTWrnXBOK-ItJhoR8-07:00:00,SYN_103103,135,07:09:47,07:10:02,0
MrihzTWrnXBOK-ItJhoR8-07:00:00,SYN_103104,136,07:09:24,07:09:39,0
MrihzTWrnXBOK-ItJhoR8-07:00:00,SYN_103105,137,07:09:02,07:09:17,0
MrihzTWrnXBOK-ItJhoR8-07:00:00,SYN_103106,138,07:08:39,07:08:54,0
MrihzTWrnXBOK-ItJhoR8-07:00:00,SYN_103107,139,07:08:17,07:08:32,0
MrihzTWrnXBOK-ItJhoR8-07:00:00,SYN_103108,140,07:07:54,07:08:09,0
MrihzTWrnXBOK-ItJhoR8-07:00:00,SYN_103109,141,07:07:32,07:07:47,0
MrihzTWrnXBOK-ItJhoR8-07:00:00,SYN_103110,142,07:07:10,07:07:25,0
MrihzTWrnXBOK-ItJhoR8-07:00:00,SYN_103111,143,07:06:47,07:07:02,0
MrihzTWrnXBOK-ItJhoR8-07:00:00,SYN_103112,144,07:06:25,07:06:40,0
MrihzTWrnXBOK-ItJhoR8-07:00:00,SYN_103113,145,07:06:02,07:06:17,0
MrihzTWrnXBOK-ItJhoR8-07:00:00,SYN_103114,146,07:05:40,07:05:55,0
MrihzTWrnXBOK-ItJhoR8-07:00:00,SYN_103115,147,07:05:17,07:05:32,0
MrihzTWrnXBOK-ItJhoR8-07:00:00,SYN_103116,148,07:04:55,07:05:10,0
MrihzTWrnXBOK-ItJhoR8-07:00:00,SYN_103117,149,07:04:32,07:04:47,0
MrihzTWrnXBOK-ItJhoR8-07:00:00,SYN_103118,150,07:04:10,07:04:25,0
MrihzTWrnXBOK-ItJhoR8-07:00:00,SYN_103119,151,07:03:47,07:04:02,0
MrihzTWrnXBOK-ItJhoR8-07:00:00,SYN_103120,152,07:03:25,07:03:40,0
MrihzTWrnXBOK-ItJhoR8-07:00:00,SYN_103121,153,07:03:03,07:03:18,0
MrihzTWrnXBOK-ItJhoR8-07:00:00,SYN_103122,154,07:02:40,07:02:55,0
MrihzTWrnXBOK-ItJhoR8-07:00:00,SYN_103123,155,07:02:18,07:02:33,0
MrihzTWrnXBOK-ItJhoR8-07:00:00,SYN_103124,156,07:01:55,07:02:10,0
MrihzTWrnXBOK-ItJhoR8-07:00:00,SYN_103125,157,07:01:33,07:01:48,0
MrihzTWrnXBOK-ItJhoR8-07:00:00,SYN_103126,158,07:01:10,07:01:25,0
MrihzTWrnXBOK-ItJhoR8-07:00:00,SYN_103127,159,07:00:48,07:01:03,0
MrihzTWrnXBOK-ItJhoR8-07:00:00,SYN_103128,160,07:00:25,07:00:40,0
MrihzTWrnXBOK-ItJhoR8-07:00:00,SYN_103129,161,07:00:03,07:00:18,0
fdkp3odv3VaA2gaEksu3i-07:00:00,SYN_103132,0,07:00:07,07:00:22,0
fdkp3odv3VaA2gaEksu3i-07:00:00,SYN_103133,1,07:00:28,07:00:43,0
fdkp3odv3VaA2gaEksu3i-07:00:00,SYN_103134,2,07:00:50,07:01:05,0
fdkp3odv3VaA2gaEksu3i-07:00:00,SYN_103135,3,07:01:11,07:01:26,0
fdkp3odv3VaA2gaEksu3i-07:00:00,SYN_103136,4,07:01:32,07:01:47,0
fdkp3odv3VaA2gaEksu3i-07:00:00,SYN_103137,5,07:01:53,07:02:08,0
fdkp3odv3VaA2gaEksu3i-07:00:00,SYN_103138,6,07:02:15,07:02:30,0
fdkp3odv3VaA2gaEksu3i-07:00:00,SYN_103139,7,07:02:36,07:02:51,0
fdkp3odv3VaA2gaEksu3i-07:00:00,SYN_103140,8,07:03:03,07:03:18,0
fdkp3odv3VaA2gaEksu3i-07:00:00,SYN_103141,9,07:03:39,07:03:54,0
fdkp3odv3VaA2gaEksu3i-07:00:00,SYN_103142,10,07:03:49,07:04:04,0
fdkp3odv3VaA2gaEksu3i-07:00:00,SYN_103143,11,07:03:57,07:04:12,0
fdkp3odv3VaA2gaEksu3i-07:00:00,SYN_103144,12,07:04:06,07:04:21,0
fdkp3odv3VaA2gaEksu3i-07:00:00,SYN_103145,13,07:04:14,07:04:29,0
fdkp3odv3VaA2gaEksu3i-07:00:00,SYN_103146,14,07:04:22,07:04:37,0
fdkp3odv3VaA2gaEksu3i-07:00:00,SYN_103147,15,07:04:30,07:04:45,0
fdkp3odv3VaA2gaEksu3i-07:00:00,SYN_103148,16,07:04:38,07:04:53,0
fdkp3odv3VaA2gaEksu3i-07:00:00,SYN_103149,17,07:04:47,07:05:02,0
fdkp3odv3VaA2gaEksu3i-07:00:00,SYN_103150,18,07:04:55,07:05:10,0
fdkp3odv3VaA2gaEksu3i-07:00:00,SYN_103151,19,07:05:03,07:05:18,0
fdkp3odv3VaA2gaEksu3i-07:00:00,SYN_103152,20,07:05:11,07:05:26,0
fdkp3odv3VaA2gaEksu3i-07:00:00,SYN_103153,21,07:05:19,07:05:34,0
fdkp3odv3VaA2gaEksu3i-07:00:00,SYN_103154,22,07:05:28,07:05:43,0
fdkp3odv3VaA2gaEksu3i-07:00:00,SYN_103155,23,07:05:36,07:05:51,0
fdkp3odv3VaA2gaEksu3i-07:00:00,SYN_103156,24,07:05:44,07:05:59,0
fdkp3odv3VaA2gaEksu3i-07:00:00,SYN_103157,25,07:05:52,07:06:07,0
fdkp3odv3VaA2gaEksu3i-07:00:00,SYN_103158,26,07:06:01,07:06:16,0
fdkp3odv3VaA2gaEksu3i-07:00:00,SYN_103159,27,07:06:09,07:06:24,0
fdkp3odv3VaA2gaEksu3i-07:00:00,SYN_103160,28,07:06:17,07:06:32,0
fdkp3odv3VaA2gaEksu3i-07:00:00,SYN_103161,29,07:06:25,07:06:40,0
fdkp3odv3VaA2gaEksu3i-07:00:00,SYN_103162,30,07:06:33,07:06:48,0
fdkp3odv3VaA2gaEksu3i-07:00:00,SYN_103163,31,07:06:42,07:06:57,0
fdkp3odv3VaA2gaEksu3i-07:00:00,SYN_103164,32,07:06:50,07:07:05,0
fdkp3odv3VaA2gaEksu3i-07:00:00,SYN_103165,33,07:06:58,07:07:13,0
fdkp3odv3VaA2gaEksu3i-07:00:00,SYN_103166,34,07:07:06,07:07:21,0
fdkp3odv3VaA2gaEksu3i-07:00:00,SYN_103167,35,07:07:16,07:07:31,0
fdkp3odv3VaA2gaEksu3i-07:00:00,SYN_103168,36,07:07:26,07:07:41,0
fdkp3odv3VaA2gaEksu3i-07:00:00,SYN_103169,37,07:07:35,07:07:50,0
fdkp3odv3VaA2gaEksu3i-07:00:00,SYN_103170,38,07:07:45,07:08:00,0
fdkp3odv3VaA2gaEksu3i-07:00:00,SYN_103171,39,07:07:54,07:08:09,0
fdkp3odv3VaA2gaEksu3i-07:00:00,SYN_103172,40,07:08:04,07:08:19,0
fdkp3odv3VaA2gaEksu3i-07:00:00,SYN_103173,41,07:08:13,07:08:28,0
fdkp3odv3VaA2gaEksu3i-07:00:00,SYN_103174,42,07:08:23,07:08:38,0
fdkp3odv3VaA2gaEksu3i-07:00:00,SYN_103175,43,07:08:32,07:08:47,0
fdkp3odv3VaA2gaEksu3i-07:00:00,SYN_103176,44,07:08:42,07:08:57,0
fdkp3odv3VaA2gaEksu3i-07:00:00,SYN_103177,45,07:08:51,07:09:06,0
fdkp3odv3VaA2gaEksu3i-07:00:00,SYN_103178,46,07:09:01,07:09:16,0
fdkp3odv3VaA2gaEksu3i-07:00:00,SYN_103179,47,07:09:10,07:09:25,0
fdkp3odv3VaA2gaEksu3i-07:00:00,SYN_103180,48,07:09:20,07:09:35,0
fdkp3odv3VaA2gaEksu3i-07:00:00,SYN_103181,49,07:09:30,07:09:45,0
fdkp3odv3VaA2gaEksu3i-07:00:00,SYN_103182,50,07:09:41,07:09:56,0
fdkp3odv3VaA2gaEksu3i-07:00:00,SYN_103183,51,07:09:52,07:10:07,0
fdkp3odv3VaA2gaEksu3i-07:00:00,SYN_103184,52,07:10:03,07:10:18,0
fdkp3odv3VaA2gaEksu3i-07:00:00,SYN_103185,53,07:10:14,07:10:29,0
fdkp3odv3VaA2gaEksu3i-07:00:00,SYN_103186,54,07:10:26,07:10:41,0
fdkp3odv3VaA2gaEksu3i-07:00:00,SYN_103187,55,07:10:37,07:10:52,0
fdkp3odv3VaA2gaEksu3i-07:00:00,SYN_103188,56,07:10:48,07:11:03,0
fdkp3odv3VaA2gaEksu3i-07:00:00,SYN_103189,57,07:10:59,07:11:14,0
fdkp3odv3VaA2gaEksu3i-07:00:00,SYN_103190,58,07:11:16,07:11:31,0
fdkp3odv3VaA2gaEksu3i-07:00:00,SYN_103191,59,07:11:36,07:11:51,0
fdkp3odv3VaA2gaEksu3i-07:00:00,SYN_103192,60,07:11:57,07:12:12,0
fdkp3odv3VaA2gaEksu3i-07:00:00,SYN_103193,61,07:12:18,07:12:33,0
fdkp3odv3VaA2gaEksu3i-07:00:00,SYN_103194,62,07:12:39,07:12:54,0
fdkp3odv3VaA2gaEksu3i-07:00:00,SYN_103195,63,07:12:59,07:13:14,0
fdkp3odv3VaA2gaEksu3i-07:00:00,SYN_103196,64,07:13:20,07:13:35,0
fdkp3odv3VaA2gaEksu3i-07:00:00,SYN_103197,65,07:13:41,07:13:56,0
fdkp3odv3VaA2gaEksu3i-07:00:00,SYN_103198,66,07:14:01,07:14:16,0
fdkp3odv3VaA2gaEksu3i-07:00:00,SYN_103199,67,07:14:22,07:14:37,0
fdkp3odv3VaA2gaEksu3i-07:00:00,SYN_103200,68,07:14:43,07:14:58,0
fdkp3odv3VaA2gaEksu3i-07:00:00,SYN_103201,69,07:15:04,07:15:19,0
fdkp3odv3VaA2gaEksu3i-07:00:00,SYN_103202,70,07:15:24,07:15:39,0
fdkp3odv3VaA2gaEksu3i-07:00:00,SYN_103203,71,07:15:45,07:16:00,0
fdkp3odv3VaA2gaEksu3i-07:00:00,SYN_103204,72,07:16:06,07:16:21,0
fdkp3odv3VaA2gaEksu3i-07:00:00,SYN_103205,73,07:16:26,07:16:41,0
fdkp3odv3VaA2gaEksu3i-07:00:00,SYN_103206,74,07:16:47,07:17:02,0
fdkp3odv3VaA2gaEksu3i-07:00:00,SYN_103207,75,07:17:08,07:17:23,0
fdkp3odv3VaA2gaEksu3i-07:00:00,SYN_103208,76,07:17:29,07:17:44,0
fdkp3odv3VaA2gaEksu3i-07:00:00,SYN_103209,77,07:17:49,07:18:04,0
fdkp3odv3VaA2gaEksu3i-07:00:00,SYN_103210,78,07:18:10,07:18:25,0
fdkp3odv3VaA2gaEksu3i-07:00:00,SYN_103211,79,07:18:31,07:18:46,0
fdkp3odv3VaA2gaEksu3i-07:00:00,SYN_103212,80,07:18:51,07:19:06,0
fdkp3odv3VaA2gaEksu3i-07:00:00,SYN_103213,81,07:19:12,07:19:27,0
fdkp3odv3VaA2gaEksu3i-07:00:00,SYN_103214,82,07:19:33,07:19:48,0
fdkp3odv3VaA2gaEksu3i-07:00:00,SYN_103215,83,07:19:54,07:20:09,0
fdkp3odv3VaA2gaEksu3i-07:00:00,SYN_103216,84,07:20:14,07:20:29,0
fdkp3odv3VaA2gaEksu3i-07:00:00,SYN_103217,85,07:20:35,07:20:50,0
fdkp3odv3VaA2gaEksu3i-07:00:00,SYN_103218,86,07:20:55,07:21:10,0
fdkp3odv3VaA2gaEksu3i-07:00:00,SYN_103219,87,07:21:16,07:21:31,0
fdkp3odv3VaA2gaEksu3i-07:00:00,SYN_103220,88,07:21:36,07:21:51,0
fdkp3odv3VaA2gaEksu3i-07:00:00,SYN_103221,89,07:21:56,07:22:11,0
fdkp3odv3VaA2gaEksu3i-07:00:00,SYN_103222,90,07:22:17,07:22:32,0
fdkp3odv3VaA2gaEksu3i-07:00:00,SYN_103223,91,07:22:37,07:22:52,0
fdkp3odv3VaA2gaEksu3i-07:00:00,SYN_103224,92,07:22:57,07:23:12,0
fdkp3odv3VaA2gaEksu3i-07:00:00,SYN_103225,93,07:23:18,07:23:33,0
fdkp3odv3VaA2gaEksu3i-07:00:00,SYN_103226,94,07:23:38,07:23:53,0
fdkp3odv3VaA2gaEksu3i-07:00:00,SYN_103227,95,07:23:58,07:24:13,0
fdkp3odv3VaA2gaEksu3i-07:00:00,SYN_103228,96,07:24:19,07:24:34,0
fdkp3odv3VaA2gaEksu3i-07:00:00,SYN_103229,97,07:24:39,07:24:54,0
fdkp3odv3VaA2gaEksu3i-07:00:00,SYN_103230,98,07:24:59,07:25:14,0
fdkp3odv3VaA2gaEksu3i-07:00:00,SYN_103231,99,07:25:19,07:25:34,0
fdkp3odv3VaA2gaEksu3i-07:00:00,SYN_103232,100,07:25:40,07:25:55,0
fdkp3odv3VaA2gaEksu3i-07:00:00,SYN_103233,101,07:26:00,07:26:15,0
fdkp3odv3VaA2gaEksu3i-07:00:00,SYN_103234,102,07:26:20,07:26:35,0
fdkp3odv3VaA2gaEksu3i-07:00:00,SYN_103235,103,07:26:41,07:26:56,0
fdkp3odv3VaA2gaEksu3i-07:00:00,SYN_103236,104,07:27:01,07:27:16,0
fdkp3odv3VaA2gaEksu3i-07:00:00,SYN_103237,105,07:27:21,07:27:36,0
fdkp3odv3VaA2gaEksu3i-07:00:00,SYN_103238,106,07:27:42,07:27:57,0
fdkp3odv3VaA2gaEksu3i-07:00:00,SYN_103239,107,07:28:02,07:28:17,0
fdkp3odv3VaA2gaEksu3i-07:00:00,SYN_103240,108,07:28:17,07:28:32,0
fdkp3odv3VaA2gaEksu3i-07:00:00,SYN_103241,109,07:28:32,07:28:47,0
fdkp3odv3VaA2gaEksu3i-07:00:00,SYN_103242,110,07:28:47,07:29:02,0
fdkp3odv3VaA2gaEksu3i-07:00:00,SYN_103243,111,07:29:02,07:29:17,0
fdkp3odv3VaA2gaEksu3i-07:00:00,SYN_103244,112,07:29:17,07:29:32,0
fdkp3odv3VaA2gaEksu3i-07:00:00,SYN_103245,113,07:29:32,07:29:47,0
fdkp3odv3VaA2gaEksu3i-07:00:00,SYN_103246,114,07:29:47,07:30:02,0
fdkp3odv3VaA2gaEksu3i-07:00:00,SYN_103247,115,07:30:02,07:30:17,0
fdkp3odv3VaA2gaEksu3i-07:00:00,SYN_103248,116,07:30:17,07:30:32,0
fdkp3odv3VaA2gaEksu3i-07:00:00,SYN_103249,117,07:30:32,07:30:47,0
fdkp3odv3VaA2gaEksu3i-07:00:00,SYN_103250,118,07:30:46,07:31:01,0
fdkp3odv3VaA2gaEksu3i-07:00:00,SYN_103251,119,07:31:15,07:31:30,0
fdkp3odv3VaA2gaEksu3i-07:00:00,SYN_103252,120,07:31:46,07:32:01,0
fdkp3odv3VaA2gaEksu3i-07:00:00,SYN_103253,121,07:32:18,07:32:33,0
fdkp3odv3VaA2gaEksu3i-07:00:00,SYN_103254,122,07:32:50,07:33:05,0
fdkp3odv3VaA2gaEksu3i-07:00:00,SYN_103255,123,07:33:22,07:33:37,0
fdkp3odv3VaA2gaEksu3i-07:00:00,SYN_103256,124,07:33:54,07:34:09,0
fdkp3odv3VaA2gaEksu3i-07:00:00,SYN_103257,125,07:34:25,07:34:40,0
fdkp3odv3VaA2gaEksu3i-07:00:00,SYN_103258,126,07:34:57,07:35:12,0
fdkp3odv3VaA2gaEksu3i-07:00:00,SYN_103259,127,07:35:29,07:35:44,0
fdkp3odv3VaA2gaEksu3i-07:00:00,SYN_103260,128,07:36:02,07:36:17,0
fdkp3odv3VaA2gaEksu3i-07:00:00,SYN_103261,129,07:36:36,07:36:51,0
fdkp3odv3VaA2gaEksu3i-07:00:00,SYN_103262,130,07:37:10,07:37:25,0
fdkp3odv3VaA2gaEksu3i-07:00:00,SYN_103263,131,07:37:44,07:37:59,0
fdkp3odv3VaA2gaEksu3i-07:00:00,SYN_103264,132,07:38:18,07:38:33,0
fdkp3odv3VaA2gaEksu3i-07:00:00,SYN_103265,133,07:38:51,07:39:06,0
fdkp3odv3VaA2gaEksu3i-07:00:00,SYN_103266,134,07:39:22,07:39:37,0
fdkp3odv3VaA2gaEksu3i-07:00:00,SYN_103267,135,07:39:54,07:40:09,0
fdkp3odv3VaA2gaEksu3i-07:00:00,SYN_103268,136,07:41:13,07:41:28,0
fdkp3odv3VaA2gaEksu3i-07:00:00,SYN_103269,137,07:42:52,07:43:07,0
fdkp3odv3VaA2gaEksu3i-07:00:00,SYN_103270,138,07:44:30,07:44:45,0
fdkp3odv3VaA2gaEksu3i-07:00:00,SYN_103271,139,07:46:08,07:46:23,0
fdkp3odv3VaA2gaEksu3i-07:00:00,SYN_103272,140,07:47:46,07:48:01,0
fdkp3odv3VaA2gaEksu3i-07:00:00,SYN_103273,141,07:49:24,07:49:39,0
fdkp3odv3VaA2gaEksu3i-07:00:00,SYN_103274,142,07:51:03,07:51:18,0
fdkp3odv3VaA2gaEksu3i-07:00:00,SYN_103275,143,07:52:41,07:52:56,0
fdkp3odv3VaA2gaEksu3i-07:00:00,SYN_103276,144,07:54:19,07:54:34,0
fdkp3odv3VaA2gaEksu3i-07:00:00,SYN_103277,145,07:55:57,07:56:12,0
fdkp3odv3VaA2gaEksu3i-07:00:00,SYN_103278,146,07:57:35,07:57:50,0
fdkp3odv3VaA2gaEksu3i-07:00:00,SYN_103279,147,07:59:13,07:59:28,0
fdkp3odv3VaA2gaEksu3i-07:00:00,SYN_103280,148,08:00:52,08:01:07,0
fdkp3odv3VaA2gaEksu3i-07:00:00,SYN_103281,149,08:02:30,08:02:45,0
fdkp3odv3VaA2gaEksu3i-07:00:00,SYN_103282,150,08:04:08,08:04:23,0
fdkp3odv3VaA2gaEksu3i-07:00:00,SYN_103283,151,08:05:46,08:06:01,0
fdkp3odv3VaA2gaEksu3i-07:00:00,SYN_103284,152,08:07:24,08:07:39,0
fdkp3odv3VaA2gaEksu3i-07:00:00,SYN_103285,153,08:09:02,08:09:17,0
fdkp3odv3VaA2gaEksu3i-07:00:00,SYN_103286,154,08:10:41,08:10:56,0
fdkp3odv3VaA2gaEksu3i-07:00:00,SYN_103287,155,08:12:19,08:12:34,0
iHxp5k-_O7q56ncOSt9aW-07:00:00,SYN_103132,0,07:55:48,07:56:03,0
iHxp5k-_O7q56ncOSt9aW-07:00:00,SYN_103133,1,07:55:26,07:55:41,0
iHxp5k-_O7q56ncOSt9aW-07:00:00,SYN_103134,2,07:55:05,07:55:20,0
iHxp5k-_O7q56ncOSt9aW-07:00:00,SYN_103135,3,07:54:43,07:54:58,0
iHxp5k-_O7q56ncOSt9aW-07:00:00,SYN_103136,4,07:54:22,07:54:37,0
iHxp5k-_O7q56ncOSt9aW-07:00:00,SYN_103137,5,07:54:00,07:54:15,0
iHxp5k-_O7q56ncOSt9aW-07:00:00,SYN_103138,6,07:53:39,07:53:54,0
iHxp5k-_O7q56ncOSt9aW-07:00:00,SYN_103139,7,07:53:17,07:53:32,0
iHxp5k-_O7q56ncOSt9aW-07:00:00,SYN_103140,8,07:52:56,07:53:11,0
iHxp5k-_O7q56ncOSt9aW-07:00:00,SYN_103141,9,07:52:34,07:52:49,0
iHxp5k-_O7q56ncOSt9aW-07:00:00,SYN_103142,10,07:52:13,07:52:28,0
iHxp5k-_O7q56ncOSt9aW-07:00:00,SYN_103143,11,07:51:51,07:52:06,0
iHxp5k-_O7q56ncOSt9aW-07:00:00,SYN_103144,12,07:51:29,07:51:44,0
iHxp5k-_O7q56ncOSt9aW-07:00:00,SYN_103145,13,07:51:08,07:51:23,0
iHxp5k-_O7q56ncOSt9aW-07:00:00,SYN_103146,14,07:50:46,07:51:01,0
iHxp5k-_O7q56ncOSt9aW-07:00:00,SYN_103147,15,07:50:25,07:50:40,0
iHxp5k-_O7q56ncOSt9aW-07:00:00,SYN_103148,16,07:50:03,07:50:18,0
iHxp5k-_O7q56ncOSt9aW-07:00:00,SYN_103149,17,07:49:42,07:49:57,0
iHxp5k-_O7q56ncOSt9aW-07:00:00,SYN_103150,18,07:49:20,07:49:35,0
iHxp5k-_O7q56ncOSt9aW-07:00:00,SYN_103151,19,07:48:59,07:49:14,0
iHxp5k-_O7q56ncOSt9aW-07:00:00,SYN_103152,20,07:48:37,07:48:52,0
iHxp5k-_O7q56ncOSt9aW-07:00:00,SYN_103153,21,07:48:16,07:48:31,0
iHxp5k-_O7q56ncOSt9aW-07:00:00,SYN_103154,22,07:47:54,07:48:09,0
iHxp5k-_O7q56ncOSt9aW-07:00:00,SYN_103155,23,07:47:33,07:47:48,0
iHxp5k-_O7q56ncOSt9aW-07:00:00,SYN_103156,24,07:47:11,07:47:26,0
iHxp5k-_O7q56ncOSt9aW-07:00:00,SYN_103157,25,07:46:50,07:47:05,0
iHxp5k-_O7q56ncOSt9aW-07:00:00,SYN_103158,26,07:46:28,07:46:43,0
iHxp5k-_O7q56ncOSt9aW-07:00:00,SYN_103159,27,07:46:06,07:46:21,0
iHxp5k-_O7q56ncOSt9aW-07:00:00,SYN_103160,28,07:45:45,07:46:00,0
iHxp5k-_O7q56ncOSt9aW-07:00:00,SYN_103161,29,07:45:23,07:45:38,0
iHxp5k-_O7q56ncOSt9aW-07:00:00,SYN_103162,30,07:45:02,07:45:17,0
iHxp5k-_O7q56ncOSt9aW-07:00:00,SYN_103163,31,07:44:40,07:44:55,0
iHxp5k-_O7q56ncOSt9aW-07:00:00,SYN_103164,32,07:44:19,07:44:34,0
iHxp5k-_O7q56ncOSt9aW-07:00:00,SYN_103165,33,07:43:57,07:44:12,0
iHxp5k-_O7q56ncOSt9aW-07:00:00,SYN_103166,34,07:43:36,07:43:51,0
iHxp5k-_O7q56ncOSt9aW-07:00:00,SYN_103167,35,07:43:14,07:43:29,0
iHxp5k-_O7q56ncOSt9aW-07:00:00,SYN_103168,36,07:42:53,07:43:08,0
iHxp5k-_O7q56ncOSt9aW-07:00:00,SYN_103169,37,07:42:31,07:42:46,0
iHxp5k-_O7q56ncOSt9aW-07:00:00,SYN_103170,38,07:42:10,07:42:25,0
iHxp5k-_O7q56ncOSt9aW-07:00:00,SYN_103171,39,07:41:48,07:42:03,0
iHxp5k-_O7q56ncOSt9aW-07:00:00,SYN_103172,40,07:41:27,07:41:42,0
iHxp5k-_O7q56ncOSt9aW-07:00:00,SYN_103173,41,07:41:05,07:41:20,0
iHxp5k-_O7q56ncOSt9aW-07:00:00,SYN_103174,42,07:40:43,07:40:58,0
iHxp5k-_O7q56ncOSt9aW-07:00:00,SYN_103175,43,07:40:22,07:40:37,0
iHxp5k-_O7q56ncOSt9aW-07:00:00,SYN_103176,44,07:40:00,07:40:15,0
iHxp5k-_O7q56ncOSt9aW-07:00:00,SYN_103177,45,07:39:39,07:39:54,0
iHxp5k-_O7q56ncOSt9aW-07:00:00,SYN_103178,46,07:39:17,07:39:32,0
iHxp5k-_O7q56ncOSt9aW-07:00:00,SYN_103179,47,07:38:56,07:39:11,0
iHxp5k-_O7q56ncOSt9aW-07:00:00,SYN_103180,48,07:38:34,07:38:49,0
iHxp5k-_O7q56ncOSt9aW-07:00:00,SYN_103181,49,07:38:13,07:38:28,0
iHxp5k-_O7q56ncOSt9aW-07:00:00,SYN_103182,50,07:37:51,07:38:06,0
iHxp5k-_O7q56ncOSt9aW-07:00:00,SYN_103183,51,07:37:30,07:37:45,0
iHxp5k-_O7q56ncOSt9aW-07:00:00,SYN_103184,52,07:37:08,07:37:23,0
iHxp5k-_O7q56ncOSt9aW-07:00:00,SYN_103185,53,07:36:47,07:37:02,0
iHxp5k-_O7q56ncOSt9aW-07:00:00,SYN_103186,54,07:36:25,07:36:40,0
iHxp5k-_O7q56ncOSt9aW-07:00:00,SYN_103187,55,07:36:04,07:36:19,0
iHxp5k-_O7q56ncOSt9aW-07:00:00,SYN_103188,56,07:35:42,07:35:57,0
iHxp5k-_O7q56ncOSt9aW-07:00:00,SYN_103189,57,07:35:20,07:35:35,0
iHxp5k-_O7q56ncOSt9aW-07:00:00,SYN_103190,58,07:34:59,07:35:14,0
iHxp5k-_O7q56ncOSt9aW-07:00:00,SYN_103191,59,07:34:37,07:34:52,0
iHxp5k-_O7q56ncOSt9aW-07:00:00,SYN_103192,60,07:34:16,07:34:31,0
iHxp5k-_O7q56ncOSt9aW-07:00:00,SYN_103193,61,07:33:54,07:34:09,0
iHxp5k-_O7q56ncOSt9aW-07:00:00,SYN_103194,62,07:33:33,07:33:48,0
iHxp5k-_O7q56ncOSt9aW-07:00:00,SYN_103195,63,07:33:11,07:33:26,0
iHxp5k-_O7q56ncOSt9aW-07:00:00,SYN_103196,64,07:32:50,07:33:05,0
iHxp5k-_O7q56ncOSt9aW-07:00:00,SYN_103197,65,07:32:28,07:32:43,0
iHxp5k-_O7q56ncOSt9aW-07:00:00,SYN_103198,66,07:32:07,07:32:22,0
iHxp5k-_O7q56ncOSt9aW-07:00:00,SYN_103199,67,07:31:45,07:32:00,0
iHxp5k-_O7q56ncOSt9aW-07:00:00,SYN_103200,68,07:31:24,07:31:39,0
iHxp5k-_O7q56ncOSt9aW-07:00:00,SYN_103201,69,07:31:02,07:31:17,0
iHxp5k-_O7q56ncOSt9aW-07:00:00,SYN_103202,70,07:30:41,07:30:56,0
iHxp5k-_O7q56ncOSt9aW-07:00:00,SYN_103203,71,07:30:19,07:30:34,0
iHxp5k-_O7q56ncOSt9aW-07:00:00,SYN_103204,72,07:29:58,07:30:13,0
iHxp5k-_O7q56ncOSt9aW-07:00:00,SYN_103205,73,07:29:36,07:29:51,0
iHxp5k-_O7q56ncOSt9aW-07:00:00,SYN_103206,74,07:29:14,07:29:29,0
iHxp5k-_O7q56ncOSt9aW-07:00:00,SYN_103207,75,07:28:53,07:29:08,0
iHxp5k-_O7q56ncOSt9aW-07:00:00,SYN_103208,76,07:28:31,07:28:46,0
iHxp5k-_O7q56ncOSt9aW-07:00:00,SYN_103209,77,07:28:10,07:28:25,0
iHxp5k-_O7q56ncOSt9aW-07:00:00,SYN_103210,78,07:27:48,07:28:03,0
iHxp5k-_O7q56ncOSt9aW-07:00:00,SYN_103211,79,07:27:27,07:27:42,0
iHxp5k-_O7q56ncOSt9aW-07:00:00,SYN_103212,80,07:27:05,07:27:20,0
iHxp5k-_O7q56ncOSt9aW-07:00:00,SYN_103213,81,07:26:44,07:26:59,0
iHxp5k-_O7q56ncOSt9aW-07:00:00,SYN_103214,82,07:26:22,07:26:37,0
iHxp5k-_O7q56ncOSt9aW-07:00:00,SYN_103215,83,07:26:01,07:26:16,0
iHxp5k-_O7q56ncOSt9aW-07:00:00,SYN_103216,84,07:25:39,07:25:54,0
iHxp5k-_O7q56ncOSt9aW-07:00:00,SYN_103217,85,07:25:18,07:25:33,0
iHxp5k-_O7q56ncOSt9aW-07:00:00,SYN_103218,86,07:24:56,07:25:11,0
iHxp5k-_O7q56ncOSt9aW-07:00:00,SYN_103219,87,07:24:35,07:24:50,0
iHxp5k-_O7q56ncOSt9aW-07:00:00,SYN_103220,88,07:24:13,07:24:28,0
iHxp5k-_O7q56ncOSt9aW-07:00:00,SYN_103221,89,07:23:51,07:24:06,0
iHxp5k-_O7q56ncOSt9aW-07:00:00,SYN_103222,90,07:23:30,07:23:45,0
iHxp5k-_O7q56ncOSt9aW-07:00:00,SYN_103223,91,07:23:08,07:23:23,0
iHxp5k-_O7q56ncOSt9aW-07:00:00,SYN_103224,92,07:22:47,07:23:02,0
iHxp5k-_O7q56ncOSt9aW-07:00:00,SYN_103225,93,07:22:25,07:22:40,0
iHxp5k-_O7q56ncOSt9aW-07:00:00,SYN_103226,94,07:22:04,07:22:19,0
iHxp5k-_O7q56ncOSt9aW-07:00:00,SYN_103227,95,07:21:42,07:21:57,0
iHxp5k-_O7q56ncOSt9aW-07:00:00,SYN_103228,96,07:21:21,07:21:36,0
iHxp5k-_O7q56ncOSt9aW-07:00:00,SYN_103229,97,07:20:59,07:21:14,0
iHxp5k-_O7q56ncOSt9aW-07:00:00,SYN_103230,98,07:20:38,07:20:53,0
iHxp5k-_O7q56ncOSt9aW-07:00:00,SYN_103231,99,07:20:16,07:20:31,0
iHxp5k-_O7q56ncOSt9aW-07:00:00,SYN_103232,100,07:19:55,07:20:10,0
iHxp5k-_O7q56ncOSt9aW-07:00:00,SYN_103233,101,07:19:33,07:19:48,0
iHxp5k-_O7q56ncOSt9aW-07:00:00,SYN_103234,102,07:19:12,07:19:27,0
iHxp5k-_O7q56ncOSt9aW-07:00:00,SYN_103235,103,07:18:50,07:19:05,0
iHxp5k-_O7q56ncOSt9aW-07:00:00,SYN_103236,104,07:18:28,07:18:43,0
iHxp5k-_O7q56ncOSt9aW-07:00:00,SYN_103237,105,07:18:07,07:18:22,0
iHxp5k-_O7q56ncOSt9aW-07:00:00,SYN_103238,106,07:17:45,07:18:00,0
iHxp5k-_O7q56ncOSt9aW-07:00:00,SYN_103239,107,07:17:24,07:17:39,0
iHxp5k-_O7q56ncOSt9aW-07:00:00,SYN_103240,108,07:17:02,07:17:17,0
iHxp5k-_O7q56ncOSt9aW-07:00:00,SYN_103241,109,07:16:41,07:16:56,0
iHxp5k-_O7q56ncOSt9aW-07:00:00,SYN_103242,110,07:16:19,07:16:34,0
iHxp5k-_O7q56ncOSt9aW-07:00:00,SYN_103243,111,07:15:58,07:16:13,0
iHxp5k-_O7q56ncOSt9aW-07:00:00,SYN_103244,112,07:15:36,07:15:51,0
iHxp5k-_O7q56ncOSt9aW-07:00:00,SYN_103245,113,07:15:15,07:15:30,0
iHxp5k-_O7q56ncOSt9aW-07:00:00,SYN_103246,114,07:14:53,07:15:08,0
iHxp5k-_O7q56ncOSt9aW-07:00:00,SYN_103247,115,07:14:32,07:14:47,0
iHxp5k-_O7q56ncOSt9aW-07:00:00,SYN_103248,116,07:14:10,07:14:25,0
iHxp5k-_O7q56ncOSt9aW-07:00:00,SYN_103249,117,07:13:49,07:14:04,0
iHxp5k-_O7q56ncOSt9aW-07:00:00,SYN_103250,118,07:13:27,07:13:42,0
iHxp5k-_O7q56ncOSt9aW-07:00:00,SYN_103251,119,07:13:05,07:13:20,0
iHxp5k-_O7q56ncOSt9aW-07:00:00,SYN_103252,120,07:12:44,07:12:59,0
iHxp5k-_O7q56ncOSt9aW-07:00:00,SYN_103253,121,07:12:22,07:12:37,0
iHxp5k-_O7q56ncOSt9aW-07:00:00,SYN_103254,122,07:12:01,07:12:16,0
iHxp5k-_O7q56ncOSt9aW-07:00:00,SYN_103255,123,07:11:39,07:11:54,0
iHxp5k-_O7q56ncOSt9aW-07:00:00,SYN_103256,124,07:11:18,07:11:33,0
iHxp5k-_O7q56ncOSt9aW-07:00:00,SYN_103257,125,07:10:56,07:11:11,0
iHxp5k-_O7q56ncOSt9aW-07:00:00,SYN_103258,126,07:10:35,07:10:50,0
iHxp5k-_O7q56ncOSt9aW-07:00:00,SYN_103259,127,07:10:13,07:10:28,0
iHxp5k-_O7q56ncOSt9aW-07:00:00,SYN_103260,128,07:09:52,07:10:07,0
iHxp5k-_O7q56ncOSt9aW-07:00:00,SYN_103261,129,07:09:30,07:09:45,0
iHxp5k-_O7q56ncOSt9aW-07:00:00,SYN_103262,130,07:09:09,07:09:24,0
iHxp5k-_O7q56ncOSt9aW-07:00:00,SYN_103263,131,07:08:47,07:09:02,0
iHxp5k-_O7q56ncOSt9aW-07:00:00,SYN_103264,132,07:08:26,07:08:41,0
iHxp5k-_O7q56ncOSt9aW-07:00:00,SYN_103265,133,07:08:04,07:08:19,0
iHxp5k-_O7q56ncOSt9aW-07:00:00,SYN_103266,134,07:07:43,07:07:58,0
iHxp5k-_O7q56ncOSt9aW-07:00:00,SYN_103267,135,07:07:21,07:07:36,0
iHxp5k-_O7q56ncOSt9aW-07:00:00,SYN_103268,136,07:06:59,07:07:14,0
iHxp5k-_O7q56ncOSt9aW-07:00:00,SYN_103269,137,07:06:38,07:06:53,0
iHxp5k-_O7q56ncOSt9aW-07:00:00,SYN_103270,138,07:06:16,07:06:31,0
iHxp5k-_O7q56ncOSt9aW-07:00:00,SYN_103271,139,07:05:55,07:06:10,0
iHxp5k-_O7q56ncOSt9aW-07:00:00,SYN_103272,140,07:05:33,07:05:48,0
iHxp5k-_O7q56ncOSt9aW-07:00:00,SYN_103273,141,07:05:12,07:05:27,0
iHxp5k-_O7q56ncOSt9aW-07:00:00,SYN_103274,142,07:04:50,07:05:05,0
iHxp5k-_O7q56ncOSt9aW-07:00:00,SYN_103275,143,07:04:29,07:04:44,0
iHxp5k-_O7q56ncOSt9aW-07:00:00,SYN_103276,144,07:04:07,07:04:22,0
iHxp5k-_O7q56ncOSt9aW-07:00:00,SYN_103277,145,07:03:46,07:04:01,0
iHxp5k-_O7q56ncOSt9aW-07:00:00,SYN_103278,146,07:03:24,07:03:39,0
iHxp5k-_O7q56ncOSt9aW-07:00:00,SYN_103279,147,07:03:03,07:03:18,0
iHxp5k-_O7q56ncOSt9aW-07:00:00,SYN_103280,148,07:02:41,07:02:56,0
iHxp5k-_O7q56ncOSt9aW-07:00:00,SYN_103281,149,07:02:20,07:02:35,0
iHxp5k-_O7q56ncOSt9aW-07:00:00,SYN_103282,150,07:01:58,07:02:13,0
iHxp5k-_O7q56ncOSt9aW-07:00:00,SYN_103283,151,07:01:36,07:01:51,0
iHxp5k-_O7q56ncOSt9aW-07:00:00,SYN_103284,152,07:01:15,07:01:30,0
iHxp5k-_O7q56ncOSt9aW-07:00:00,SYN_103285,153,07:00:53,07:01:08,0
iHxp5k-_O7q56ncOSt9aW-07:00:00,SYN_103286,154,07:00:32,07:00:47,0
iHxp5k-_O7q56ncOSt9aW-07:00:00,SYN_103287,155,07:00:10,07:00:25,0
GK-B6ExLThapIsC2LwCU5-07:00:00,SYN_103288,0,07:00:45,07:01:00,0
GK-B6ExLThapIsC2LwCU5-07:00:00,SYN_103289,1,07:01:44,07:01:59,0
GK-B6ExLThapIsC2LwCU5-07:00:00,SYN_103290,2,07:02:44,07:02:59,0
GK-B6ExLThapIsC2LwCU5-07:00:00,SYN_103291,3,07:03:43,07:03:58,0
GK-B6ExLThapIsC2LwCU5-07:00:00,SYN_103292,4,07:05:07,07:05:22,0
GK-B6ExLThapIsC2LwCU5-07:00:00,SYN_103293,5,07:06:31,07:06:46,0
GK-B6ExLThapIsC2LwCU5-07:00:00,SYN_103294,6,07:07:55,07:08:10,0
GK-B6ExLThapIsC2LwCU5-07:00:00,SYN_103295,7,07:08:41,07:08:56,0
GK-B6ExLThapIsC2LwCU5-07:00:00,SYN_103296,8,07:09:22,07:09:37,0
GK-B6ExLThapIsC2LwCU5-07:00:00,SYN_103297,9,07:10:03,07:10:18,0
GK-B6ExLThapIsC2LwCU5-07:00:00,SYN_103298,10,07:10:44,07:10:59,0
GK-B6ExLThapIsC2LwCU5-07:00:00,SYN_103299,11,07:11:25,07:11:40,0
GK-B6ExLThapIsC2LwCU5-07:00:00,SYN_103300,12,07:12:09,07:12:24,0
GK-B6ExLThapIsC2LwCU5-07:00:00,SYN_103301,13,07:12:59,07:13:14,0
GK-B6ExLThapIsC2LwCU5-07:00:00,SYN_103302,14,07:13:48,07:14:03,0
GK-B6ExLThapIsC2LwCU5-07:00:00,SYN_103303,15,07:14:38,07:14:53,0
LrAbpnGcNy8Ljz0FMNTPN-07:00:00,SYN_103288,0,07:17:24,07:17:39,0
LrAbpnGcNy8Ljz0FMNTPN-07:00:00,SYN_103289,1,07:16:14,07:16:29,0
LrAbpnGcNy8Ljz0FMNTPN-07:00:00,SYN_103290,2,07:15:05,07:15:20,0
LrAbpnGcNy8Ljz0FMNTPN-07:00:00,SYN_103291,3,07:13:56,07:14:11,0
LrAbpnGcNy8Ljz0FMNTPN-07:00:00,SYN_103292,4,07:12:46,07:13:01,0
LrAbpnGcNy8Ljz0FMNTPN-07:00:00,SYN_103293,5,07:11:37,07:11:52,0
LrAbpnGcNy8Ljz0FMNTPN-07:00:00,SYN_103294,6,07:10:27,07:10:42,0
LrAbpnGcNy8Ljz0FMNTPN-07:00:00,SYN_103295,7,07:09:18,07:09:33,0
LrAbpnGcNy8Ljz0FMNTPN-07:00:00,SYN_103296,8,07:08:09,07:08:24,0
LrAbpnGcNy8Ljz0FMNTPN-07:00:00,SYN_103297,9,07:06:59,07:07:14,0
LrAbpnGcNy8Ljz0FMNTPN-07:00:00,SYN_103298,10,07:05:50,07:06:05,0
LrAbpnGcNy8Ljz0FMNTPN-07:00:00,SYN_103299,11,07:04:40,07:04:55,0
LrAbpnGcNy8Ljz0FMNTPN-07:00:00,SYN_103300,12,07:03:31,07:03:46,0
LrAbpnGcNy8Ljz0FMNTPN-07:00:00,SYN_103301,13,07:02:22,07:02:37,0
LrAbpnGcNy8Ljz0FMNTPN-07:00:00,SYN_103302,14,07:01:12,07:01:27,0
LrAbpnGcNy8Ljz0FMNTPN-07:00:00,SYN_103303,15,07:00:03,07:00:18,0
t2ZpJUKX5uFrXD9bfRgqq-07:00:00,SYN_103306,0,07:00:02,07:00:17,0
t2ZpJUKX5uFrXD9bfRgqq-07:00:00,SYN_103307,1,07:00:21,07:00:36,0
t2ZpJUKX5uFrXD9bfRgqq-07:00:00,SYN_103308,2,07:00:40,07:00:55,0
t2ZpJUKX5uFrXD9bfRgqq-07:00:00,SYN_103309,3,07:00:59,07:01:14,0
t2ZpJUKX5uFrXD9bfRgqq-07:00:00,SYN_103310,4,07:01:17,07:01:32,0
t2ZpJUKX5uFrXD9bfRgqq-07:00:00,SYN_103311,5,07:01:36,07:01:51,0
t2ZpJUKX5uFrXD9bfRgqq-07:00:00,SYN_103312,6,07:01:55,07:02:10,0
t2ZpJUKX5uFrXD9bfRgqq-07:00:00,SYN_103313,7,07:02:14,07:02:29,0
t2ZpJUKX5uFrXD9bfRgqq-07:00:00,SYN_103314,8,07:02:32,07:02:47,0
t2ZpJUKX5uFrXD9bfRgqq-07:00:00,SYN_103315,9,07:02:51,07:03:06,0
t2ZpJUKX5uFrXD9bfRgqq-07:00:00,SYN_103316,10,07:03:10,07:03:25,0
t2ZpJUKX5uFrXD9bfRgqq-07:00:00,SYN_103317,11,07:03:29,07:03:44,0
t2ZpJUKX5uFrXD9bfRgqq-07:00:00,SYN_103318,12,07:03:48,07:04:03,0
t2ZpJUKX5uFrXD9bfRgqq-07:00:00,SYN_103319,13,07:03:56,07:04:11,0
t2ZpJUKX5uFrXD9bfRgqq-07:00:00,SYN_103320,14,07:04:05,07:04:20,0
t2ZpJUKX5uFrXD9bfRgqq-07:00:00,SYN_103321,15,07:04:14,07:04:29,0
t2ZpJUKX5uFrXD9bfRgqq-07:00:00,SYN_103322,16,07:04:23,07:04:38,0
t2ZpJUKX5uFrXD9bfRgqq-07:00:00,SYN_103323,17,07:04:31,07:04:46,0
t2ZpJUKX5uFrXD9bfRgqq-07:00:00,SYN_103324,18,07:04:40,07:04:55,0
t2ZpJUKX5uFrXD9bfRgqq-07:00:00,SYN_103325,19,07:04:49,07:05:04,0
t2ZpJUKX5uFrXD9bfRgqq-07:00:00,SYN_103326,20,07:04:57,07:05:12,0
t2ZpJUKX5uFrXD9bfRgqq-07:00:00,SYN_103327,21,07:05:06,07:05:21,0
t2ZpJUKX5uFrXD9bfRgqq-07:00:00,SYN_103328,22,07:05:15,07:05:30,0
t2ZpJUKX5uFrXD9bfRgqq-07:00:00,SYN_103329,23,07:05:24,07:05:39,0
t2ZpJUKX5uFrXD9bfRgqq-07:00:00,SYN_103330,24,07:05:32,07:05:47,0
t2ZpJUKX5uFrXD9bfRgqq-07:00:00,SYN_103331,25,07:05:41,07:05:56,0
t2ZpJUKX5uFrXD9bfRgqq-07:00:00,SYN_103332,26,07:05:50,07:06:05,0
t2ZpJUKX5uFrXD9bfRgqq-07:00:00,SYN_103333,27,07:05:59,07:06:14,0
t2ZpJUKX5uFrXD9bfRgqq-07:00:00,SYN_103334,28,07:06:07,07:06:22,0
t2ZpJUKX5uFrXD9bfRgqq-07:00:00,SYN_103335,29,07:06:16,07:06:31,0
t2ZpJUKX5uFrXD9bfRgqq-07:00:00,SYN_103336,30,07:06:25,07:06:40,0
t2ZpJUKX5uFrXD9bfRgqq-07:00:00,SYN_103337,31,07:06:34,07:06:49,0
t2ZpJUKX5uFrXD9bfRgqq-07:00:00,SYN_103338,32,07:06:42,07:06:57,0
t2ZpJUKX5uFrXD9bfRgqq-07:00:00,SYN_103339,33,07:06:51,07:07:06,0
t2ZpJUKX5uFrXD9bfRgqq-07:00:00,SYN_103340,34,07:07:00,07:07:15,0
t2ZpJUKX5uFrXD9bfRgqq-07:00:00,SYN_103341,35,07:07:09,07:07:24,0
t2ZpJUKX5uFrXD9bfRgqq-07:00:00,SYN_103342,36,07:07:17,07:07:32,0
t2ZpJUKX5uFrXD9bfRgqq-07:00:00,SYN_103343,37,07:07:26,07:07:41,0
t2ZpJUKX5uFrXD9bfRgqq-07:00:00,SYN_103344,38,07:07:35,07:07:50,0
t2ZpJUKX5uFrXD9bfRgqq-07:00:00,SYN_103345,39,07:07:44,07:07:59,0
t2ZpJUKX5uFrXD9bfRgqq-07:00:00,SYN_103346,40,07:07:52,07:08:07,0
t2ZpJUKX5uFrXD9bfRgqq-07:00:00,SYN_103347,41,07:08:01,07:08:16,0
t2ZpJUKX5uFrXD9bfRgqq-07:00:00,SYN_103348,42,07:08:10,07:08:25,0
t2ZpJUKX5uFrXD9bfRgqq-07:00:00,SYN_103349,43,07:08:19,07:08:34,0
t2ZpJUKX5uFrXD9bfRgqq-07:00:00,SYN_103350,44,07:08:27,07:08:42,0
t2ZpJUKX5uFrXD9bfRgqq-07:00:00,SYN_103351,45,07:08:36,07:08:51,0
t2ZpJUKX5uFrXD9bfRgqq-07:00:00,SYN_103352,46,07:08:45,07:09:00,0
t2ZpJUKX5uFrXD9bfRgqq-07:00:00,SYN_103353,47,07:08:53,07:09:08,0
t2ZpJUKX5uFrXD9bfRgqq-07:00:00,SYN_103354,48,07:09:02,07:09:17,0
t2ZpJUKX5uFrXD9bfRgqq-07:00:00,SYN_103355,49,07:09:11,07:09:26,0
t2ZpJUKX5uFrXD9bfRgqq-07:00:00,SYN_103356,50,07:09:20,07:09:35,0
t2ZpJUKX5uFrXD9bfRgqq-07:00:00,SYN_103357,51,07:09:28,07:09:43,0
t2ZpJUKX5uFrXD9bfRgqq-07:00:00,SYN_103358,52,07:09:37,07:09:52,0
t2ZpJUKX5uFrXD9bfRgqq-07:00:00,SYN_103359,53,07:09:46,07:10:01,0
t2ZpJUKX5uFrXD9bfRgqq-07:00:00,SYN_103360,54,07:09:55,07:10:10,0
t2ZpJUKX5uFrXD9bfRgqq-07:00:00,SYN_103361,55,07:10:03,07:10:18,0
t2ZpJUKX5uFrXD9bfRgqq-07:00:00,SYN_103362,56,07:10:12,07:10:27,0
t2ZpJUKX5uFrXD9bfRgqq-07:00:00,SYN_103363,57,07:10:21,07:10:36,0
t2ZpJUKX5uFrXD9bfRgqq-07:00:00,SYN_103364,58,07:10:30,07:10:45,0
t2ZpJUKX5uFrXD9bfRgqq-07:00:00,SYN_103365,59,07:10:38,07:10:53,0
t2ZpJUKX5uFrXD9bfRgqq-07:00:00,SYN_103366,60,07:10:47,07:11:02,0
t2ZpJUKX5uFrXD9bfRgqq-07:00:00,SYN_103367,61,07:10:56,07:11:11,0
t2ZpJUKX5uFrXD9bfRgqq-07:00:00,SYN_103368,62,07:11:05,07:11:20,0
t2ZpJUKX5uFrXD9bfRgqq-07:00:00,SYN_103369,63,07:11:13,07:11:28,0
t2ZpJUKX5uFrXD9bfRgqq-07:00:00,SYN_103370,64,07:11:22,07:11:37,0
t2ZpJUKX5uFrXD9bfRgqq-07:00:00,SYN_103371,65,07:11:31,07:11:46,0
t2ZpJUKX5uFrXD9bfRgqq-07:00:00,SYN_103372,66,07:11:40,07:11:55,0
t2ZpJUKX5uFrXD9bfRgqq-07:00:00,SYN_103373,67,07:11:48,07:12:03,0
t2ZpJUKX5uFrXD9bfRgqq-07:00:00,SYN_103374,68,07:11:57,07:12:12,0
t2ZpJUKX5uFrXD9bfRgqq-07:00:00,SYN_103375,69,07:12:06,07:12:21,0
t2ZpJUKX5uFrXD9bfRgqq-07:00:00,SYN_103376,70,07:12:14,07:12:29,0
t2ZpJUKX5uFrXD9bfRgqq-07:00:00,SYN_103377,71,07:12:23,07:12:38,0
t2ZpJUKX5uFrXD9bfRgqq-07:00:00,SYN_103378,72,07:12:32,07:12:47,0
t2ZpJUKX5uFrXD9bfRgqq-07:00:00,SYN_103379,73,07:12:41,07:12:56,0
t2ZpJUKX5uFrXD9bfRgqq-07:00:00,SYN_103380,74,07:12:49,07:13:04,0
t2ZpJUKX5uFrXD9bfRgqq-07:00:00,SYN_103381,75,07:12:58,07:13:13,0
t2ZpJUKX5uFrXD9bfRgqq-07:00:00,SYN_103382,76,07:13:07,07:13:22,0
t2ZpJUKX5uFrXD9bfRgqq-07:00:00,SYN_103383,77,07:13:16,07:13:31,0
t2ZpJUKX5uFrXD9bfRgqq-07:00:00,SYN_103384,78,07:13:24,07:13:39,0
t2ZpJUKX5uFrXD9bfRgqq-07:00:00,SYN_103385,79,07:13:33,07:13:48,0
t2ZpJUKX5uFrXD9bfRgqq-07:00:00,SYN_103386,80,07:13:42,07:13:57,0
t2ZpJUKX5uFrXD9bfRgqq-07:00:00,SYN_103387,81,07:13:51,07:14:06,0
t2ZpJUKX5uFrXD9bfRgqq-07:00:00,SYN_103388,82,07:13:59,07:14:14,0
t2ZpJUKX5uFrXD9bfRgqq-07:00:00,SYN_103389,83,07:14:08,07:14:23,0
t2ZpJUKX5uFrXD9bfRgqq-07:00:00,SYN_103390,84,07:14:17,07:14:32,0
t2ZpJUKX5uFrXD9bfRgqq-07:00:00,SYN_103391,85,07:14:26,07:14:41,0
t2ZpJUKX5uFrXD9bfRgqq-07:00:00,SYN_103392,86,07:14:34,07:14:49,0
t2ZpJUKX5uFrXD9bfRgqq-07:00:00,SYN_103393,87,07:14:43,07:14:58,0
t2ZpJUKX5uFrXD9bfRgqq-07:00:00,SYN_103394,88,07:14:52,07:15:07,0
t2ZpJUKX5uFrXD9bfRgqq-07:00:00,SYN_103395,89,07:15:01,07:15:16,0
t2ZpJUKX5uFrXD9bfRgqq-07:00:00,SYN_103396,90,07:15:09,07:15:24,0
t2ZpJUKX5uFrXD9bfRgqq-07:00:00,SYN_103397,91,07:15:18,07:15:33,0
t2ZpJUKX5uFrXD9bfRgqq-07:00:00,SYN_103398,92,07:15:27,07:15:42,0
t2ZpJUKX5uFrXD9bfRgqq-07:00:00,SYN_103399,93,07:15:35,07:15:50,0
t2ZpJUKX5uFrXD9bfRgqq-07:00:00,SYN_103400,94,07:15:44,07:15:59,0
t2ZpJUKX5uFrXD9bfRgqq-07:00:00,SYN_103401,95,07:15:53,07:16:08,0
t2ZpJUKX5uFrXD9bfRgqq-07:00:00,SYN_103402,96,07:16:02,07:16:17,0
t2ZpJUKX5uFrXD9bfRgqq-07:00:00,SYN_103403,97,07:16:10,07:16:25,0
t2ZpJUKX5uFrXD9bfRgqq-07:00:00,SYN_103404,98,07:16:19,07:16:34,0
t2ZpJUKX5uFrXD9bfRgqq-07:00:00,SYN_103405,99,07:16:28,07:16:43,0
t2ZpJUKX5uFrXD9bfRgqq-07:00:00,SYN_103406,100,07:16:37,07:16:52,0
t2ZpJUKX5uFrXD9bfRgqq-07:00:00,SYN_103407,101,07:16:45,07:17:00,0
t2ZpJUKX5uFrXD9bfRgqq-07:00:00,SYN_103408,102,07:16:54,07:17:09,0
t2ZpJUKX5uFrXD9bfRgqq-07:00:00,SYN_103409,103,07:17:03,07:17:18,0
t2ZpJUKX5uFrXD9bfRgqq-07:00:00,SYN_103410,104,07:17:12,07:17:27,0
t2ZpJUKX5uFrXD9bfRgqq-07:00:00,SYN_103411,105,07:17:20,07:17:35,0
t2ZpJUKX5uFrXD9bfRgqq-07:00:00,SYN_103412,106,07:17:29,07:17:44,0
t2ZpJUKX5uFrXD9bfRgqq-07:00:00,SYN_103413,107,07:17:38,07:17:53,0
t2ZpJUKX5uFrXD9bfRgqq-07:00:00,SYN_103414,108,07:17:47,07:18:02,0
t2ZpJUKX5uFrXD9bfRgqq-07:00:00,SYN_103415,109,07:17:55,07:18:10,0
t2ZpJUKX5uFrXD9bfRgqq-07:00:00,SYN_103416,110,07:18:04,07:18:19,0
t2ZpJUKX5uFrXD9bfRgqq-07:00:00,SYN_103417,111,07:18:13,07:18:28,0
t2ZpJUKX5uFrXD9bfRgqq-07:00:00,SYN_103418,112,07:18:22,07:18:37,0
t2ZpJUKX5uFrXD9bfRgqq-07:00:00,SYN_103419,113,07:18:30,07:18:45,0
t2ZpJUKX5uFrXD9bfRgqq-07:00:00,SYN_103420,114,07:18:39,07:18:54,0
t2ZpJUKX5uFrXD9bfRgqq-07:00:00,SYN_103421,115,07:18:48,07:19:03,0
t2ZpJUKX5uFrXD9bfRgqq-07:00:00,SYN_103422,116,07:18:57,07:19:12,0
t2ZpJUKX5uFrXD9bfRgqq-07:00:00,SYN_103423,117,07:19:05,07:19:20,0
t2ZpJUKX5uFrXD9bfRgqq-07:00:00,SYN_103424,118,07:19:14,07:19:29,0
t2ZpJUKX5uFrXD9bfRgqq-07:00:00,SYN_103425,119,07:19:23,07:19:38,0
t2ZpJUKX5uFrXD9bfRgqq-07:00:00,SYN_103426,120,07:19:31,07:19:46,0
t2ZpJUKX5uFrXD9bfRgqq-07:00:00,SYN_103427,121,07:19:40,07:19:55,0
t2ZpJUKX5uFrXD9bfRgqq-07:00:00,SYN_103428,122,07:19:49,07:20:04,0
t2ZpJUKX5uFrXD9bfRgqq-07:00:00,SYN_103429,123,07:19:58,07:20:13,0
t2ZpJUKX5uFrXD9bfRgqq-07:00:00,SYN_103430,124,07:20:06,07:20:21,0
t2ZpJUKX5uFrXD9bfRgqq-07:00:00,SYN_103431,125,07:20:15,07:20:30,0
t2ZpJUKX5uFrXD9bfRgqq-07:00:00,SYN_103432,126,07:20:24,07:20:39,0
t2ZpJUKX5uFrXD9bfRgqq-07:00:00,SYN_103433,127,07:20:33,07:20:48,0
t2ZpJUKX5uFrXD9bfRgqq-07:00:00,SYN_103434,128,07:20:41,07:20:56,0
t2ZpJUKX5uFrXD9bfRgqq-07:00:00,SYN_103435,129,07:20:50,07:21:05,0
t2ZpJUKX5uFrXD9bfRgqq-07:00:00,SYN_103436,130,07:20:59,07:21:14,0
t2ZpJUKX5uFrXD9bfRgqq-07:00:00,SYN_103437,131,07:21:08,07:21:23,0
t2ZpJUKX5uFrXD9bfRgqq-07:00:00,SYN_103438,132,07:21:34,07:21:49,0
t2ZpJUKX5uFrXD9bfRgqq-07:00:00,SYN_103439,133,07:22:09,07:22:24,0
t2ZpJUKX5uFrXD9bfRgqq-07:00:00,SYN_103440,134,07:22:44,07:22:59,0
t2ZpJUKX5uFrXD9bfRgqq-07:00:00,SYN_103441,135,07:23:19,07:23:34,0
t2ZpJUKX5uFrXD9bfRgqq-07:00:00,SYN_103442,136,07:23:54,07:24:09,0
t2ZpJUKX5uFrXD9bfRgqq-07:00:00,SYN_103443,137,07:24:29,07:24:44,0
t2ZpJUKX5uFrXD9bfRgqq-07:00:00,SYN_103444,138,07:25:27,07:25:42,0
t2ZpJUKX5uFrXD9bfRgqq-07:00:00,SYN_103445,139,07:26:31,07:26:46,0
t2ZpJUKX5uFrXD9bfRgqq-07:00:00,SYN_103446,140,07:27:36,07:27:51,0
t2ZpJUKX5uFrXD9bfRgqq-07:00:00,SYN_103447,141,07:28:41,07:28:56,0
t2ZpJUKX5uFrXD9bfRgqq-07:00:00,SYN_103448,142,07:29:45,07:30:00,0
t2ZpJUKX5uFrXD9bfRgqq-07:00:00,SYN_103449,143,07:30:50,07:31:05,0
t2ZpJUKX5uFrXD9bfRgqq-07:00:00,SYN_103450,144,07:31:54,07:32:09,0
U_QqLo01UyKjXo_inGS9s-07:00:00,SYN_103305,0,07:51:38,07:51:53,0
U_QqLo01UyKjXo_inGS9s-07:00:00,SYN_103306,1,07:51:17,07:51:32,0
U_QqLo01UyKjXo_inGS9s-07:00:00,SYN_103307,2,07:50:56,07:51:11,0
U_QqLo01UyKjXo_inGS9s-07:00:00,SYN_103308,3,07:50:35,07:50:50,0
U_QqLo01UyKjXo_inGS9s-07:00:00,SYN_103309,4,07:50:13,07:50:28,0
U_QqLo01UyKjXo_inGS9s-07:00:00,SYN_103310,5,07:49:52,07:50:07,0
U_QqLo01UyKjXo_inGS9s-07:00:00,SYN_103311,6,07:49:31,07:49:46,0
U_QqLo01UyKjXo_inGS9s-07:00:00,SYN_103312,7,07:49:10,07:49:25,0
U_QqLo01UyKjXo_inGS9s-07:00:00,SYN_103313,8,07:48:49,07:49:04,0
U_QqLo01UyKjXo_inGS9s-07:00:00,SYN_103314,9,07:48:27,07:48:42,0
U_QqLo01UyKjXo_inGS9s-07:00:00,SYN_103315,10,07:48:06,07:48:21,0
U_QqLo01UyKjXo_inGS9s-07:00:00,SYN_103316,11,07:47:45,07:48:00,0
U_QqLo01UyKjXo_inGS9s-07:00:00,SYN_103317,12,07:47:24,07:47:39,0
U_QqLo01UyKjXo_inGS9s-07:00:00,SYN_103318,13,07:47:02,07:47:17,0
U_QqLo01UyKjXo_inGS9s-07:00:00,SYN_103319,14,07:46:41,07:46:56,0
U_QqLo01UyKjXo_inGS9s-07:00:00,SYN_103320,15,07:46:20,07:46:35,0
U_QqLo01UyKjXo_inGS9s-07:00:00,SYN_103321,16,07:45:59,07:46:14,0
U_QqLo01UyKjXo_inGS9s-07:00:00,SYN_103322,17,07:45:38,07:45:53,0
U_QqLo01UyKjXo_inGS9s-07:00:00,SYN_103323,18,07:45:16,07:45:31,0
U_QqLo01UyKjXo_inGS9s-07:00:00,SYN_103324,19,07:44:55,07:45:10,0
U_QqLo01UyKjXo_inGS9s-07:00:00,SYN_103325,20,07:44:34,07:44:49,0
U_QqLo01UyKjXo_inGS9s-07:00:00,SYN_103326,21,07:44:13,07:44:28,0
U_QqLo01UyKjXo_inGS9s-07:00:00,SYN_103327,22,07:43:51,07:44:06,0
U_QqLo01UyKjXo_inGS9s-07:00:00,SYN_103328,23,07:43:30,07:43:45,0
U_QqLo01UyKjXo_inGS9s-07:00:00,SYN_103329,24,07:43:09,07:43:24,0
U_QqLo01UyKjXo_inGS9s-07:00:00,SYN_103330,25,07:42:48,07:43:03,0
U_QqLo01UyKjXo_inGS9s-07:00:00,SYN_103331,26,07:42:26,07:42:41,0
U_QqLo01UyKjXo_inGS9s-07:00:00,SYN_103332,27,07:42:05,07:42:20,0
U_QqLo01UyKjXo_inGS9s-07:00:00,SYN_103333,28,07:41:44,07:41:59,0
U_QqLo01UyKjXo_inGS9s-07:00:00,SYN_103334,29,07:41:23,07:41:38,0
U_QqLo01UyKjXo_inGS9s-07:00:00,SYN_103335,30,07:41:02,07:41:17,0
U_QqLo01UyKjXo_inGS9s-07:00:00,SYN_103336,31,07:40:40,07:40:55,0
U_QqLo01UyKjXo_inGS9s-07:00:00,SYN_103337,32,07:40:19,07:40:34,0
U_QqLo01UyKjXo_inGS9s-07:00:00,SYN_103338,33,07:39:58,07:40:13,0
U_QqLo01UyKjXo_inGS9s-07:00:00,SYN_103339,34,07:39:37,07:39:52,0
U_QqLo01UyKjXo_inGS9s-07:00:00,SYN_103340,35,07:39:15,07:39:30,0
U_QqLo01UyKjXo_inGS9s-07:00:00,SYN_103341,36,07:38:54,07:39:09,0
U_QqLo01UyKjXo_inGS9s-07:00:00,SYN_103342,37,07:38:33,07:38:48,0
U_QqLo01UyKjXo_inGS9s-07:00:00,SYN_103343,38,07:38:12,07:38:27,0
U_QqLo01UyKjXo_inGS9s-07:00:00,SYN_103344,39,07:37:51,07:38:06,0
U_QqLo01UyKjXo_inGS9s-07:00:00,SYN_103345,40,07:37:29,07:37:44,0
U_QqLo01UyKjXo_inGS9s-07:00:00,SYN_103346,41,07:37:08,07:37:23,0
U_QqLo01UyKjXo_inGS9s-07:00:00,SYN_103347,42,07:36:47,07:37:02,0
U_QqLo01UyKjXo_inGS9s-07:00:00,SYN_103348,43,07:36:26,07:36:41,0
U_QqLo01UyKjXo_inGS9s-07:00:00,SYN_103349,44,07:36:04,07:36:19,0
U_QqLo01UyKjXo_inGS9s-07:00:00,SYN_103350,45,07:35:43,07:35:58,0
U_QqLo01UyKjXo_inGS9s-07:00:00,SYN_103351,46,07:35:22,07:35:37,0
U_QqLo01UyKjXo_inGS9s-07:00:00,SYN_103352,47,07:35:01,07:35:16,0
U_QqLo01UyKjXo_inGS9s-07:00:00,SYN_103353,48,07:34:40,07:34:55,0
U_QqLo01UyKjXo_inGS9s-07:00:00,SYN_103354,49,07:34:18,07:34:33,0
U_QqLo01UyKjXo_inGS9s-07:00:00,SYN_103355,50,07:33:57,07:34:12,0
U_QqLo01UyKjXo_inGS9s-07:00:00,SYN_103356,51,07:33:36,07:33:51,0
U_QqLo01UyKjXo_inGS9s-07:00:00,SYN_103357,52,07:33:15,07:33:30,0
U_QqLo01UyKjXo_inGS9s-07:00:00,SYN_103358,53,07:32:53,07:33:08,0
U_QqLo01UyKjXo_inGS9s-07:00:00,SYN_103359,54,07:32:32,07:32:47,0
U_QqLo01UyKjXo_inGS9s-07:00:00,SYN_103360,55,07:32:11,07:32:26,0
U_QqLo01UyKjXo_inGS9s-07:00:00,SYN_103361,56,07:31:50,07:32:05,0
U_QqLo01UyKjXo_inGS9s-07:00:00,SYN_103362,57,07:31:28,07:31:43,0
U_QqLo01UyKjXo_inGS9s-07:00:00,SYN_103363,58,07:31:07,07:31:22,0
U_QqLo01UyKjXo_inGS9s-07:00:00,SYN_103364,59,07:30:46,07:31:01,0
U_QqLo01UyKjXo_inGS9s-07:00:00,SYN_103365,60,07:30:25,07:30:40,0
U_QqLo01UyKjXo_inGS9s-07:00:00,SYN_103366,61,07:30:04,07:30:19,0
U_QqLo01UyKjXo_inGS9s-07:00:00,SYN_103367,62,07:29:42,07:29:57,0
U_QqLo01UyKjXo_inGS9s-07:00:00,SYN_103368,63,07:29:21,07:29:36,0
U_QqLo01UyKjXo_inGS9s-07:00:00,SYN_103369,64,07:29:00,07:29:15,0
U_QqLo01UyKjXo_inGS9s-07:00:00,SYN_103370,65,07:28:39,07:28:54,0
U_QqLo01UyKjXo_inGS9s-07:00:00,SYN_103371,66,07:28:17,07:28:32,0
U_QqLo01UyKjXo_inGS9s-07:00:00,SYN_103372,67,07:27:56,07:28:11,0
U_QqLo01UyKjXo_inGS9s-07:00:00,SYN_103373,68,07:27:35,07:27:50,0
U_QqLo01UyKjXo_inGS9s-07:00:00,SYN_103374,69,07:27:14,07:27:29,0
U_QqLo01UyKjXo_inGS9s-07:00:00,SYN_103375,70,07:26:53,07:27:08,0
U_QqLo01UyKjXo_inGS9s-07:00:00,SYN_103376,71,07:26:31,07:26:46,0
U_QqLo01UyKjXo_inGS9s-07:00:00,SYN_103377,72,07:26:10,07:26:25,0
U_QqLo01UyKjXo_inGS9s-07:00:00,SYN_103378,73,07:25:49,07:26:04,0
U_QqLo01UyKjXo_inGS9s-07:00:00,SYN_103379,74,07:25:28,07:25:43,0
U_QqLo01UyKjXo_inGS9s-07:00:00,SYN_103380,75,07:25:06,07:25:21,0
U_QqLo01UyKjXo_inGS9s-07:00:00,SYN_103381,76,07:24:45,07:25:00,0
U_QqLo01UyKjXo_inGS9s-07:00:00,SYN_103382,77,07:24:24,07:24:39,0
U_QqLo01UyKjXo_inGS9s-07:00:00,SYN_103383,78,07:24:03,07:24:18,0
U_QqLo01UyKjXo_inGS9s-07:00:00,SYN_103384,79,07:23:42,07:23:57,0
U_QqLo01UyKjXo_inGS9s-07:00:00,SYN_103385,80,07:23:20,07:23:35,0
U_QqLo01UyKjXo_inGS9s-07:00:00,SYN_103386,81,07:22:59,07:23:14,0
U_QqLo01UyKjXo_inGS9s-07:00:00,SYN_103387,82,07:22:38,07:22:53,0
U_QqLo01UyKjXo_inGS9s-07:00:00,SYN_103388,83,07:22:17,07:22:32,0
U_QqLo01UyKjXo_inGS9s-07:00:00,SYN_103389,84,07:21:55,07:22:10,0
U_QqLo01UyKjXo_inGS9s-07:00:00,SYN_103390,85,07:21:34,07:21:49,0
U_QqLo01UyKjXo_inGS9s-07:00:00,SYN_103391,86,07:21:13,07:21:28,0
U_QqLo01UyKjXo_inGS9s-07:00:00,SYN_103392,87,07:20:52,07:21:07,0
U_QqLo01UyKjXo_inGS9s-07:00:00,SYN_103393,88,07:20:30,07:20:45,0
U_QqLo01UyKjXo_inGS9s-07:00:00,SYN_103394,89,07:20:09,07:20:24,0
U_QqLo01UyKjXo_inGS9s-07:00:00,SYN_103395,90,07:19:48,07:20:03,0
U_QqLo01UyKjXo_inGS9s-07:00:00,SYN_103396,91,07:19:27,07:19:42,0
U_QqLo01UyKjXo_inGS9s-07:00:00,SYN_103397,92,07:19:06,07:19:21,0
U_QqLo01UyKjXo_inGS9s-07:00:00,SYN_103398,93,07:18:44,07:18:59,0
U_QqLo01UyKjXo_inGS9s-07:00:00,SYN_103399,94,07:18:23,07:18:38,0
U_QqLo01UyKjXo_inGS9s-07:00:00,SYN_103400,95,07:18:02,07:18:17,0
U_QqLo01UyKjXo_inGS9s-07:00:00,SYN_103401,96,07:17:41,07:17:56,0
U_QqLo01UyKjXo_inGS9s-07:00:00,SYN_103402,97,07:17:19,07:17:34,0
U_QqLo01UyKjXo_inGS9s-07:00:00,SYN_103403,98,07:16:58,07:17:13,0
U_QqLo01UyKjXo_inGS9s-07:00:00,SYN_103404,99,07:16:37,07:16:52,0
U_QqLo01UyKjXo_inGS9s-07:00:00,SYN_103405,100,07:16:16,07:16:31,0
U_QqLo01UyKjXo_inGS9s-07:00:00,SYN_103406,101,07:15:55,07:16:10,0
U_QqLo01UyKjXo_inGS9s-07:00:00,SYN_103407,102,07:15:33,07:15:48,0
U_QqLo01UyKjXo_inGS9s-07:00:00,SYN_103408,103,07:15:12,07:15:27,0
U_QqLo01UyKjXo_inGS9s-07:00:00,SYN_103409,104,07:14:51,07:15:06,0
U_QqLo01UyKjXo_inGS9s-07:00:00,SYN_103410,105,07:14:30,07:14:45,0
U_QqLo01UyKjXo_inGS9s-07:00:00,SYN_103411,106,07:14:08,07:14:23,0
U_QqLo01UyKjXo_inGS9s-07:00:00,SYN_103412,107,07:13:47,07:14:02,0
U_QqLo01UyKjXo_inGS9s-07:00:00,SYN_103413,108,07:13:26,07:13:41,0
U_QqLo01UyKjXo_inGS9s-07:00:00,SYN_103414,109,07:13:05,07:13:20,0
U_QqLo01UyKjXo_inGS9s-07:00:00,SYN_103415,110,07:12:44,07:12:59,0
U_QqLo01UyKjXo_inGS9s-07:00:00,SYN_103416,111,07:12:22,07:12:37,0
U_QqLo01UyKjXo_inGS9s-07:00:00,SYN_103417,112,07:12:01,07:12:16,0
U_QqLo01UyKjXo_inGS9s-07:00:00,SYN_103418,113,07:11:40,07:11:55,0
U_QqLo01UyKjXo_inGS9s-07:00:00,SYN_103419,114,07:11:19,07:11:34,0
U_QqLo01UyKjXo_inGS9s-07:00:00,SYN_103420,115,07:10:57,07:11:12,0
U_QqLo01UyKjXo_inGS9s-07:00:00,SYN_103421,116,07:10:36,07:10:51,0
U_QqLo01UyKjXo_inGS9s-07:00:00,SYN_103422,117,07:10:15,07:10:30,0
U_QqLo01UyKjXo_inGS9s-07:00:00,SYN_103423,118,07:09:54,07:10:09,0
U_QqLo01UyKjXo_inGS9s-07:00:00,SYN_103424,119,07:09:33,07:09:48,0
U_QqLo01UyKjXo_inGS9s-07:00:00,SYN_103425,120,07:09:11,07:09:26,0
U_QqLo01UyKjXo_inGS9s-07:00:00,SYN_103426,121,07:08:50,07:09:05,0
U_QqLo01UyKjXo_inGS9s-07:00:00,SYN_103427,122,07:08:29,07:08:44,0
U_QqLo01UyKjXo_inGS9s-07:00:00,SYN_103428,123,07:08:08,07:08:23,0
U_QqLo01UyKjXo_inGS9s-07:00:00,SYN_103429,124,07:07:46,07:08:01,0
U_QqLo01UyKjXo_inGS9s-07:00:00,SYN_103430,125,07:07:25,07:07:40,0
U_QqLo01UyKjXo_inGS9s-07:00:00,SYN_103431,126,07:07:04,07:07:19,0
U_QqLo01UyKjXo_inGS9s-07:00:00,SYN_103432,127,07:06:43,07:06:58,0
U_QqLo01UyKjXo_inGS9s-07:00:00,SYN_103433,128,07:06:21,07:06:36,0
U_QqLo01UyKjXo_inGS9s-07:00:00,SYN_103434,129,07:06:00,07:06:15,0
U_QqLo01UyKjXo_inGS9s-07:00:00,SYN_103435,130,07:05:39,07:05:54,0
U_QqLo01UyKjXo_inGS9s-07:00:00,SYN_103436,131,07:05:18,07:05:33,0
U_QqLo01UyKjXo_inGS9s-07:00:00,SYN_103437,132,07:04:57,07:05:12,0
U_QqLo01UyKjXo_inGS9s-07:00:00,SYN_103438,133,07:04:35,07:04:50,0
U_QqLo01UyKjXo_inGS9s-07:00:00,SYN_103439,134,07:04:14,07:04:29,0
U_QqLo01UyKjXo_inGS9s-07:00:00,SYN_103440,135,07:03:53,07:04:08,0
U_QqLo01UyKjXo_inGS9s-07:00:00,SYN_103441,136,07:03:32,07:03:47,0
U_QqLo01UyKjXo_inGS9s-07:00:00,SYN_103442,137,07:03:10,07:03:25,0
U_QqLo01UyKjXo_inGS9s-07:00:00,SYN_103443,138,07:02:49,07:03:04,0
U_QqLo01UyKjXo_inGS9s-07:00:00,SYN_103444,139,07:02:28,07:02:43,0
U_QqLo01UyKjXo_inGS9s-07:00:00,SYN_103445,140,07:02:07,07:02:22,0
U_QqLo01UyKjXo_inGS9s-07:00:00,SYN_103446,141,07:01:46,07:02:01,0
U_QqLo01UyKjXo_inGS9s-07:00:00,SYN_103447,142,07:01:24,07:01:39,0
U_QqLo01UyKjXo_inGS9s-07:00:00,SYN_103448,143,07:01:03,07:01:18,0
U_QqLo01UyKjXo_inGS9s-07:00:00,SYN_103449,144,07:00:42,07:00:57,0
U_QqLo01UyKjXo_inGS9s-07:00:00,SYN_103450,145,07:00:21,07:00:36,0
oL-cc2-4cc5VXM7r-ShUc-07:00:00,SYN_103452,0,07:00:29,07:00:44,0
oL-cc2-4cc5VXM7r-ShUc-07:00:00,SYN_103453,1,07:01:51,07:02:06,0
oL-cc2-4cc5VXM7r-ShUc-07:00:00,SYN_103454,2,07:03:22,07:03:37,0
oL-cc2-4cc5VXM7r-ShUc-07:00:00,SYN_103455,3,07:04:22,07:04:37,0
oL-cc2-4cc5VXM7r-ShUc-07:00:00,SYN_103456,4,07:05:08,07:05:23,0
oL-cc2-4cc5VXM7r-ShUc-07:00:00,SYN_103457,5,07:05:50,07:06:05,0
oL-cc2-4cc5VXM7r-ShUc-07:00:00,SYN_103458,6,07:06:41,07:06:56,0
oL-cc2-4cc5VXM7r-ShUc-07:00:00,SYN_103459,7,07:07:32,07:07:47,0
oL-cc2-4cc5VXM7r-ShUc-07:00:00,SYN_103460,8,07:08:23,07:08:38,0
oL-cc2-4cc5VXM7r-ShUc-07:00:00,SYN_103461,9,07:09:15,07:09:30,0
oL-cc2-4cc5VXM7r-ShUc-07:00:00,SYN_103462,10,07:10:06,07:10:21,0
oL-cc2-4cc5VXM7r-ShUc-07:00:00,SYN_103463,11,07:10:57,07:11:12,0
oL-cc2-4cc5VXM7r-ShUc-07:00:00,SYN_103464,12,07:11:48,07:12:03,0
oL-cc2-4cc5VXM7r-ShUc-07:00:00,SYN_103465,13,07:12:39,07:12:54,0
oL-cc2-4cc5VXM7r-ShUc-07:00:00,SYN_103466,14,07:13:30,07:13:45,0
oL-cc2-4cc5VXM7r-ShUc-07:00:00,SYN_103467,15,07:14:50,07:15:05,0
oL-cc2-4cc5VXM7r-ShUc-07:00:00,SYN_103468,16,07:16:10,07:16:25,0
oL-cc2-4cc5VXM7r-ShUc-07:00:00,SYN_103469,17,07:17:30,07:17:45,0
oL-cc2-4cc5VXM7r-ShUc-07:00:00,SYN_103470,18,07:18:49,07:19:04,0
oL-cc2-4cc5VXM7r-ShUc-07:00:00,SYN_103471,19,07:20:09,07:20:24,0
oL-cc2-4cc5VXM7r-ShUc-07:00:00,SYN_103472,20,07:21:29,07:21:44,0
oL-cc2-4cc5VXM7r-ShUc-07:00:00,SYN_103473,21,07:22:49,07:23:04,0
oL-cc2-4cc5VXM7r-ShUc-07:00:00,SYN_103474,22,07:23:57,07:24:12,0
oL-cc2-4cc5VXM7r-ShUc-07:00:00,SYN_103475,23,07:25:03,07:25:18,0
oL-cc2-4cc5VXM7r-ShUc-07:00:00,SYN_103476,24,07:26:08,07:26:23,0
oL-cc2-4cc5VXM7r-ShUc-07:00:00,SYN_103477,25,07:27:13,07:27:28,0
oL-cc2-4cc5VXM7r-ShUc-07:00:00,SYN_103478,26,07:28:19,07:28:34,0
oL-cc2-4cc5VXM7r-ShUc-07:00:00,SYN_103479,27,07:29:24,07:29:39,0
oL-cc2-4cc5VXM7r-ShUc-07:00:00,SYN_103480,28,07:30:29,07:30:44,0
oL-cc2-4cc5VXM7r-ShUc-07:00:00,SYN_103481,29,07:31:35,07:31:50,0
oL-cc2-4cc5VXM7r-ShUc-07:00:00,SYN_103482,30,07:32:46,07:33:01,0
oL-cc2-4cc5VXM7r-ShUc-07:00:00,SYN_103483,31,07:34:00,07:34:15,0
oL-cc2-4cc5VXM7r-ShUc-07:00:00,SYN_103484,32,07:35:14,07:35:29,0
oL-cc2-4cc5VXM7r-ShUc-07:00:00,SYN_103485,33,07:36:28,07:36:43,0
oL-cc2-4cc5VXM7r-ShUc-07:00:00,SYN_103486,34,07:37:42,07:37:57,0
oL-cc2-4cc5VXM7r-ShUc-07:00:00,SYN_103487,35,07:39:00,07:39:15,0
oL-cc2-4cc5VXM7r-ShUc-07:00:00,SYN_103488,36,07:40:49,07:41:04,0
oL-cc2-4cc5VXM7r-ShUc-07:00:00,SYN_103489,37,07:42:38,07:42:53,0
oL-cc2-4cc5VXM7r-ShUc-07:00:00,SYN_103490,38,07:44:27,07:44:42,0
oL-cc2-4cc5VXM7r-ShUc-07:00:00,SYN_103491,39,07:46:16,07:46:31,0
oL-cc2-4cc5VXM7r-ShUc-07:00:00,SYN_103492,40,07:48:05,07:48:20,0
oL-cc2-4cc5VXM7r-ShUc-07:00:00,SYN_103493,41,07:49:44,07:49:59,0
oL-cc2-4cc5VXM7r-ShUc-07:00:00,SYN_103494,42,07:50:40,07:50:55,0
oL-cc2-4cc5VXM7r-ShUc-07:00:00,SYN_103495,43,07:51:36,07:51:51,0
oL-cc2-4cc5VXM7r-ShUc-07:00:00,SYN_103496,44,07:52:31,07:52:46,0
oL-cc2-4cc5VXM7r-ShUc-07:00:00,SYN_103497,45,07:53:23,07:53:38,0
oL-cc2-4cc5VXM7r-ShUc-07:00:00,SYN_103498,46,07:54:04,07:54:19,0
oL-cc2-4cc5VXM7r-ShUc-07:00:00,SYN_103499,47,07:54:44,07:54:59,0
oL-cc2-4cc5VXM7r-ShUc-07:00:00,SYN_103500,48,07:55:25,07:55:40,0
oL-cc2-4cc5VXM7r-ShUc-07:00:00,SYN_103501,49,07:56:05,07:56:20,0
oL-cc2-4cc5VXM7r-ShUc-07:00:00,SYN_103502,50,07:56:46,07:57:01,0
oL-cc2-4cc5VXM7r-ShUc-07:00:00,SYN_103503,51,07:57:26,07:57:41,0
oL-cc2-4cc5VXM7r-ShUc-07:00:00,SYN_103504,52,07:58:07,07:58:22,0
oL-cc2-4cc5VXM7r-ShUc-07:00:00,SYN_103505,53,07:58:47,07:59:02,0
oL-cc2-4cc5VXM7r-ShUc-07:00:00,SYN_103506,54,07:59:29,07:59:44,0
oL-cc2-4cc5VXM7r-ShUc-07:00:00,SYN_103507,55,08:00:14,08:00:29,0
oL-cc2-4cc5VXM7r-ShUc-07:00:00,SYN_103508,56,08:00:58,08:01:13,0
oL-cc2-4cc5VXM7r-ShUc-07:00:00,SYN_103509,57,08:01:43,08:01:58,0
oL-cc2-4cc5VXM7r-ShUc-07:00:00,SYN_103510,58,08:02:28,08:02:43,0
oL-cc2-4cc5VXM7r-ShUc-07:00:00,SYN_103511,59,08:03:13,08:03:28,0
oL-cc2-4cc5VXM7r-ShUc-07:00:00,SYN_103512,60,08:03:58,08:04:13,0
oL-cc2-4cc5VXM7r-ShUc-07:00:00,SYN_103513,61,08:04:39,08:04:54,0
oL-cc2-4cc5VXM7r-ShUc-07:00:00,SYN_103514,62,08:05:07,08:05:22,0
oL-cc2-4cc5VXM7r-ShUc-07:00:00,SYN_103515,63,08:05:36,08:05:51,0
oL-cc2-4cc5VXM7r-ShUc-07:00:00,SYN_103516,64,08:06:05,08:06:20,0
oL-cc2-4cc5VXM7r-ShUc-07:00:00,SYN_103517,65,08:06:33,08:06:48,0
oL-cc2-4cc5VXM7r-ShUc-07:00:00,SYN_103518,66,08:07:02,08:07:17,0
oL-cc2-4cc5VXM7r-ShUc-07:00:00,SYN_103519,67,08:07:30,08:07:45,0
qGoxkcgxJLIYDgVV9cYQ6-07:00:00,SYN_103452,0,07:58:35,07:58:50,0
qGoxkcgxJLIYDgVV9cYQ6-07:00:00,SYN_103453,1,07:57:45,07:58:00,0
qGoxkcgxJLIYDgVV9cYQ6-07:00:00,SYN_103454,2,07:56:54,07:57:09,0
qGoxkcgxJLIYDgVV9cYQ6-07:00:00,SYN_103455,3,07:56:04,07:56:19,0
qGoxkcgxJLIYDgVV9cYQ6-07:00:00,SYN_103456,4,07:55:13,07:55:28,0
qGoxkcgxJLIYDgVV9cYQ6-07:00:00,SYN_103457,5,07:54:23,07:54:38,0
qGoxkcgxJLIYDgVV9cYQ6-07:00:00,SYN_103458,6,07:53:32,07:53:47,0
qGoxkcgxJLIYDgVV9cYQ6-07:00:00,SYN_103459,7,07:52:42,07:52:57,0
qGoxkcgxJLIYDgVV9cYQ6-07:00:00,SYN_103460,8,07:51:51,07:52:06,0
qGoxkcgxJLIYDgVV9cYQ6-07:00:00,SYN_103461,9,07:51:01,07:51:16,0
qGoxkcgxJLIYDgVV9cYQ6-07:00:00,SYN_103462,10,07:50:11,07:50:26,0
qGoxkcgxJLIYDgVV9cYQ6-07:00:00,SYN_103463,11,07:49:20,07:49:35,0
qGoxkcgxJLIYDgVV9cYQ6-07:00:00,SYN_103464,12,07:48:30,07:48:45,0
qGoxkcgxJLIYDgVV9cYQ6-07:00:00,SYN_103465,13,07:47:39,07:47:54,0
qGoxkcgxJLIYDgVV9cYQ6-07:00:00,SYN_103466,14,07:46:49,07:47:04,0
qGoxkcgxJLIYDgVV9cYQ6-07:00:00,SYN_103467,15,07:45:58,07:46:13,0
qGoxkcgxJLIYDgVV9cYQ6-07:00:00,SYN_103468,16,07:45:08,07:45:23,0
qGoxkcgxJLIYDgVV9cYQ6-07:00:00,SYN_103469,17,07:44:17,07:44:32,0
qGoxkcgxJLIYDgVV9cYQ6-07:00:00,SYN_103470,18,07:43:27,07:43:42,0
qGoxkcgxJLIYDgVV9cYQ6-07:00:00,SYN_103471,19,07:42:36,07:42:51,0
qGoxkcgxJLIYDgVV9cYQ6-07:00:00,SYN_103472,20,07:41:46,07:42:01,0
qGoxkcgxJLIYDgVV9cYQ6-07:00:00,SYN_103473,21,07:40:56,07:41:11,0
qGoxkcgxJLIYDgVV9cYQ6-07:00:00,SYN_103474,22,07:40:05,07:40:20,0
qGoxkcgxJLIYDgVV9cYQ6-07:00:00,SYN_103475,23,07:39:15,07:39:30,0
qGoxkcgxJLIYDgVV9cYQ6-07:00:00,SYN_103476,24,07:38:24,07:38:39,0
qGoxkcgxJLIYDgVV9cYQ6-07:00:00,SYN_103477,25,07:37:34,07:37:49,0
qGoxkcgxJLIYDgVV9cYQ6-07:00:00,SYN_103478,26,07:36:43,07:36:58,0
qGoxkcgxJLIYDgVV9cYQ6-07:00:00,SYN_103479,27,07:35:53,07:36:08,0
qGoxkcgxJLIYDgVV9cYQ6-07:00:00,SYN_103480,28,07:35:02,07:35:17,0
qGoxkcgxJLIYDgVV9cYQ6-07:00:00,SYN_103481,29,07:34:12,07:34:27,0
qGoxkcgxJLIYDgVV9cYQ6-07:00:00,SYN_103482,30,07:33:21,07:33:36,0
qGoxkcgxJLIYDgVV9cYQ6-07:00:00,SYN_103483,31,07:32:31,07:32:46,0
qGoxkcgxJLIYDgVV9cYQ6-07:00:00,SYN_103484,32,07:31:41,07:31:56,0
qGoxkcgxJLIYDgVV9cYQ6-07:00:00,SYN_103485,33,07:30:50,07:31:05,0
qGoxkcgxJLIYDgVV9cYQ6-07:00:00,SYN_103486,34,07:30:00,07:30:15,0
qGoxkcgxJLIYDgVV9cYQ6-07:00:00,SYN_103487,35,07:29:09,07:29:24,0
qGoxkcgxJLIYDgVV9cYQ6-07:00:00,SYN_103488,36,07:28:19,07:28:34,0
qGoxkcgxJLIYDgVV9cYQ6-07:00:00,SYN_103489,37,07:27:28,07:27:43,0
qGoxkcgxJLIYDgVV9cYQ6-07:00:00,SYN_103490,38,07:26:38,07:26:53,0
qGoxkcgxJLIYDgVV9cYQ6-07:00:00,SYN_103491,39,07:25:47,07:26:02,0
qGoxkcgxJLIYDgVV9cYQ6-07:00:00,SYN_103492,40,07:24:57,07:25:12,0
qGoxkcgxJLIYDgVV9cYQ6-07:00:00,SYN_103493,41,07:24:07,07:24:22,0
qGoxkcgxJLIYDgVV9cYQ6-07:00:00,SYN_103494,42,07:23:16,07:23:31,0
qGoxkcgxJLIYDgVV9cYQ6-07:00:00,SYN_103495,43,07:22:26,07:22:41,0
qGoxkcgxJLIYDgVV9cYQ6-07:00:00,SYN_103496,44,07:21:35,07:21:50,0
qGoxkcgxJLIYDgVV9cYQ6-07:00:00,SYN_103497,45,07:20:45,07:21:00,0
qGoxkcgxJLIYDgVV9cYQ6-07:00:00,SYN_103498,46,07:19:54,07:20:09,0
qGoxkcgxJLIYDgVV9cYQ6-07:00:00,SYN_103499,47,07:19:04,07:19:19,0
qGoxkcgxJLIYDgVV9cYQ6-07:00:00,SYN_103500,48,07:18:13,07:18:28,0
qGoxkcgxJLIYDgVV9cYQ6-07:00:00,SYN_103501,49,07:17:23,07:17:38,0
qGoxkcgxJLIYDgVV9cYQ6-07:00:00,SYN_103502,50,07:16:32,07:16:47,0
qGoxkcgxJLIYDgVV9cYQ6-07:00:00,SYN_103503,51,07:15:42,07:15:57,0
qGoxkcgxJLIYDgVV9cYQ6-07:00:00,SYN_103504,52,07:14:52,07:15:07,0
qGoxkcgxJLIYDgVV9cYQ6-07:00:00,SYN_103505,53,07:14:01,07:14:16,0
qGoxkcgxJLIYDgVV9cYQ6-07:00:00,SYN_103506,54,07:13:11,07:13:26,0
qGoxkcgxJLIYDgVV9cYQ6-07:00:00,SYN_103507,55,07:12:20,07:12:35,0
qGoxkcgxJLIYDgVV9cYQ6-07:00:00,SYN_103508,56,07:11:30,07:11:45,0
qGoxkcgxJLIYDgVV9cYQ6-07:00:00,SYN_103509,57,07:10:39,07:10:54,0
qGoxkcgxJLIYDgVV9cYQ6-07:00:00,SYN_103510,58,07:09:49,07:10:04,0
qGoxkcgxJLIYDgVV9cYQ6-07:00:00,SYN_103511,59,07:08:58,07:09:13,0
qGoxkcgxJLIYDgVV9cYQ6-07:00:00,SYN_103512,60,07:08:08,07:08:23,0
qGoxkcgxJLIYDgVV9cYQ6-07:00:00,SYN_103513,61,07:07:17,07:07:32,0
qGoxkcgxJLIYDgVV9cYQ6-07:00:00,SYN_103514,62,07:06:27,07:06:42,0
qGoxkcgxJLIYDgVV9cYQ6-07:00:00,SYN_103515,63,07:05:37,07:05:52,0
qGoxkcgxJLIYDgVV9cYQ6-07:00:00,SYN_103516,64,07:04:46,07:05:01,0
qGoxkcgxJLIYDgVV9cYQ6-07:00:00,SYN_103517,65,07:03:56,07:04:11,0
qGoxkcgxJLIYDgVV9cYQ6-07:00:00,SYN_103518,66,07:03:05,07:03:20,0
qGoxkcgxJLIYDgVV9cYQ6-07:00:00,SYN_103519,67,07:02:15,07:02:30,0
qGoxkcgxJLIYDgVV9cYQ6-07:00:00,SYN_103520,68,07:01:24,07:01:39,0
qGoxkcgxJLIYDgVV9cYQ6-07:00:00,SYN_103521,69,07:00:34,07:00:49,0
pQ45GdSgOyF1CMHTWPmrk-07:00:00,SYN_103529,0,07:00:05,07:00:20,0
pQ45GdSgOyF1CMHTWPmrk-07:00:00,SYN_103530,1,07:00:30,07:00:45,0
pQ45GdSgOyF1CMHTWPmrk-07:00:00,SYN_103531,2,07:00:54,07:01:09,0
pQ45GdSgOyF1CMHTWPmrk-07:00:00,SYN_103532,3,07:01:19,07:01:34,0
pQ45GdSgOyF1CMHTWPmrk-07:00:00,SYN_103533,4,07:01:44,07:01:59,0
pQ45GdSgOyF1CMHTWPmrk-07:00:00,SYN_103534,5,07:02:09,07:02:24,0
pQ45GdSgOyF1CMHTWPmrk-07:00:00,SYN_103535,6,07:02:35,07:02:50,0
pQ45GdSgOyF1CMHTWPmrk-07:00:00,SYN_103536,7,07:03:01,07:03:16,0
pQ45GdSgOyF1CMHTWPmrk-07:00:00,SYN_103537,8,07:03:27,07:03:42,0
pQ45GdSgOyF1CMHTWPmrk-07:00:00,SYN_103538,9,07:03:52,07:04:07,0
pQ45GdSgOyF1CMHTWPmrk-07:00:00,SYN_103539,10,07:04:18,07:04:33,0
pQ45GdSgOyF1CMHTWPmrk-07:00:00,SYN_103540,11,07:04:44,07:04:59,0
pQ45GdSgOyF1CMHTWPmrk-07:00:00,SYN_103541,12,07:05:10,07:05:25,0
pQ45GdSgOyF1CMHTWPmrk-07:00:00,SYN_103542,13,07:05:36,07:05:51,0
pQ45GdSgOyF1CMHTWPmrk-07:00:00,SYN_103543,14,07:06:02,07:06:17,0
pQ45GdSgOyF1CMHTWPmrk-07:00:00,SYN_103544,15,07:06:28,07:06:43,0
pQ45GdSgOyF1CMHTWPmrk-07:00:00,SYN_103545,16,07:06:53,07:07:08,0
pQ45GdSgOyF1CMHTWPmrk-07:00:00,SYN_103546,17,07:07:19,07:07:34,0
pQ45GdSgOyF1CMHTWPmrk-07:00:00,SYN_103547,18,07:07:45,07:08:00,0
pQ45GdSgOyF1CMHTWPmrk-07:00:00,SYN_103548,19,07:08:11,07:08:26,0
pQ45GdSgOyF1CMHTWPmrk-07:00:00,SYN_103549,20,07:08:37,07:08:52,0
pQ45GdSgOyF1CMHTWPmrk-07:00:00,SYN_103550,21,07:09:03,07:09:18,0
pQ45GdSgOyF1CMHTWPmrk-07:00:00,SYN_103551,22,07:09:29,07:09:44,0
pQ45GdSgOyF1CMHTWPmrk-07:00:00,SYN_103552,23,07:09:55,07:10:10,0
pQ45GdSgOyF1CMHTWPmrk-07:00:00,SYN_103553,24,07:10:20,07:10:35,0
pQ45GdSgOyF1CMHTWPmrk-07:00:00,SYN_103554,25,07:10:45,07:11:00,0
pQ45GdSgOyF1CMHTWPmrk-07:00:00,SYN_103555,26,07:11:09,07:11:24,0
pQ45GdSgOyF1CMHTWPmrk-07:00:00,SYN_103556,27,07:11:34,07:11:49,0
pQ45GdSgOyF1CMHTWPmrk-07:00:00,SYN_103557,28,07:11:58,07:12:13,0
pQ45GdSgOyF1CMHTWPmrk-07:00:00,SYN_103558,29,07:12:23,07:12:38,0
pQ45GdSgOyF1CMHTWPmrk-07:00:00,SYN_103559,30,07:12:47,07:13:02,0
pQ45GdSgOyF1CMHTWPmrk-07:00:00,SYN_103560,31,07:13:12,07:13:27,0
pQ45GdSgOyF1CMHTWPmrk-07:00:00,SYN_103561,32,07:13:36,07:13:51,0
pQ45GdSgOyF1CMHTWPmrk-07:00:00,SYN_103562,33,07:14:01,07:14:16,0
pQ45GdSgOyF1CMHTWPmrk-07:00:00,SYN_103563,34,07:14:25,07:14:40,0
pQ45GdSgOyF1CMHTWPmrk-07:00:00,SYN_103564,35,07:14:50,07:15:05,0
pQ45GdSgOyF1CMHTWPmrk-07:00:00,SYN_103565,36,07:15:14,07:15:29,0
pQ45GdSgOyF1CMHTWPmrk-07:00:00,SYN_103566,37,07:15:39,07:15:54,0
pQ45GdSgOyF1CMHTWPmrk-07:00:00,SYN_103567,38,07:16:31,07:16:46,0
pQ45GdSgOyF1CMHTWPmrk-07:00:00,SYN_103568,39,07:17:45,07:18:00,0
pQ45GdSgOyF1CMHTWPmrk-07:00:00,SYN_103569,40,07:18:22,07:18:37,0
pQ45GdSgOyF1CMHTWPmrk-07:00:00,SYN_103570,41,07:18:46,07:19:01,0
pQ45GdSgOyF1CMHTWPmrk-07:00:00,SYN_103571,42,07:19:11,07:19:26,0
pQ45GdSgOyF1CMHTWPmrk-07:00:00,SYN_103572,43,07:19:35,07:19:50,0
pQ45GdSgOyF1CMHTWPmrk-07:00:00,SYN_103573,44,07:19:59,07:20:14,0
pQ45GdSgOyF1CMHTWPmrk-07:00:00,SYN_103574,45,07:20:23,07:20:38,0
pQ45GdSgOyF1CMHTWPmrk-07:00:00,SYN_103575,46,07:20:47,07:21:02,0
pQ45GdSgOyF1CMHTWPmrk-07:00:00,SYN_103576,47,07:21:11,07:21:26,0
pQ45GdSgOyF1CMHTWPmrk-07:00:00,SYN_103577,48,07:21:51,07:22:06,0
pQ45GdSgOyF1CMHTWPmrk-07:00:00,SYN_103578,49,07:22:33,07:22:48,0
pQ45GdSgOyF1CMHTWPmrk-07:00:00,SYN_103579,50,07:23:14,07:23:29,0
pQ45GdSgOyF1CMHTWPmrk-07:00:00,SYN_103580,51,07:23:56,07:24:11,0
pQ45GdSgOyF1CMHTWPmrk-07:00:00,SYN_103581,52,07:24:32,07:24:47,0
pQ45GdSgOyF1CMHTWPmrk-07:00:00,SYN_103582,53,07:25:07,07:25:22,0
pQ45GdSgOyF1CMHTWPmrk-07:00:00,SYN_103583,54,07:25:42,07:25:57,0
pQ45GdSgOyF1CMHTWPmrk-07:00:00,SYN_103584,55,07:26:17,07:26:32,0
pQ45GdSgOyF1CMHTWPmrk-07:00:00,SYN_103585,56,07:26:52,07:27:07,0
pQ45GdSgOyF1CMHTWPmrk-07:00:00,SYN_103586,57,07:27:27,07:27:42,0
xb8d2kdOwmERjQmCcjbyQ-07:00:00,SYN_103529,0,07:30:01,07:30:16,0
xb8d2kdOwmERjQmCcjbyQ-07:00:00,SYN_103530,1,07:29:32,07:29:47,0
xb8d2kdOwmERjQmCcjbyQ-07:00:00,SYN_103531,2,07:29:04,07:29:19,0
xb8d2kdOwmERjQmCcjbyQ-07:00:00,SYN_103532,3,07:28:36,07:28:51,0
xb8d2kdOwmERjQmCcjbyQ-07:00:00,SYN_103533,4,07:28:07,07:28:22,0
xb8d2kdOwmERjQmCcjbyQ-07:00:00,SYN_103534,5,07:27:39,07:27:54,0
xb8d2kdOwmERjQmCcjbyQ-07:00:00,SYN_103535,6,07:27:11,07:27:26,0
xb8d2kdOwmERjQmCcjbyQ-07:00:00,SYN_103536,7,07:26:42,07:26:57,0
xb8d2kdOwmERjQmCcjbyQ-07:00:00,SYN_103537,8,07:26:14,07:26:29,0
xb8d2kdOwmERjQmCcjbyQ-07:00:00,SYN_103538,9,07:25:46,07:26:01,0
xb8d2kdOwmERjQmCcjbyQ-07:00:00,SYN_103539,10,07:25:17,07:25:32,0
xb8d2kdOwmERjQmCcjbyQ-07:00:00,SYN_103540,11,07:24:49,07:25:04,0
xb8d2kdOwmERjQmCcjbyQ-07:00:00,SYN_103541,12,07:24:21,07:24:36,0
xb8d2kdOwmERjQmCcjbyQ-07:00:00,SYN_103542,13,07:23:52,07:24:07,0
xb8d2kdOwmERjQmCcjbyQ-07:00:00,SYN_103543,14,07:23:24,07:23:39,0
xb8d2kdOwmERjQmCcjbyQ-07:00:00,SYN_103544,15,07:22:56,07:23:11,0
xb8d2kdOwmERjQmCcjbyQ-07:00:00,SYN_103545,16,07:22:28,07:22:43,0
xb8d2kdOwmERjQmCcjbyQ-07:00:00,SYN_103546,17,07:21:59,07:22:14,0
xb8d2kdOwmERjQmCcjbyQ-07:00:00,SYN_103547,18,07:21:31,07:21:46,0
xb8d2kdOwmERjQmCcjbyQ-07:00:00,SYN_103548,19,07:21:03,07:21:18,0
xb8d2kdOwmERjQmCcjbyQ-07:00:00,SYN_103549,20,07:20:34,07:20:49,0
xb8d2kdOwmERjQmCcjbyQ-07:00:00,SYN_103550,21,07:20:06,07:20:21,0
xb8d2kdOwmERjQmCcjbyQ-07:00:00,SYN_103551,22,07:19:38,07:19:53,0
xb8d2kdOwmERjQmCcjbyQ-07:00:00,SYN_103552,23,07:19:09,07:19:24,0
xb8d2kdOwmERjQmCcjbyQ-07:00:00,SYN_103553,24,07:18:41,07:18:56,0
xb8d2kdOwmERjQmCcjbyQ-07:00:00,SYN_103554,25,07:18:13,07:18:28,0
xb8d2kdOwmERjQmCcjbyQ-07:00:00,SYN_103555,26,07:17:44,07:17:59,0
xb8d2kdOwmERjQmCcjbyQ-07:00:00,SYN_103556,27,07:17:16,07:17:31,0
xb8d2kdOwmERjQmCcjbyQ-07:00:00,SYN_103557,28,07:16:48,07:17:03,0
xb8d2kdOwmERjQmCcjbyQ-07:00:00,SYN_103558,29,07:16:19,07:16:34,0
xb8d2kdOwmERjQmCcjbyQ-07:00:00,SYN_103559,30,07:15:51,07:16:06,0
xb8d2kdOwmERjQmCcjbyQ-07:00:00,SYN_103560,31,07:15:23,07:15:38,0
xb8d2kdOwmERjQmCcjbyQ-07:00:00,SYN_103561,32,07:14:54,07:15:09,0
xb8d2kdOwmERjQmCcjbyQ-07:00:00,SYN_103562,33,07:14:26,07:14:41,0
xb8d2kdOwmERjQmCcjbyQ-07:00:00,SYN_103563,34,07:13:58,07:14:13,0
xb8d2kdOwmERjQmCcjbyQ-07:00:00,SYN_103564,35,07:13:29,07:13:44,0
xb8d2kdOwmERjQmCcjbyQ-07:00:00,SYN_103565,36,07:13:01,07:13:16,0
xb8d2kdOwmERjQmCcjbyQ-07:00:00,SYN_103566,37,07:12:33,07:12:48,0
xb8d2kdOwmERjQmCcjbyQ-07:00:00,SYN_103567,38,07:12:05,07:12:20,0
xb8d2kdOwmERjQmCcjbyQ-07:00:00,SYN_103568,39,07:11:36,07:11:51,0
xb8d2kdOwmERjQmCcjbyQ-07:00:00,SYN_103569,40,07:11:08,07:11:23,0
xb8d2kdOwmERjQmCcjbyQ-07:00:00,SYN_103570,41,07:10:40,07:10:55,0
xb8d2kdOwmERjQmCcjbyQ-07:00:00,SYN_103571,42,07:10:11,07:10:26,0
xb8d2kdOwmERjQmCcjbyQ-07:00:00,SYN_103572,43,07:09:43,07:09:58,0
xb8d2kdOwmERjQmCcjbyQ-07:00:00,SYN_103573,44,07:09:15,07:09:30,0
xb8d2kdOwmERjQmCcjbyQ-07:00:00,SYN_103574,45,07:08:46,07:09:01,0
xb8d2kdOwmERjQmCcjbyQ-07:00:00,SYN_103575,46,07:08:18,07:08:33,0
xb8d2kdOwmERjQmCcjbyQ-07:00:00,SYN_103576,47,07:07:50,07:08:05,0
xb8d2kdOwmERjQmCcjbyQ-07:00:00,SYN_103577,48,07:07:21,07:07:36,0
xb8d2kdOwmERjQmCcjbyQ-07:00:00,SYN_103578,49,07:06:53,07:07:08,0
xb8d2kdOwmERjQmCcjbyQ-07:00:00,SYN_103579,50,07:06:25,07:06:40,0
xb8d2kdOwmERjQmCcjbyQ-07:00:00,SYN_103580,51,07:05:56,07:06:11,0
xb8d2kdOwmERjQmCcjbyQ-07:00:00,SYN_103581,52,07:05:28,07:05:43,0
xb8d2kdOwmERjQmCcjbyQ-07:00:00,SYN_103582,53,07:05:00,07:05:15,0
xb8d2kdOwmERjQmCcjbyQ-07:00:00,SYN_103583,54,07:04:31,07:04:46,0
xb8d2kdOwmERjQmCcjbyQ-07:00:00,SYN_103584,55,07:04:03,07:04:18,0
xb8d2kdOwmERjQmCcjbyQ-07:00:00,SYN_103585,56,07:03:35,07:03:50,0
xb8d2kdOwmERjQmCcjbyQ-07:00:00,SYN_103586,57,07:03:06,07:03:21,0
xb8d2kdOwmERjQmCcjbyQ-07:00:00,SYN_103587,58,07:02:38,07:02:53,0
xb8d2kdOwmERjQmCcjbyQ-07:00:00,SYN_103588,59,07:02:10,07:02:25,0
xb8d2kdOwmERjQmCcjbyQ-07:00:00,SYN_103589,60,07:01:42,07:01:57,0
xb8d2kdOwmERjQmCcjbyQ-07:00:00,SYN_103590,61,07:01:13,07:01:28,0
xb8d2kdOwmERjQmCcjbyQ-07:00:00,SYN_103591,62,07:00:45,07:01:00,0
xb8d2kdOwmERjQmCcjbyQ-07:00:00,SYN_103592,63,07:00:17,07:00:32,0
hCtxqlnqMmikZr4cnUgjF-07:00:00,SYN_103595,0,07:00:03,07:00:18,0
hCtxqlnqMmikZr4cnUgjF-07:00:00,SYN_103596,1,07:00:32,07:00:47,0
hCtxqlnqMmikZr4cnUgjF-07:00:00,SYN_103597,2,07:01:01,07:01:16,0
hCtxqlnqMmikZr4cnUgjF-07:00:00,SYN_103598,3,07:01:30,07:01:45,0
hCtxqlnqMmikZr4cnUgjF-07:00:00,SYN_103599,4,07:01:58,07:02:13,0
hCtxqlnqMmikZr4cnUgjF-07:00:00,SYN_103600,5,07:02:24,07:02:39,0
hCtxqlnqMmikZr4cnUgjF-07:00:00,SYN_103601,6,07:02:47,07:03:02,0
hCtxqlnqMmikZr4cnUgjF-07:00:00,SYN_103602,7,07:03:29,07:03:44,0
hCtxqlnqMmikZr4cnUgjF-07:00:00,SYN_103603,8,07:04:52,07:05:07,0
hCtxqlnqMmikZr4cnUgjF-07:00:00,SYN_103604,9,07:06:37,07:06:52,0
hCtxqlnqMmikZr4cnUgjF-07:00:00,SYN_103605,10,07:07:33,07:07:48,0
hCtxqlnqMmikZr4cnUgjF-07:00:00,SYN_103606,11,07:08:22,07:08:37,0
hCtxqlnqMmikZr4cnUgjF-07:00:00,SYN_103607,12,07:09:10,07:09:25,0
hCtxqlnqMmikZr4cnUgjF-07:00:00,SYN_103608,13,07:09:59,07:10:14,0
hCtxqlnqMmikZr4cnUgjF-07:00:00,SYN_103609,14,07:10:47,07:11:02,0
hCtxqlnqMmikZr4cnUgjF-07:00:00,SYN_103610,15,07:11:29,07:11:44,0
hCtxqlnqMmikZr4cnUgjF-07:00:00,SYN_103611,16,07:12:08,07:12:23,0
hCtxqlnqMmikZr4cnUgjF-07:00:00,SYN_103612,17,07:12:52,07:13:07,0
hCtxqlnqMmikZr4cnUgjF-07:00:00,SYN_103613,18,07:13:37,07:13:52,0
hCtxqlnqMmikZr4cnUgjF-07:00:00,SYN_103614,19,07:14:22,07:14:37,0
hCtxqlnqMmikZr4cnUgjF-07:00:00,SYN_103615,20,07:15:07,07:15:22,0
hCtxqlnqMmikZr4cnUgjF-07:00:00,SYN_103616,21,07:15:31,07:15:46,0
hCtxqlnqMmikZr4cnUgjF-07:00:00,SYN_103617,22,07:15:55,07:16:10,0
hCtxqlnqMmikZr4cnUgjF-07:00:00,SYN_103618,23,07:16:18,07:16:33,0
hCtxqlnqMmikZr4cnUgjF-07:00:00,SYN_103619,24,07:16:42,07:16:57,0
hCtxqlnqMmikZr4cnUgjF-07:00:00,SYN_103620,25,07:17:06,07:17:21,0
hCtxqlnqMmikZr4cnUgjF-07:00:00,SYN_103621,26,07:17:29,07:17:44,0
hCtxqlnqMmikZr4cnUgjF-07:00:00,SYN_103622,27,07:17:53,07:18:08,0
hCtxqlnqMmikZr4cnUgjF-07:00:00,SYN_103623,28,07:18:18,07:18:33,0
hCtxqlnqMmikZr4cnUgjF-07:00:00,SYN_103624,29,07:18:42,07:18:57,0
hCtxqlnqMmikZr4cnUgjF-07:00:00,SYN_103625,30,07:19:07,07:19:22,0
hCtxqlnqMmikZr4cnUgjF-07:00:00,SYN_103626,31,07:19:31,07:19:46,0
hCtxqlnqMmikZr4cnUgjF-07:00:00,SYN_103627,32,07:19:56,07:20:11,0
hCtxqlnqMmikZr4cnUgjF-07:00:00,SYN_103628,33,07:20:22,07:20:37,0
hCtxqlnqMmikZr4cnUgjF-07:00:00,SYN_103629,34,07:20:47,07:21:02,0
hCtxqlnqMmikZr4cnUgjF-07:00:00,SYN_103630,35,07:21:12,07:21:27,0
hCtxqlnqMmikZr4cnUgjF-07:00:00,SYN_103631,36,07:21:38,07:21:53,0
hCtxqlnqMmikZr4cnUgjF-07:00:00,SYN_103632,37,07:22:03,07:22:18,0
hCtxqlnqMmikZr4cnUgjF-07:00:00,SYN_103633,38,07:22:28,07:22:43,0
hCtxqlnqMmikZr4cnUgjF-07:00:00,SYN_103634,39,07:22:53,07:23:08,0
hCtxqlnqMmikZr4cnUgjF-07:00:00,SYN_103635,40,07:23:19,07:23:34,0
hCtxqlnqMmikZr4cnUgjF-07:00:00,SYN_103636,41,07:23:44,07:23:59,0
hCtxqlnqMmikZr4cnUgjF-07:00:00,SYN_103637,42,07:24:09,07:24:24,0
hCtxqlnqMmikZr4cnUgjF-07:00:00,SYN_103638,43,07:24:34,07:24:49,0
hCtxqlnqMmikZr4cnUgjF-07:00:00,SYN_103639,44,07:25:00,07:25:15,0
hCtxqlnqMmikZr4cnUgjF-07:00:00,SYN_103640,45,07:25:25,07:25:40,0
hCtxqlnqMmikZr4cnUgjF-07:00:00,SYN_103641,46,07:25:50,07:26:05,0
hCtxqlnqMmikZr4cnUgjF-07:00:00,SYN_103642,47,07:26:15,07:26:30,0
hCtxqlnqMmikZr4cnUgjF-07:00:00,SYN_103643,48,07:26:41,07:26:56,0
hCtxqlnqMmikZr4cnUgjF-07:00:00,SYN_103644,49,07:27:06,07:27:21,0
hCtxqlnqMmikZr4cnUgjF-07:00:00,SYN_103645,50,07:27:31,07:27:46,0
hCtxqlnqMmikZr4cnUgjF-07:00:00,SYN_103646,51,07:27:57,07:28:12,0
hCtxqlnqMmikZr4cnUgjF-07:00:00,SYN_103647,52,07:28:21,07:28:36,0
hCtxqlnqMmikZr4cnUgjF-07:00:00,SYN_103648,53,07:28:46,07:29:01,0
hCtxqlnqMmikZr4cnUgjF-07:00:00,SYN_103649,54,07:29:10,07:29:25,0
hCtxqlnqMmikZr4cnUgjF-07:00:00,SYN_103650,55,07:29:35,07:29:50,0
hCtxqlnqMmikZr4cnUgjF-07:00:00,SYN_103651,56,07:29:59,07:30:14,0
hCtxqlnqMmikZr4cnUgjF-07:00:00,SYN_103652,57,07:30:24,07:30:39,0
hCtxqlnqMmikZr4cnUgjF-07:00:00,SYN_103653,58,07:30:48,07:31:03,0
hCtxqlnqMmikZr4cnUgjF-07:00:00,SYN_103654,59,07:31:13,07:31:28,0
hCtxqlnqMmikZr4cnUgjF-07:00:00,SYN_103655,60,07:31:37,07:31:52,0
hCtxqlnqMmikZr4cnUgjF-07:00:00,SYN_103656,61,07:32:02,07:32:17,0
hCtxqlnqMmikZr4cnUgjF-07:00:00,SYN_103657,62,07:32:26,07:32:41,0
hCtxqlnqMmikZr4cnUgjF-07:00:00,SYN_103658,63,07:32:51,07:33:06,0
hCtxqlnqMmikZr4cnUgjF-07:00:00,SYN_103659,64,07:33:16,07:33:31,0
hCtxqlnqMmikZr4cnUgjF-07:00:00,SYN_103660,65,07:33:45,07:34:00,0
hCtxqlnqMmikZr4cnUgjF-07:00:00,SYN_103661,66,07:34:59,07:35:14,0
hCtxqlnqMmikZr4cnUgjF-07:00:00,SYN_103662,67,07:35:59,07:36:14,0
hCtxqlnqMmikZr4cnUgjF-07:00:00,SYN_103663,68,07:36:23,07:36:38,0
hCtxqlnqMmikZr4cnUgjF-07:00:00,SYN_103664,69,07:36:47,07:37:02,0
hCtxqlnqMmikZr4cnUgjF-07:00:00,SYN_103665,70,07:37:11,07:37:26,0
hCtxqlnqMmikZr4cnUgjF-07:00:00,SYN_103666,71,07:37:36,07:37:51,0
hCtxqlnqMmikZr4cnUgjF-07:00:00,SYN_103667,72,07:38:00,07:38:15,0
hCtxqlnqMmikZr4cnUgjF-07:00:00,SYN_103668,73,07:38:24,07:38:39,0
hCtxqlnqMmikZr4cnUgjF-07:00:00,SYN_103669,74,07:38:48,07:39:03,0
hCtxqlnqMmikZr4cnUgjF-07:00:00,SYN_103670,75,07:39:07,07:39:22,0
hCtxqlnqMmikZr4cnUgjF-07:00:00,SYN_103671,76,07:39:19,07:39:34,0
hCtxqlnqMmikZr4cnUgjF-07:00:00,SYN_103672,77,07:39:31,07:39:46,0
hCtxqlnqMmikZr4cnUgjF-07:00:00,SYN_103673,78,07:39:43,07:39:58,0
hCtxqlnqMmikZr4cnUgjF-07:00:00,SYN_103674,79,07:39:56,07:40:11,0
hCtxqlnqMmikZr4cnUgjF-07:00:00,SYN_103675,80,07:40:08,07:40:23,0
hCtxqlnqMmikZr4cnUgjF-07:00:00,SYN_103676,81,07:40:20,07:40:35,0
hCtxqlnqMmikZr4cnUgjF-07:00:00,SYN_103677,82,07:40:32,07:40:47,0
hCtxqlnqMmikZr4cnUgjF-07:00:00,SYN_103678,83,07:40:44,07:40:59,0
hCtxqlnqMmikZr4cnUgjF-07:00:00,SYN_103679,84,07:40:57,07:41:12,0
hCtxqlnqMmikZr4cnUgjF-07:00:00,SYN_103680,85,07:41:09,07:41:24,0
hCtxqlnqMmikZr4cnUgjF-07:00:00,SYN_103681,86,07:41:21,07:41:36,0
hCtxqlnqMmikZr4cnUgjF-07:00:00,SYN_103682,87,07:41:33,07:41:48,0
hCtxqlnqMmikZr4cnUgjF-07:00:00,SYN_103683,88,07:41:45,07:42:00,0
hCtxqlnqMmikZr4cnUgjF-07:00:00,SYN_103684,89,07:42:12,07:42:27,0
hCtxqlnqMmikZr4cnUgjF-07:00:00,SYN_103685,90,07:42:47,07:43:02,0
hCtxqlnqMmikZr4cnUgjF-07:00:00,SYN_103686,91,07:43:22,07:43:37,0
hCtxqlnqMmikZr4cnUgjF-07:00:00,SYN_103687,92,07:43:57,07:44:12,0
hCtxqlnqMmikZr4cnUgjF-07:00:00,SYN_103688,93,07:44:32,07:44:47,0
hCtxqlnqMmikZr4cnUgjF-07:00:00,SYN_103689,94,07:45:07,07:45:22,0
BxVJu5Cu3SBv6k6JEotw3-07:00:00,SYN_103593,0,07:51:19,07:51:34,0
BxVJu5Cu3SBv6k6JEotw3-07:00:00,SYN_103594,1,07:50:47,07:51:02,0
BxVJu5Cu3SBv6k6JEotw3-07:00:00,SYN_103595,2,07:50:15,07:50:30,0
BxVJu5Cu3SBv6k6JEotw3-07:00:00,SYN_103596,3,07:49:43,07:49:58,0
BxVJu5Cu3SBv6k6JEotw3-07:00:00,SYN_103597,4,07:49:11,07:49:26,0
BxVJu5Cu3SBv6k6JEotw3-07:00:00,SYN_103598,5,07:48:39,07:48:54,0
BxVJu5Cu3SBv6k6JEotw3-07:00:00,SYN_103599,6,07:48:07,07:48:22,0
BxVJu5Cu3SBv6k6JEotw3-07:00:00,SYN_103600,7,07:47:35,07:47:50,0
BxVJu5Cu3SBv6k6JEotw3-07:00:00,SYN_103601,8,07:47:03,07:47:18,0
BxVJu5Cu3SBv6k6JEotw3-07:00:00,SYN_103602,9,07:46:31,07:46:46,0
BxVJu5Cu3SBv6k6JEotw3-07:00:00,SYN_103603,10,07:45:59,07:46:14,0
BxVJu5Cu3SBv6k6JEotw3-07:00:00,SYN_103604,11,07:45:27,07:45:42,0
BxVJu5Cu3SBv6k6JEotw3-07:00:00,SYN_103605,12,07:44:55,07:45:10,0
BxVJu5Cu3SBv6k6JEotw3-07:00:00,SYN_103606,13,07:44:23,07:44:38,0
BxVJu5Cu3SBv6k6JEotw3-07:00:00,SYN_103607,14,07:43:51,07:44:06,0
BxVJu5Cu3SBv6k6JEotw3-07:00:00,SYN_103608,15,07:43:19,07:43:34,0
BxVJu5Cu3SBv6k6JEotw3-07:00:00,SYN_103609,16,07:42:47,07:43:02,0
BxVJu5Cu3SBv6k6JEotw3-07:00:00,SYN_103610,17,07:42:15,07:42:30,0
BxVJu5Cu3SBv6k6JEotw3-07:00:00,SYN_103611,18,07:41:43,07:41:58,0
BxVJu5Cu3SBv6k6JEotw3-07:00:00,SYN_103612,19,07:41:11,07:41:26,0
BxVJu5Cu3SBv6k6JEotw3-07:00:00,SYN_103613,20,07:40:39,07:40:54,0
BxVJu5Cu3SBv6k6JEotw3-07:00:00,SYN_103614,21,07:40:07,07:40:22,0
BxVJu5Cu3SBv6k6JEotw3-07:00:00,SYN_103615,22,07:39:35,07:39:50,0
BxVJu5Cu3SBv6k6JEotw3-07:00:00,SYN_103616,23,07:39:03,07:39:18,0
BxVJu5Cu3SBv6k6JEotw3-07:00:00,SYN_103617,24,07:38:31,07:38:46,0
BxVJu5Cu3SBv6k6JEotw3-07:00:00,SYN_103618,25,07:37:59,07:38:14,0
BxVJu5Cu3SBv6k6JEotw3-07:00:00,SYN_103619,26,07:37:27,07:37:42,0
BxVJu5Cu3SBv6k6JEotw3-07:00:00,SYN_103620,27,07:36:55,07:37:10,0
BxVJu5Cu3SBv6k6JEotw3-07:00:00,SYN_103621,28,07:36:23,07:36:38,0
BxVJu5Cu3SBv6k6JEotw3-07:00:00,SYN_103622,29,07:35:51,07:36:06,0
BxVJu5Cu3SBv6k6JEotw3-07:00:00,SYN_103623,30,07:35:19,07:35:34,0
BxVJu5Cu3SBv6k6JEotw3-07:00:00,SYN_103624,31,07:34:47,07:35:02,0
BxVJu5Cu3SBv6k6JEotw3-07:00:00,SYN_103625,32,07:34:15,07:34:30,0
BxVJu5Cu3SBv6k6JEotw3-07:00:00,SYN_103626,33,07:33:43,07:33:58,0
BxVJu5Cu3SBv6k6JEotw3-07:00:00,SYN_103627,34,07:33:11,07:33:26,0
BxVJu5Cu3SBv6k6JEotw3-07:00:00,SYN_103628,35,07:32:39,07:32:54,0
BxVJu5Cu3SBv6k6JEotw3-07:00:00,SYN_103629,36,07:32:07,07:32:22,0
BxVJu5Cu3SBv6k6JEotw3-07:00:00,SYN_103630,37,07:31:35,07:31:50,0
BxVJu5Cu3SBv6k6JEotw3-07:00:00,SYN_103631,38,07:31:03,07:31:18,0
BxVJu5Cu3SBv6k6JEotw3-07:00:00,SYN_103632,39,07:30:31,07:30:46,0
BxVJu5Cu3SBv6k6JEotw3-07:00:00,SYN_103633,40,07:29:59,07:30:14,0
BxVJu5Cu3SBv6k6JEotw3-07:00:00,SYN_103634,41,07:29:27,07:29:42,0
BxVJu5Cu3SBv6k6JEotw3-07:00:00,SYN_103635,42,07:28:55,07:29:10,0
BxVJu5Cu3SBv6k6JEotw3-07:00:00,SYN_103636,43,07:28:23,07:28:38,0
BxVJu5Cu3SBv6k6JEotw3-07:00:00,SYN_103637,44,07:27:51,07:28:06,0
BxVJu5Cu3SBv6k6JEotw3-07:00:00,SYN_103638,45,07:27:19,07:27:34,0
BxVJu5Cu3SBv6k6JEotw3-07:00:00,SYN_103639,46,07:26:47,07:27:02,0
BxVJu5Cu3SBv6k6JEotw3-07:00:00,SYN_103640,47,07:26:15,07:26:30,0
BxVJu5Cu3SBv6k6JEotw3-07:00:00,SYN_103641,48,07:25:43,07:25:58,0
BxVJu5Cu3SBv6k6JEotw3-07:00:00,SYN_103642,49,07:25:11,07:25:26,0
BxVJu5Cu3SBv6k6JEotw3-07:00:00,SYN_103643,50,07:24:39,07:24:54,0
BxVJu5Cu3SBv6k6JEotw3-07:00:00,SYN_103644,51,07:24:07,07:24:22,0
BxVJu5Cu3SBv6k6JEotw3-07:00:00,SYN_103645,52,07:23:35,07:23:50,0
BxVJu5Cu3SBv6k6JEotw3-07:00:00,SYN_103646,53,07:23:03,07:23:18,0
BxVJu5Cu3SBv6k6JEotw3-07:00:00,SYN_103647,54,07:22:31,07:22:46,0
BxVJu5Cu3SBv6k6JEotw3-07:00:00,SYN_103648,55,07:21:59,07:22:14,0
BxVJu5Cu3SBv6k6JEotw3-07:00:00,SYN_103649,56,07:21:27,07:21:42,0
BxVJu5Cu3SBv6k6JEotw3-07:00:00,SYN_103650,57,07:20:55,07:21:10,0
BxVJu5Cu3SBv6k6JEotw3-07:00:00,SYN_103651,58,07:20:23,07:20:38,0
BxVJu5Cu3SBv6k6JEotw3-07:00:00,SYN_103652,59,07:19:51,07:20:06,0
BxVJu5Cu3SBv6k6JEotw3-07:00:00,SYN_103653,60,07:19:19,07:19:34,0
BxVJu5Cu3SBv6k6JEotw3-07:00:00,SYN_103654,61,07:18:47,07:19:02,0
BxVJu5Cu3SBv6k6JEotw3-07:00:00,SYN_103655,62,07:18:15,07:18:30,0
BxVJu5Cu3SBv6k6JEotw3-07:00:00,SYN_103656,63,07:17:43,07:17:58,0
BxVJu5Cu3SBv6k6JEotw3-07:00:00,SYN_103657,64,07:17:11,07:17:26,0
BxVJu5Cu3SBv6k6JEotw3-07:00:00,SYN_103658,65,07:16:39,07:16:54,0
BxVJu5Cu3SBv6k6JEotw3-07:00:00,SYN_103659,66,07:16:07,07:16:22,0
BxVJu5Cu3SBv6k6JEotw3-07:00:00,SYN_103660,67,07:15:35,07:15:50,0
BxVJu5Cu3SBv6k6JEotw3-07:00:00,SYN_103661,68,07:15:03,07:15:18,0
BxVJu5Cu3SBv6k6JEotw3-07:00:00,SYN_103662,69,07:14:31,07:14:46,0
BxVJu5Cu3SBv6k6JEotw3-07:00:00,SYN_103663,70,07:13:59,07:14:14,0
BxVJu5Cu3SBv6k6JEotw3-07:00:00,SYN_103664,71,07:13:27,07:13:42,0
BxVJu5Cu3SBv6k6JEotw3-07:00:00,SYN_103665,72,07:12:55,07:13:10,0
BxVJu5Cu3SBv6k6JEotw3-07:00:00,SYN_103666,73,07:12:23,07:12:38,0
BxVJu5Cu3SBv6k6JEotw3-07:00:00,SYN_103667,74,07:11:51,07:12:06,0
BxVJu5Cu3SBv6k6JEotw3-07:00:00,SYN_103668,75,07:11:19,07:11:34,0
BxVJu5Cu3SBv6k6JEotw3-07:00:00,SYN_103669,76,07:10:47,07:11:02,0
BxVJu5Cu3SBv6k6JEotw3-07:00:00,SYN_103670,77,07:10:15,07:10:30,0
BxVJu5Cu3SBv6k6JEotw3-07:00:00,SYN_103671,78,07:09:43,07:09:58,0
BxVJu5Cu3SBv6k6JEotw3-07:00:00,SYN_103672,79,07:09:11,07:09:26,0
BxVJu5Cu3SBv6k6JEotw3-07:00:00,SYN_103673,80,07:08:39,07:08:54,0
BxVJu5Cu3SBv6k6JEotw3-07:00:00,SYN_103674,81,07:08:07,07:08:22,0
BxVJu5Cu3SBv6k6JEotw3-07:00:00,SYN_103675,82,07:07:35,07:07:50,0
BxVJu5Cu3SBv6k6JEotw3-07:00:00,SYN_103676,83,07:07:03,07:07:18,0
BxVJu5Cu3SBv6k6JEotw3-07:00:00,SYN_103677,84,07:06:31,07:06:46,0
BxVJu5Cu3SBv6k6JEotw3-07:00:00,SYN_103678,85,07:05:59,07:06:14,0
BxVJu5Cu3SBv6k6JEotw3-07:00:00,SYN_103679,86,07:05:27,07:05:42,0
BxVJu5Cu3SBv6k6JEotw3-07:00:00,SYN_103680,87,07:04:55,07:05:10,0
BxVJu5Cu3SBv6k6JEotw3-07:00:00,SYN_103681,88,07:04:23,07:04:38,0
BxVJu5Cu3SBv6k6JEotw3-07:00:00,SYN_103682,89,07:03:51,07:04:06,0
BxVJu5Cu3SBv6k6JEotw3-07:00:00,SYN_103683,90,07:03:19,07:03:34,0
BxVJu5Cu3SBv6k6JEotw3-07:00:00,SYN_103684,91,07:02:47,07:03:02,0
BxVJu5Cu3SBv6k6JEotw3-07:00:00,SYN_103685,92,07:02:15,07:02:30,0
BxVJu5Cu3SBv6k6JEotw3-07:00:00,SYN_103686,93,07:01:43,07:01:58,0
BxVJu5Cu3SBv6k6JEotw3-07:00:00,SYN_103687,94,07:01:11,07:01:26,0
BxVJu5Cu3SBv6k6JEotw3-07:00:00,SYN_103688,95,07:00:39,07:00:54,0
BxVJu5Cu3SBv6k6JEotw3-07:00:00,SYN_103689,96,07:00:07,07:00:22,0
WZZbrVYSieTbnoHnb0AaQ-07:00:00,SYN_103697,0,07:00:24,07:00:39,0
WZZbrVYSieTbnoHnb0AaQ-07:00:00,SYN_103698,1,07:00:49,07:01:04,0
WZZbrVYSieTbnoHnb0AaQ-07:00:00,SYN_103699,2,07:01:13,07:01:28,0
WZZbrVYSieTbnoHnb0AaQ-07:00:00,SYN_103700,3,07:01:38,07:01:53,0
WZZbrVYSieTbnoHnb0AaQ-07:00:00,SYN_103701,4,07:02:03,07:02:18,0
WZZbrVYSieTbnoHnb0AaQ-07:00:00,SYN_103702,5,07:02:27,07:02:42,0
WZZbrVYSieTbnoHnb0AaQ-07:00:00,SYN_103703,6,07:02:52,07:03:07,0
WZZbrVYSieTbnoHnb0AaQ-07:00:00,SYN_103704,7,07:03:17,07:03:32,0
WZZbrVYSieTbnoHnb0AaQ-07:00:00,SYN_103705,8,07:03:41,07:03:56,0
WZZbrVYSieTbnoHnb0AaQ-07:00:00,SYN_103706,9,07:04:44,07:04:59,0
WZZbrVYSieTbnoHnb0AaQ-07:00:00,SYN_103707,10,07:06:05,07:06:20,0
WZZbrVYSieTbnoHnb0AaQ-07:00:00,SYN_103708,11,07:07:27,07:07:42,0
WZZbrVYSieTbnoHnb0AaQ-07:00:00,SYN_103709,12,07:08:48,07:09:03,0
WZZbrVYSieTbnoHnb0AaQ-07:00:00,SYN_103710,13,07:10:09,07:10:24,0
WZZbrVYSieTbnoHnb0AaQ-07:00:00,SYN_103711,14,07:11:30,07:11:45,0
WZZbrVYSieTbnoHnb0AaQ-07:00:00,SYN_103712,15,07:12:52,07:13:07,0
3CgzuUO_dn1teCfMyugyc-07:00:00,SYN_103713,0,07:00:27,07:00:42,0
3CgzuUO_dn1teCfMyugyc-07:00:00,SYN_103714,1,07:00:56,07:01:11,0
3CgzuUO_dn1teCfMyugyc-07:00:00,SYN_103715,2,07:01:34,07:01:49,0
3CgzuUO_dn1teCfMyugyc-07:00:00,SYN_103716,3,07:02:16,07:02:31,0
3CgzuUO_dn1teCfMyugyc-07:00:00,SYN_103717,4,07:02:55,07:03:10,0
3CgzuUO_dn1teCfMyugyc-07:00:00,SYN_103718,5,07:03:44,07:03:59,0
3CgzuUO_dn1teCfMyugyc-07:00:00,SYN_103719,6,07:04:36,07:04:51,0
3CgzuUO_dn1teCfMyugyc-07:00:00,SYN_103720,7,07:05:28,07:05:43,0
3CgzuUO_dn1teCfMyugyc-07:00:00,SYN_103721,8,07:06:04,07:06:19,0
3CgzuUO_dn1teCfMyugyc-07:00:00,SYN_103722,9,07:06:26,07:06:41,0
3CgzuUO_dn1teCfMyugyc-07:00:00,SYN_103723,10,07:06:50,07:07:05,0
3CgzuUO_dn1teCfMyugyc-07:00:00,SYN_103724,11,07:07:21,07:07:36,0
3CgzuUO_dn1teCfMyugyc-07:00:00,SYN_103725,12,07:07:52,07:08:07,0
3CgzuUO_dn1teCfMyugyc-07:00:00,SYN_103726,13,07:08:24,07:08:39,0
3CgzuUO_dn1teCfMyugyc-07:00:00,SYN_103727,14,07:09:00,07:09:15,0
3CgzuUO_dn1teCfMyugyc-07:00:00,SYN_103728,15,07:09:30,07:09:45,0
3CgzuUO_dn1teCfMyugyc-07:00:00,SYN_103729,16,07:10:00,07:10:15,0
3CgzuUO_dn1teCfMyugyc-07:00:00,SYN_103730,17,07:10:50,07:11:05,0
3CgzuUO_dn1teCfMyugyc-07:00:00,SYN_103731,18,07:11:40,07:11:55,0
3CgzuUO_dn1teCfMyugyc-07:00:00,SYN_103732,19,07:12:30,07:12:45,0
3CgzuUO_dn1teCfMyugyc-07:00:00,SYN_103733,20,07:13:20,07:13:35,0
3CgzuUO_dn1teCfMyugyc-07:00:00,SYN_103734,21,07:14:00,07:14:15,0
3CgzuUO_dn1teCfMyugyc-07:00:00,SYN_103735,22,07:14:32,07:14:47,0
3CgzuUO_dn1teCfMyugyc-07:00:00,SYN_103736,23,07:15:05,07:15:20,0
3CgzuUO_dn1teCfMyugyc-07:00:00,SYN_103737,24,07:15:55,07:16:10,0
3CgzuUO_dn1teCfMyugyc-07:00:00,SYN_103738,25,07:16:36,07:16:51,0
3CgzuUO_dn1teCfMyugyc-07:00:00,SYN_103739,26,07:17:06,07:17:21,0
3CgzuUO_dn1teCfMyugyc-07:00:00,SYN_103740,27,07:17:31,07:17:46,0
3CgzuUO_dn1teCfMyugyc-07:00:00,SYN_103741,28,07:17:49,07:18:04,0
3CgzuUO_dn1teCfMyugyc-07:00:00,SYN_103742,29,07:18:08,07:18:23,0
3CgzuUO_dn1teCfMyugyc-07:00:00,SYN_103743,30,07:18:26,07:18:41,0
3CgzuUO_dn1teCfMyugyc-07:00:00,SYN_103744,31,07:18:44,07:18:59,0
3CgzuUO_dn1teCfMyugyc-07:00:00,SYN_103745,32,07:19:02,07:19:17,0
3CgzuUO_dn1teCfMyugyc-07:00:00,SYN_103746,33,07:19:21,07:19:36,0
3CgzuUO_dn1teCfMyugyc-07:00:00,SYN_103747,34,07:19:39,07:19:54,0
3CgzuUO_dn1teCfMyugyc-07:00:00,SYN_103748,35,07:20:03,07:20:18,0
3CgzuUO_dn1teCfMyugyc-07:00:00,SYN_103749,36,07:20:29,07:20:44,0
3CgzuUO_dn1teCfMyugyc-07:00:00,SYN_103750,37,07:20:55,07:21:10,0
3CgzuUO_dn1teCfMyugyc-07:00:00,SYN_103751,38,07:21:22,07:21:37,0
3CgzuUO_dn1teCfMyugyc-07:00:00,SYN_103752,39,07:21:51,07:22:06,0
3CgzuUO_dn1teCfMyugyc-07:00:00,SYN_103753,40,07:22:20,07:22:35,0
3CgzuUO_dn1teCfMyugyc-07:00:00,SYN_103754,41,07:22:48,07:23:03,0
3CgzuUO_dn1teCfMyugyc-07:00:00,SYN_103755,42,07:23:12,07:23:27,0
3CgzuUO_dn1teCfMyugyc-07:00:00,SYN_103756,43,07:23:37,07:23:52,0
3CgzuUO_dn1teCfMyugyc-07:00:00,SYN_103757,44,07:24:06,07:24:21,0
3CgzuUO_dn1teCfMyugyc-07:00:00,SYN_103758,45,07:24:38,07:24:53,0
3CgzuUO_dn1teCfMyugyc-07:00:00,SYN_103759,46,07:25:07,07:25:22,0
3CgzuUO_dn1teCfMyugyc-07:00:00,SYN_103760,47,07:25:30,07:25:45,0
3CgzuUO_dn1teCfMyugyc-07:00:00,SYN_103761,48,07:25:53,07:26:08,0
3CgzuUO_dn1teCfMyugyc-07:00:00,SYN_103762,49,07:26:16,07:26:31,0
3CgzuUO_dn1teCfMyugyc-07:00:00,SYN_103763,50,07:26:39,07:26:54,0
3CgzuUO_dn1teCfMyugyc-07:00:00,SYN_103764,51,07:27:03,07:27:18,0
3CgzuUO_dn1teCfMyugyc-07:00:00,SYN_103765,52,07:27:33,07:27:48,0
3CgzuUO_dn1teCfMyugyc-07:00:00,SYN_103766,53,07:28:03,07:28:18,0
3CgzuUO_dn1teCfMyugyc-07:00:00,SYN_103767,54,07:28:19,07:28:34,0
3CgzuUO_dn1teCfMyugyc-07:00:00,SYN_103768,55,07:28:35,07:28:50,0
3CgzuUO_dn1teCfMyugyc-07:00:00,SYN_103769,56,07:28:52,07:29:07,0
3CgzuUO_dn1teCfMyugyc-07:00:00,SYN_103770,57,07:29:09,07:29:24,0
3CgzuUO_dn1teCfMyugyc-07:00:00,SYN_103771,58,07:29:26,07:29:41,0
3CgzuUO_dn1teCfMyugyc-07:00:00,SYN_103772,59,07:29:44,07:29:59,0
3CgzuUO_dn1teCfMyugyc-07:00:00,SYN_103773,60,07:30:01,07:30:16,0
3CgzuUO_dn1teCfMyugyc-07:00:00,SYN_103774,61,07:30:19,07:30:34,0
3CgzuUO_dn1teCfMyugyc-07:00:00,SYN_103775,62,07:30:39,07:30:54,0
3CgzuUO_dn1teCfMyugyc-07:00:00,SYN_103776,63,07:31:01,07:31:16,0
3CgzuUO_dn1teCfMyugyc-07:00:00,SYN_103777,64,07:31:23,07:31:38,0
3CgzuUO_dn1teCfMyugyc-07:00:00,SYN_103778,65,07:31:48,07:32:03,0
3CgzuUO_dn1teCfMyugyc-07:00:00,SYN_103779,66,07:32:23,07:32:38,0
3CgzuUO_dn1teCfMyugyc-07:00:00,SYN_103780,67,07:32:56,07:33:11,0
3CgzuUO_dn1teCfMyugyc-07:00:00,SYN_103781,68,07:33:27,07:33:42,0
3CgzuUO_dn1teCfMyugyc-07:00:00,SYN_103782,69,07:33:59,07:34:14,0
3CgzuUO_dn1teCfMyugyc-07:00:00,SYN_103783,70,07:34:28,07:34:43,0
3CgzuUO_dn1teCfMyugyc-07:00:00,SYN_103784,71,07:34:53,07:35:08,0
3CgzuUO_dn1teCfMyugyc-07:00:00,SYN_103785,72,07:35:18,07:35:33,0
3CgzuUO_dn1teCfMyugyc-07:00:00,SYN_103786,73,07:35:42,07:35:57,0
3CgzuUO_dn1teCfMyugyc-07:00:00,SYN_103787,74,07:36:07,07:36:22,0
3CgzuUO_dn1teCfMyugyc-07:00:00,SYN_103788,75,07:36:32,07:36:47,0
3CgzuUO_dn1teCfMyugyc-07:00:00,SYN_103789,76,07:36:56,07:37:11,0
3CgzuUO_dn1teCfMyugyc-07:00:00,SYN_103790,77,07:37:21,07:37:36,0
3CgzuUO_dn1teCfMyugyc-07:00:00,SYN_103791,78,07:37:46,07:38:01,0
3CgzuUO_dn1teCfMyugyc-07:00:00,SYN_103792,79,07:38:13,07:38:28,0
3CgzuUO_dn1teCfMyugyc-07:00:00,SYN_103793,80,07:38:40,07:38:55,0
3CgzuUO_dn1teCfMyugyc-07:00:00,SYN_103794,81,07:39:04,07:39:19,0
3CgzuUO_dn1teCfMyugyc-07:00:00,SYN_103795,82,07:39:25,07:39:40,0
3CgzuUO_dn1teCfMyugyc-07:00:00,SYN_103796,83,07:39:46,07:40:01,0
3CgzuUO_dn1teCfMyugyc-07:00:00,SYN_103797,84,07:40:06,07:40:21,0
3CgzuUO_dn1teCfMyugyc-07:00:00,SYN_103798,85,07:40:27,07:40:42,0
3CgzuUO_dn1teCfMyugyc-07:00:00,SYN_103799,86,07:40:48,07:41:03,0
3CgzuUO_dn1teCfMyugyc-07:00:00,SYN_103800,87,07:41:14,07:41:29,0
3CgzuUO_dn1teCfMyugyc-07:00:00,SYN_103801,88,07:41:40,07:41:55,0
3CgzuUO_dn1teCfMyugyc-07:00:00,SYN_103802,89,07:42:06,07:42:21,0
3CgzuUO_dn1teCfMyugyc-07:00:00,SYN_103803,90,07:42:33,07:42:48,0
3CgzuUO_dn1teCfMyugyc-07:00:00,SYN_103804,91,07:42:59,07:43:14,0
3CgzuUO_dn1teCfMyugyc-07:00:00,SYN_103805,92,07:43:25,07:43:40,0
NP0r90PJ04dzhZ4-fQdAY-07:00:00,SYN_103713,0,08:00:54,08:01:09,0
NP0r90PJ04dzhZ4-fQdAY-07:00:00,SYN_103714,1,08:00:15,08:00:30,0
NP0r90PJ04dzhZ4-fQdAY-07:00:00,SYN_103715,2,07:59:36,07:59:51,0
NP0r90PJ04dzhZ4-fQdAY-07:00:00,SYN_103716,3,07:58:58,07:59:13,0
NP0r90PJ04dzhZ4-fQdAY-07:00:00,SYN_103717,4,07:58:19,07:58:34,0
NP0r90PJ04dzhZ4-fQdAY-07:00:00,SYN_103718,5,07:57:40,07:57:55,0
NP0r90PJ04dzhZ4-fQdAY-07:00:00,SYN_103719,6,07:57:01,07:57:16,0
NP0r90PJ04dzhZ4-fQdAY-07:00:00,SYN_103720,7,07:56:22,07:56:37,0
NP0r90PJ04dzhZ4-fQdAY-07:00:00,SYN_103721,8,07:55:43,07:55:58,0
NP0r90PJ04dzhZ4-fQdAY-07:00:00,SYN_103722,9,07:55:05,07:55:20,0
NP0r90PJ04dzhZ4-fQdAY-07:00:00,SYN_103723,10,07:54:26,07:54:41,0
NP0r90PJ04dzhZ4-fQdAY-07:00:00,SYN_103724,11,07:53:47,07:54:02,0
NP0r90PJ04dzhZ4-fQdAY-07:00:00,SYN_103725,12,07:53:08,07:53:23,0
NP0r90PJ04dzhZ4-fQdAY-07:00:00,SYN_103726,13,07:52:29,07:52:44,0
NP0r90PJ04dzhZ4-fQdAY-07:00:00,SYN_103727,14,07:51:51,07:52:06,0
NP0r90PJ04dzhZ4-fQdAY-07:00:00,SYN_103728,15,07:51:12,07:51:27,0
NP0r90PJ04dzhZ4-fQdAY-07:00:00,SYN_103729,16,07:50:33,07:50:48,0
NP0r90PJ04dzhZ4-fQdAY-07:00:00,SYN_103730,17,07:49:54,07:50:09,0
NP0r90PJ04dzhZ4-fQdAY-07:00:00,SYN_103731,18,07:49:15,07:49:30,0
NP0r90PJ04dzhZ4-fQdAY-07:00:00,SYN_103732,19,07:48:36,07:48:51,0
NP0r90PJ04dzhZ4-fQdAY-07:00:00,SYN_103733,20,07:47:58,07:48:13,0
NP0r90PJ04dzhZ4-fQdAY-07:00:00,SYN_103734,21,07:47:19,07:47:34,0
NP0r90PJ04dzhZ4-fQdAY-07:00:00,SYN_103735,22,07:46:40,07:46:55,0
NP0r90PJ04dzhZ4-fQdAY-07:00:00,SYN_103736,23,07:46:01,07:46:16,0
NP0r90PJ04dzhZ4-fQdAY-07:00:00,SYN_103737,24,07:45:22,07:45:37,0
NP0r90PJ04dzhZ4-fQdAY-07:00:00,SYN_103738,25,07:44:43,07:44:58,0
NP0r90PJ04dzhZ4-fQdAY-07:00:00,SYN_103739,26,07:44:05,07:44:20,0
NP0r90PJ04dzhZ4-fQdAY-07:00:00,SYN_103740,27,07:43:26,07:43:41,0
NP0r90PJ04dzhZ4-fQdAY-07:00:00,SYN_103741,28,07:42:47,07:43:02,0
NP0r90PJ04dzhZ4-fQdAY-07:00:00,SYN_103742,29,07:42:08,07:42:23,0
NP0r90PJ04dzhZ4-fQdAY-07:00:00,SYN_103743,30,07:41:29,07:41:44,0
NP0r90PJ04dzhZ4-fQdAY-07:00:00,SYN_103744,31,07:40:50,07:41:05,0
NP0r90PJ04dzhZ4-fQdAY-07:00:00,SYN_103745,32,07:40:12,07:40:27,0
NP0r90PJ04dzhZ4-fQdAY-07:00:00,SYN_103746,33,07:39:33,07:39:48,0
NP0r90PJ04dzhZ4-fQdAY-07:00:00,SYN_103747,34,07:38:54,07:39:09,0
NP0r90PJ04dzhZ4-fQdAY-07:00:00,SYN_103748,35,07:38:15,07:38:30,0
NP0r90PJ04dzhZ4-fQdAY-07:00:00,SYN_103749,36,07:37:36,07:37:51,0
NP0r90PJ04dzhZ4-fQdAY-07:00:00,SYN_103750,37,07:36:58,07:37:13,0
NP0r90PJ04dzhZ4-fQdAY-07:00:00,SYN_103751,38,07:36:19,07:36:34,0
NP0r90PJ04dzhZ4-fQdAY-07:00:00,SYN_103752,39,07:35:40,07:35:55,0
NP0r90PJ04dzhZ4-fQdAY-07:00:00,SYN_103753,40,07:35:01,07:35:16,0
NP0r90PJ04dzhZ4-fQdAY-07:00:00,SYN_103754,41,07:34:22,07:34:37,0
NP0r90PJ04dzhZ4-fQdAY-07:00:00,SYN_103755,42,07:33:43,07:33:58,0
NP0r90PJ04dzhZ4-fQdAY-07:00:00,SYN_103756,43,07:33:05,07:33:20,0
NP0r90PJ04dzhZ4-fQdAY-07:00:00,SYN_103757,44,07:32:26,07:32:41,0
NP0r90PJ04dzhZ4-fQdAY-07:00:00,SYN_103758,45,07:31:47,07:32:02,0
NP0r90PJ04dzhZ4-fQdAY-07:00:00,SYN_103759,46,07:31:08,07:31:23,0
NP0r90PJ04dzhZ4-fQdAY-07:00:00,SYN_103760,47,07:30:29,07:30:44,0
NP0r90PJ04dzhZ4-fQdAY-07:00:00,SYN_103761,48,07:29:50,07:30:05,0
NP0r90PJ04dzhZ4-fQdAY-07:00:00,SYN_103762,49,07:29:12,07:29:27,0
NP0r90PJ04dzhZ4-fQdAY-07:00:00,SYN_103763,50,07:28:33,07:28:48,0
NP0r90PJ04dzhZ4-fQdAY-07:00:00,SYN_103764,51,07:27:54,07:28:09,0
NP0r90PJ04dzhZ4-fQdAY-07:00:00,SYN_103765,52,07:27:15,07:27:30,0
NP0r90PJ04dzhZ4-fQdAY-07:00:00,SYN_103766,53,07:26:36,07:26:51,0
NP0r90PJ04dzhZ4-fQdAY-07:00:00,SYN_103767,54,07:25:58,07:26:13,0
NP0r90PJ04dzhZ4-fQdAY-07:00:00,SYN_103768,55,07:25:19,07:25:34,0
NP0r90PJ04dzhZ4-fQdAY-07:00:00,SYN_103769,56,07:24:40,07:24:55,0
NP0r90PJ04dzhZ4-fQdAY-07:00:00,SYN_103770,57,07:24:01,07:24:16,0
NP0r90PJ04dzhZ4-fQdAY-07:00:00,SYN_103771,58,07:23:22,07:23:37,0
NP0r90PJ04dzhZ4-fQdAY-07:00:00,SYN_103772,59,07:22:43,07:22:58,0
NP0r90PJ04dzhZ4-fQdAY-07:00:00,SYN_103773,60,07:22:05,07:22:20,0
NP0r90PJ04dzhZ4-fQdAY-07:00:00,SYN_103774,61,07:21:26,07:21:41,0
NP0r90PJ04dzhZ4-fQdAY-07:00:00,SYN_103775,62,07:20:47,07:21:02,0
NP0r90PJ04dzhZ4-fQdAY-07:00:00,SYN_103776,63,07:20:08,07:20:23,0
NP0r90PJ04dzhZ4-fQdAY-07:00:00,SYN_103777,64,07:19:29,07:19:44,0
NP0r90PJ04dzhZ4-fQdAY-07:00:00,SYN_103778,65,07:18:50,07:19:05,0
NP0r90PJ04dzhZ4-fQdAY-07:00:00,SYN_103779,66,07:18:12,07:18:27,0
NP0r90PJ04dzhZ4-fQdAY-07:00:00,SYN_103780,67,07:17:33,07:17:48,0
NP0r90PJ04dzhZ4-fQdAY-07:00:00,SYN_103781,68,07:16:54,07:17:09,0
NP0r90PJ04dzhZ4-fQdAY-07:00:00,SYN_103782,69,07:16:15,07:16:30,0
NP0r90PJ04dzhZ4-fQdAY-07:00:00,SYN_103783,70,07:15:36,07:15:51,0
NP0r90PJ04dzhZ4-fQdAY-07:00:00,SYN_103784,71,07:14:57,07:15:12,0
NP0r90PJ04dzhZ4-fQdAY-07:00:00,SYN_103785,72,07:14:19,07:14:34,0
NP0r90PJ04dzhZ4-fQdAY-07:00:00,SYN_103786,73,07:13:40,07:13:55,0
NP0r90PJ04dzhZ4-fQdAY-07:00:00,SYN_103787,74,07:13:01,07:13:16,0
NP0r90PJ04dzhZ4-fQdAY-07:00:00,SYN_103788,75,07:12:22,07:12:37,0
NP0r90PJ04dzhZ4-fQdAY-07:00:00,SYN_103789,76,07:11:43,07:11:58,0
NP0r90PJ04dzhZ4-fQdAY-07:00:00,SYN_103790,77,07:11:05,07:11:20,0
NP0r90PJ04dzhZ4-fQdAY-07:00:00,SYN_103791,78,07:10:26,07:10:41,0
NP0r90PJ04dzhZ4-fQdAY-07:00:00,SYN_103792,79,07:09:47,07:10:02,0
NP0r90PJ04dzhZ4-fQdAY-07:00:00,SYN_103793,80,07:09:08,07:09:23,0
NP0r90PJ04dzhZ4-fQdAY-07:00:00,SYN_103794,81,07:08:29,07:08:44,0
NP0r90PJ04dzhZ4-fQdAY-07:00:00,SYN_103795,82,07:07:50,07:08:05,0
NP0r90PJ04dzhZ4-fQdAY-07:00:00,SYN_103796,83,07:07:12,07:07:27,0
NP0r90PJ04dzhZ4-fQdAY-07:00:00,SYN_103797,84,07:06:33,07:06:48,0
NP0r90PJ04dzhZ4-fQdAY-07:00:00,SYN_103798,85,07:05:54,07:06:09,0
NP0r90PJ04dzhZ4-fQdAY-07:00:00,SYN_103799,86,07:05:15,07:05:30,0
NP0r90PJ04dzhZ4-fQdAY-07:00:00,SYN_103800,87,07:04:36,07:04:51,0
NP0r90PJ04dzhZ4-fQdAY-07:00:00,SYN_103801,88,07:03:57,07:04:12,0
NP0r90PJ04dzhZ4-fQdAY-07:00:00,SYN_103802,89,07:03:19,07:03:34,0
NP0r90PJ04dzhZ4-fQdAY-07:00:00,SYN_103803,90,07:02:40,07:02:55,0
NP0r90PJ04dzhZ4-fQdAY-07:00:00,SYN_103804,91,07:02:01,07:02:16,0
NP0r90PJ04dzhZ4-fQdAY-07:00:00,SYN_103805,92,07:01:22,07:01:37,0
NP0r90PJ04dzhZ4-fQdAY-07:00:00,SYN_103806,93,07:00:43,07:00:58,0
NP0r90PJ04dzhZ4-fQdAY-07:00:00,SYN_103807,94,07:00:04,07:00:19,0
tObSXctDA10XZJ6oW1EYp-07:00:00,SYN_103808,0,07:00:06,07:00:21,0
tObSXctDA10XZJ6oW1EYp-07:00:00,SYN_103809,1,07:01:20,07:01:35,0
tObSXctDA10XZJ6oW1EYp-07:00:00,SYN_103810,2,07:02:07,07:02:22,0
tObSXctDA10XZJ6oW1EYp-07:00:00,SYN_103811,3,07:02:58,07:03:13,0
tObSXctDA10XZJ6oW1EYp-07:00:00,SYN_103812,4,07:04:14,07:04:29,0
tObSXctDA10XZJ6oW1EYp-07:00:00,SYN_103813,5,07:05:11,07:05:26,0
tObSXctDA10XZJ6oW1EYp-07:00:00,SYN_103814,6,07:06:06,07:06:21,0
tObSXctDA10XZJ6oW1EYp-07:00:00,SYN_103815,7,07:07:01,07:07:16,0
tObSXctDA10XZJ6oW1EYp-07:00:00,SYN_103816,8,07:07:56,07:08:11,0
tObSXctDA10XZJ6oW1EYp-07:00:00,SYN_103817,9,07:08:38,07:08:53,0
tObSXctDA10XZJ6oW1EYp-07:00:00,SYN_103818,10,07:09:18,07:09:33,0
tObSXctDA10XZJ6oW1EYp-07:00:00,SYN_103819,11,07:10:36,07:10:51,0
tObSXctDA10XZJ6oW1EYp-07:00:00,SYN_103820,12,07:13:51,07:14:06,0
tObSXctDA10XZJ6oW1EYp-07:00:00,SYN_103821,13,07:17:06,07:17:21,0
tObSXctDA10XZJ6oW1EYp-07:00:00,SYN_103822,14,07:18:56,07:19:11,0
tObSXctDA10XZJ6oW1EYp-07:00:00,SYN_103823,15,07:20:20,07:20:35,0
tObSXctDA10XZJ6oW1EYp-07:00:00,SYN_103824,16,07:21:19,07:21:34,0
tObSXctDA10XZJ6oW1EYp-07:00:00,SYN_103825,17,07:22:18,07:22:33,0
tObSXctDA10XZJ6oW1EYp-07:00:00,SYN_103826,18,07:23:06,07:23:21,0
tObSXctDA10XZJ6oW1EYp-07:00:00,SYN_103827,19,07:23:52,07:24:07,0
tObSXctDA10XZJ6oW1EYp-07:00:00,SYN_103828,20,07:24:56,07:25:11,0
tObSXctDA10XZJ6oW1EYp-07:00:00,SYN_103829,21,07:26:02,07:26:17,0
tObSXctDA10XZJ6oW1EYp-07:00:00,SYN_103830,22,07:26:40,07:26:55,0
tObSXctDA10XZJ6oW1EYp-07:00:00,SYN_103831,23,07:27:18,07:27:33,0
tObSXctDA10XZJ6oW1EYp-07:00:00,SYN_103832,24,07:27:51,07:28:06,0
tObSXctDA10XZJ6oW1EYp-07:00:00,SYN_103833,25,07:28:22,07:28:37,0
tObSXctDA10XZJ6oW1EYp-07:00:00,SYN_103834,26,07:28:54,07:29:09,0
tObSXctDA10XZJ6oW1EYp-07:00:00,SYN_103835,27,07:29:26,07:29:41,0
tObSXctDA10XZJ6oW1EYp-07:00:00,SYN_103836,28,07:29:58,07:30:13,0
tObSXctDA10XZJ6oW1EYp-07:00:00,SYN_103837,29,07:30:29,07:30:44,0
tObSXctDA10XZJ6oW1EYp-07:00:00,SYN_103838,30,07:31:01,07:31:16,0
tObSXctDA10XZJ6oW1EYp-07:00:00,SYN_103839,31,07:31:33,07:31:48,0
tObSXctDA10XZJ6oW1EYp-07:00:00,SYN_103840,32,07:32:00,07:32:15,0
tObSXctDA10XZJ6oW1EYp-07:00:00,SYN_103841,33,07:32:27,07:32:42,0
tObSXctDA10XZJ6oW1EYp-07:00:00,SYN_103842,34,07:32:53,07:33:08,0
tObSXctDA10XZJ6oW1EYp-07:00:00,SYN_103843,35,07:33:14,07:33:29,0
tObSXctDA10XZJ6oW1EYp-07:00:00,SYN_103844,36,07:33:35,07:33:50,0
tObSXctDA10XZJ6oW1EYp-07:00:00,SYN_103845,37,07:33:55,07:34:10,0
tObSXctDA10XZJ6oW1EYp-07:00:00,SYN_103846,38,07:34:16,07:34:31,0
tObSXctDA10XZJ6oW1EYp-07:00:00,SYN_103847,39,07:34:37,07:34:52,0
tObSXctDA10XZJ6oW1EYp-07:00:00,SYN_103848,40,07:35:02,07:35:17,0
tObSXctDA10XZJ6oW1EYp-07:00:00,SYN_103849,41,07:35:28,07:35:43,0
tObSXctDA10XZJ6oW1EYp-07:00:00,SYN_103850,42,07:35:54,07:36:09,0
tObSXctDA10XZJ6oW1EYp-07:00:00,SYN_103851,43,07:36:20,07:36:35,0
tObSXctDA10XZJ6oW1EYp-07:00:00,SYN_103852,44,07:36:47,07:37:02,0
tObSXctDA10XZJ6oW1EYp-07:00:00,SYN_103853,45,07:37:13,07:37:28,0
5gdYQVlYNdFvy7jCqIDu7-07:00:00,SYN_103808,0,07:24:26,07:24:41,0
5gdYQVlYNdFvy7jCqIDu7-07:00:00,SYN_103809,1,07:25:28,07:25:43,0
5gdYQVlYNdFvy7jCqIDu7-07:00:00,SYN_103810,2,07:24:55,07:25:10,0
5gdYQVlYNdFvy7jCqIDu7-07:00:00,SYN_103811,3,07:24:22,07:24:37,0
5gdYQVlYNdFvy7jCqIDu7-07:00:00,SYN_103812,4,07:23:49,07:24:04,0
5gdYQVlYNdFvy7jCqIDu7-07:00:00,SYN_103813,5,07:23:16,07:23:31,0
5gdYQVlYNdFvy7jCqIDu7-07:00:00,SYN_103814,6,07:22:43,07:22:58,0
5gdYQVlYNdFvy7jCqIDu7-07:00:00,SYN_103815,7,07:22:10,07:22:25,0
5gdYQVlYNdFvy7jCqIDu7-07:00:00,SYN_103816,8,07:21:37,07:21:52,0
5gdYQVlYNdFvy7jCqIDu7-07:00:00,SYN_103817,9,07:21:04,07:21:19,0
5gdYQVlYNdFvy7jCqIDu7-07:00:00,SYN_103818,10,07:20:31,07:20:46,0
5gdYQVlYNdFvy7jCqIDu7-07:00:00,SYN_103819,11,07:19:58,07:20:13,0
5gdYQVlYNdFvy7jCqIDu7-07:00:00,SYN_103820,12,07:19:25,07:19:40,0
5gdYQVlYNdFvy7jCqIDu7-07:00:00,SYN_103821,13,07:18:52,07:19:07,0
5gdYQVlYNdFvy7jCqIDu7-07:00:00,SYN_103822,14,07:18:19,07:18:34,0
5gdYQVlYNdFvy7jCqIDu7-07:00:00,SYN_103823,15,07:17:46,07:18:01,0
5gdYQVlYNdFvy7jCqIDu7-07:00:00,SYN_103824,16,07:17:13,07:17:28,0
5gdYQVlYNdFvy7jCqIDu7-07:00:00,SYN_103825,17,07:16:41,07:16:56,0
5gdYQVlYNdFvy7jCqIDu7-07:00:00,SYN_103826,18,07:16:08,07:16:23,0
5gdYQVlYNdFvy7jCqIDu7-07:00:00,SYN_103827,19,07:15:35,07:15:50,0
5gdYQVlYNdFvy7jCqIDu7-07:00:00,SYN_103828,20,07:15:02,07:15:17,0
5gdYQVlYNdFvy7jCqIDu7-07:00:00,SYN_103829,21,07:14:29,07:14:44,0
5gdYQVlYNdFvy7jCqIDu7-07:00:00,SYN_103830,22,07:13:56,07:14:11,0
5gdYQVlYNdFvy7jCqIDu7-07:00:00,SYN_103831,23,07:13:23,07:13:38,0
5gdYQVlYNdFvy7jCqIDu7-07:00:00,SYN_103832,24,07:12:50,07:13:05,0
5gdYQVlYNdFvy7jCqIDu7-07:00:00,SYN_103833,25,07:12:17,07:12:32,0
5gdYQVlYNdFvy7jCqIDu7-07:00:00,SYN_103834,26,07:11:44,07:11:59,0
5gdYQVlYNdFvy7jCqIDu7-07:00:00,SYN_103835,27,07:11:11,07:11:26,0
5gdYQVlYNdFvy7jCqIDu7-07:00:00,SYN_103836,28,07:10:38,07:10:53,0
5gdYQVlYNdFvy7jCqIDu7-07:00:00,SYN_103837,29,07:10:05,07:10:20,0
5gdYQVlYNdFvy7jCqIDu7-07:00:00,SYN_103838,30,07:09:32,07:09:47,0
5gdYQVlYNdFvy7jCqIDu7-07:00:00,SYN_103839,31,07:08:59,07:09:14,0
5gdYQVlYNdFvy7jCqIDu7-07:00:00,SYN_103840,32,07:08:26,07:08:41,0
5gdYQVlYNdFvy7jCqIDu7-07:00:00,SYN_103841,33,07:07:54,07:08:09,0
5gdYQVlYNdFvy7jCqIDu7-07:00:00,SYN_103842,34,07:07:21,07:07:36,0
5gdYQVlYNdFvy7jCqIDu7-07:00:00,SYN_103843,35,07:06:48,07:07:03,0
5gdYQVlYNdFvy7jCqIDu7-07:00:00,SYN_103844,36,07:06:15,07:06:30,0
5gdYQVlYNdFvy7jCqIDu7-07:00:00,SYN_103845,37,07:05:42,07:05:57,0
5gdYQVlYNdFvy7jCqIDu7-07:00:00,SYN_103846,38,07:05:09,07:05:24,0
5gdYQVlYNdFvy7jCqIDu7-07:00:00,SYN_103847,39,07:04:36,07:04:51,0
5gdYQVlYNdFvy7jCqIDu7-07:00:00,SYN_103848,40,07:04:03,07:04:18,0
5gdYQVlYNdFvy7jCqIDu7-07:00:00,SYN_103849,41,07:03:30,07:03:45,0
5gdYQVlYNdFvy7jCqIDu7-07:00:00,SYN_103850,42,07:02:57,07:03:12,0
5gdYQVlYNdFvy7jCqIDu7-07:00:00,SYN_103851,43,07:02:24,07:02:39,0
5gdYQVlYNdFvy7jCqIDu7-07:00:00,SYN_103852,44,07:01:51,07:02:06,0
5gdYQVlYNdFvy7jCqIDu7-07:00:00,SYN_103853,45,07:01:18,07:01:33,0
5gdYQVlYNdFvy7jCqIDu7-07:00:00,SYN_103854,46,07:00:45,07:01:00,0
5gdYQVlYNdFvy7jCqIDu7-07:00:00,SYN_103855,47,07:00:12,07:00:27,0
nYPyDFvmKgS3bcDV6-0-U-07:00:00,SYN_103857,0,07:00:05,07:00:20,0
nYPyDFvmKgS3bcDV6-0-U-07:00:00,SYN_103858,1,07:00:26,07:00:41,0
nYPyDFvmKgS3bcDV6-0-U-07:00:00,SYN_103859,2,07:00:47,07:01:02,0
nYPyDFvmKgS3bcDV6-0-U-07:00:00,SYN_103860,3,07:01:09,07:01:24,0
nYPyDFvmKgS3bcDV6-0-U-07:00:00,SYN_103861,4,07:01:30,07:01:45,0
nYPyDFvmKgS3bcDV6-0-U-07:00:00,SYN_103862,5,07:01:51,07:02:06,0
nYPyDFvmKgS3bcDV6-0-U-07:00:00,SYN_103863,6,07:02:13,07:02:28,0
nYPyDFvmKgS3bcDV6-0-U-07:00:00,SYN_103864,7,07:02:34,07:02:49,0
nYPyDFvmKgS3bcDV6-0-U-07:00:00,SYN_103865,8,07:02:59,07:03:14,0
nYPyDFvmKgS3bcDV6-0-U-07:00:00,SYN_103866,9,07:03:36,07:03:51,0
nYPyDFvmKgS3bcDV6-0-U-07:00:00,SYN_103867,10,07:03:48,07:04:03,0
nYPyDFvmKgS3bcDV6-0-U-07:00:00,SYN_103868,11,07:03:57,07:04:12,0
nYPyDFvmKgS3bcDV6-0-U-07:00:00,SYN_103869,12,07:04:05,07:04:20,0
nYPyDFvmKgS3bcDV6-0-U-07:00:00,SYN_103870,13,07:04:13,07:04:28,0
nYPyDFvmKgS3bcDV6-0-U-07:00:00,SYN_103871,14,07:04:21,07:04:36,0
nYPyDFvmKgS3bcDV6-0-U-07:00:00,SYN_103872,15,07:04:29,07:04:44,0
nYPyDFvmKgS3bcDV6-0-U-07:00:00,SYN_103873,16,07:04:38,07:04:53,0
nYPyDFvmKgS3bcDV6-0-U-07:00:00,SYN_103874,17,07:04:46,07:05:01,0
nYPyDFvmKgS3bcDV6-0-U-07:00:00,SYN_103875,18,07:04:54,07:05:09,0
nYPyDFvmKgS3bcDV6-0-U-07:00:00,SYN_103876,19,07:05:02,07:05:17,0
nYPyDFvmKgS3bcDV6-0-U-07:00:00,SYN_103877,20,07:05:10,07:05:25,0
nYPyDFvmKgS3bcDV6-0-U-07:00:00,SYN_103878,21,07:05:19,07:05:34,0
nYPyDFvmKgS3bcDV6-0-U-07:00:00,SYN_103879,22,07:05:27,07:05:42,0
nYPyDFvmKgS3bcDV6-0-U-07:00:00,SYN_103880,23,07:05:35,07:05:50,0
nYPyDFvmKgS3bcDV6-0-U-07:00:00,SYN_103881,24,07:05:43,07:05:58,0
nYPyDFvmKgS3bcDV6-0-U-07:00:00,SYN_103882,25,07:05:51,07:06:06,0
nYPyDFvmKgS3bcDV6-0-U-07:00:00,SYN_103883,26,07:06:00,07:06:15,0
nYPyDFvmKgS3bcDV6-0-U-07:00:00,SYN_103884,27,07:06:08,07:06:23,0
nYPyDFvmKgS3bcDV6-0-U-07:00:00,SYN_103885,28,07:06:16,07:06:31,0
nYPyDFvmKgS3bcDV6-0-U-07:00:00,SYN_103886,29,07:06:24,07:06:39,0
nYPyDFvmKgS3bcDV6-0-U-07:00:00,SYN_103887,30,07:06:33,07:06:48,0
nYPyDFvmKgS3bcDV6-0-U-07:00:00,SYN_103888,31,07:06:41,07:06:56,0
nYPyDFvmKgS3bcDV6-0-U-07:00:00,SYN_103889,32,07:06:49,07:07:04,0
nYPyDFvmKgS3bcDV6-0-U-07:00:00,SYN_103890,33,07:06:57,07:07:12,0
nYPyDFvmKgS3bcDV6-0-U-07:00:00,SYN_103891,34,07:07:05,07:07:20,0
nYPyDFvmKgS3bcDV6-0-U-07:00:00,SYN_103892,35,07:07:15,07:07:30,0
nYPyDFvmKgS3bcDV6-0-U-07:00:00,SYN_103893,36,07:07:25,07:07:40,0
nYPyDFvmKgS3bcDV6-0-U-07:00:00,SYN_103894,37,07:07:34,07:07:49,0
nYPyDFvmKgS3bcDV6-0-U-07:00:00,SYN_103895,38,07:07:44,07:07:59,0
nYPyDFvmKgS3bcDV6-0-U-07:00:00,SYN_103896,39,07:07:53,07:08:08,0
nYPyDFvmKgS3bcDV6-0-U-07:00:00,SYN_103897,40,07:08:03,07:08:18,0
nYPyDFvmKgS3bcDV6-0-U-07:00:00,SYN_103898,41,07:08:12,07:08:27,0
nYPyDFvmKgS3bcDV6-0-U-07:00:00,SYN_103899,42,07:08:22,07:08:37,0
nYPyDFvmKgS3bcDV6-0-U-07:00:00,SYN_103900,43,07:08:31,07:08:46,0
nYPyDFvmKgS3bcDV6-0-U-07:00:00,SYN_103901,44,07:08:41,07:08:56,0
nYPyDFvmKgS3bcDV6-0-U-07:00:00,SYN_103902,45,07:08:50,07:09:05,0
nYPyDFvmKgS3bcDV6-0-U-07:00:00,SYN_103903,46,07:09:00,07:09:15,0
nYPyDFvmKgS3bcDV6-0-U-07:00:00,SYN_103904,47,07:09:10,07:09:25,0
nYPyDFvmKgS3bcDV6-0-U-07:00:00,SYN_103905,48,07:09:19,07:09:34,0
nYPyDFvmKgS3bcDV6-0-U-07:00:00,SYN_103906,49,07:09:29,07:09:44,0
nYPyDFvmKgS3bcDV6-0-U-07:00:00,SYN_103907,50,07:09:40,07:09:55,0
nYPyDFvmKgS3bcDV6-0-U-07:00:00,SYN_103908,51,07:09:51,07:10:06,0
nYPyDFvmKgS3bcDV6-0-U-07:00:00,SYN_103909,52,07:10:02,07:10:17,0
nYPyDFvmKgS3bcDV6-0-U-07:00:00,SYN_103910,53,07:10:13,07:10:28,0
nYPyDFvmKgS3bcDV6-0-U-07:00:00,SYN_103911,54,07:10:25,07:10:40,0
nYPyDFvmKgS3bcDV6-0-U-07:00:00,SYN_103912,55,07:10:36,07:10:51,0
nYPyDFvmKgS3bcDV6-0-U-07:00:00,SYN_103913,56,07:10:47,07:11:02,0
nYPyDFvmKgS3bcDV6-0-U-07:00:00,SYN_103914,57,07:10:58,07:11:13,0
nYPyDFvmKgS3bcDV6-0-U-07:00:00,SYN_103915,58,07:11:14,07:11:29,0
nYPyDFvmKgS3bcDV6-0-U-07:00:00,SYN_103916,59,07:11:34,07:11:49,0
nYPyDFvmKgS3bcDV6-0-U-07:00:00,SYN_103917,60,07:11:55,07:12:10,0
nYPyDFvmKgS3bcDV6-0-U-07:00:00,SYN_103918,61,07:12:15,07:12:30,0
nYPyDFvmKgS3bcDV6-0-U-07:00:00,SYN_103919,62,07:12:36,07:12:51,0
nYPyDFvmKgS3bcDV6-0-U-07:00:00,SYN_103920,63,07:12:57,07:13:12,0
nYPyDFvmKgS3bcDV6-0-U-07:00:00,SYN_103921,64,07:13:17,07:13:32,0
nYPyDFvmKgS3bcDV6-0-U-07:00:00,SYN_103922,65,07:13:38,07:13:53,0
nYPyDFvmKgS3bcDV6-0-U-07:00:00,SYN_103923,66,07:13:59,07:14:14,0
nYPyDFvmKgS3bcDV6-0-U-07:00:00,SYN_103924,67,07:14:19,07:14:34,0
nYPyDFvmKgS3bcDV6-0-U-07:00:00,SYN_103925,68,07:14:40,07:14:55,0
nYPyDFvmKgS3bcDV6-0-U-07:00:00,SYN_103926,69,07:15:01,07:15:16,0
nYPyDFvmKgS3bcDV6-0-U-07:00:00,SYN_103927,70,07:15:21,07:15:36,0
nYPyDFvmKgS3bcDV6-0-U-07:00:00,SYN_103928,71,07:15:42,07:15:57,0
nYPyDFvmKgS3bcDV6-0-U-07:00:00,SYN_103929,72,07:16:03,07:16:18,0
nYPyDFvmKgS3bcDV6-0-U-07:00:00,SYN_103930,73,07:16:23,07:16:38,0
nYPyDFvmKgS3bcDV6-0-U-07:00:00,SYN_103931,74,07:16:44,07:16:59,0
nYPyDFvmKgS3bcDV6-0-U-07:00:00,SYN_103932,75,07:17:04,07:17:19,0
nYPyDFvmKgS3bcDV6-0-U-07:00:00,SYN_103933,76,07:17:25,07:17:40,0
nYPyDFvmKgS3bcDV6-0-U-07:00:00,SYN_103934,77,07:17:46,07:18:01,0
nYPyDFvmKgS3bcDV6-0-U-07:00:00,SYN_103935,78,07:18:06,07:18:21,0
nYPyDFvmKgS3bcDV6-0-U-07:00:00,SYN_103936,79,07:18:27,07:18:42,0
nYPyDFvmKgS3bcDV6-0-U-07:00:00,SYN_103937,80,07:18:48,07:19:03,0
nYPyDFvmKgS3bcDV6-0-U-07:00:00,SYN_103938,81,07:19:08,07:19:23,0
nYPyDFvmKgS3bcDV6-0-U-07:00:00,SYN_103939,82,07:19:29,07:19:44,0
nYPyDFvmKgS3bcDV6-0-U-07:00:00,SYN_103940,83,07:19:50,07:20:05,0
nYPyDFvmKgS3bcDV6-0-U-07:00:00,SYN_103941,84,07:20:10,07:20:25,0
nYPyDFvmKgS3bcDV6-0-U-07:00:00,SYN_103942,85,07:20:31,07:20:46,0
nYPyDFvmKgS3bcDV6-0-U-07:00:00,SYN_103943,86,07:20:51,07:21:06,0
nYPyDFvmKgS3bcDV6-0-U-07:00:00,SYN_103944,87,07:21:11,07:21:26,0
nYPyDFvmKgS3bcDV6-0-U-07:00:00,SYN_103945,88,07:21:32,07:21:47,0
nYPyDFvmKgS3bcDV6-0-U-07:00:00,SYN_103946,89,07:21:52,07:22:07,0
nYPyDFvmKgS3bcDV6-0-U-07:00:00,SYN_103947,90,07:22:12,07:22:27,0
nYPyDFvmKgS3bcDV6-0-U-07:00:00,SYN_103948,91,07:22:32,07:22:47,0
nYPyDFvmKgS3bcDV6-0-U-07:00:00,SYN_103949,92,07:22:53,07:23:08,0
nYPyDFvmKgS3bcDV6-0-U-07:00:00,SYN_103950,93,07:23:13,07:23:28,0
nYPyDFvmKgS3bcDV6-0-U-07:00:00,SYN_103951,94,07:23:33,07:23:48,0
nYPyDFvmKgS3bcDV6-0-U-07:00:00,SYN_103952,95,07:23:53,07:24:08,0
nYPyDFvmKgS3bcDV6-0-U-07:00:00,SYN_103953,96,07:24:13,07:24:28,0
nYPyDFvmKgS3bcDV6-0-U-07:00:00,SYN_103954,97,07:24:34,07:24:49,0
nYPyDFvmKgS3bcDV6-0-U-07:00:00,SYN_103955,98,07:24:54,07:25:09,0
nYPyDFvmKgS3bcDV6-0-U-07:00:00,SYN_103956,99,07:25:14,07:25:29,0
nYPyDFvmKgS3bcDV6-0-U-07:00:00,SYN_103957,100,07:25:34,07:25:49,0
nYPyDFvmKgS3bcDV6-0-U-07:00:00,SYN_103958,101,07:25:55,07:26:10,0
nYPyDFvmKgS3bcDV6-0-U-07:00:00,SYN_103959,102,07:26:15,07:26:30,0
nYPyDFvmKgS3bcDV6-0-U-07:00:00,SYN_103960,103,07:26:35,07:26:50,0
nYPyDFvmKgS3bcDV6-0-U-07:00:00,SYN_103961,104,07:26:55,07:27:10,0
nYPyDFvmKgS3bcDV6-0-U-07:00:00,SYN_103962,105,07:27:16,07:27:31,0
nYPyDFvmKgS3bcDV6-0-U-07:00:00,SYN_103963,106,07:27:36,07:27:51,0
nYPyDFvmKgS3bcDV6-0-U-07:00:00,SYN_103964,107,07:27:56,07:28:11,0
nYPyDFvmKgS3bcDV6-0-U-07:00:00,SYN_103965,108,07:28:12,07:28:27,0
nYPyDFvmKgS3bcDV6-0-U-07:00:00,SYN_103966,109,07:28:27,07:28:42,0
nYPyDFvmKgS3bcDV6-0-U-07:00:00,SYN_103967,110,07:28:42,07:28:57,0
nYPyDFvmKgS3bcDV6-0-U-07:00:00,SYN_103968,111,07:28:57,07:29:12,0
nYPyDFvmKgS3bcDV6-0-U-07:00:00,SYN_103969,112,07:29:11,07:29:26,0
nYPyDFvmKgS3bcDV6-0-U-07:00:00,SYN_103970,113,07:29:26,07:29:41,0
nYPyDFvmKgS3bcDV6-0-U-07:00:00,SYN_103971,114,07:29:41,07:29:56,0
nYPyDFvmKgS3bcDV6-0-U-07:00:00,SYN_103972,115,07:29:56,07:30:11,0
nYPyDFvmKgS3bcDV6-0-U-07:00:00,SYN_103973,116,07:30:11,07:30:26,0
nYPyDFvmKgS3bcDV6-0-U-07:00:00,SYN_103974,117,07:30:26,07:30:41,0
nYPyDFvmKgS3bcDV6-0-U-07:00:00,SYN_103975,118,07:30:41,07:30:56,0
nYPyDFvmKgS3bcDV6-0-U-07:00:00,SYN_103976,119,07:31:00,07:31:15,0
nYPyDFvmKgS3bcDV6-0-U-07:00:00,SYN_103977,120,07:31:21,07:31:36,0
nYPyDFvmKgS3bcDV6-0-U-07:00:00,SYN_103978,121,07:31:43,07:31:58,0
nYPyDFvmKgS3bcDV6-0-U-07:00:00,SYN_103979,122,07:32:04,07:32:19,0
nYPyDFvmKgS3bcDV6-0-U-07:00:00,SYN_103980,123,07:32:25,07:32:40,0
nYPyDFvmKgS3bcDV6-0-U-07:00:00,SYN_103981,124,07:32:47,07:33:02,0
nYPyDFvmKgS3bcDV6-0-U-07:00:00,SYN_103982,125,07:33:08,07:33:23,0
nYPyDFvmKgS3bcDV6-0-U-07:00:00,SYN_103983,126,07:33:29,07:33:44,0
nYPyDFvmKgS3bcDV6-0-U-07:00:00,SYN_103984,127,07:33:50,07:34:05,0
nYPyDFvmKgS3bcDV6-0-U-07:00:00,SYN_103985,128,07:34:12,07:34:27,0
nYPyDFvmKgS3bcDV6-0-U-07:00:00,SYN_103986,129,07:34:33,07:34:48,0
nYPyDFvmKgS3bcDV6-0-U-07:00:00,SYN_103987,130,07:34:54,07:35:09,0
nYPyDFvmKgS3bcDV6-0-U-07:00:00,SYN_103988,131,07:35:15,07:35:30,0
N7niHD4FSKKz4wzURqkFW-07:00:00,SYN_103857,0,07:38:47,07:39:02,0
N7niHD4FSKKz4wzURqkFW-07:00:00,SYN_103858,1,07:38:30,07:38:45,0
N7niHD4FSKKz4wzURqkFW-07:00:00,SYN_103859,2,07:38:12,07:38:27,0
N7niHD4FSKKz4wzURqkFW-07:00:00,SYN_103860,3,07:37:55,07:38:10,0
N7niHD4FSKKz4wzURqkFW-07:00:00,SYN_103861,4,07:37:38,07:37:53,0
N7niHD4FSKKz4wzURqkFW-07:00:00,SYN_103862,5,07:37:20,07:37:35,0
N7niHD4FSKKz4wzURqkFW-07:00:00,SYN_103863,6,07:37:03,07:37:18,0
N7niHD4FSKKz4wzURqkFW-07:00:00,SYN_103864,7,07:36:46,07:37:01,0
N7niHD4FSKKz4wzURqkFW-07:00:00,SYN_103865,8,07:36:28,07:36:43,0
N7niHD4FSKKz4wzURqkFW-07:00:00,SYN_103866,9,07:36:11,07:36:26,0
N7niHD4FSKKz4wzURqkFW-07:00:00,SYN_103867,10,07:35:54,07:36:09,0
N7niHD4FSKKz4wzURqkFW-07:00:00,SYN_103868,11,07:35:36,07:35:51,0
N7niHD4FSKKz4wzURqkFW-07:00:00,SYN_103869,12,07:35:19,07:35:34,0
N7niHD4FSKKz4wzURqkFW-07:00:00,SYN_103870,13,07:35:02,07:35:17,0
N7niHD4FSKKz4wzURqkFW-07:00:00,SYN_103871,14,07:34:44,07:34:59,0
N7niHD4FSKKz4wzURqkFW-07:00:00,SYN_103872,15,07:34:27,07:34:42,0
N7niHD4FSKKz4wzURqkFW-07:00:00,SYN_103873,16,07:34:10,07:34:25,0
N7niHD4FSKKz4wzURqkFW-07:00:00,SYN_103874,17,07:33:52,07:34:07,0
N7niHD4FSKKz4wzURqkFW-07:00:00,SYN_103875,18,07:33:35,07:33:50,0
N7niHD4FSKKz4wzURqkFW-07:00:00,SYN_103876,19,07:33:17,07:33:32,0
N7niHD4FSKKz4wzURqkFW-07:00:00,SYN_103877,20,07:33:00,07:33:15,0
N7niHD4FSKKz4wzURqkFW-07:00:00,SYN_103878,21,07:32:43,07:32:58,0
N7niHD4FSKKz4wzURqkFW-07:00:00,SYN_103879,22,07:32:25,07:32:40,0
N7niHD4FSKKz4wzURqkFW-07:00:00,SYN_103880,23,07:32:08,07:32:23,0
N7niHD4FSKKz4wzURqkFW-07:00:00,SYN_103881,24,07:31:51,07:32:06,0
N7niHD4FSKKz4wzURqkFW-07:00:00,SYN_103882,25,07:31:33,07:31:48,0
N7niHD4FSKKz4wzURqkFW-07:00:00,SYN_103883,26,07:31:16,07:31:31,0
N7niHD4FSKKz4wzURqkFW-07:00:00,SYN_103884,27,07:30:59,07:31:14,0
N7niHD4FSKKz4wzURqkFW-07:00:00,SYN_103885,28,07:30:41,07:30:56,0
N7niHD4FSKKz4wzURqkFW-07:00:00,SYN_103886,29,07:30:24,07:30:39,0
N7niHD4FSKKz4wzURqkFW-07:00:00,SYN_103887,30,07:30:07,07:30:22,0
N7niHD4FSKKz4wzURqkFW-07:00:00,SYN_103888,31,07:29:49,07:30:04,0
N7niHD4FSKKz4wzURqkFW-07:00:00,SYN_103889,32,07:29:32,07:29:47,0
N7niHD4FSKKz4wzURqkFW-07:00:00,SYN_103890,33,07:29:15,07:29:30,0
N7niHD4FSKKz4wzURqkFW-07:00:00,SYN_103891,34,07:28:57,07:29:12,0
N7niHD4FSKKz4wzURqkFW-07:00:00,SYN_103892,35,07:28:40,07:28:55,0
N7niHD4FSKKz4wzURqkFW-07:00:00,SYN_103893,36,07:28:23,07:28:38,0
N7niHD4FSKKz4wzURqkFW-07:00:00,SYN_103894,37,07:28:05,07:28:20,0
N7niHD4FSKKz4wzURqkFW-07:00:00,SYN_103895,38,07:27:48,07:28:03,0
N7niHD4FSKKz4wzURqkFW-07:00:00,SYN_103896,39,07:27:31,07:27:46,0
N7niHD4FSKKz4wzURqkFW-07:00:00,SYN_103897,40,07:27:13,07:27:28,0
N7niHD4FSKKz4wzURqkFW-07:00:00,SYN_103898,41,07:26:56,07:27:11,0
N7niHD4FSKKz4wzURqkFW-07:00:00,SYN_103899,42,07:26:39,07:26:54,0
N7niHD4FSKKz4wzURqkFW-07:00:00,SYN_103900,43,07:26:21,07:26:36,0
N7niHD4FSKKz4wzURqkFW-07:00:00,SYN_103901,44,07:26:04,07:26:19,0
N7niHD4FSKKz4wzURqkFW-07:00:00,SYN_103902,45,07:25:46,07:26:01,0
N7niHD4FSKKz4wzURqkFW-07:00:00,SYN_103903,46,07:25:29,07:25:44,0
N7niHD4FSKKz4wzURqkFW-07:00:00,SYN_103904,47,07:25:12,07:25:27,0
N7niHD4FSKKz4wzURqkFW-07:00:00,SYN_103905,48,07:24:54,07:25:09,0
N7niHD4FSKKz4wzURqkFW-07:00:00,SYN_103906,49,07:24:37,07:24:52,0
N7niHD4FSKKz4wzURqkFW-07:00:00,SYN_103907,50,07:24:20,07:24:35,0
N7niHD4FSKKz4wzURqkFW-07:00:00,SYN_103908,51,07:24:02,07:24:17,0
N7niHD4FSKKz4wzURqkFW-07:00:00,SYN_103909,52,07:23:45,07:24:00,0
N7niHD4FSKKz4wzURqkFW-07:00:00,SYN_103910,53,07:23:28,07:23:43,0
N7niHD4FSKKz4wzURqkFW-07:00:00,SYN_103911,54,07:23:10,07:23:25,0
N7niHD4FSKKz4wzURqkFW-07:00:00,SYN_103912,55,07:22:53,07:23:08,0
N7niHD4FSKKz4wzURqkFW-07:00:00,SYN_103913,56,07:22:36,07:22:51,0
N7niHD4FSKKz4wzURqkFW-07:00:00,SYN_103914,57,07:22:18,07:22:33,0
N7niHD4FSKKz4wzURqkFW-07:00:00,SYN_103915,58,07:22:01,07:22:16,0
N7niHD4FSKKz4wzURqkFW-07:00:00,SYN_103916,59,07:21:44,07:21:59,0
N7niHD4FSKKz4wzURqkFW-07:00:00,SYN_103917,60,07:21:26,07:21:41,0
N7niHD4FSKKz4wzURqkFW-07:00:00,SYN_103918,61,07:21:09,07:21:24,0
N7niHD4FSKKz4wzURqkFW-07:00:00,SYN_103919,62,07:20:52,07:21:07,0
N7niHD4FSKKz4wzURqkFW-07:00:00,SYN_103920,63,07:20:34,07:20:49,0
N7niHD4FSKKz4wzURqkFW-07:00:00,SYN_103921,64,07:20:17,07:20:32,0
N7niHD4FSKKz4wzURqkFW-07:00:00,SYN_103922,65,07:20:00,07:20:15,0
N7niHD4FSKKz4wzURqkFW-07:00:00,SYN_103923,66,07:19:42,07:19:57,0
N7niHD4FSKKz4wzURqkFW-07:00:00,SYN_103924,67,07:19:25,07:19:40,0
N7niHD4FSKKz4wzURqkFW-07:00:00,SYN_103925,68,07:19:08,07:19:23,0
N7niHD4FSKKz4wzURqkFW-07:00:00,SYN_103926,69,07:18:50,07:19:05,0
N7niHD4FSKKz4wzURqkFW-07:00:00,SYN_103927,70,07:18:33,07:18:48,0
N7niHD4FSKKz4wzURqkFW-07:00:00,SYN_103928,71,07:18:16,07:18:31,0
N7niHD4FSKKz4wzURqkFW-07:00:00,SYN_103929,72,07:17:58,07:18:13,0
N7niHD4FSKKz4wzURqkFW-07:00:00,SYN_103930,73,07:17:41,07:17:56,0
N7niHD4FSKKz4wzURqkFW-07:00:00,SYN_103931,74,07:17:23,07:17:38,0
N7niHD4FSKKz4wzURqkFW-07:00:00,SYN_103932,75,07:17:06,07:17:21,0
N7niHD4FSKKz4wzURqkFW-07:00:00,SYN_103933,76,07:16:49,07:17:04,0
N7niHD4FSKKz4wzURqkFW-07:00:00,SYN_103934,77,07:16:31,07:16:46,0
N7niHD4FSKKz4wzURqkFW-07:00:00,SYN_103935,78,07:16:14,07:16:29,0
N7niHD4FSKKz4wzURqkFW-07:00:00,SYN_103936,79,07:15:57,07:16:12,0
N7niHD4FSKKz4wzURqkFW-07:00:00,SYN_103937,80,07:15:39,07:15:54,0
N7niHD4FSKKz4wzURqkFW-07:00:00,SYN_103938,81,07:15:22,07:15:37,0
N7niHD4FSKKz4wzURqkFW-07:00:00,SYN_103939,82,07:15:05,07:15:20,0
N7niHD4FSKKz4wzURqkFW-07:00:00,SYN_103940,83,07:14:47,07:15:02,0
N7niHD4FSKKz4wzURqkFW-07:00:00,SYN_103941,84,07:14:30,07:14:45,0
N7niHD4FSKKz4wzURqkFW-07:00:00,SYN_103942,85,07:14:13,07:14:28,0
N7niHD4FSKKz4wzURqkFW-07:00:00,SYN_103943,86,07:13:55,07:14:10,0
N7niHD4FSKKz4wzURqkFW-07:00:00,SYN_103944,87,07:13:38,07:13:53,0
N7niHD4FSKKz4wzURqkFW-07:00:00,SYN_103945,88,07:13:21,07:13:36,0
N7niHD4FSKKz4wzURqkFW-07:00:00,SYN_103946,89,07:13:03,07:13:18,0
N7niHD4FSKKz4wzURqkFW-07:00:00,SYN_103947,90,07:12:46,07:13:01,0
N7niHD4FSKKz4wzURqkFW-07:00:00,SYN_103948,91,07:12:29,07:12:44,0
N7niHD4FSKKz4wzURqkFW-07:00:00,SYN_103949,92,07:12:11,07:12:26,0
N7niHD4FSKKz4wzURqkFW-07:00:00,SYN_103950,93,07:11:54,07:12:09,0
N7niHD4FSKKz4wzURqkFW-07:00:00,SYN_103951,94,07:11:37,07:11:52,0
N7niHD4FSKKz4wzURqkFW-07:00:00,SYN_103952,95,07:11:19,07:11:34,0
N7niHD4FSKKz4wzURqkFW-07:00:00,SYN_103953,96,07:11:02,07:11:17,0
N7niHD4FSKKz4wzURqkFW-07:00:00,SYN_103954,97,07:10:45,07:11:00,0
N7niHD4FSKKz4wzURqkFW-07:00:00,SYN_103955,98,07:10:27,07:10:42,0
N7niHD4FSKKz4wzURqkFW-07:00:00,SYN_103956,99,07:10:10,07:10:25,0
N7niHD4FSKKz4wzURqkFW-07:00:00,SYN_103957,100,07:09:52,07:10:07,0
N7niHD4FSKKz4wzURqkFW-07:00:00,SYN_103958,101,07:09:35,07:09:50,0
N7niHD4FSKKz4wzURqkFW-07:00:00,SYN_103959,102,07:09:18,07:09:33,0
N7niHD4FSKKz4wzURqkFW-07:00:00,SYN_103960,103,07:09:00,07:09:15,0
N7niHD4FSKKz4wzURqkFW-07:00:00,SYN_103961,104,07:08:43,07:08:58,0
N7niHD4FSKKz4wzURqkFW-07:00:00,SYN_103962,105,07:08:26,07:08:41,0
N7niHD4FSKKz4wzURqkFW-07:00:00,SYN_103963,106,07:08:08,07:08:23,0
N7niHD4FSKKz4wzURqkFW-07:00:00,SYN_103964,107,07:07:51,07:08:06,0
N7niHD4FSKKz4wzURqkFW-07:00:00,SYN_103965,108,07:07:34,07:07:49,0
N7niHD4FSKKz4wzURqkFW-07:00:00,SYN_103966,109,07:07:16,07:07:31,0
N7niHD4FSKKz4wzURqkFW-07:00:00,SYN_103967,110,07:06:59,07:07:14,0
N7niHD4FSKKz4wzURqkFW-07:00:00,SYN_103968,111,07:06:42,07:06:57,0
N7niHD4FSKKz4wzURqkFW-07:00:00,SYN_103969,112,07:06:24,07:06:39,0
N7niHD4FSKKz4wzURqkFW-07:00:00,SYN_103970,113,07:06:07,07:06:22,0
N7niHD4FSKKz4wzURqkFW-07:00:00,SYN_103971,114,07:05:50,07:06:05,0
N7niHD4FSKKz4wzURqkFW-07:00:00,SYN_103972,115,07:05:32,07:05:47,0
N7niHD4FSKKz4wzURqkFW-07:00:00,SYN_103973,116,07:05:15,07:05:30,0
N7niHD4FSKKz4wzURqkFW-07:00:00,SYN_103974,117,07:04:58,07:05:13,0
N7niHD4FSKKz4wzURqkFW-07:00:00,SYN_103975,118,07:04:40,07:04:55,0
N7niHD4FSKKz4wzURqkFW-07:00:00,SYN_103976,119,07:04:23,07:04:38,0
N7niHD4FSKKz4wzURqkFW-07:00:00,SYN_103977,120,07:04:06,07:04:21,0
N7niHD4FSKKz4wzURqkFW-07:00:00,SYN_103978,121,07:03:48,07:04:03,0
N7niHD4FSKKz4wzURqkFW-07:00:00,SYN_103979,122,07:03:31,07:03:46,0
N7niHD4FSKKz4wzURqkFW-07:00:00,SYN_103980,123,07:03:14,07:03:29,0
N7niHD4FSKKz4wzURqkFW-07:00:00,SYN_103981,124,07:02:56,07:03:11,0
N7niHD4FSKKz4wzURqkFW-07:00:00,SYN_103982,125,07:02:39,07:02:54,0
N7niHD4FSKKz4wzURqkFW-07:00:00,SYN_103983,126,07:02:21,07:02:36,0
N7niHD4FSKKz4wzURqkFW-07:00:00,SYN_103984,127,07:02:04,07:02:19,0
N7niHD4FSKKz4wzURqkFW-07:00:00,SYN_103985,128,07:01:47,07:02:02,0
N7niHD4FSKKz4wzURqkFW-07:00:00,SYN_103986,129,07:01:29,07:01:44,0
N7niHD4FSKKz4wzURqkFW-07:00:00,SYN_103987,130,07:01:12,07:01:27,0
N7niHD4FSKKz4wzURqkFW-07:00:00,SYN_103988,131,07:00:55,07:01:10,0
N7niHD4FSKKz4wzURqkFW-07:00:00,SYN_103989,132,07:00:37,07:00:52,0
N7niHD4FSKKz4wzURqkFW-07:00:00,SYN_103990,133,07:00:20,07:00:35,0
N7niHD4FSKKz4wzURqkFW-07:00:00,SYN_103991,134,07:00:03,07:00:18,0
qZcHenAJ7pJVpkcbhNg9l-07:00:00,SYN_103992,0,07:00:18,07:00:33,0
qZcHenAJ7pJVpkcbhNg9l-07:00:00,SYN_103993,1,07:00:36,07:00:51,0
qZcHenAJ7pJVpkcbhNg9l-07:00:00,SYN_103994,2,07:00:55,07:01:10,0
qZcHenAJ7pJVpkcbhNg9l-07:00:00,SYN_103995,3,07:01:13,07:01:28,0
qZcHenAJ7pJVpkcbhNg9l-07:00:00,SYN_103996,4,07:01:31,07:01:46,0
qZcHenAJ7pJVpkcbhNg9l-07:00:00,SYN_103997,5,07:01:50,07:02:05,0
qZcHenAJ7pJVpkcbhNg9l-07:00:00,SYN_103998,6,07:02:08,07:02:23,0
qZcHenAJ7pJVpkcbhNg9l-07:00:00,SYN_103999,7,07:02:26,07:02:41,0
qZcHenAJ7pJVpkcbhNg9l-07:00:00,SYN_104000,8,07:02:45,07:03:00,0
qZcHenAJ7pJVpkcbhNg9l-07:00:00,SYN_104001,9,07:03:03,07:03:18,0
qZcHenAJ7pJVpkcbhNg9l-07:00:00,SYN_104002,10,07:03:21,07:03:36,0
qZcHenAJ7pJVpkcbhNg9l-07:00:00,SYN_104003,11,07:03:40,07:03:55,0
qZcHenAJ7pJVpkcbhNg9l-07:00:00,SYN_104004,12,07:03:53,07:04:08,0
qZcHenAJ7pJVpkcbhNg9l-07:00:00,SYN_104005,13,07:04:03,07:04:18,0
qZcHenAJ7pJVpkcbhNg9l-07:00:00,SYN_104006,14,07:04:13,07:04:28,0
qZcHenAJ7pJVpkcbhNg9l-07:00:00,SYN_104007,15,07:04:23,07:04:38,0
qZcHenAJ7pJVpkcbhNg9l-07:00:00,SYN_104008,16,07:04:32,07:04:47,0
qZcHenAJ7pJVpkcbhNg9l-07:00:00,SYN_104009,17,07:04:42,07:04:57,0
qZcHenAJ7pJVpkcbhNg9l-07:00:00,SYN_104010,18,07:04:52,07:05:07,0
qZcHenAJ7pJVpkcbhNg9l-07:00:00,SYN_104011,19,07:05:02,07:05:17,0
qZcHenAJ7pJVpkcbhNg9l-07:00:00,SYN_104012,20,07:05:12,07:05:27,0
qZcHenAJ7pJVpkcbhNg9l-07:00:00,SYN_104013,21,07:05:22,07:05:37,0
qZcHenAJ7pJVpkcbhNg9l-07:00:00,SYN_104014,22,07:05:31,07:05:46,0
qZcHenAJ7pJVpkcbhNg9l-07:00:00,SYN_104015,23,07:05:41,07:05:56,0
qZcHenAJ7pJVpkcbhNg9l-07:00:00,SYN_104016,24,07:05:51,07:06:06,0
qZcHenAJ7pJVpkcbhNg9l-07:00:00,SYN_104017,25,07:06:01,07:06:16,0
qZcHenAJ7pJVpkcbhNg9l-07:00:00,SYN_104018,26,07:06:11,07:06:26,0
qZcHenAJ7pJVpkcbhNg9l-07:00:00,SYN_104019,27,07:06:20,07:06:35,0
qZcHenAJ7pJVpkcbhNg9l-07:00:00,SYN_104020,28,07:06:30,07:06:45,0
qZcHenAJ7pJVpkcbhNg9l-07:00:00,SYN_104021,29,07:06:40,07:06:55,0
qZcHenAJ7pJVpkcbhNg9l-07:00:00,SYN_104022,30,07:06:50,07:07:05,0
qZcHenAJ7pJVpkcbhNg9l-07:00:00,SYN_104023,31,07:07:00,07:07:15,0
qZcHenAJ7pJVpkcbhNg9l-07:00:00,SYN_104024,32,07:07:10,07:07:25,0
qZcHenAJ7pJVpkcbhNg9l-07:00:00,SYN_104025,33,07:07:19,07:07:34,0
qZcHenAJ7pJVpkcbhNg9l-07:00:00,SYN_104026,34,07:07:29,07:07:44,0
qZcHenAJ7pJVpkcbhNg9l-07:00:00,SYN_104027,35,07:07:39,07:07:54,0
qZcHenAJ7pJVpkcbhNg9l-07:00:00,SYN_104028,36,07:07:49,07:08:04,0
qZcHenAJ7pJVpkcbhNg9l-07:00:00,SYN_104029,37,07:07:59,07:08:14,0
qZcHenAJ7pJVpkcbhNg9l-07:00:00,SYN_104030,38,07:08:09,07:08:24,0
qZcHenAJ7pJVpkcbhNg9l-07:00:00,SYN_104031,39,07:08:18,07:08:33,0
qZcHenAJ7pJVpkcbhNg9l-07:00:00,SYN_104032,40,07:08:28,07:08:43,0
qZcHenAJ7pJVpkcbhNg9l-07:00:00,SYN_104033,41,07:08:38,07:08:53,0
qZcHenAJ7pJVpkcbhNg9l-07:00:00,SYN_104034,42,07:08:48,07:09:03,0
qZcHenAJ7pJVpkcbhNg9l-07:00:00,SYN_104035,43,07:08:58,07:09:13,0
qZcHenAJ7pJVpkcbhNg9l-07:00:00,SYN_104036,44,07:09:07,07:09:22,0
qZcHenAJ7pJVpkcbhNg9l-07:00:00,SYN_104037,45,07:09:17,07:09:32,0
qZcHenAJ7pJVpkcbhNg9l-07:00:00,SYN_104038,46,07:09:27,07:09:42,0
qZcHenAJ7pJVpkcbhNg9l-07:00:00,SYN_104039,47,07:09:37,07:09:52,0
qZcHenAJ7pJVpkcbhNg9l-07:00:00,SYN_104040,48,07:09:47,07:10:02,0
qZcHenAJ7pJVpkcbhNg9l-07:00:00,SYN_104041,49,07:09:57,07:10:12,0
qZcHenAJ7pJVpkcbhNg9l-07:00:00,SYN_104042,50,07:10:06,07:10:21,0
qZcHenAJ7pJVpkcbhNg9l-07:00:00,SYN_104043,51,07:10:16,07:10:31,0
qZcHenAJ7pJVpkcbhNg9l-07:00:00,SYN_104044,52,07:10:26,07:10:41,0
qZcHenAJ7pJVpkcbhNg9l-07:00:00,SYN_104045,53,07:10:36,07:10:51,0
qZcHenAJ7pJVpkcbhNg9l-07:00:00,SYN_104046,54,07:10:46,07:11:01,0
qZcHenAJ7pJVpkcbhNg9l-07:00:00,SYN_104047,55,07:10:56,07:11:11,0
qZcHenAJ7pJVpkcbhNg9l-07:00:00,SYN_104048,56,07:11:05,07:11:20,0
qZcHenAJ7pJVpkcbhNg9l-07:00:00,SYN_104049,57,07:11:15,07:11:30,0
qZcHenAJ7pJVpkcbhNg9l-07:00:00,SYN_104050,58,07:11:25,07:11:40,0
qZcHenAJ7pJVpkcbhNg9l-07:00:00,SYN_104051,59,07:11:35,07:11:50,0
qZcHenAJ7pJVpkcbhNg9l-07:00:00,SYN_104052,60,07:11:45,07:12:00,0
qZcHenAJ7pJVpkcbhNg9l-07:00:00,SYN_104053,61,07:11:54,07:12:09,0
qZcHenAJ7pJVpkcbhNg9l-07:00:00,SYN_104054,62,07:12:04,07:12:19,0
qZcHenAJ7pJVpkcbhNg9l-07:00:00,SYN_104055,63,07:12:14,07:12:29,0
qZcHenAJ7pJVpkcbhNg9l-07:00:00,SYN_104056,64,07:12:24,07:12:39,0
qZcHenAJ7pJVpkcbhNg9l-07:00:00,SYN_104057,65,07:12:34,07:12:49,0
qZcHenAJ7pJVpkcbhNg9l-07:00:00,SYN_104058,66,07:12:44,07:12:59,0
qZcHenAJ7pJVpkcbhNg9l-07:00:00,SYN_104059,67,07:12:53,07:13:08,0
qZcHenAJ7pJVpkcbhNg9l-07:00:00,SYN_104060,68,07:13:03,07:13:18,0
qZcHenAJ7pJVpkcbhNg9l-07:00:00,SYN_104061,69,07:13:13,07:13:28,0
qZcHenAJ7pJVpkcbhNg9l-07:00:00,SYN_104062,70,07:13:23,07:13:38,0
qZcHenAJ7pJVpkcbhNg9l-07:00:00,SYN_104063,71,07:13:33,07:13:48,0
qZcHenAJ7pJVpkcbhNg9l-07:00:00,SYN_104064,72,07:13:42,07:13:57,0
qZcHenAJ7pJVpkcbhNg9l-07:00:00,SYN_104065,73,07:13:52,07:14:07,0
qZcHenAJ7pJVpkcbhNg9l-07:00:00,SYN_104066,74,07:14:02,07:14:17,0
qZcHenAJ7pJVpkcbhNg9l-07:00:00,SYN_104067,75,07:14:12,07:14:27,0
qZcHenAJ7pJVpkcbhNg9l-07:00:00,SYN_104068,76,07:14:22,07:14:37,0
qZcHenAJ7pJVpkcbhNg9l-07:00:00,SYN_104069,77,07:14:32,07:14:47,0
qZcHenAJ7pJVpkcbhNg9l-07:00:00,SYN_104070,78,07:14:41,07:14:56,0
qZcHenAJ7pJVpkcbhNg9l-07:00:00,SYN_104071,79,07:14:51,07:15:06,0
qZcHenAJ7pJVpkcbhNg9l-07:00:00,SYN_104072,80,07:15:01,07:15:16,0
qZcHenAJ7pJVpkcbhNg9l-07:00:00,SYN_104073,81,07:15:11,07:15:26,0
qZcHenAJ7pJVpkcbhNg9l-07:00:00,SYN_104074,82,07:15:21,07:15:36,0
qZcHenAJ7pJVpkcbhNg9l-07:00:00,SYN_104075,83,07:15:31,07:15:46,0
qZcHenAJ7pJVpkcbhNg9l-07:00:00,SYN_104076,84,07:15:40,07:15:55,0
qZcHenAJ7pJVpkcbhNg9l-07:00:00,SYN_104077,85,07:15:50,07:16:05,0
qZcHenAJ7pJVpkcbhNg9l-07:00:00,SYN_104078,86,07:16:00,07:16:15,0
qZcHenAJ7pJVpkcbhNg9l-07:00:00,SYN_104079,87,07:16:10,07:16:25,0
qZcHenAJ7pJVpkcbhNg9l-07:00:00,SYN_104080,88,07:16:20,07:16:35,0
qZcHenAJ7pJVpkcbhNg9l-07:00:00,SYN_104081,89,07:16:29,07:16:44,0
qZcHenAJ7pJVpkcbhNg9l-07:00:00,SYN_104082,90,07:16:39,07:16:54,0
qZcHenAJ7pJVpkcbhNg9l-07:00:00,SYN_104083,91,07:16:49,07:17:04,0
qZcHenAJ7pJVpkcbhNg9l-07:00:00,SYN_104084,92,07:16:59,07:17:14,0
qZcHenAJ7pJVpkcbhNg9l-07:00:00,SYN_104085,93,07:17:09,07:17:24,0
qZcHenAJ7pJVpkcbhNg9l-07:00:00,SYN_104086,94,07:17:19,07:17:34,0
qZcHenAJ7pJVpkcbhNg9l-07:00:00,SYN_104087,95,07:17:28,07:17:43,0
qZcHenAJ7pJVpkcbhNg9l-07:00:00,SYN_104088,96,07:17:38,07:17:53,0
qZcHenAJ7pJVpkcbhNg9l-07:00:00,SYN_104089,97,07:17:48,07:18:03,0
qZcHenAJ7pJVpkcbhNg9l-07:00:00,SYN_104090,98,07:17:58,07:18:13,0
qZcHenAJ7pJVpkcbhNg9l-07:00:00,SYN_104091,99,07:18:08,07:18:23,0
qZcHenAJ7pJVpkcbhNg9l-07:00:00,SYN_104092,100,07:18:17,07:18:32,0
qZcHenAJ7pJVpkcbhNg9l-07:00:00,SYN_104093,101,07:18:27,07:18:42,0
qZcHenAJ7pJVpkcbhNg9l-07:00:00,SYN_104094,102,07:18:37,07:18:52,0
qZcHenAJ7pJVpkcbhNg9l-07:00:00,SYN_104095,103,07:18:47,07:19:02,0
qZcHenAJ7pJVpkcbhNg9l-07:00:00,SYN_104096,104,07:18:57,07:19:12,0
qZcHenAJ7pJVpkcbhNg9l-07:00:00,SYN_104097,105,07:19:07,07:19:22,0
qZcHenAJ7pJVpkcbhNg9l-07:00:00,SYN_104098,106,07:19:16,07:19:31,0
qZcHenAJ7pJVpkcbhNg9l-07:00:00,SYN_104099,107,07:19:26,07:19:41,0
qZcHenAJ7pJVpkcbhNg9l-07:00:00,SYN_104100,108,07:19:36,07:19:51,0
qZcHenAJ7pJVpkcbhNg9l-07:00:00,SYN_104101,109,07:19:46,07:20:01,0
qZcHenAJ7pJVpkcbhNg9l-07:00:00,SYN_104102,110,07:19:56,07:20:11,0
qZcHenAJ7pJVpkcbhNg9l-07:00:00,SYN_104103,111,07:20:06,07:20:21,0
qZcHenAJ7pJVpkcbhNg9l-07:00:00,SYN_104104,112,07:20:15,07:20:30,0
qZcHenAJ7pJVpkcbhNg9l-07:00:00,SYN_104105,113,07:20:25,07:20:40,0
qZcHenAJ7pJVpkcbhNg9l-07:00:00,SYN_104106,114,07:20:35,07:20:50,0
qZcHenAJ7pJVpkcbhNg9l-07:00:00,SYN_104107,115,07:20:45,07:21:00,0
qZcHenAJ7pJVpkcbhNg9l-07:00:00,SYN_104108,116,07:20:55,07:21:10,0
qZcHenAJ7pJVpkcbhNg9l-07:00:00,SYN_104109,117,07:21:04,07:21:19,0
qZcHenAJ7pJVpkcbhNg9l-07:00:00,SYN_104110,118,07:21:14,07:21:29,0
qZcHenAJ7pJVpkcbhNg9l-07:00:00,SYN_104111,119,07:21:24,07:21:39,0
qZcHenAJ7pJVpkcbhNg9l-07:00:00,SYN_104112,120,07:21:34,07:21:49,0
qZcHenAJ7pJVpkcbhNg9l-07:00:00,SYN_104113,121,07:21:44,07:21:59,0
qZcHenAJ7pJVpkcbhNg9l-07:00:00,SYN_104114,122,07:21:54,07:22:09,0
YhJAaZa87Cn-vbr4gAMuB-07:00:00,SYN_103992,0,07:39:39,07:39:54,0
YhJAaZa87Cn-vbr4gAMuB-07:00:00,SYN_103993,1,07:39:19,07:39:34,0
YhJAaZa87Cn-vbr4gAMuB-07:00:00,SYN_103994,2,07:38:59,07:39:14,0
YhJAaZa87Cn-vbr4gAMuB-07:00:00,SYN_103995,3,07:38:39,07:38:54,0
YhJAaZa87Cn-vbr4gAMuB-07:00:00,SYN_103996,4,07:38:19,07:38:34,0
YhJAaZa87Cn-vbr4gAMuB-07:00:00,SYN_103997,5,07:38:00,07:38:15,0
YhJAaZa87Cn-vbr4gAMuB-07:00:00,SYN_103998,6,07:37:40,07:37:55,0
YhJAaZa87Cn-vbr4gAMuB-07:00:00,SYN_103999,7,07:37:20,07:37:35,0
YhJAaZa87Cn-vbr4gAMuB-07:00:00,SYN_104000,8,07:37:00,07:37:15,0
YhJAaZa87Cn-vbr4gAMuB-07:00:00,SYN_104001,9,07:36:41,07:36:56,0
YhJAaZa87Cn-vbr4gAMuB-07:00:00,SYN_104002,10,07:36:21,07:36:36,0
YhJAaZa87Cn-vbr4gAMuB-07:00:00,SYN_104003,11,07:36:01,07:36:16,0
YhJAaZa87Cn-vbr4gAMuB-07:00:00,SYN_104004,12,07:35:41,07:35:56,0
YhJAaZa87Cn-vbr4gAMuB-07:00:00,SYN_104005,13,07:35:21,07:35:36,0
YhJAaZa87Cn-vbr4gAMuB-07:00:00,SYN_104006,14,07:35:02,07:35:17,0
YhJAaZa87Cn-vbr4gAMuB-07:00:00,SYN_104007,15,07:34:42,07:34:57,0
YhJAaZa87Cn-vbr4gAMuB-07:00:00,SYN_104008,16,07:34:22,07:34:37,0
YhJAaZa87Cn-vbr4gAMuB-07:00:00,SYN_104009,17,07:34:02,07:34:17,0
YhJAaZa87Cn-vbr4gAMuB-07:00:00,SYN_104010,18,07:33:43,07:33:58,0
YhJAaZa87Cn-vbr4gAMuB-07:00:00,SYN_104011,19,07:33:23,07:33:38,0
YhJAaZa87Cn-vbr4gAMuB-07:00:00,SYN_104012,20,07:33:03,07:33:18,0
YhJAaZa87Cn-vbr4gAMuB-07:00:00,SYN_104013,21,07:32:43,07:32:58,0
YhJAaZa87Cn-vbr4gAMuB-07:00:00,SYN_104014,22,07:32:23,07:32:38,0
YhJAaZa87Cn-vbr4gAMuB-07:00:00,SYN_104015,23,07:32:04,07:32:19,0
YhJAaZa87Cn-vbr4gAMuB-07:00:00,SYN_104016,24,07:31:44,07:31:59,0
YhJAaZa87Cn-vbr4gAMuB-07:00:00,SYN_104017,25,07:31:24,07:31:39,0
YhJAaZa87Cn-vbr4gAMuB-07:00:00,SYN_104018,26,07:31:04,07:31:19,0
YhJAaZa87Cn-vbr4gAMuB-07:00:00,SYN_104019,27,07:30:44,07:30:59,0
YhJAaZa87Cn-vbr4gAMuB-07:00:00,SYN_104020,28,07:30:25,07:30:40,0
YhJAaZa87Cn-vbr4gAMuB-07:00:00,SYN_104021,29,07:30:05,07:30:20,0
YhJAaZa87Cn-vbr4gAMuB-07:00:00,SYN_104022,30,07:29:45,07:30:00,0
YhJAaZa87Cn-vbr4gAMuB-07:00:00,SYN_104023,31,07:29:25,07:29:40,0
YhJAaZa87Cn-vbr4gAMuB-07:00:00,SYN_104024,32,07:29:06,07:29:21,0
YhJAaZa87Cn-vbr4gAMuB-07:00:00,SYN_104025,33,07:28:46,07:29:01,0
YhJAaZa87Cn-vbr4gAMuB-07:00:00,SYN_104026,34,07:28:26,07:28:41,0
YhJAaZa87Cn-vbr4gAMuB-07:00:00,SYN_104027,35,07:28:06,07:28:21,0
YhJAaZa87Cn-vbr4gAMuB-07:00:00,SYN_104028,36,07:27:46,07:28:01,0
YhJAaZa87Cn-vbr4gAMuB-07:00:00,SYN_104029,37,07:27:27,07:27:42,0
YhJAaZa87Cn-vbr4gAMuB-07:00:00,SYN_104030,38,07:27:07,07:27:22,0
YhJAaZa87Cn-vbr4gAMuB-07:00:00,SYN_104031,39,07:26:47,07:27:02,0
YhJAaZa87Cn-vbr4gAMuB-07:00:00,SYN_104032,40,07:26:27,07:26:42,0
YhJAaZa87Cn-vbr4gAMuB-07:00:00,SYN_104033,41,07:26:08,07:26:23,0
YhJAaZa87Cn-vbr4gAMuB-07:00:00,SYN_104034,42,07:25:48,07:26:03,0
YhJAaZa87Cn-vbr4gAMuB-07:00:00,SYN_104035,43,07:25:28,07:25:43,0
YhJAaZa87Cn-vbr4gAMuB-07:00:00,SYN_104036,44,07:25:08,07:25:23,0
YhJAaZa87Cn-vbr4gAMuB-07:00:00,SYN_104037,45,07:24:48,07:25:03,0
YhJAaZa87Cn-vbr4gAMuB-07:00:00,SYN_104038,46,07:24:29,07:24:44,0
YhJAaZa87Cn-vbr4gAMuB-07:00:00,SYN_104039,47,07:24:09,07:24:24,0
YhJAaZa87Cn-vbr4gAMuB-07:00:00,SYN_104040,48,07:23:49,07:24:04,0
YhJAaZa87Cn-vbr4gAMuB-07:00:00,SYN_104041,49,07:23:29,07:23:44,0
YhJAaZa87Cn-vbr4gAMuB-07:00:00,SYN_104042,50,07:23:10,07:23:25,0
YhJAaZa87Cn-vbr4gAMuB-07:00:00,SYN_104043,51,07:22:50,07:23:05,0
YhJAaZa87Cn-vbr4gAMuB-07:00:00,SYN_104044,52,07:22:30,07:22:45,0
YhJAaZa87Cn-vbr4gAMuB-07:00:00,SYN_104045,53,07:22:10,07:22:25,0
YhJAaZa87Cn-vbr4gAMuB-07:00:00,SYN_104046,54,07:21:50,07:22:05,0
YhJAaZa87Cn-vbr4gAMuB-07:00:00,SYN_104047,55,07:21:31,07:21:46,0
YhJAaZa87Cn-vbr4gAMuB-07:00:00,SYN_104048,56,07:21:11,07:21:26,0
YhJAaZa87Cn-vbr4gAMuB-07:00:00,SYN_104049,57,07:20:51,07:21:06,0
YhJAaZa87Cn-vbr4gAMuB-07:00:00,SYN_104050,58,07:20:31,07:20:46,0
YhJAaZa87Cn-vbr4gAMuB-07:00:00,SYN_104051,59,07:20:11,07:20:26,0
YhJAaZa87Cn-vbr4gAMuB-07:00:00,SYN_104052,60,07:19:52,07:20:07,0
YhJAaZa87Cn-vbr4gAMuB-07:00:00,SYN_104053,61,07:19:32,07:19:47,0
YhJAaZa87Cn-vbr4gAMuB-07:00:00,SYN_104054,62,07:19:12,07:19:27,0
YhJAaZa87Cn-vbr4gAMuB-07:00:00,SYN_104055,63,07:18:52,07:19:07,0
YhJAaZa87Cn-vbr4gAMuB-07:00:00,SYN_104056,64,07:18:33,07:18:48,0
YhJAaZa87Cn-vbr4gAMuB-07:00:00,SYN_104057,65,07:18:13,07:18:28,0
YhJAaZa87Cn-vbr4gAMuB-07:00:00,SYN_104058,66,07:17:53,07:18:08,0
YhJAaZa87Cn-vbr4gAMuB-07:00:00,SYN_104059,67,07:17:33,07:17:48,0
YhJAaZa87Cn-vbr4gAMuB-07:00:00,SYN_104060,68,07:17:13,07:17:28,0
YhJAaZa87Cn-vbr4gAMuB-07:00:00,SYN_104061,69,07:16:54,07:17:09,0
YhJAaZa87Cn-vbr4gAMuB-07:00:00,SYN_104062,70,07:16:34,07:16:49,0
YhJAaZa87Cn-vbr4gAMuB-07:00:00,SYN_104063,71,07:16:14,07:16:29,0
YhJAaZa87Cn-vbr4gAMuB-07:00:00,SYN_104064,72,07:15:54,07:16:09,0
YhJAaZa87Cn-vbr4gAMuB-07:00:00,SYN_104065,73,07:15:35,07:15:50,0
YhJAaZa87Cn-vbr4gAMuB-07:00:00,SYN_104066,74,07:15:15,07:15:30,0
YhJAaZa87Cn-vbr4gAMuB-07:00:00,SYN_104067,75,07:14:55,07:15:10,0
YhJAaZa87Cn-vbr4gAMuB-07:00:00,SYN_104068,76,07:14:35,07:14:50,0
YhJAaZa87Cn-vbr4gAMuB-07:00:00,SYN_104069,77,07:14:15,07:14:30,0
YhJAaZa87Cn-vbr4gAMuB-07:00:00,SYN_104070,78,07:13:56,07:14:11,0
YhJAaZa87Cn-vbr4gAMuB-07:00:00,SYN_104071,79,07:13:36,07:13:51,0
YhJAaZa87Cn-vbr4gAMuB-07:00:00,SYN_104072,80,07:13:16,07:13:31,0
YhJAaZa87Cn-vbr4gAMuB-07:00:00,SYN_104073,81,07:12:56,07:13:11,0
YhJAaZa87Cn-vbr4gAMuB-07:00:00,SYN_104074,82,07:12:37,07:12:52,0
YhJAaZa87Cn-vbr4gAMuB-07:00:00,SYN_104075,83,07:12:17,07:12:32,0
YhJAaZa87Cn-vbr4gAMuB-07:00:00,SYN_104076,84,07:11:57,07:12:12,0
YhJAaZa87Cn-vbr4gAMuB-07:00:00,SYN_104077,85,07:11:37,07:11:52,0
YhJAaZa87Cn-vbr4gAMuB-07:00:00,SYN_104078,86,07:11:17,07:11:32,0
YhJAaZa87Cn-vbr4gAMuB-07:00:00,SYN_104079,87,07:10:58,07:11:13,0
YhJAaZa87Cn-vbr4gAMuB-07:00:00,SYN_104080,88,07:10:38,07:10:53,0
YhJAaZa87Cn-vbr4gAMuB-07:00:00,SYN_104081,89,07:10:18,07:10:33,0
YhJAaZa87Cn-vbr4gAMuB-07:00:00,SYN_104082,90,07:09:58,07:10:13,0
YhJAaZa87Cn-vbr4gAMuB-07:00:00,SYN_104083,91,07:09:38,07:09:53,0
YhJAaZa87Cn-vbr4gAMuB-07:00:00,SYN_104084,92,07:09:19,07:09:34,0
YhJAaZa87Cn-vbr4gAMuB-07:00:00,SYN_104085,93,07:08:59,07:09:14,0
YhJAaZa87Cn-vbr4gAMuB-07:00:00,SYN_104086,94,07:08:39,07:08:54,0
YhJAaZa87Cn-vbr4gAMuB-07:00:00,SYN_104087,95,07:08:19,07:08:34,0
YhJAaZa87Cn-vbr4gAMuB-07:00:00,SYN_104088,96,07:08:00,07:08:15,0
YhJAaZa87Cn-vbr4gAMuB-07:00:00,SYN_104089,97,07:07:40,07:07:55,0
YhJAaZa87Cn-vbr4gAMuB-07:00:00,SYN_104090,98,07:07:20,07:07:35,0
YhJAaZa87Cn-vbr4gAMuB-07:00:00,SYN_104091,99,07:07:00,07:07:15,0
YhJAaZa87Cn-vbr4gAMuB-07:00:00,SYN_104092,100,07:06:40,07:06:55,0
YhJAaZa87Cn-vbr4gAMuB-07:00:00,SYN_104093,101,07:06:21,07:06:36,0
YhJAaZa87Cn-vbr4gAMuB-07:00:00,SYN_104094,102,07:06:01,07:06:16,0
YhJAaZa87Cn-vbr4gAMuB-07:00:00,SYN_104095,103,07:05:41,07:05:56,0
YhJAaZa87Cn-vbr4gAMuB-07:00:00,SYN_104096,104,07:05:21,07:05:36,0
YhJAaZa87Cn-vbr4gAMuB-07:00:00,SYN_104097,105,07:05:02,07:05:17,0
YhJAaZa87Cn-vbr4gAMuB-07:00:00,SYN_104098,106,07:04:42,07:04:57,0
YhJAaZa87Cn-vbr4gAMuB-07:00:00,SYN_104099,107,07:04:22,07:04:37,0
YhJAaZa87Cn-vbr4gAMuB-07:00:00,SYN_104100,108,07:04:02,07:04:17,0
YhJAaZa87Cn-vbr4gAMuB-07:00:00,SYN_104101,109,07:03:42,07:03:57,0
YhJAaZa87Cn-vbr4gAMuB-07:00:00,SYN_104102,110,07:03:23,07:03:38,0
YhJAaZa87Cn-vbr4gAMuB-07:00:00,SYN_104103,111,07:03:03,07:03:18,0
YhJAaZa87Cn-vbr4gAMuB-07:00:00,SYN_104104,112,07:02:43,07:02:58,0
YhJAaZa87Cn-vbr4gAMuB-07:00:00,SYN_104105,113,07:02:23,07:02:38,0
YhJAaZa87Cn-vbr4gAMuB-07:00:00,SYN_104106,114,07:02:04,07:02:19,0
YhJAaZa87Cn-vbr4gAMuB-07:00:00,SYN_104107,115,07:01:44,07:01:59,0
YhJAaZa87Cn-vbr4gAMuB-07:00:00,SYN_104108,116,07:01:24,07:01:39,0
YhJAaZa87Cn-vbr4gAMuB-07:00:00,SYN_104109,117,07:01:04,07:01:19,0
YhJAaZa87Cn-vbr4gAMuB-07:00:00,SYN_104110,118,07:00:44,07:00:59,0
YhJAaZa87Cn-vbr4gAMuB-07:00:00,SYN_104111,119,07:00:25,07:00:40,0
YhJAaZa87Cn-vbr4gAMuB-07:00:00,SYN_104112,120,07:00:05,07:00:20,0
3DsaT0dcW0e0BLcyD3Q6E-07:00:00,SYN_104115,0,07:00:08,07:00:23,0
3DsaT0dcW0e0BLcyD3Q6E-07:00:00,SYN_104116,1,07:01:20,07:01:35,0
3DsaT0dcW0e0BLcyD3Q6E-07:00:00,SYN_104117,2,07:02:03,07:02:18,0
3DsaT0dcW0e0BLcyD3Q6E-07:00:00,SYN_104118,3,07:02:46,07:03:01,0
3DsaT0dcW0e0BLcyD3Q6E-07:00:00,SYN_104119,4,07:04:00,07:04:15,0
3DsaT0dcW0e0BLcyD3Q6E-07:00:00,SYN_104120,5,07:05:01,07:05:16,0
3DsaT0dcW0e0BLcyD3Q6E-07:00:00,SYN_104121,6,07:05:56,07:06:11,0
3DsaT0dcW0e0BLcyD3Q6E-07:00:00,SYN_104122,7,07:06:52,07:07:07,0
3DsaT0dcW0e0BLcyD3Q6E-07:00:00,SYN_104123,8,07:07:47,07:08:02,0
3DsaT0dcW0e0BLcyD3Q6E-07:00:00,SYN_104124,9,07:08:30,07:08:45,0
3DsaT0dcW0e0BLcyD3Q6E-07:00:00,SYN_104125,10,07:09:09,07:09:24,0
3DsaT0dcW0e0BLcyD3Q6E-07:00:00,SYN_104126,11,07:09:44,07:09:59,0
3DsaT0dcW0e0BLcyD3Q6E-07:00:00,SYN_104127,12,07:12:50,07:13:05,0
3DsaT0dcW0e0BLcyD3Q6E-07:00:00,SYN_104128,13,07:16:10,07:16:25,0
3DsaT0dcW0e0BLcyD3Q6E-07:00:00,SYN_104129,14,07:18:33,07:18:48,0
3DsaT0dcW0e0BLcyD3Q6E-07:00:00,SYN_104130,15,07:19:59,07:20:14,0
3DsaT0dcW0e0BLcyD3Q6E-07:00:00,SYN_104131,16,07:21:05,07:21:20,0
3DsaT0dcW0e0BLcyD3Q6E-07:00:00,SYN_104132,17,07:22:07,07:22:22,0
3DsaT0dcW0e0BLcyD3Q6E-07:00:00,SYN_104133,18,07:22:57,07:23:12,0
3DsaT0dcW0e0BLcyD3Q6E-07:00:00,SYN_104134,19,07:23:44,07:23:59,0
3DsaT0dcW0e0BLcyD3Q6E-07:00:00,SYN_104135,20,07:24:40,07:24:55,0
3DsaT0dcW0e0BLcyD3Q6E-07:00:00,SYN_104136,21,07:25:55,07:26:10,0
3DsaT0dcW0e0BLcyD3Q6E-07:00:00,SYN_104137,22,07:26:33,07:26:48,0
3DsaT0dcW0e0BLcyD3Q6E-07:00:00,SYN_104138,23,07:27:11,07:27:26,0
3DsaT0dcW0e0BLcyD3Q6E-07:00:00,SYN_104139,24,07:27:56,07:28:11,0
3DsaT0dcW0e0BLcyD3Q6E-07:00:00,SYN_104140,25,07:28:44,07:28:59,0
3DsaT0dcW0e0BLcyD3Q6E-07:00:00,SYN_104141,26,07:29:33,07:29:48,0
3DsaT0dcW0e0BLcyD3Q6E-07:00:00,SYN_104142,27,07:30:21,07:30:36,0
3DsaT0dcW0e0BLcyD3Q6E-07:00:00,SYN_104143,28,07:31:09,07:31:24,0
3DsaT0dcW0e0BLcyD3Q6E-07:00:00,SYN_104144,29,07:31:58,07:32:13,0
3DsaT0dcW0e0BLcyD3Q6E-07:00:00,SYN_104145,30,07:32:52,07:33:07,0
3DsaT0dcW0e0BLcyD3Q6E-07:00:00,SYN_104146,31,07:33:49,07:34:04,0
3DsaT0dcW0e0BLcyD3Q6E-07:00:00,SYN_104147,32,07:34:58,07:35:13,0
3DsaT0dcW0e0BLcyD3Q6E-07:00:00,SYN_104148,33,07:36:12,07:36:27,0
3DsaT0dcW0e0BLcyD3Q6E-07:00:00,SYN_104149,34,07:37:27,07:37:42,0
3DsaT0dcW0e0BLcyD3Q6E-07:00:00,SYN_104150,35,07:38:23,07:38:38,0
3DsaT0dcW0e0BLcyD3Q6E-07:00:00,SYN_104151,36,07:39:08,07:39:23,0
3DsaT0dcW0e0BLcyD3Q6E-07:00:00,SYN_104152,37,07:39:52,07:40:07,0
3DsaT0dcW0e0BLcyD3Q6E-07:00:00,SYN_104153,38,07:40:37,07:40:52,0
3DsaT0dcW0e0BLcyD3Q6E-07:00:00,SYN_104154,39,07:41:22,07:41:37,0
3DsaT0dcW0e0BLcyD3Q6E-07:00:00,SYN_104155,40,07:42:07,07:42:22,0
zu8jTrRbozlA63gSOD4cA-07:00:00,SYN_104115,0,07:27:50,07:28:05,0
zu8jTrRbozlA63gSOD4cA-07:00:00,SYN_104116,1,07:27:05,07:27:20,0
zu8jTrRbozlA63gSOD4cA-07:00:00,SYN_104117,2,07:26:20,07:26:35,0
zu8jTrRbozlA63gSOD4cA-07:00:00,SYN_104118,3,07:25:35,07:25:50,0
zu8jTrRbozlA63gSOD4cA-07:00:00,SYN_104119,4,07:24:50,07:25:05,0
zu8jTrRbozlA63gSOD4cA-07:00:00,SYN_104120,5,07:24:05,07:24:20,0
zu8jTrRbozlA63gSOD4cA-07:00:00,SYN_104121,6,07:23:20,07:23:35,0
zu8jTrRbozlA63gSOD4cA-07:00:00,SYN_104122,7,07:22:35,07:22:50,0
zu8jTrRbozlA63gSOD4cA-07:00:00,SYN_104123,8,07:21:50,07:22:05,0
zu8jTrRbozlA63gSOD4cA-07:00:00,SYN_104124,9,07:21:05,07:21:20,0
zu8jTrRbozlA63gSOD4cA-07:00:00,SYN_104125,10,07:20:20,07:20:35,0
zu8jTrRbozlA63gSOD4cA-07:00:00,SYN_104126,11,07:19:35,07:19:50,0
zu8jTrRbozlA63gSOD4cA-07:00:00,SYN_104127,12,07:18:50,07:19:05,0
zu8jTrRbozlA63gSOD4cA-07:00:00,SYN_104128,13,07:18:05,07:18:20,0
zu8jTrRbozlA63gSOD4cA-07:00:00,SYN_104129,14,07:17:20,07:17:35,0
zu8jTrRbozlA63gSOD4cA-07:00:00,SYN_104130,15,07:16:35,07:16:50,0
zu8jTrRbozlA63gSOD4cA-07:00:00,SYN_104131,16,07:15:50,07:16:05,0
zu8jTrRbozlA63gSOD4cA-07:00:00,SYN_104132,17,07:15:05,07:15:20,0
zu8jTrRbozlA63gSOD4cA-07:00:00,SYN_104133,18,07:14:20,07:14:35,0
zu8jTrRbozlA63gSOD4cA-07:00:00,SYN_104134,19,07:13:35,07:13:50,0
zu8jTrRbozlA63gSOD4cA-07:00:00,SYN_104135,20,07:12:50,07:13:05,0
zu8jTrRbozlA63gSOD4cA-07:00:00,SYN_104136,21,07:12:05,07:12:20,0
zu8jTrRbozlA63gSOD4cA-07:00:00,SYN_104137,22,07:11:20,07:11:35,0
zu8jTrRbozlA63gSOD4cA-07:00:00,SYN_104138,23,07:10:35,07:10:50,0
zu8jTrRbozlA63gSOD4cA-07:00:00,SYN_104139,24,07:09:50,07:10:05,0
zu8jTrRbozlA63gSOD4cA-07:00:00,SYN_104140,25,07:09:05,07:09:20,0
zu8jTrRbozlA63gSOD4cA-07:00:00,SYN_104141,26,07:08:20,07:08:35,0
zu8jTrRbozlA63gSOD4cA-07:00:00,SYN_104142,27,07:07:35,07:07:50,0
zu8jTrRbozlA63gSOD4cA-07:00:00,SYN_104143,28,07:06:50,07:07:05,0
zu8jTrRbozlA63gSOD4cA-07:00:00,SYN_104144,29,07:06:05,07:06:20,0
zu8jTrRbozlA63gSOD4cA-07:00:00,SYN_104145,30,07:05:20,07:05:35,0
zu8jTrRbozlA63gSOD4cA-07:00:00,SYN_104146,31,07:04:35,07:04:50,0
zu8jTrRbozlA63gSOD4cA-07:00:00,SYN_104147,32,07:03:50,07:04:05,0
zu8jTrRbozlA63gSOD4cA-07:00:00,SYN_104148,33,07:03:05,07:03:20,0
zu8jTrRbozlA63gSOD4cA-07:00:00,SYN_104149,34,07:02:20,07:02:35,0
zu8jTrRbozlA63gSOD4cA-07:00:00,SYN_104150,35,07:01:35,07:01:50,0
zu8jTrRbozlA63gSOD4cA-07:00:00,SYN_104151,36,07:00:50,07:01:05,0
zu8jTrRbozlA63gSOD4cA-07:00:00,SYN_104152,37,07:00:05,07:00:20,0
CmIaLLjNex2vbIMiilGN5-07:00:00,SYN_104156,0,07:00:30,07:00:45,0
CmIaLLjNex2vbIMiilGN5-07:00:00,SYN_104157,1,07:01:00,07:01:15,0
CmIaLLjNex2vbIMiilGN5-07:00:00,SYN_104158,2,07:01:30,07:01:45,0
CmIaLLjNex2vbIMiilGN5-07:00:00,SYN_104159,3,07:02:00,07:02:15,0
CmIaLLjNex2vbIMiilGN5-07:00:00,SYN_104160,4,07:02:30,07:02:45,0
CmIaLLjNex2vbIMiilGN5-07:00:00,SYN_104161,5,07:03:00,07:03:15,0
CmIaLLjNex2vbIMiilGN5-07:00:00,SYN_104162,6,07:03:30,07:03:45,0
CmIaLLjNex2vbIMiilGN5-07:00:00,SYN_104163,7,07:03:44,07:03:59,0
CmIaLLjNex2vbIMiilGN5-07:00:00,SYN_104164,8,07:03:58,07:04:13,0
CmIaLLjNex2vbIMiilGN5-07:00:00,SYN_104165,9,07:04:12,07:04:27,0
CmIaLLjNex2vbIMiilGN5-07:00:00,SYN_104166,10,07:04:26,07:04:41,0
CmIaLLjNex2vbIMiilGN5-07:00:00,SYN_104167,11,07:04:40,07:04:55,0
CmIaLLjNex2vbIMiilGN5-07:00:00,SYN_104168,12,07:04:55,07:05:10,0
CmIaLLjNex2vbIMiilGN5-07:00:00,SYN_104169,13,07:05:09,07:05:24,0
CmIaLLjNex2vbIMiilGN5-07:00:00,SYN_104170,14,07:05:23,07:05:38,0
CmIaLLjNex2vbIMiilGN5-07:00:00,SYN_104171,15,07:05:37,07:05:52,0
CmIaLLjNex2vbIMiilGN5-07:00:00,SYN_104172,16,07:05:51,07:06:06,0
CmIaLLjNex2vbIMiilGN5-07:00:00,SYN_104173,17,07:06:05,07:06:20,0
CmIaLLjNex2vbIMiilGN5-07:00:00,SYN_104174,18,07:06:19,07:06:34,0
CmIaLLjNex2vbIMiilGN5-07:00:00,SYN_104175,19,07:06:33,07:06:48,0
CmIaLLjNex2vbIMiilGN5-07:00:00,SYN_104176,20,07:06:47,07:07:02,0
CmIaLLjNex2vbIMiilGN5-07:00:00,SYN_104177,21,07:07:01,07:07:16,0
CmIaLLjNex2vbIMiilGN5-07:00:00,SYN_104178,22,07:07:15,07:07:30,0
CmIaLLjNex2vbIMiilGN5-07:00:00,SYN_104179,23,07:07:29,07:07:44,0
CmIaLLjNex2vbIMiilGN5-07:00:00,SYN_104180,24,07:07:43,07:07:58,0
CmIaLLjNex2vbIMiilGN5-07:00:00,SYN_104181,25,07:07:57,07:08:12,0
CmIaLLjNex2vbIMiilGN5-07:00:00,SYN_104182,26,07:08:12,07:08:27,0
CmIaLLjNex2vbIMiilGN5-07:00:00,SYN_104183,27,07:08:26,07:08:41,0
CmIaLLjNex2vbIMiilGN5-07:00:00,SYN_104184,28,07:08:40,07:08:55,0
CmIaLLjNex2vbIMiilGN5-07:00:00,SYN_104185,29,07:08:54,07:09:09,0
CmIaLLjNex2vbIMiilGN5-07:00:00,SYN_104186,30,07:09:08,07:09:23,0
CmIaLLjNex2vbIMiilGN5-07:00:00,SYN_104187,31,07:09:22,07:09:37,0
CmIaLLjNex2vbIMiilGN5-07:00:00,SYN_104188,32,07:09:36,07:09:51,0
CmIaLLjNex2vbIMiilGN5-07:00:00,SYN_104189,33,07:09:50,07:10:05,0
CmIaLLjNex2vbIMiilGN5-07:00:00,SYN_104190,34,07:10:04,07:10:19,0
CmIaLLjNex2vbIMiilGN5-07:00:00,SYN_104191,35,07:10:18,07:10:33,0
CmIaLLjNex2vbIMiilGN5-07:00:00,SYN_104192,36,07:10:32,07:10:47,0
CmIaLLjNex2vbIMiilGN5-07:00:00,SYN_104193,37,07:10:46,07:11:01,0
CmIaLLjNex2vbIMiilGN5-07:00:00,SYN_104194,38,07:11:00,07:11:15,0
CmIaLLjNex2vbIMiilGN5-07:00:00,SYN_104195,39,07:11:14,07:11:29,0
CmIaLLjNex2vbIMiilGN5-07:00:00,SYN_104196,40,07:11:29,07:11:44,0
CmIaLLjNex2vbIMiilGN5-07:00:00,SYN_104197,41,07:11:43,07:11:58,0
CmIaLLjNex2vbIMiilGN5-07:00:00,SYN_104198,42,07:11:57,07:12:12,0
CmIaLLjNex2vbIMiilGN5-07:00:00,SYN_104199,43,07:12:11,07:12:26,0
CmIaLLjNex2vbIMiilGN5-07:00:00,SYN_104200,44,07:12:25,07:12:40,0
CmIaLLjNex2vbIMiilGN5-07:00:00,SYN_104201,45,07:12:39,07:12:54,0
CmIaLLjNex2vbIMiilGN5-07:00:00,SYN_104202,46,07:12:53,07:13:08,0
CmIaLLjNex2vbIMiilGN5-07:00:00,SYN_104203,47,07:13:07,07:13:22,0
CmIaLLjNex2vbIMiilGN5-07:00:00,SYN_104204,48,07:13:21,07:13:36,0
CmIaLLjNex2vbIMiilGN5-07:00:00,SYN_104205,49,07:13:35,07:13:50,0
CmIaLLjNex2vbIMiilGN5-07:00:00,SYN_104206,50,07:13:49,07:14:04,0
CmIaLLjNex2vbIMiilGN5-07:00:00,SYN_104207,51,07:14:03,07:14:18,0
CmIaLLjNex2vbIMiilGN5-07:00:00,SYN_104208,52,07:14:17,07:14:32,0
CmIaLLjNex2vbIMiilGN5-07:00:00,SYN_104209,53,07:14:31,07:14:46,0
CmIaLLjNex2vbIMiilGN5-07:00:00,SYN_104210,54,07:14:46,07:15:01,0
CmIaLLjNex2vbIMiilGN5-07:00:00,SYN_104211,55,07:15:00,07:15:15,0
CmIaLLjNex2vbIMiilGN5-07:00:00,SYN_104212,56,07:15:14,07:15:29,0
CmIaLLjNex2vbIMiilGN5-07:00:00,SYN_104213,57,07:15:28,07:15:43,0
CmIaLLjNex2vbIMiilGN5-07:00:00,SYN_104214,58,07:15:42,07:15:57,0
CmIaLLjNex2vbIMiilGN5-07:00:00,SYN_104215,59,07:15:56,07:16:11,0
CmIaLLjNex2vbIMiilGN5-07:00:00,SYN_104216,60,07:16:10,07:16:25,0
CmIaLLjNex2vbIMiilGN5-07:00:00,SYN_104217,61,07:16:24,07:16:39,0
CmIaLLjNex2vbIMiilGN5-07:00:00,SYN_104218,62,07:16:38,07:16:53,0
CmIaLLjNex2vbIMiilGN5-07:00:00,SYN_104219,63,07:16:52,07:17:07,0
CmIaLLjNex2vbIMiilGN5-07:00:00,SYN_104220,64,07:17:06,07:17:21,0
CmIaLLjNex2vbIMiilGN5-07:00:00,SYN_104221,65,07:17:20,07:17:35,0
CmIaLLjNex2vbIMiilGN5-07:00:00,SYN_104222,66,07:17:34,07:17:49,0
CmIaLLjNex2vbIMiilGN5-07:00:00,SYN_104223,67,07:17:48,07:18:03,0
CmIaLLjNex2vbIMiilGN5-07:00:00,SYN_104224,68,07:18:03,07:18:18,0
CmIaLLjNex2vbIMiilGN5-07:00:00,SYN_104225,69,07:18:17,07:18:32,0
CmIaLLjNex2vbIMiilGN5-07:00:00,SYN_104226,70,07:18:31,07:18:46,0
CmIaLLjNex2vbIMiilGN5-07:00:00,SYN_104227,71,07:18:45,07:19:00,0
CmIaLLjNex2vbIMiilGN5-07:00:00,SYN_104228,72,07:18:59,07:19:14,0
CmIaLLjNex2vbIMiilGN5-07:00:00,SYN_104229,73,07:19:13,07:19:28,0
CmIaLLjNex2vbIMiilGN5-07:00:00,SYN_104230,74,07:19:27,07:19:42,0
CmIaLLjNex2vbIMiilGN5-07:00:00,SYN_104231,75,07:19:41,07:19:56,0
CmIaLLjNex2vbIMiilGN5-07:00:00,SYN_104232,76,07:19:55,07:20:10,0
CmIaLLjNex2vbIMiilGN5-07:00:00,SYN_104233,77,07:20:09,07:20:24,0
CmIaLLjNex2vbIMiilGN5-07:00:00,SYN_104234,78,07:20:23,07:20:38,0
CmIaLLjNex2vbIMiilGN5-07:00:00,SYN_104235,79,07:20:37,07:20:52,0
CmIaLLjNex2vbIMiilGN5-07:00:00,SYN_104236,80,07:20:51,07:21:06,0
CmIaLLjNex2vbIMiilGN5-07:00:00,SYN_104237,81,07:21:06,07:21:21,0
CmIaLLjNex2vbIMiilGN5-07:00:00,SYN_104238,82,07:21:20,07:21:35,0
CmIaLLjNex2vbIMiilGN5-07:00:00,SYN_104239,83,07:21:34,07:21:49,0
CmIaLLjNex2vbIMiilGN5-07:00:00,SYN_104240,84,07:21:48,07:22:03,0
CmIaLLjNex2vbIMiilGN5-07:00:00,SYN_104241,85,07:22:02,07:22:17,0
CmIaLLjNex2vbIMiilGN5-07:00:00,SYN_104242,86,07:22:16,07:22:31,0
CmIaLLjNex2vbIMiilGN5-07:00:00,SYN_104243,87,07:22:30,07:22:45,0
CmIaLLjNex2vbIMiilGN5-07:00:00,SYN_104244,88,07:22:44,07:22:59,0
CmIaLLjNex2vbIMiilGN5-07:00:00,SYN_104245,89,07:22:58,07:23:13,0
JR4I2_wTJ2Vb9ocgkUSNB-07:00:00,SYN_104156,0,07:29:47,07:30:02,0
JR4I2_wTJ2Vb9ocgkUSNB-07:00:00,SYN_104157,1,07:29:28,07:29:43,0
JR4I2_wTJ2Vb9ocgkUSNB-07:00:00,SYN_104158,2,07:29:08,07:29:23,0
JR4I2_wTJ2Vb9ocgkUSNB-07:00:00,SYN_104159,3,07:28:48,07:29:03,0
JR4I2_wTJ2Vb9ocgkUSNB-07:00:00,SYN_104160,4,07:28:28,07:28:43,0
JR4I2_wTJ2Vb9ocgkUSNB-07:00:00,SYN_104161,5,07:28:09,07:28:24,0
JR4I2_wTJ2Vb9ocgkUSNB-07:00:00,SYN_104162,6,07:27:49,07:28:04,0
JR4I2_wTJ2Vb9ocgkUSNB-07:00:00,SYN_104163,7,07:27:29,07:27:44,0
JR4I2_wTJ2Vb9ocgkUSNB-07:00:00,SYN_104164,8,07:27:09,07:27:24,0
JR4I2_wTJ2Vb9ocgkUSNB-07:00:00,SYN_104165,9,07:26:50,07:27:05,0
JR4I2_wTJ2Vb9ocgkUSNB-07:00:00,SYN_104166,10,07:26:30,07:26:45,0
JR4I2_wTJ2Vb9ocgkUSNB-07:00:00,SYN_104167,11,07:26:10,07:26:25,0
JR4I2_wTJ2Vb9ocgkUSNB-07:00:00,SYN_104168,12,07:25:50,07:26:05,0
JR4I2_wTJ2Vb9ocgkUSNB-07:00:00,SYN_104169,13,07:25:31,07:25:46,0
JR4I2_wTJ2Vb9ocgkUSNB-07:00:00,SYN_104170,14,07:25:11,07:25:26,0
JR4I2_wTJ2Vb9ocgkUSNB-07:00:00,SYN_104171,15,07:24:51,07:25:06,0
JR4I2_wTJ2Vb9ocgkUSNB-07:00:00,SYN_104172,16,07:24:31,07:24:46,0
JR4I2_wTJ2Vb9ocgkUSNB-07:00:00,SYN_104173,17,07:24:12,07:24:27,0
JR4I2_wTJ2Vb9ocgkUSNB-07:00:00,SYN_104174,18,07:23:52,07:24:07,0
JR4I2_wTJ2Vb9ocgkUSNB-07:00:00,SYN_104175,19,07:23:32,07:23:47,0
JR4I2_wTJ2Vb9ocgkUSNB-07:00:00,SYN_104176,20,07:23:13,07:23:28,0
JR4I2_wTJ2Vb9ocgkUSNB-07:00:00,SYN_104177,21,07:22:53,07:23:08,0
JR4I2_wTJ2Vb9ocgkUSNB-07:00:00,SYN_104178,22,07:22:33,07:22:48,0
JR4I2_wTJ2Vb9ocgkUSNB-07:00:00,SYN_104179,23,07:22:13,07:22:28,0
JR4I2_wTJ2Vb9ocgkUSNB-07:00:00,SYN_104180,24,07:21:54,07:22:09,0
JR4I2_wTJ2Vb9ocgkUSNB-07:00:00,SYN_104181,25,07:21:34,07:21:49,0
JR4I2_wTJ2Vb9ocgkUSNB-07:00:00,SYN_104182,26,07:21:14,07:21:29,0
JR4I2_wTJ2Vb9ocgkUSNB-07:00:00,SYN_104183,27,07:20:54,07:21:09,0
JR4I2_wTJ2Vb9ocgkUSNB-07:00:00,SYN_104184,28,07:20:35,07:20:50,0
JR4I2_wTJ2Vb9ocgkUSNB-07:00:00,SYN_104185,29,07:20:15,07:20:30,0
JR4I2_wTJ2Vb9ocgkUSNB-07:00:00,SYN_104186,30,07:19:55,07:20:10,0
JR4I2_wTJ2Vb9ocgkUSNB-07:00:00,SYN_104187,31,07:19:35,07:19:50,0
JR4I2_wTJ2Vb9ocgkUSNB-07:00:00,SYN_104188,32,07:19:16,07:19:31,0
JR4I2_wTJ2Vb9ocgkUSNB-07:00:00,SYN_104189,33,07:18:56,07:19:11,0
JR4I2_wTJ2Vb9ocgkUSNB-07:00:00,SYN_104190,34,07:18:36,07:18:51,0
JR4I2_wTJ2Vb9ocgkUSNB-07:00:00,SYN_104191,35,07:18:16,07:18:31,0
JR4I2_wTJ2Vb9ocgkUSNB-07:00:00,SYN_104192,36,07:17:57,07:18:12,0
JR4I2_wTJ2Vb9ocgkUSNB-07:00:00,SYN_104193,37,07:17:37,07:17:52,0
JR4I2_wTJ2Vb9ocgkUSNB-07:00:00,SYN_104194,38,07:17:17,07:17:32,0
JR4I2_wTJ2Vb9ocgkUSNB-07:00:00,SYN_104195,39,07:16:57,07:17:12,0
JR4I2_wTJ2Vb9ocgkUSNB-07:00:00,SYN_104196,40,07:16:38,07:16:53,0
JR4I2_wTJ2Vb9ocgkUSNB-07:00:00,SYN_104197,41,07:16:18,07:16:33,0
JR4I2_wTJ2Vb9ocgkUSNB-07:00:00,SYN_104198,42,07:15:58,07:16:13,0
JR4I2_wTJ2Vb9ocgkUSNB-07:00:00,SYN_104199,43,07:15:38,07:15:53,0
JR4I2_wTJ2Vb9ocgkUSNB-07:00:00,SYN_104200,44,07:15:19,07:15:34,0
JR4I2_wTJ2Vb9ocgkUSNB-07:00:00,SYN_104201,45,07:14:59,07:15:14,0
JR4I2_wTJ2Vb9ocgkUSNB-07:00:00,SYN_104202,46,07:14:39,07:14:54,0
JR4I2_wTJ2Vb9ocgkUSNB-07:00:00,SYN_104203,47,07:14:19,07:14:34,0
JR4I2_wTJ2Vb9ocgkUSNB-07:00:00,SYN_104204,48,07:14:00,07:14:15,0
JR4I2_wTJ2Vb9ocgkUSNB-07:00:00,SYN_104205,49,07:13:40,07:13:55,0
JR4I2_wTJ2Vb9ocgkUSNB-07:00:00,SYN_104206,50,07:13:20,07:13:35,0
JR4I2_wTJ2Vb9ocgkUSNB-07:00:00,SYN_104207,51,07:13:00,07:13:15,0
JR4I2_wTJ2Vb9ocgkUSNB-07:00:00,SYN_104208,52,07:12:41,07:12:56,0
JR4I2_wTJ2Vb9ocgkUSNB-07:00:00,SYN_104209,53,07:12:21,07:12:36,0
JR4I2_wTJ2Vb9ocgkUSNB-07:00:00,SYN_104210,54,07:12:01,07:12:16,0
JR4I2_wTJ2Vb9ocgkUSNB-07:00:00,SYN_104211,55,07:11:41,07:11:56,0
JR4I2_wTJ2Vb9ocgkUSNB-07:00:00,SYN_104212,56,07:11:22,07:11:37,0
JR4I2_wTJ2Vb9ocgkUSNB-07:00:00,SYN_104213,57,07:11:02,07:11:17,0
JR4I2_wTJ2Vb9ocgkUSNB-07:00:00,SYN_104214,58,07:10:42,07:10:57,0
JR4I2_wTJ2Vb9ocgkUSNB-07:00:00,SYN_104215,59,07:10:22,07:10:37,0
JR4I2_wTJ2Vb9ocgkUSNB-07:00:00,SYN_104216,60,07:10:03,07:10:18,0
JR4I2_wTJ2Vb9ocgkUSNB-07:00:00,SYN_104217,61,07:09:43,07:09:58,0
JR4I2_wTJ2Vb9ocgkUSNB-07:00:00,SYN_104218,62,07:09:23,07:09:38,0
JR4I2_wTJ2Vb9ocgkUSNB-07:00:00,SYN_104219,63,07:09:03,07:09:18,0
JR4I2_wTJ2Vb9ocgkUSNB-07:00:00,SYN_104220,64,07:08:44,07:08:59,0
JR4I2_wTJ2Vb9ocgkUSNB-07:00:00,SYN_104221,65,07:08:24,07:08:39,0
JR4I2_wTJ2Vb9ocgkUSNB-07:00:00,SYN_104222,66,07:08:04,07:08:19,0
JR4I2_wTJ2Vb9ocgkUSNB-07:00:00,SYN_104223,67,07:07:44,07:07:59,0
JR4I2_wTJ2Vb9ocgkUSNB-07:00:00,SYN_104224,68,07:07:25,07:07:40,0
JR4I2_wTJ2Vb9ocgkUSNB-07:00:00,SYN_104225,69,07:07:05,07:07:20,0
JR4I2_wTJ2Vb9ocgkUSNB-07:00:00,SYN_104226,70,07:06:45,07:07:00,0
JR4I2_wTJ2Vb9ocgkUSNB-07:00:00,SYN_104227,71,07:06:25,07:06:40,0
JR4I2_wTJ2Vb9ocgkUSNB-07:00:00,SYN_104228,72,07:06:06,07:06:21,0
JR4I2_wTJ2Vb9ocgkUSNB-07:00:00,SYN_104229,73,07:05:46,07:06:01,0
JR4I2_wTJ2Vb9ocgkUSNB-07:00:00,SYN_104230,74,07:05:26,07:05:41,0
JR4I2_wTJ2Vb9ocgkUSNB-07:00:00,SYN_104231,75,07:05:06,07:05:21,0
JR4I2_wTJ2Vb9ocgkUSNB-07:00:00,SYN_104232,76,07:04:47,07:05:02,0
JR4I2_wTJ2Vb9ocgkUSNB-07:00:00,SYN_104233,77,07:04:27,07:04:42,0
JR4I2_wTJ2Vb9ocgkUSNB-07:00:00,SYN_104234,78,07:04:07,07:04:22,0
JR4I2_wTJ2Vb9ocgkUSNB-07:00:00,SYN_104235,79,07:03:47,07:04:02,0
JR4I2_wTJ2Vb9ocgkUSNB-07:00:00,SYN_104236,80,07:03:28,07:03:43,0
JR4I2_wTJ2Vb9ocgkUSNB-07:00:00,SYN_104237,81,07:03:08,07:03:23,0
JR4I2_wTJ2Vb9ocgkUSNB-07:00:00,SYN_104238,82,07:02:48,07:03:03,0
JR4I2_wTJ2Vb9ocgkUSNB-07:00:00,SYN_104239,83,07:02:28,07:02:43,0
JR4I2_wTJ2Vb9ocgkUSNB-07:00:00,SYN_104240,84,07:02:09,07:02:24,0
JR4I2_wTJ2Vb9ocgkUSNB-07:00:00,SYN_104241,85,07:01:49,07:02:04,0
JR4I2_wTJ2Vb9ocgkUSNB-07:00:00,SYN_104242,86,07:01:29,07:01:44,0
JR4I2_wTJ2Vb9ocgkUSNB-07:00:00,SYN_104243,87,07:01:09,07:01:24,0
JR4I2_wTJ2Vb9ocgkUSNB-07:00:00,SYN_104244,88,07:00:50,07:01:05,0
JR4I2_wTJ2Vb9ocgkUSNB-07:00:00,SYN_104245,89,07:00:30,07:00:45,0
JR4I2_wTJ2Vb9ocgkUSNB-07:00:00,SYN_104246,90,07:00:10,07:00:25,0
zZjzzNbMESUGofW2jqGDZ-07:00:00,SYN_104250,0,07:00:19,07:00:34,0
zZjzzNbMESUGofW2jqGDZ-07:00:00,SYN_104251,1,07:00:51,07:01:06,0
zZjzzNbMESUGofW2jqGDZ-07:00:00,SYN_104252,2,07:01:23,07:01:38,0
zZjzzNbMESUGofW2jqGDZ-07:00:00,SYN_104253,3,07:01:53,07:02:08,0
zZjzzNbMESUGofW2jqGDZ-07:00:00,SYN_104254,4,07:02:18,07:02:33,0
zZjzzNbMESUGofW2jqGDZ-07:00:00,SYN_104255,5,07:02:43,07:02:58,0
zZjzzNbMESUGofW2jqGDZ-07:00:00,SYN_104256,6,07:03:07,07:03:22,0
zZjzzNbMESUGofW2jqGDZ-07:00:00,SYN_104257,7,07:03:32,07:03:47,0
zZjzzNbMESUGofW2jqGDZ-07:00:00,SYN_104258,8,07:03:57,07:04:12,0
zZjzzNbMESUGofW2jqGDZ-07:00:00,SYN_104259,9,07:04:21,07:04:36,0
zZjzzNbMESUGofW2jqGDZ-07:00:00,SYN_104260,10,07:04:46,07:05:01,0
zZjzzNbMESUGofW2jqGDZ-07:00:00,SYN_104261,11,07:05:11,07:05:26,0
zZjzzNbMESUGofW2jqGDZ-07:00:00,SYN_104262,12,07:05:37,07:05:52,0
zZjzzNbMESUGofW2jqGDZ-07:00:00,SYN_104263,13,07:06:04,07:06:19,0
zZjzzNbMESUGofW2jqGDZ-07:00:00,SYN_104264,14,07:06:30,07:06:45,0
zZjzzNbMESUGofW2jqGDZ-07:00:00,SYN_104265,15,07:06:51,07:07:06,0
zZjzzNbMESUGofW2jqGDZ-07:00:00,SYN_104266,16,07:07:11,07:07:26,0
zZjzzNbMESUGofW2jqGDZ-07:00:00,SYN_104267,17,07:07:32,07:07:47,0
zZjzzNbMESUGofW2jqGDZ-07:00:00,SYN_104268,18,07:07:53,07:08:08,0
zZjzzNbMESUGofW2jqGDZ-07:00:00,SYN_104269,19,07:08:14,07:08:29,0
zZjzzNbMESUGofW2jqGDZ-07:00:00,SYN_104270,20,07:08:39,07:08:54,0
zZjzzNbMESUGofW2jqGDZ-07:00:00,SYN_104271,21,07:09:05,07:09:20,0
zZjzzNbMESUGofW2jqGDZ-07:00:00,SYN_104272,22,07:09:31,07:09:46,0
zZjzzNbMESUGofW2jqGDZ-07:00:00,SYN_104273,23,07:09:57,07:10:12,0
zZjzzNbMESUGofW2jqGDZ-07:00:00,SYN_104274,24,07:10:24,07:10:39,0
zZjzzNbMESUGofW2jqGDZ-07:00:00,SYN_104275,25,07:10:50,07:11:05,0
c1YDpOopAR200ZEPZGL2D-07:00:00,SYN_104249,0,07:17:58,07:18:13,0
c1YDpOopAR200ZEPZGL2D-07:00:00,SYN_104250,1,07:17:19,07:17:34,0
c1YDpOopAR200ZEPZGL2D-07:00:00,SYN_104251,2,07:16:41,07:16:56,0
c1YDpOopAR200ZEPZGL2D-07:00:00,SYN_104252,3,07:16:02,07:16:17,0
c1YDpOopAR200ZEPZGL2D-07:00:00,SYN_104253,4,07:15:23,07:15:38,0
c1YDpOopAR200ZEPZGL2D-07:00:00,SYN_104254,5,07:14:45,07:15:00,0
c1YDpOopAR200ZEPZGL2D-07:00:00,SYN_104255,6,07:14:06,07:14:21,0
c1YDpOopAR200ZEPZGL2D-07:00:00,SYN_104256,7,07:13:27,07:13:42,0
c1YDpOopAR200ZEPZGL2D-07:00:00,SYN_104257,8,07:12:49,07:13:04,0
c1YDpOopAR200ZEPZGL2D-07:00:00,SYN_104258,9,07:12:10,07:12:25,0
c1YDpOopAR200ZEPZGL2D-07:00:00,SYN_104259,10,07:11:32,07:11:47,0
c1YDpOopAR200ZEPZGL2D-07:00:00,SYN_104260,11,07:10:53,07:11:08,0
c1YDpOopAR200ZEPZGL2D-07:00:00,SYN_104261,12,07:10:14,07:10:29,0
c1YDpOopAR200ZEPZGL2D-07:00:00,SYN_104262,13,07:09:36,07:09:51,0
c1YDpOopAR200ZEPZGL2D-07:00:00,SYN_104263,14,07:08:57,07:09:12,0
c1YDpOopAR200ZEPZGL2D-07:00:00,SYN_104264,15,07:08:18,07:08:33,0
c1YDpOopAR200ZEPZGL2D-07:00:00,SYN_104265,16,07:07:40,07:07:55,0
c1YDpOopAR200ZEPZGL2D-07:00:00,SYN_104266,17,07:07:01,07:07:16,0
c1YDpOopAR200ZEPZGL2D-07:00:00,SYN_104267,18,07:06:23,07:06:38,0
c1YDpOopAR200ZEPZGL2D-07:00:00,SYN_104268,19,07:05:44,07:05:59,0
c1YDpOopAR200ZEPZGL2D-07:00:00,SYN_104269,20,07:05:05,07:05:20,0
c1YDpOopAR200ZEPZGL2D-07:00:00,SYN_104270,21,07:04:27,07:04:42,0
c1YDpOopAR200ZEPZGL2D-07:00:00,SYN_104271,22,07:03:48,07:04:03,0
c1YDpOopAR200ZEPZGL2D-07:00:00,SYN_104272,23,07:03:09,07:03:24,0
c1YDpOopAR200ZEPZGL2D-07:00:00,SYN_104273,24,07:02:31,07:02:46,0
c1YDpOopAR200ZEPZGL2D-07:00:00,SYN_104274,25,07:01:52,07:02:07,0
c1YDpOopAR200ZEPZGL2D-07:00:00,SYN_104275,26,07:01:14,07:01:29,0
c1YDpOopAR200ZEPZGL2D-07:00:00,SYN_104276,27,07:00:35,07:00:50,0
3g4cs6y1Zst9EwOYH-YQE-07:00:00,SYN_104309,0,07:00:24,07:00:39,0
3g4cs6y1Zst9EwOYH-YQE-07:00:00,SYN_104310,1,07:01:02,07:01:17,0
3g4cs6y1Zst9EwOYH-YQE-07:00:00,SYN_104311,2,07:01:25,07:01:40,0
3g4cs6y1Zst9EwOYH-YQE-07:00:00,SYN_104312,3,07:01:36,07:01:51,0
3g4cs6y1Zst9EwOYH-YQE-07:00:00,SYN_104313,4,07:01:46,07:02:01,0
3g4cs6y1Zst9EwOYH-YQE-07:00:00,SYN_104314,5,07:01:56,07:02:11,0
3g4cs6y1Zst9EwOYH-YQE-07:00:00,SYN_104315,6,07:02:07,07:02:22,0
3g4cs6y1Zst9EwOYH-YQE-07:00:00,SYN_104316,7,07:02:17,07:02:32,0
3g4cs6y1Zst9EwOYH-YQE-07:00:00,SYN_104317,8,07:02:27,07:02:42,0
3g4cs6y1Zst9EwOYH-YQE-07:00:00,SYN_104318,9,07:02:38,07:02:53,0
3g4cs6y1Zst9EwOYH-YQE-07:00:00,SYN_104319,10,07:02:48,07:03:03,0
3g4cs6y1Zst9EwOYH-YQE-07:00:00,SYN_104320,11,07:02:58,07:03:13,0
3g4cs6y1Zst9EwOYH-YQE-07:00:00,SYN_104321,12,07:03:09,07:03:24,0
3g4cs6y1Zst9EwOYH-YQE-07:00:00,SYN_104322,13,07:03:19,07:03:34,0
3g4cs6y1Zst9EwOYH-YQE-07:00:00,SYN_104323,14,07:03:29,07:03:44,0
3g4cs6y1Zst9EwOYH-YQE-07:00:00,SYN_104324,15,07:03:40,07:03:55,0
3g4cs6y1Zst9EwOYH-YQE-07:00:00,SYN_104325,16,07:03:50,07:04:05,0
3g4cs6y1Zst9EwOYH-YQE-07:00:00,SYN_104326,17,07:04:00,07:04:15,0
3g4cs6y1Zst9EwOYH-YQE-07:00:00,SYN_104327,18,07:04:11,07:04:26,0
3g4cs6y1Zst9EwOYH-YQE-07:00:00,SYN_104328,19,07:04:21,07:04:36,0
3g4cs6y1Zst9EwOYH-YQE-07:00:00,SYN_104329,20,07:04:31,07:04:46,0
3g4cs6y1Zst9EwOYH-YQE-07:00:00,SYN_104330,21,07:04:42,07:04:57,0
3g4cs6y1Zst9EwOYH-YQE-07:00:00,SYN_104331,22,07:04:52,07:05:07,0
3g4cs6y1Zst9EwOYH-YQE-07:00:00,SYN_104332,23,07:05:03,07:05:18,0
3g4cs6y1Zst9EwOYH-YQE-07:00:00,SYN_104333,24,07:05:13,07:05:28,0
3g4cs6y1Zst9EwOYH-YQE-07:00:00,SYN_104334,25,07:05:23,07:05:38,0
3g4cs6y1Zst9EwOYH-YQE-07:00:00,SYN_104335,26,07:05:34,07:05:49,0
3g4cs6y1Zst9EwOYH-YQE-07:00:00,SYN_104336,27,07:05:44,07:05:59,0
3g4cs6y1Zst9EwOYH-YQE-07:00:00,SYN_104337,28,07:05:54,07:06:09,0
3g4cs6y1Zst9EwOYH-YQE-07:00:00,SYN_104338,29,07:06:05,07:06:20,0
3g4cs6y1Zst9EwOYH-YQE-07:00:00,SYN_104339,30,07:06:15,07:06:30,0
3g4cs6y1Zst9EwOYH-YQE-07:00:00,SYN_104340,31,07:06:25,07:06:40,0
3g4cs6y1Zst9EwOYH-YQE-07:00:00,SYN_104341,32,07:06:36,07:06:51,0
3g4cs6y1Zst9EwOYH-YQE-07:00:00,SYN_104342,33,07:06:46,07:07:01,0
3g4cs6y1Zst9EwOYH-YQE-07:00:00,SYN_104343,34,07:06:56,07:07:11,0
3g4cs6y1Zst9EwOYH-YQE-07:00:00,SYN_104344,35,07:07:07,07:07:22,0
3g4cs6y1Zst9EwOYH-YQE-07:00:00,SYN_104345,36,07:07:17,07:07:32,0
3g4cs6y1Zst9EwOYH-YQE-07:00:00,SYN_104346,37,07:07:27,07:07:42,0
3g4cs6y1Zst9EwOYH-YQE-07:00:00,SYN_104347,38,07:07:38,07:07:53,0
3g4cs6y1Zst9EwOYH-YQE-07:00:00,SYN_104348,39,07:07:48,07:08:03,0
3g4cs6y1Zst9EwOYH-YQE-07:00:00,SYN_104349,40,07:07:58,07:08:13,0
3g4cs6y1Zst9EwOYH-YQE-07:00:00,SYN_104350,41,07:08:09,07:08:24,0
3g4cs6y1Zst9EwOYH-YQE-07:00:00,SYN_104351,42,07:08:19,07:08:34,0
3g4cs6y1Zst9EwOYH-YQE-07:00:00,SYN_104352,43,07:08:29,07:08:44,0
3g4cs6y1Zst9EwOYH-YQE-07:00:00,SYN_104353,44,07:08:40,07:08:55,0
3g4cs6y1Zst9EwOYH-YQE-07:00:00,SYN_104354,45,07:08:50,07:09:05,0
3g4cs6y1Zst9EwOYH-YQE-07:00:00,SYN_104355,46,07:09:01,07:09:16,0
3g4cs6y1Zst9EwOYH-YQE-07:00:00,SYN_104356,47,07:09:11,07:09:26,0
3g4cs6y1Zst9EwOYH-YQE-07:00:00,SYN_104357,48,07:09:21,07:09:36,0
3g4cs6y1Zst9EwOYH-YQE-07:00:00,SYN_104358,49,07:09:32,07:09:47,0
3g4cs6y1Zst9EwOYH-YQE-07:00:00,SYN_104359,50,07:09:42,07:09:57,0
3g4cs6y1Zst9EwOYH-YQE-07:00:00,SYN_104360,51,07:09:52,07:10:07,0
3g4cs6y1Zst9EwOYH-YQE-07:00:00,SYN_104361,52,07:10:03,07:10:18,0
3g4cs6y1Zst9EwOYH-YQE-07:00:00,SYN_104362,53,07:10:13,07:10:28,0
3g4cs6y1Zst9EwOYH-YQE-07:00:00,SYN_104363,54,07:10:23,07:10:38,0
3g4cs6y1Zst9EwOYH-YQE-07:00:00,SYN_104364,55,07:10:34,07:10:49,0
3g4cs6y1Zst9EwOYH-YQE-07:00:00,SYN_104365,56,07:10:44,07:10:59,0
3g4cs6y1Zst9EwOYH-YQE-07:00:00,SYN_104366,57,07:10:54,07:11:09,0
3g4cs6y1Zst9EwOYH-YQE-07:00:00,SYN_104367,58,07:11:05,07:11:20,0
3g4cs6y1Zst9EwOYH-YQE-07:00:00,SYN_104368,59,07:11:15,07:11:30,0
3g4cs6y1Zst9EwOYH-YQE-07:00:00,SYN_104369,60,07:11:25,07:11:40,0
3g4cs6y1Zst9EwOYH-YQE-07:00:00,SYN_104370,61,07:11:36,07:11:51,0
3g4cs6y1Zst9EwOYH-YQE-07:00:00,SYN_104371,62,07:11:46,07:12:01,0
3g4cs6y1Zst9EwOYH-YQE-07:00:00,SYN_104372,63,07:11:56,07:12:11,0
3g4cs6y1Zst9EwOYH-YQE-07:00:00,SYN_104373,64,07:12:07,07:12:22,0
3g4cs6y1Zst9EwOYH-YQE-07:00:00,SYN_104374,65,07:12:17,07:12:32,0
3g4cs6y1Zst9EwOYH-YQE-07:00:00,SYN_104375,66,07:12:28,07:12:43,0
3g4cs6y1Zst9EwOYH-YQE-07:00:00,SYN_104376,67,07:12:38,07:12:53,0
3g4cs6y1Zst9EwOYH-YQE-07:00:00,SYN_104377,68,07:12:48,07:13:03,0
3g4cs6y1Zst9EwOYH-YQE-07:00:00,SYN_104378,69,07:12:59,07:13:14,0
3g4cs6y1Zst9EwOYH-YQE-07:00:00,SYN_104379,70,07:13:09,07:13:24,0
3g4cs6y1Zst9EwOYH-YQE-07:00:00,SYN_104380,71,07:13:19,07:13:34,0
3g4cs6y1Zst9EwOYH-YQE-07:00:00,SYN_104381,72,07:13:30,07:13:45,0
3g4cs6y1Zst9EwOYH-YQE-07:00:00,SYN_104382,73,07:13:40,07:13:55,0
3g4cs6y1Zst9EwOYH-YQE-07:00:00,SYN_104383,74,07:13:50,07:14:05,0
3g4cs6y1Zst9EwOYH-YQE-07:00:00,SYN_104384,75,07:14:01,07:14:16,0
3g4cs6y1Zst9EwOYH-YQE-07:00:00,SYN_104385,76,07:14:11,07:14:26,0
3g4cs6y1Zst9EwOYH-YQE-07:00:00,SYN_104386,77,07:14:21,07:14:36,0
3g4cs6y1Zst9EwOYH-YQE-07:00:00,SYN_104387,78,07:14:32,07:14:47,0
3g4cs6y1Zst9EwOYH-YQE-07:00:00,SYN_104388,79,07:14:42,07:14:57,0
3g4cs6y1Zst9EwOYH-YQE-07:00:00,SYN_104389,80,07:14:52,07:15:07,0
3g4cs6y1Zst9EwOYH-YQE-07:00:00,SYN_104390,81,07:15:03,07:15:18,0
3g4cs6y1Zst9EwOYH-YQE-07:00:00,SYN_104391,82,07:15:13,07:15:28,0
3g4cs6y1Zst9EwOYH-YQE-07:00:00,SYN_104392,83,07:15:23,07:15:38,0
3g4cs6y1Zst9EwOYH-YQE-07:00:00,SYN_104393,84,07:15:34,07:15:49,0
3g4cs6y1Zst9EwOYH-YQE-07:00:00,SYN_104394,85,07:15:44,07:15:59,0
3g4cs6y1Zst9EwOYH-YQE-07:00:00,SYN_104395,86,07:15:54,07:16:09,0
3g4cs6y1Zst9EwOYH-YQE-07:00:00,SYN_104396,87,07:16:05,07:16:20,0
3g4cs6y1Zst9EwOYH-YQE-07:00:00,SYN_104397,88,07:16:15,07:16:30,0
3g4cs6y1Zst9EwOYH-YQE-07:00:00,SYN_104398,89,07:16:26,07:16:41,0
3g4cs6y1Zst9EwOYH-YQE-07:00:00,SYN_104399,90,07:16:36,07:16:51,0
3g4cs6y1Zst9EwOYH-YQE-07:00:00,SYN_104400,91,07:16:46,07:17:01,0
3g4cs6y1Zst9EwOYH-YQE-07:00:00,SYN_104401,92,07:16:57,07:17:12,0
3g4cs6y1Zst9EwOYH-YQE-07:00:00,SYN_104402,93,07:17:07,07:17:22,0
3g4cs6y1Zst9EwOYH-YQE-07:00:00,SYN_104403,94,07:17:17,07:17:32,0
3g4cs6y1Zst9EwOYH-YQE-07:00:00,SYN_104404,95,07:17:28,07:17:43,0
3g4cs6y1Zst9EwOYH-YQE-07:00:00,SYN_104405,96,07:17:38,07:17:53,0
3g4cs6y1Zst9EwOYH-YQE-07:00:00,SYN_104406,97,07:17:48,07:18:03,0
3g4cs6y1Zst9EwOYH-YQE-07:00:00,SYN_104407,98,07:17:59,07:18:14,0
3g4cs6y1Zst9EwOYH-YQE-07:00:00,SYN_104408,99,07:18:09,07:18:24,0
3g4cs6y1Zst9EwOYH-YQE-07:00:00,SYN_104409,100,07:18:19,07:18:34,0
3g4cs6y1Zst9EwOYH-YQE-07:00:00,SYN_104410,101,07:18:30,07:18:45,0
3g4cs6y1Zst9EwOYH-YQE-07:00:00,SYN_104411,102,07:18:40,07:18:55,0
3g4cs6y1Zst9EwOYH-YQE-07:00:00,SYN_104412,103,07:18:50,07:19:05,0
3g4cs6y1Zst9EwOYH-YQE-07:00:00,SYN_104413,104,07:19:01,07:19:16,0
3g4cs6y1Zst9EwOYH-YQE-07:00:00,SYN_104414,105,07:19:11,07:19:26,0
3g4cs6y1Zst9EwOYH-YQE-07:00:00,SYN_104415,106,07:19:21,07:19:36,0
3g4cs6y1Zst9EwOYH-YQE-07:00:00,SYN_104416,107,07:19:32,07:19:47,0
3g4cs6y1Zst9EwOYH-YQE-07:00:00,SYN_104417,108,07:19:42,07:19:57,0
3g4cs6y1Zst9EwOYH-YQE-07:00:00,SYN_104418,109,07:19:53,07:20:08,0
3g4cs6y1Zst9EwOYH-YQE-07:00:00,SYN_104419,110,07:20:03,07:20:18,0
3g4cs6y1Zst9EwOYH-YQE-07:00:00,SYN_104420,111,07:20:13,07:20:28,0
3g4cs6y1Zst9EwOYH-YQE-07:00:00,SYN_104421,112,07:20:24,07:20:39,0
3g4cs6y1Zst9EwOYH-YQE-07:00:00,SYN_104422,113,07:20:34,07:20:49,0
3g4cs6y1Zst9EwOYH-YQE-07:00:00,SYN_104423,114,07:20:44,07:20:59,0
3g4cs6y1Zst9EwOYH-YQE-07:00:00,SYN_104424,115,07:20:55,07:21:10,0
3g4cs6y1Zst9EwOYH-YQE-07:00:00,SYN_104425,116,07:21:05,07:21:20,0
3g4cs6y1Zst9EwOYH-YQE-07:00:00,SYN_104426,117,07:21:15,07:21:30,0
3g4cs6y1Zst9EwOYH-YQE-07:00:00,SYN_104427,118,07:21:26,07:21:41,0
3g4cs6y1Zst9EwOYH-YQE-07:00:00,SYN_104428,119,07:21:36,07:21:51,0
3g4cs6y1Zst9EwOYH-YQE-07:00:00,SYN_104429,120,07:21:46,07:22:01,0
3g4cs6y1Zst9EwOYH-YQE-07:00:00,SYN_104430,121,07:21:57,07:22:12,0
3g4cs6y1Zst9EwOYH-YQE-07:00:00,SYN_104431,122,07:22:07,07:22:22,0
3g4cs6y1Zst9EwOYH-YQE-07:00:00,SYN_104432,123,07:22:17,07:22:32,0
3g4cs6y1Zst9EwOYH-YQE-07:00:00,SYN_104433,124,07:22:28,07:22:43,0
3g4cs6y1Zst9EwOYH-YQE-07:00:00,SYN_104434,125,07:22:38,07:22:53,0
3g4cs6y1Zst9EwOYH-YQE-07:00:00,SYN_104435,126,07:22:48,07:23:03,0
3g4cs6y1Zst9EwOYH-YQE-07:00:00,SYN_104436,127,07:22:59,07:23:14,0
3g4cs6y1Zst9EwOYH-YQE-07:00:00,SYN_104437,128,07:23:09,07:23:24,0
3g4cs6y1Zst9EwOYH-YQE-07:00:00,SYN_104438,129,07:23:19,07:23:34,0
3g4cs6y1Zst9EwOYH-YQE-07:00:00,SYN_104439,130,07:23:30,07:23:45,0
3g4cs6y1Zst9EwOYH-YQE-07:00:00,SYN_104440,131,07:23:40,07:23:55,0
3g4cs6y1Zst9EwOYH-YQE-07:00:00,SYN_104441,132,07:23:51,07:24:06,0
3g4cs6y1Zst9EwOYH-YQE-07:00:00,SYN_104442,133,07:24:01,07:24:16,0
3g4cs6y1Zst9EwOYH-YQE-07:00:00,SYN_104443,134,07:24:11,07:24:26,0
3g4cs6y1Zst9EwOYH-YQE-07:00:00,SYN_104444,135,07:24:22,07:24:37,0
3g4cs6y1Zst9EwOYH-YQE-07:00:00,SYN_104445,136,07:24:32,07:24:47,0
3g4cs6y1Zst9EwOYH-YQE-07:00:00,SYN_104446,137,07:24:42,07:24:57,0
3g4cs6y1Zst9EwOYH-YQE-07:00:00,SYN_104447,138,07:24:53,07:25:08,0
3g4cs6y1Zst9EwOYH-YQE-07:00:00,SYN_104448,139,07:25:03,07:25:18,0
3g4cs6y1Zst9EwOYH-YQE-07:00:00,SYN_104449,140,07:25:13,07:25:28,0
3g4cs6y1Zst9EwOYH-YQE-07:00:00,SYN_104450,141,07:25:24,07:25:39,0
3g4cs6y1Zst9EwOYH-YQE-07:00:00,SYN_104451,142,07:25:34,07:25:49,0
3g4cs6y1Zst9EwOYH-YQE-07:00:00,SYN_104452,143,07:25:44,07:25:59,0
3g4cs6y1Zst9EwOYH-YQE-07:00:00,SYN_104453,144,07:26:13,07:26:28,0
3g4cs6y1Zst9EwOYH-YQE-07:00:00,SYN_104454,145,07:26:42,07:26:57,0
3g4cs6y1Zst9EwOYH-YQE-07:00:00,SYN_104455,146,07:26:50,07:27:05,0
3g4cs6y1Zst9EwOYH-YQE-07:00:00,SYN_104456,147,07:26:58,07:27:13,0
3g4cs6y1Zst9EwOYH-YQE-07:00:00,SYN_104457,148,07:27:06,07:27:21,0
3g4cs6y1Zst9EwOYH-YQE-07:00:00,SYN_104458,149,07:27:15,07:27:30,0
3g4cs6y1Zst9EwOYH-YQE-07:00:00,SYN_104459,150,07:27:23,07:27:38,0
3g4cs6y1Zst9EwOYH-YQE-07:00:00,SYN_104460,151,07:27:31,07:27:46,0
3g4cs6y1Zst9EwOYH-YQE-07:00:00,SYN_104461,152,07:27:39,07:27:54,0
3g4cs6y1Zst9EwOYH-YQE-07:00:00,SYN_104462,153,07:27:47,07:28:02,0
3g4cs6y1Zst9EwOYH-YQE-07:00:00,SYN_104463,154,07:27:56,07:28:11,0
3g4cs6y1Zst9EwOYH-YQE-07:00:00,SYN_104464,155,07:28:04,07:28:19,0
3g4cs6y1Zst9EwOYH-YQE-07:00:00,SYN_104465,156,07:28:12,07:28:27,0
3g4cs6y1Zst9EwOYH-YQE-07:00:00,SYN_104466,157,07:28:20,07:28:35,0
3g4cs6y1Zst9EwOYH-YQE-07:00:00,SYN_104467,158,07:28:28,07:28:43,0
3g4cs6y1Zst9EwOYH-YQE-07:00:00,SYN_104468,159,07:28:37,07:28:52,0
3g4cs6y1Zst9EwOYH-YQE-07:00:00,SYN_104469,160,07:28:45,07:29:00,0
3g4cs6y1Zst9EwOYH-YQE-07:00:00,SYN_104470,161,07:28:53,07:29:08,0
3g4cs6y1Zst9EwOYH-YQE-07:00:00,SYN_104471,162,07:29:01,07:29:16,0
3g4cs6y1Zst9EwOYH-YQE-07:00:00,SYN_104472,163,07:29:09,07:29:24,0
3g4cs6y1Zst9EwOYH-YQE-07:00:00,SYN_104473,164,07:29:18,07:29:33,0
3g4cs6y1Zst9EwOYH-YQE-07:00:00,SYN_104474,165,07:29:26,07:29:41,0
3g4cs6y1Zst9EwOYH-YQE-07:00:00,SYN_104475,166,07:29:34,07:29:49,0
3g4cs6y1Zst9EwOYH-YQE-07:00:00,SYN_104476,167,07:29:42,07:29:57,0
3g4cs6y1Zst9EwOYH-YQE-07:00:00,SYN_104477,168,07:29:50,07:30:05,0
3g4cs6y1Zst9EwOYH-YQE-07:00:00,SYN_104478,169,07:29:59,07:30:14,0
3g4cs6y1Zst9EwOYH-YQE-07:00:00,SYN_104479,170,07:30:08,07:30:23,0
3g4cs6y1Zst9EwOYH-YQE-07:00:00,SYN_104480,171,07:30:17,07:30:32,0
3g4cs6y1Zst9EwOYH-YQE-07:00:00,SYN_104481,172,07:30:27,07:30:42,0
3g4cs6y1Zst9EwOYH-YQE-07:00:00,SYN_104482,173,07:30:36,07:30:51,0
3g4cs6y1Zst9EwOYH-YQE-07:00:00,SYN_104483,174,07:30:46,07:31:01,0
3g4cs6y1Zst9EwOYH-YQE-07:00:00,SYN_104484,175,07:30:55,07:31:10,0
3g4cs6y1Zst9EwOYH-YQE-07:00:00,SYN_104485,176,07:31:05,07:31:20,0
3g4cs6y1Zst9EwOYH-YQE-07:00:00,SYN_104486,177,07:31:14,07:31:29,0
3g4cs6y1Zst9EwOYH-YQE-07:00:00,SYN_104487,178,07:31:24,07:31:39,0
3g4cs6y1Zst9EwOYH-YQE-07:00:00,SYN_104488,179,07:31:33,07:31:48,0
3g4cs6y1Zst9EwOYH-YQE-07:00:00,SYN_104489,180,07:31:43,07:31:58,0
3g4cs6y1Zst9EwOYH-YQE-07:00:00,SYN_104490,181,07:31:53,07:32:08,0
3g4cs6y1Zst9EwOYH-YQE-07:00:00,SYN_104491,182,07:32:02,07:32:17,0
3g4cs6y1Zst9EwOYH-YQE-07:00:00,SYN_104492,183,07:32:12,07:32:27,0
3g4cs6y1Zst9EwOYH-YQE-07:00:00,SYN_104493,184,07:32:21,07:32:36,0
3g4cs6y1Zst9EwOYH-YQE-07:00:00,SYN_104494,185,07:32:31,07:32:46,0
3g4cs6y1Zst9EwOYH-YQE-07:00:00,SYN_104495,186,07:32:42,07:32:57,0
3g4cs6y1Zst9EwOYH-YQE-07:00:00,SYN_104496,187,07:32:54,07:33:09,0
3g4cs6y1Zst9EwOYH-YQE-07:00:00,SYN_104497,188,07:33:05,07:33:20,0
3g4cs6y1Zst9EwOYH-YQE-07:00:00,SYN_104498,189,07:33:16,07:33:31,0
3g4cs6y1Zst9EwOYH-YQE-07:00:00,SYN_104499,190,07:33:27,07:33:42,0
3g4cs6y1Zst9EwOYH-YQE-07:00:00,SYN_104500,191,07:33:39,07:33:54,0
3g4cs6y1Zst9EwOYH-YQE-07:00:00,SYN_104501,192,07:33:50,07:34:05,0
3g4cs6y1Zst9EwOYH-YQE-07:00:00,SYN_104502,193,07:34:01,07:34:16,0
3g4cs6y1Zst9EwOYH-YQE-07:00:00,SYN_104503,194,07:34:20,07:34:35,0
3g4cs6y1Zst9EwOYH-YQE-07:00:00,SYN_104504,195,07:34:40,07:34:55,0
3g4cs6y1Zst9EwOYH-YQE-07:00:00,SYN_104505,196,07:35:01,07:35:16,0
3g4cs6y1Zst9EwOYH-YQE-07:00:00,SYN_104506,197,07:35:21,07:35:36,0
3g4cs6y1Zst9EwOYH-YQE-07:00:00,SYN_104507,198,07:35:41,07:35:56,0
3g4cs6y1Zst9EwOYH-YQE-07:00:00,SYN_104508,199,07:36:01,07:36:16,0
3g4cs6y1Zst9EwOYH-YQE-07:00:00,SYN_104509,200,07:36:22,07:36:37,0
3g4cs6y1Zst9EwOYH-YQE-07:00:00,SYN_104510,201,07:36:42,07:36:57,0
3g4cs6y1Zst9EwOYH-YQE-07:00:00,SYN_104511,202,07:37:02,07:37:17,0
3g4cs6y1Zst9EwOYH-YQE-07:00:00,SYN_104512,203,07:37:22,07:37:37,0
3g4cs6y1Zst9EwOYH-YQE-07:00:00,SYN_104513,204,07:37:43,07:37:58,0
3g4cs6y1Zst9EwOYH-YQE-07:00:00,SYN_104514,205,07:38:03,07:38:18,0
3g4cs6y1Zst9EwOYH-YQE-07:00:00,SYN_104515,206,07:38:23,07:38:38,0
3g4cs6y1Zst9EwOYH-YQE-07:00:00,SYN_104516,207,07:38:43,07:38:58,0
3g4cs6y1Zst9EwOYH-YQE-07:00:00,SYN_104517,208,07:39:04,07:39:19,0
3g4cs6y1Zst9EwOYH-YQE-07:00:00,SYN_104518,209,07:39:24,07:39:39,0
3g4cs6y1Zst9EwOYH-YQE-07:00:00,SYN_104519,210,07:39:44,07:39:59,0
3g4cs6y1Zst9EwOYH-YQE-07:00:00,SYN_104520,211,07:40:04,07:40:19,0
3g4cs6y1Zst9EwOYH-YQE-07:00:00,SYN_104521,212,07:40:25,07:40:40,0
3g4cs6y1Zst9EwOYH-YQE-07:00:00,SYN_104522,213,07:40:45,07:41:00,0
3g4cs6y1Zst9EwOYH-YQE-07:00:00,SYN_104523,214,07:41:05,07:41:20,0
3g4cs6y1Zst9EwOYH-YQE-07:00:00,SYN_104524,215,07:41:25,07:41:40,0
3g4cs6y1Zst9EwOYH-YQE-07:00:00,SYN_104525,216,07:41:46,07:42:01,0
3g4cs6y1Zst9EwOYH-YQE-07:00:00,SYN_104526,217,07:42:06,07:42:21,0
3g4cs6y1Zst9EwOYH-YQE-07:00:00,SYN_104527,218,07:42:26,07:42:41,0
3g4cs6y1Zst9EwOYH-YQE-07:00:00,SYN_104528,219,07:42:46,07:43:01,0
3g4cs6y1Zst9EwOYH-YQE-07:00:00,SYN_104529,220,07:43:07,07:43:22,0
3g4cs6y1Zst9EwOYH-YQE-07:00:00,SYN_104530,221,07:43:27,07:43:42,0
3g4cs6y1Zst9EwOYH-YQE-07:00:00,SYN_104531,222,07:43:47,07:44:02,0
3g4cs6y1Zst9EwOYH-YQE-07:00:00,SYN_104532,223,07:44:06,07:44:21,0
3g4cs6y1Zst9EwOYH-YQE-07:00:00,SYN_104533,224,07:44:26,07:44:41,0
3g4cs6y1Zst9EwOYH-YQE-07:00:00,SYN_104534,225,07:44:46,07:45:01,0
3g4cs6y1Zst9EwOYH-YQE-07:00:00,SYN_104535,226,07:45:06,07:45:21,0
3g4cs6y1Zst9EwOYH-YQE-07:00:00,SYN_104536,227,07:45:26,07:45:41,0
3g4cs6y1Zst9EwOYH-YQE-07:00:00,SYN_104537,228,07:45:46,07:46:01,0
3g4cs6y1Zst9EwOYH-YQE-07:00:00,SYN_104538,229,07:46:06,07:46:21,0
3g4cs6y1Zst9EwOYH-YQE-07:00:00,SYN_104539,230,07:46:25,07:46:40,0
3g4cs6y1Zst9EwOYH-YQE-07:00:00,SYN_104540,231,07:46:45,07:47:00,0
3g4cs6y1Zst9EwOYH-YQE-07:00:00,SYN_104541,232,07:47:05,07:47:20,0
3g4cs6y1Zst9EwOYH-YQE-07:00:00,SYN_104542,233,07:47:25,07:47:40,0
3g4cs6y1Zst9EwOYH-YQE-07:00:00,SYN_104543,234,07:47:45,07:48:00,0
3g4cs6y1Zst9EwOYH-YQE-07:00:00,SYN_104544,235,07:48:05,07:48:20,0
3g4cs6y1Zst9EwOYH-YQE-07:00:00,SYN_104545,236,07:48:25,07:48:40,0
3g4cs6y1Zst9EwOYH-YQE-07:00:00,SYN_104546,237,07:48:44,07:48:59,0
3g4cs6y1Zst9EwOYH-YQE-07:00:00,SYN_104547,238,07:49:04,07:49:19,0
3g4cs6y1Zst9EwOYH-YQE-07:00:00,SYN_104548,239,07:49:24,07:49:39,0
3g4cs6y1Zst9EwOYH-YQE-07:00:00,SYN_104549,240,07:49:44,07:49:59,0
3g4cs6y1Zst9EwOYH-YQE-07:00:00,SYN_104550,241,07:50:04,07:50:19,0
3g4cs6y1Zst9EwOYH-YQE-07:00:00,SYN_104551,242,07:50:24,07:50:39,0
3g4cs6y1Zst9EwOYH-YQE-07:00:00,SYN_104552,243,07:50:42,07:50:57,0
3g4cs6y1Zst9EwOYH-YQE-07:00:00,SYN_104553,244,07:50:57,07:51:12,0
3g4cs6y1Zst9EwOYH-YQE-07:00:00,SYN_104554,245,07:51:12,07:51:27,0
3g4cs6y1Zst9EwOYH-YQE-07:00:00,SYN_104555,246,07:51:27,07:51:42,0
3g4cs6y1Zst9EwOYH-YQE-07:00:00,SYN_104556,247,07:51:42,07:51:57,0
3g4cs6y1Zst9EwOYH-YQE-07:00:00,SYN_104557,248,07:51:57,07:52:12,0
3g4cs6y1Zst9EwOYH-YQE-07:00:00,SYN_104558,249,07:52:12,07:52:27,0
3g4cs6y1Zst9EwOYH-YQE-07:00:00,SYN_104559,250,07:52:27,07:52:42,0
3g4cs6y1Zst9EwOYH-YQE-07:00:00,SYN_104560,251,07:52:42,07:52:57,0
3g4cs6y1Zst9EwOYH-YQE-07:00:00,SYN_104561,252,07:52:57,07:53:12,0
3g4cs6y1Zst9EwOYH-YQE-07:00:00,SYN_104562,253,07:53:11,07:53:26,0
3g4cs6y1Zst9EwOYH-YQE-07:00:00,SYN_104563,254,07:53:27,07:53:42,0
3g4cs6y1Zst9EwOYH-YQE-07:00:00,SYN_104564,255,07:53:48,07:54:03,0
3g4cs6y1Zst9EwOYH-YQE-07:00:00,SYN_104565,256,07:54:10,07:54:25,0
3g4cs6y1Zst9EwOYH-YQE-07:00:00,SYN_104566,257,07:54:31,07:54:46,0
3g4cs6y1Zst9EwOYH-YQE-07:00:00,SYN_104567,258,07:54:52,07:55:07,0
3g4cs6y1Zst9EwOYH-YQE-07:00:00,SYN_104568,259,07:55:13,07:55:28,0
3g4cs6y1Zst9EwOYH-YQE-07:00:00,SYN_104569,260,07:55:35,07:55:50,0
3g4cs6y1Zst9EwOYH-YQE-07:00:00,SYN_104570,261,07:55:56,07:56:11,0
3g4cs6y1Zst9EwOYH-YQE-07:00:00,SYN_104571,262,07:56:17,07:56:32,0
3g4cs6y1Zst9EwOYH-YQE-07:00:00,SYN_104572,263,07:56:39,07:56:54,0
3g4cs6y1Zst9EwOYH-YQE-07:00:00,SYN_104573,264,07:57:00,07:57:15,0
3g4cs6y1Zst9EwOYH-YQE-07:00:00,SYN_104574,265,07:57:21,07:57:36,0
3g4cs6y1Zst9EwOYH-YQE-07:00:00,SYN_104575,266,07:57:42,07:57:57,0
3g4cs6y1Zst9EwOYH-YQE-07:00:00,SYN_104576,267,07:58:04,07:58:19,0
kGJ35g79BU1ao8aW7duYA-07:00:00,SYN_104277,0,08:41:15,08:41:30,0
kGJ35g79BU1ao8aW7duYA-07:00:00,SYN_104278,1,08:40:55,08:41:10,0
kGJ35g79BU1ao8aW7duYA-07:00:00,SYN_104279,2,08:40:35,08:40:50,0
kGJ35g79BU1ao8aW7duYA-07:00:00,SYN_104280,3,08:40:15,08:40:30,0
kGJ35g79BU1ao8aW7duYA-07:00:00,SYN_104281,4,08:39:54,08:40:09,0
kGJ35g79BU1ao8aW7duYA-07:00:00,SYN_104282,5,08:39:34,08:39:49,0
kGJ35g79BU1ao8aW7duYA-07:00:00,SYN_104283,6,08:39:14,08:39:29,0
kGJ35g79BU1ao8aW7duYA-07:00:00,SYN_104284,7,08:38:54,08:39:09,0
kGJ35g79BU1ao8aW7duYA-07:00:00,SYN_104285,8,08:38:33,08:38:48,0
kGJ35g79BU1ao8aW7duYA-07:00:00,SYN_104286,9,08:38:13,08:38:28,0
kGJ35g79BU1ao8aW7duYA-07:00:00,SYN_104287,10,08:37:53,08:38:08,0
kGJ35g79BU1ao8aW7duYA-07:00:00,SYN_104288,11,08:37:33,08:37:48,0
kGJ35g79BU1ao8aW7duYA-07:00:00,SYN_104289,12,08:37:12,08:37:27,0
kGJ35g79BU1ao8aW7duYA-07:00:00,SYN_104290,13,08:36:52,08:37:07,0
kGJ35g79BU1ao8aW7duYA-07:00:00,SYN_104291,14,08:36:32,08:36:47,0
kGJ35g79BU1ao8aW7duYA-07:00:00,SYN_104292,15,08:36:12,08:36:27,0
kGJ35g79BU1ao8aW7duYA-07:00:00,SYN_104293,16,08:35:51,08:36:06,0
kGJ35g79BU1ao8aW7duYA-07:00:00,SYN_104294,17,08:35:31,08:35:46,0
kGJ35g79BU1ao8aW7duYA-07:00:00,SYN_104295,18,08:35:11,08:35:26,0
kGJ35g79BU1ao8aW7duYA-07:00:00,SYN_104296,19,08:34:51,08:35:06,0
kGJ35g79BU1ao8aW7duYA-07:00:00,SYN_104297,20,08:34:30,08:34:45,0
kGJ35g79BU1ao8aW7duYA-07:00:00,SYN_104298,21,08:34:10,08:34:25,0
kGJ35g79BU1ao8aW7duYA-07:00:00,SYN_104299,22,08:33:50,08:34:05,0
kGJ35g79BU1ao8aW7duYA-07:00:00,SYN_104300,23,08:33:30,08:33:45,0
kGJ35g79BU1ao8aW7duYA-07:00:00,SYN_104301,24,08:33:09,08:33:24,0
kGJ35g79BU1ao8aW7duYA-07:00:00,SYN_104302,25,08:32:49,08:33:04,0
kGJ35g79BU1ao8aW7duYA-07:00:00,SYN_104303,26,08:32:29,08:32:44,0
kGJ35g79BU1ao8aW7duYA-07:00:00,SYN_104304,27,08:32:09,08:32:24,0
kGJ35g79BU1ao8aW7duYA-07:00:00,SYN_104305,28,08:31:49,08:32:04,0
kGJ35g79BU1ao8aW7duYA-07:00:00,SYN_104306,29,08:31:28,08:31:43,0
kGJ35g79BU1ao8aW7duYA-07:00:00,SYN_104307,30,08:31:08,08:31:23,0
kGJ35g79BU1ao8aW7duYA-07:00:00,SYN_104308,31,08:30:48,08:31:03,0
kGJ35g79BU1ao8aW7duYA-07:00:00,SYN_104309,32,08:30:28,08:30:43,0
kGJ35g79BU1ao8aW7duYA-07:00:00,SYN_104310,33,08:30:07,08:30:22,0
kGJ35g79BU1ao8aW7duYA-07:00:00,SYN_104311,34,08:29:47,08:30:02,0
kGJ35g79BU1ao8aW7duYA-07:00:00,SYN_104312,35,08:29:27,08:29:42,0
kGJ35g79BU1ao8aW7duYA-07:00:00,SYN_104313,36,08:29:07,08:29:22,0
kGJ35g79BU1ao8aW7duYA-07:00:00,SYN_104314,37,08:28:46,08:29:01,0
kGJ35g79BU1ao8aW7duYA-07:00:00,SYN_104315,38,08:28:26,08:28:41,0
kGJ35g79BU1ao8aW7duYA-07:00:00,SYN_104316,39,08:28:06,08:28:21,0
kGJ35g79BU1ao8aW7duYA-07:00:00,SYN_104317,40,08:27:46,08:28:01,0
kGJ35g79BU1ao8aW7duYA-07:00:00,SYN_104318,41,08:27:25,08:27:40,0
kGJ35g79BU1ao8aW7duYA-07:00:00,SYN_104319,42,08:27:05,08:27:20,0
kGJ35g79BU1ao8aW7duYA-07:00:00,SYN_104320,43,08:26:45,08:27:00,0
kGJ35g79BU1ao8aW7duYA-07:00:00,SYN_104321,44,08:26:25,08:26:40,0
kGJ35g79BU1ao8aW7duYA-07:00:00,SYN_104322,45,08:26:04,08:26:19,0
kGJ35g79BU1ao8aW7duYA-07:00:00,SYN_104323,46,08:25:44,08:25:59,0
kGJ35g79BU1ao8aW7duYA-07:00:00,SYN_104324,47,08:25:24,08:25:39,0
kGJ35g79BU1ao8aW7duYA-07:00:00,SYN_104325,48,08:25:04,08:25:19,0
kGJ35g79BU1ao8aW7duYA-07:00:00,SYN_104326,49,08:24:43,08:24:58,0
kGJ35g79BU1ao8aW7duYA-07:00:00,SYN_104327,50,08:24:23,08:24:38,0
kGJ35g79BU1ao8aW7duYA-07:00:00,SYN_104328,51,08:24:03,08:24:18,0
kGJ35g79BU1ao8aW7duYA-07:00:00,SYN_104329,52,08:23:43,08:23:58,0
kGJ35g79BU1ao8aW7duYA-07:00:00,SYN_104330,53,08:23:22,08:23:37,0
kGJ35g79BU1ao8aW7duYA-07:00:00,SYN_104331,54,08:23:02,08:23:17,0
kGJ35g79BU1ao8aW7duYA-07:00:00,SYN_104332,55,08:22:42,08:22:57,0
kGJ35g79BU1ao8aW7duYA-07:00:00,SYN_104333,56,08:22:22,08:22:37,0
kGJ35g79BU1ao8aW7duYA-07:00:00,SYN_104334,57,08:22:02,08:22:17,0
kGJ35g79BU1ao8aW7duYA-07:00:00,SYN_104335,58,08:21:41,08:21:56,0
kGJ35g79BU1ao8aW7duYA-07:00:00,SYN_104336,59,08:21:21,08:21:36,0
kGJ35g79BU1ao8aW7duYA-07:00:00,SYN_104337,60,08:21:01,08:21:16,0
kGJ35g79BU1ao8aW7duYA-07:00:00,SYN_104338,61,08:20:41,08:20:56,0
kGJ35g79BU1ao8aW7duYA-07:00:00,SYN_104339,62,08:20:20,08:20:35,0
kGJ35g79BU1ao8aW7duYA-07:00:00,SYN_104340,63,08:20:00,08:20:15,0
kGJ35g79BU1ao8aW7duYA-07:00:00,SYN_104341,64,08:19:40,08:19:55,0
kGJ35g79BU1ao8aW7duYA-07:00:00,SYN_104342,65,08:19:20,08:19:35,0
kGJ35g79BU1ao8aW7duYA-07:00:00,SYN_104343,66,08:18:59,08:19:14,0
kGJ35g79BU1ao8aW7duYA-07:00:00,SYN_104344,67,08:18:39,08:18:54,0
kGJ35g79BU1ao8aW7duYA-07:00:00,SYN_104345,68,08:18:19,08:18:34,0
kGJ35g79BU1ao8aW7duYA-07:00:00,SYN_104346,69,08:17:59,08:18:14,0
kGJ35g79BU1ao8aW7duYA-07:00:00,SYN_104347,70,08:17:38,08:17:53,0
kGJ35g79BU1ao8aW7duYA-07:00:00,SYN_104348,71,08:17:18,08:17:33,0
kGJ35g79BU1ao8aW7duYA-07:00:00,SYN_104349,72,08:16:58,08:17:13,0
kGJ35g79BU1ao8aW7duYA-07:00:00,SYN_104350,73,08:16:38,08:16:53,0
kGJ35g79BU1ao8aW7duYA-07:00:00,SYN_104351,74,08:16:17,08:16:32,0
kGJ35g79BU1ao8aW7duYA-07:00:00,SYN_104352,75,08:15:57,08:16:12,0
kGJ35g79BU1ao8aW7duYA-07:00:00,SYN_104353,76,08:15:37,08:15:52,0
kGJ35g79BU1ao8aW7duYA-07:00:00,SYN_104354,77,08:15:17,08:15:32,0
kGJ35g79BU1ao8aW7duYA-07:00:00,SYN_104355,78,08:14:56,08:15:11,0
kGJ35g79BU1ao8aW7duYA-07:00:00,SYN_104356,79,08:14:36,08:14:51,0
kGJ35g79BU1ao8aW7duYA-07:00:00,SYN_104357,80,08:14:16,08:14:31,0
kGJ35g79BU1ao8aW7duYA-07:00:00,SYN_104358,81,08:13:56,08:14:11,0
kGJ35g79BU1ao8aW7duYA-07:00:00,SYN_104359,82,08:13:35,08:13:50,0
kGJ35g79BU1ao8aW7duYA-07:00:00,SYN_104360,83,08:13:15,08:13:30,0
kGJ35g79BU1ao8aW7duYA-07:00:00,SYN_104361,84,08:12:55,08:13:10,0
kGJ35g79BU1ao8aW7duYA-07:00:00,SYN_104362,85,08:12:35,08:12:50,0
kGJ35g79BU1ao8aW7duYA-07:00:00,SYN_104363,86,08:12:15,08:12:30,0
kGJ35g79BU1ao8aW7duYA-07:00:00,SYN_104364,87,08:11:54,08:12:09,0
kGJ35g79BU1ao8aW7duYA-07:00:00,SYN_104365,88,08:11:34,08:11:49,0
kGJ35g79BU1ao8aW7duYA-07:00:00,SYN_104366,89,08:11:14,08:11:29,0
kGJ35g79BU1ao8aW7duYA-07:00:00,SYN_104367,90,08:10:54,08:11:09,0
kGJ35g79BU1ao8aW7duYA-07:00:00,SYN_104368,91,08:10:33,08:10:48,0
kGJ35g79BU1ao8aW7duYA-07:00:00,SYN_104369,92,08:10:13,08:10:28,0
kGJ35g79BU1ao8aW7duYA-07:00:00,SYN_104370,93,08:09:53,08:10:08,0
kGJ35g79BU1ao8aW7duYA-07:00:00,SYN_104371,94,08:09:33,08:09:48,0
kGJ35g79BU1ao8aW7duYA-07:00:00,SYN_104372,95,08:09:12,08:09:27,0
kGJ35g79BU1ao8aW7duYA-07:00:00,SYN_104373,96,08:08:52,08:09:07,0
kGJ35g79BU1ao8aW7duYA-07:00:00,SYN_104374,97,08:08:32,08:08:47,0
kGJ35g79BU1ao8aW7duYA-07:00:00,SYN_104375,98,08:08:12,08:08:27,0
kGJ35g79BU1ao8aW7duYA-07:00:00,SYN_104376,99,08:07:51,08:08:06,0
kGJ35g79BU1ao8aW7duYA-07:00:00,SYN_104377,100,08:07:31,08:07:46,0
kGJ35g79BU1ao8aW7duYA-07:00:00,SYN_104378,101,08:07:11,08:07:26,0
kGJ35g79BU1ao8aW7duYA-07:00:00,SYN_104379,102,08:06:51,08:07:06,0
kGJ35g79BU1ao8aW7duYA-07:00:00,SYN_104380,103,08:06:30,08:06:45,0
kGJ35g79BU1ao8aW7duYA-07:00:00,SYN_104381,104,08:06:10,08:06:25,0
kGJ35g79BU1ao8aW7duYA-07:00:00,SYN_104382,105,08:05:50,08:06:05,0
kGJ35g79BU1ao8aW7duYA-07:00:00,SYN_104383,106,08:05:30,08:05:45,0
kGJ35g79BU1ao8aW7duYA-07:00:00,SYN_104384,107,08:05:09,08:05:24,0
kGJ35g79BU1ao8aW7duYA-07:00:00,SYN_104385,108,08:04:49,08:05:04,0
kGJ35g79BU1ao8aW7duYA-07:00:00,SYN_104386,109,08:04:29,08:04:44,0
kGJ35g79BU1ao8aW7duYA-07:00:00,SYN_104387,110,08:04:09,08:04:24,0
kGJ35g79BU1ao8aW7duYA-07:00:00,SYN_104388,111,08:03:48,08:04:03,0
kGJ35g79BU1ao8aW7duYA-07:00:00,SYN_104389,112,08:03:28,08:03:43,0
kGJ35g79BU1ao8aW7duYA-07:00:00,SYN_104390,113,08:03:08,08:03:23,0
kGJ35g79BU1ao8aW7duYA-07:00:00,SYN_104391,114,08:02:48,08:03:03,0
kGJ35g79BU1ao8aW7duYA-07:00:00,SYN_104392,115,08:02:28,08:02:43,0
kGJ35g79BU1ao8aW7duYA-07:00:00,SYN_104393,116,08:02:07,08:02:22,0
kGJ35g79BU1ao8aW7duYA-07:00:00,SYN_104394,117,08:01:47,08:02:02,0
kGJ35g79BU1ao8aW7duYA-07:00:00,SYN_104395,118,08:01:27,08:01:42,0
kGJ35g79BU1ao8aW7duYA-07:00:00,SYN_104396,119,08:01:07,08:01:22,0
kGJ35g79BU1ao8aW7duYA-07:00:00,SYN_104397,120,08:00:46,08:01:01,0
kGJ35g79BU1ao8aW7duYA-07:00:00,SYN_104398,121,08:00:26,08:00:41,0
kGJ35g79BU1ao8aW7duYA-07:00:00,SYN_104399,122,08:00:06,08:00:21,0
kGJ35g79BU1ao8aW7duYA-07:00:00,SYN_104400,123,07:59:46,08:00:01,0
kGJ35g79BU1ao8aW7duYA-07:00:00,SYN_104401,124,07:59:25,07:59:40,0
kGJ35g79BU1ao8aW7duYA-07:00:00,SYN_104402,125,07:59:05,07:59:20,0
kGJ35g79BU1ao8aW7duYA-07:00:00,SYN_104403,126,07:58:45,07:59:00,0
kGJ35g79BU1ao8aW7duYA-07:00:00,SYN_104404,127,07:58:25,07:58:40,0
kGJ35g79BU1ao8aW7duYA-07:00:00,SYN_104405,128,07:58:04,07:58:19,0
kGJ35g79BU1ao8aW7duYA-07:00:00,SYN_104406,129,07:57:44,07:57:59,0
kGJ35g79BU1ao8aW7duYA-07:00:00,SYN_104407,130,07:57:24,07:57:39,0
kGJ35g79BU1ao8aW7duYA-07:00:00,SYN_104408,131,07:57:04,07:57:19,0
kGJ35g79BU1ao8aW7duYA-07:00:00,SYN_104409,132,07:56:43,07:56:58,0
kGJ35g79BU1ao8aW7duYA-07:00:00,SYN_104410,133,07:56:23,07:56:38,0
kGJ35g79BU1ao8aW7duYA-07:00:00,SYN_104411,134,07:56:03,07:56:18,0
kGJ35g79BU1ao8aW7duYA-07:00:00,SYN_104412,135,07:55:43,07:55:58,0
kGJ35g79BU1ao8aW7duYA-07:00:00,SYN_104413,136,07:55:22,07:55:37,0
kGJ35g79BU1ao8aW7duYA-07:00:00,SYN_104414,137,07:55:02,07:55:17,0
kGJ35g79BU1ao8aW7duYA-07:00:00,SYN_104415,138,07:54:42,07:54:57,0
kGJ35g79BU1ao8aW7duYA-07:00:00,SYN_104416,139,07:54:22,07:54:37,0
kGJ35g79BU1ao8aW7duYA-07:00:00,SYN_104417,140,07:54:01,07:54:16,0
kGJ35g79BU1ao8aW7duYA-07:00:00,SYN_104418,141,07:53:41,07:53:56,0
kGJ35g79BU1ao8aW7duYA-07:00:00,SYN_104419,142,07:53:21,07:53:36,0
kGJ35g79BU1ao8aW7duYA-07:00:00,SYN_104420,143,07:53:01,07:53:16,0
kGJ35g79BU1ao8aW7duYA-07:00:00,SYN_104421,144,07:52:41,07:52:56,0
kGJ35g79BU1ao8aW7duYA-07:00:00,SYN_104422,145,07:52:20,07:52:35,0
kGJ35g79BU1ao8aW7duYA-07:00:00,SYN_104423,146,07:52:00,07:52:15,0
kGJ35g79BU1ao8aW7duYA-07:00:00,SYN_104424,147,07:51:40,07:51:55,0
kGJ35g79BU1ao8aW7duYA-07:00:00,SYN_104425,148,07:51:20,07:51:35,0
kGJ35g79BU1ao8aW7duYA-07:00:00,SYN_104426,149,07:50:59,07:51:14,0
kGJ35g79BU1ao8aW7duYA-07:00:00,SYN_104427,150,07:50:39,07:50:54,0
kGJ35g79BU1ao8aW7duYA-07:00:00,SYN_104428,151,07:50:19,07:50:34,0
kGJ35g79BU1ao8aW7duYA-07:00:00,SYN_104429,152,07:49:59,07:50:14,0
kGJ35g79BU1ao8aW7duYA-07:00:00,SYN_104430,153,07:49:38,07:49:53,0
kGJ35g79BU1ao8aW7duYA-07:00:00,SYN_104431,154,07:49:18,07:49:33,0
kGJ35g79BU1ao8aW7duYA-07:00:00,SYN_104432,155,07:48:58,07:49:13,0
kGJ35g79BU1ao8aW7duYA-07:00:00,SYN_104433,156,07:48:38,07:48:53,0
kGJ35g79BU1ao8aW7duYA-07:00:00,SYN_104434,157,07:48:17,07:48:32,0
kGJ35g79BU1ao8aW7duYA-07:00:00,SYN_104435,158,07:47:57,07:48:12,0
kGJ35g79BU1ao8aW7duYA-07:00:00,SYN_104436,159,07:47:37,07:47:52,0
kGJ35g79BU1ao8aW7duYA-07:00:00,SYN_104437,160,07:47:17,07:47:32,0
kGJ35g79BU1ao8aW7duYA-07:00:00,SYN_104438,161,07:46:56,07:47:11,0
kGJ35g79BU1ao8aW7duYA-07:00:00,SYN_104439,162,07:46:36,07:46:51,0
kGJ35g79BU1ao8aW7duYA-07:00:00,SYN_104440,163,07:46:16,07:46:31,0
kGJ35g79BU1ao8aW7duYA-07:00:00,SYN_104441,164,07:45:56,07:46:11,0
kGJ35g79BU1ao8aW7duYA-07:00:00,SYN_104442,165,07:45:35,07:45:50,0
kGJ35g79BU1ao8aW7duYA-07:00:00,SYN_104443,166,07:45:15,07:45:30,0
kGJ35g79BU1ao8aW7duYA-07:00:00,SYN_104444,167,07:44:55,07:45:10,0
kGJ35g79BU1ao8aW7duYA-07:00:00,SYN_104445,168,07:44:35,07:44:50,0
kGJ35g79BU1ao8aW7duYA-07:00:00,SYN_104446,169,07:44:15,07:44:30,0
kGJ35g79BU1ao8aW7duYA-07:00:00,SYN_104447,170,07:43:54,07:44:09,0
kGJ35g79BU1ao8aW7duYA-07:00:00,SYN_104448,171,07:43:34,07:43:49,0
kGJ35g79BU1ao8aW7duYA-07:00:00,SYN_104449,172,07:43:14,07:43:29,0
kGJ35g79BU1ao8aW7duYA-07:00:00,SYN_104450,173,07:42:54,07:43:09,0
kGJ35g79BU1ao8aW7duYA-07:00:00,SYN_104451,174,07:42:33,07:42:48,0
kGJ35g79BU1ao8aW7duYA-07:00:00,SYN_104452,175,07:42:13,07:42:28,0
kGJ35g79BU1ao8aW7duYA-07:00:00,SYN_104453,176,07:41:53,07:42:08,0
kGJ35g79BU1ao8aW7duYA-07:00:00,SYN_104454,177,07:41:33,07:41:48,0
kGJ35g79BU1ao8aW7duYA-07:00:00,SYN_104455,178,07:41:12,07:41:27,0
kGJ35g79BU1ao8aW7duYA-07:00:00,SYN_104456,179,07:40:52,07:41:07,0
kGJ35g79BU1ao8aW7duYA-07:00:00,SYN_104457,180,07:40:32,07:40:47,0
kGJ35g79BU1ao8aW7duYA-07:00:00,SYN_104458,181,07:40:12,07:40:27,0
kGJ35g79BU1ao8aW7duYA-07:00:00,SYN_104459,182,07:39:51,07:40:06,0
kGJ35g79BU1ao8aW7duYA-07:00:00,SYN_104460,183,07:39:31,07:39:46,0
kGJ35g79BU1ao8aW7duYA-07:00:00,SYN_104461,184,07:39:11,07:39:26,0
kGJ35g79BU1ao8aW7duYA-07:00:00,SYN_104462,185,07:38:51,07:39:06,0
kGJ35g79BU1ao8aW7duYA-07:00:00,SYN_104463,186,07:38:30,07:38:45,0
kGJ35g79BU1ao8aW7duYA-07:00:00,SYN_104464,187,07:38:10,07:38:25,0
kGJ35g79BU1ao8aW7duYA-07:00:00,SYN_104465,188,07:37:50,07:38:05,0
kGJ35g79BU1ao8aW7duYA-07:00:00,SYN_104466,189,07:37:30,07:37:45,0
kGJ35g79BU1ao8aW7duYA-07:00:00,SYN_104467,190,07:37:09,07:37:24,0
kGJ35g79BU1ao8aW7duYA-07:00:00,SYN_104468,191,07:36:49,07:37:04,0
kGJ35g79BU1ao8aW7duYA-07:00:00,SYN_104469,192,07:36:29,07:36:44,0
kGJ35g79BU1ao8aW7duYA-07:00:00,SYN_104470,193,07:36:09,07:36:24,0
kGJ35g79BU1ao8aW7duYA-07:00:00,SYN_104471,194,07:35:48,07:36:03,0
kGJ35g79BU1ao8aW7duYA-07:00:00,SYN_104472,195,07:35:28,07:35:43,0
kGJ35g79BU1ao8aW7duYA-07:00:00,SYN_104473,196,07:35:08,07:35:23,0
kGJ35g79BU1ao8aW7duYA-07:00:00,SYN_104474,197,07:34:48,07:35:03,0
kGJ35g79BU1ao8aW7duYA-07:00:00,SYN_104475,198,07:34:28,07:34:43,0
kGJ35g79BU1ao8aW7duYA-07:00:00,SYN_104476,199,07:34:07,07:34:22,0
kGJ35g79BU1ao8aW7duYA-07:00:00,SYN_104477,200,07:33:47,07:34:02,0
kGJ35g79BU1ao8aW7duYA-07:00:00,SYN_104478,201,07:33:27,07:33:42,0
kGJ35g79BU1ao8aW7duYA-07:00:00,SYN_104479,202,07:33:07,07:33:22,0
kGJ35g79BU1ao8aW7duYA-07:00:00,SYN_104480,203,07:32:46,07:33:01,0
kGJ35g79BU1ao8aW7duYA-07:00:00,SYN_104481,204,07:32:26,07:32:41,0
kGJ35g79BU1ao8aW7duYA-07:00:00,SYN_104482,205,07:32:06,07:32:21,0
kGJ35g79BU1ao8aW7duYA-07:00:00,SYN_104483,206,07:31:46,07:32:01,0
kGJ35g79BU1ao8aW7duYA-07:00:00,SYN_104484,207,07:31:25,07:31:40,0
kGJ35g79BU1ao8aW7duYA-07:00:00,SYN_104485,208,07:31:05,07:31:20,0
kGJ35g79BU1ao8aW7duYA-07:00:00,SYN_104486,209,07:30:45,07:31:00,0
kGJ35g79BU1ao8aW7duYA-07:00:00,SYN_104487,210,07:30:25,07:30:40,0
kGJ35g79BU1ao8aW7duYA-07:00:00,SYN_104488,211,07:30:04,07:30:19,0
kGJ35g79BU1ao8aW7duYA-07:00:00,SYN_104489,212,07:29:44,07:29:59,0
kGJ35g79BU1ao8aW7duYA-07:00:00,SYN_104490,213,07:29:24,07:29:39,0
kGJ35g79BU1ao8aW7duYA-07:00:00,SYN_104491,214,07:29:04,07:29:19,0
kGJ35g79BU1ao8aW7duYA-07:00:00,SYN_104492,215,07:28:43,07:28:58,0
kGJ35g79BU1ao8aW7duYA-07:00:00,SYN_104493,216,07:28:23,07:28:38,0
kGJ35g79BU1ao8aW7duYA-07:00:00,SYN_104494,217,07:28:03,07:28:18,0
kGJ35g79BU1ao8aW7duYA-07:00:00,SYN_104495,218,07:27:43,07:27:58,0
kGJ35g79BU1ao8aW7duYA-07:00:00,SYN_104496,219,07:27:22,07:27:37,0
kGJ35g79BU1ao8aW7duYA-07:00:00,SYN_104497,220,07:27:02,07:27:17,0
kGJ35g79BU1ao8aW7duYA-07:00:00,SYN_104498,221,07:26:42,07:26:57,0
kGJ35g79BU1ao8aW7duYA-07:00:00,SYN_104499,222,07:26:22,07:26:37,0
kGJ35g79BU1ao8aW7duYA-07:00:00,SYN_104500,223,07:26:01,07:26:16,0
kGJ35g79BU1ao8aW7duYA-07:00:00,SYN_104501,224,07:25:41,07:25:56,0
kGJ35g79BU1ao8aW7duYA-07:00:00,SYN_104502,225,07:25:21,07:25:36,0
kGJ35g79BU1ao8aW7duYA-07:00:00,SYN_104503,226,07:25:01,07:25:16,0
kGJ35g79BU1ao8aW7duYA-07:00:00,SYN_104504,227,07:24:41,07:24:56,0
kGJ35g79BU1ao8aW7duYA-07:00:00,SYN_104505,228,07:24:20,07:24:35,0
kGJ35g79BU1ao8aW7duYA-07:00:00,SYN_104506,229,07:24:00,07:24:15,0
kGJ35g79BU1ao8aW7duYA-07:00:00,SYN_104507,230,07:23:40,07:23:55,0
kGJ35g79BU1ao8aW7duYA-07:00:00,SYN_104508,231,07:23:20,07:23:35,0
kGJ35g79BU1ao8aW7duYA-07:00:00,SYN_104509,232,07:22:59,07:23:14,0
kGJ35g79BU1ao8aW7duYA-07:00:00,SYN_104510,233,07:22:39,07:22:54,0
kGJ35g79BU1ao8aW7duYA-07:00:00,SYN_104511,234,07:22:19,07:22:34,0
kGJ35g79BU1ao8aW7duYA-07:00:00,SYN_104512,235,07:21:59,07:22:14,0
kGJ35g79BU1ao8aW7duYA-07:00:00,SYN_104513,236,07:21:38,07:21:53,0
kGJ35g79BU1ao8aW7duYA-07:00:00,SYN_104514,237,07:21:18,07:21:33,0
kGJ35g79BU1ao8aW7duYA-07:00:00,SYN_104515,238,07:20:58,07:21:13,0
kGJ35g79BU1ao8aW7duYA-07:00:00,SYN_104516,239,07:20:38,07:20:53,0
kGJ35g79BU1ao8aW7duYA-07:00:00,SYN_104517,240,07:20:17,07:20:32,0
kGJ35g79BU1ao8aW7duYA-07:00:00,SYN_104518,241,07:19:57,07:20:12,0
kGJ35g79BU1ao8aW7duYA-07:00:00,SYN_104519,242,07:19:37,07:19:52,0
kGJ35g79BU1ao8aW7duYA-07:00:00,SYN_104520,243,07:19:17,07:19:32,0
kGJ35g79BU1ao8aW7duYA-07:00:00,SYN_104521,244,07:18:56,07:19:11,0
kGJ35g79BU1ao8aW7duYA-07:00:00,SYN_104522,245,07:18:36,07:18:51,0
kGJ35g79BU1ao8aW7duYA-07:00:00,SYN_104523,246,07:18:16,07:18:31,0
kGJ35g79BU1ao8aW7duYA-07:00:00,SYN_104524,247,07:17:56,07:18:11,0
kGJ35g79BU1ao8aW7duYA-07:00:00,SYN_104525,248,07:17:35,07:17:50,0
kGJ35g79BU1ao8aW7duYA-07:00:00,SYN_104526,249,07:17:15,07:17:30,0
kGJ35g79BU1ao8aW7duYA-07:00:00,SYN_104527,250,07:16:55,07:17:10,0
kGJ35g79BU1ao8aW7duYA-07:00:00,SYN_104528,251,07:16:35,07:16:50,0
kGJ35g79BU1ao8aW7duYA-07:00:00,SYN_104529,252,07:16:14,07:16:29,0
kGJ35g79BU1ao8aW7duYA-07:00:00,SYN_104530,253,07:15:54,07:16:09,0
kGJ35g79BU1ao8aW7duYA-07:00:00,SYN_104531,254,07:15:34,07:15:49,0
kGJ35g79BU1ao8aW7duYA-07:00:00,SYN_104532,255,07:15:14,07:15:29,0
kGJ35g79BU1ao8aW7duYA-07:00:00,SYN_104533,256,07:14:54,07:15:09,0
kGJ35g79BU1ao8aW7duYA-07:00:00,SYN_104534,257,07:14:33,07:14:48,0
kGJ35g79BU1ao8aW7duYA-07:00:00,SYN_104535,258,07:14:13,07:14:28,0
kGJ35g79BU1ao8aW7duYA-07:00:00,SYN_104536,259,07:13:53,07:14:08,0
kGJ35g79BU1ao8aW7duYA-07:00:00,SYN_104537,260,07:13:33,07:13:48,0
kGJ35g79BU1ao8aW7duYA-07:00:00,SYN_104538,261,07:13:12,07:13:27,0
kGJ35g79BU1ao8aW7duYA-07:00:00,SYN_104539,262,07:12:52,07:13:07,0
kGJ35g79BU1ao8aW7duYA-07:00:00,SYN_104540,263,07:12:32,07:12:47,0
kGJ35g79BU1ao8aW7duYA-07:00:00,SYN_104541,264,07:12:12,07:12:27,0
kGJ35g79BU1ao8aW7duYA-07:00:00,SYN_104542,265,07:11:51,07:12:06,0
kGJ35g79BU1ao8aW7duYA-07:00:00,SYN_104543,266,07:11:31,07:11:46,0
kGJ35g79BU1ao8aW7duYA-07:00:00,SYN_104544,267,07:11:11,07:11:26,0
kGJ35g79BU1ao8aW7duYA-07:00:00,SYN_104545,268,07:10:51,07:11:06,0
kGJ35g79BU1ao8aW7duYA-07:00:00,SYN_104546,269,07:10:30,07:10:45,0
kGJ35g79BU1ao8aW7duYA-07:00:00,SYN_104547,270,07:10:10,07:10:25,0
kGJ35g79BU1ao8aW7duYA-07:00:00,SYN_104548,271,07:09:50,07:10:05,0
kGJ35g79BU1ao8aW7duYA-07:00:00,SYN_104549,272,07:09:30,07:09:45,0
kGJ35g79BU1ao8aW7duYA-07:00:00,SYN_104550,273,07:09:09,07:09:24,0
kGJ35g79BU1ao8aW7duYA-07:00:00,SYN_104551,274,07:08:49,07:09:04,0
kGJ35g79BU1ao8aW7duYA-07:00:00,SYN_104552,275,07:08:29,07:08:44,0
kGJ35g79BU1ao8aW7duYA-07:00:00,SYN_104553,276,07:08:09,07:08:24,0
kGJ35g79BU1ao8aW7duYA-07:00:00,SYN_104554,277,07:07:48,07:08:03,0
kGJ35g79BU1ao8aW7duYA-07:00:00,SYN_104555,278,07:07:28,07:07:43,0
kGJ35g79BU1ao8aW7duYA-07:00:00,SYN_104556,279,07:07:08,07:07:23,0
kGJ35g79BU1ao8aW7duYA-07:00:00,SYN_104557,280,07:06:48,07:07:03,0
kGJ35g79BU1ao8aW7duYA-07:00:00,SYN_104558,281,07:06:27,07:06:42,0
kGJ35g79BU1ao8aW7duYA-07:00:00,SYN_104559,282,07:06:07,07:06:22,0
kGJ35g79BU1ao8aW7duYA-07:00:00,SYN_104560,283,07:05:47,07:06:02,0
kGJ35g79BU1ao8aW7duYA-07:00:00,SYN_104561,284,07:05:27,07:05:42,0
kGJ35g79BU1ao8aW7duYA-07:00:00,SYN_104562,285,07:05:07,07:05:22,0
kGJ35g79BU1ao8aW7duYA-07:00:00,SYN_104563,286,07:04:46,07:05:01,0
kGJ35g79BU1ao8aW7duYA-07:00:00,SYN_104564,287,07:04:26,07:04:41,0
kGJ35g79BU1ao8aW7duYA-07:00:00,SYN_104565,288,07:04:06,07:04:21,0
kGJ35g79BU1ao8aW7duYA-07:00:00,SYN_104566,289,07:03:46,07:04:01,0
kGJ35g79BU1ao8aW7duYA-07:00:00,SYN_104567,290,07:03:25,07:03:40,0
kGJ35g79BU1ao8aW7duYA-07:00:00,SYN_104568,291,07:03:05,07:03:20,0
kGJ35g79BU1ao8aW7duYA-07:00:00,SYN_104569,292,07:02:45,07:03:00,0
kGJ35g79BU1ao8aW7duYA-07:00:00,SYN_104570,293,07:02:25,07:02:40,0
kGJ35g79BU1ao8aW7duYA-07:00:00,SYN_104571,294,07:02:04,07:02:19,0
kGJ35g79BU1ao8aW7duYA-07:00:00,SYN_104572,295,07:01:44,07:01:59,0
kGJ35g79BU1ao8aW7duYA-07:00:00,SYN_104573,296,07:01:24,07:01:39,0
kGJ35g79BU1ao8aW7duYA-07:00:00,SYN_104574,297,07:01:04,07:01:19,0
kGJ35g79BU1ao8aW7duYA-07:00:00,SYN_104575,298,07:00:43,07:00:58,0
kGJ35g79BU1ao8aW7duYA-07:00:00,SYN_104576,299,07:00:23,07:00:38,0
kGJ35g79BU1ao8aW7duYA-07:00:00,SYN_104577,300,07:00:03,07:00:18,0
9LVHJSd6OMdlCKboaE00V-07:00:00,SYN_104579,0,07:00:44,07:00:59,0
9LVHJSd6OMdlCKboaE00V-07:00:00,SYN_104580,1,07:01:46,07:02:01,0
9LVHJSd6OMdlCKboaE00V-07:00:00,SYN_104581,2,07:02:36,07:02:51,0
9LVHJSd6OMdlCKboaE00V-07:00:00,SYN_104582,3,07:03:16,07:03:31,0
9LVHJSd6OMdlCKboaE00V-07:00:00,SYN_104583,4,07:03:56,07:04:11,0
9LVHJSd6OMdlCKboaE00V-07:00:00,SYN_104584,5,07:04:36,07:04:51,0
9LVHJSd6OMdlCKboaE00V-07:00:00,SYN_104585,6,07:05:16,07:05:31,0
9LVHJSd6OMdlCKboaE00V-07:00:00,SYN_104586,7,07:05:52,07:06:07,0
9LVHJSd6OMdlCKboaE00V-07:00:00,SYN_104587,8,07:06:29,07:06:44,0
9LVHJSd6OMdlCKboaE00V-07:00:00,SYN_104588,9,07:07:05,07:07:20,0
9LVHJSd6OMdlCKboaE00V-07:00:00,SYN_104589,10,07:08:38,07:08:53,0
9LVHJSd6OMdlCKboaE00V-07:00:00,SYN_104590,11,07:10:11,07:10:26,0
9LVHJSd6OMdlCKboaE00V-07:00:00,SYN_104591,12,07:11:20,07:11:35,0
9LVHJSd6OMdlCKboaE00V-07:00:00,SYN_104592,13,07:12:28,07:12:43,0
9LVHJSd6OMdlCKboaE00V-07:00:00,SYN_104593,14,07:13:34,07:13:49,0
9LVHJSd6OMdlCKboaE00V-07:00:00,SYN_104594,15,07:14:38,07:14:53,0
9LVHJSd6OMdlCKboaE00V-07:00:00,SYN_104595,16,07:15:37,07:15:52,0
9LVHJSd6OMdlCKboaE00V-07:00:00,SYN_104596,17,07:15:58,07:16:13,0
9LVHJSd6OMdlCKboaE00V-07:00:00,SYN_104597,18,07:16:18,07:16:33,0
9LVHJSd6OMdlCKboaE00V-07:00:00,SYN_104598,19,07:16:38,07:16:53,0
9LVHJSd6OMdlCKboaE00V-07:00:00,SYN_104599,20,07:16:58,07:17:13,0
9LVHJSd6OMdlCKboaE00V-07:00:00,SYN_104600,21,07:17:18,07:17:33,0
9LVHJSd6OMdlCKboaE00V-07:00:00,SYN_104601,22,07:17:38,07:17:53,0
9LVHJSd6OMdlCKboaE00V-07:00:00,SYN_104602,23,07:17:58,07:18:13,0
9LVHJSd6OMdlCKboaE00V-07:00:00,SYN_104603,24,07:18:22,07:18:37,0
9LVHJSd6OMdlCKboaE00V-07:00:00,SYN_104604,25,07:18:45,07:19:00,0
9LVHJSd6OMdlCKboaE00V-07:00:00,SYN_104605,26,07:19:09,07:19:24,0
9LVHJSd6OMdlCKboaE00V-07:00:00,SYN_104606,27,07:19:42,07:19:57,0
9LVHJSd6OMdlCKboaE00V-07:00:00,SYN_104607,28,07:20:17,07:20:32,0
9LVHJSd6OMdlCKboaE00V-07:00:00,SYN_104608,29,07:20:51,07:21:06,0
9LVHJSd6OMdlCKboaE00V-07:00:00,SYN_104609,30,07:21:20,07:21:35,0
9LVHJSd6OMdlCKboaE00V-07:00:00,SYN_104610,31,07:21:49,07:22:04,0
9LVHJSd6OMdlCKboaE00V-07:00:00,SYN_104611,32,07:22:18,07:22:33,0
9LVHJSd6OMdlCKboaE00V-07:00:00,SYN_104612,33,07:23:00,07:23:15,0
9LVHJSd6OMdlCKboaE00V-07:00:00,SYN_104613,34,07:23:44,07:23:59,0
9LVHJSd6OMdlCKboaE00V-07:00:00,SYN_104614,35,07:24:41,07:24:56,0
9LVHJSd6OMdlCKboaE00V-07:00:00,SYN_104615,36,07:25:28,07:25:43,0
9LVHJSd6OMdlCKboaE00V-07:00:00,SYN_104616,37,07:25:53,07:26:08,0
9LVHJSd6OMdlCKboaE00V-07:00:00,SYN_104617,38,07:26:17,07:26:32,0
9LVHJSd6OMdlCKboaE00V-07:00:00,SYN_104618,39,07:26:41,07:26:56,0
34nbNemVSy5O0QhQ5utuQ-07:00:00,SYN_104579,0,07:21:21,07:21:36,0
34nbNemVSy5O0QhQ5utuQ-07:00:00,SYN_104580,1,07:20:44,07:20:59,0
34nbNemVSy5O0QhQ5utuQ-07:00:00,SYN_104581,2,07:20:08,07:20:23,0
34nbNemVSy5O0QhQ5utuQ-07:00:00,SYN_104582,3,07:19:31,07:19:46,0
34nbNemVSy5O0QhQ5utuQ-07:00:00,SYN_104583,4,07:18:54,07:19:09,0
34nbNemVSy5O0QhQ5utuQ-07:00:00,SYN_104584,5,07:18:17,07:18:32,0
34nbNemVSy5O0QhQ5utuQ-07:00:00,SYN_104585,6,07:17:40,07:17:55,0
34nbNemVSy5O0QhQ5utuQ-07:00:00,SYN_104586,7,07:17:03,07:17:18,0
34nbNemVSy5O0QhQ5utuQ-07:00:00,SYN_104587,8,07:16:26,07:16:41,0
34nbNemVSy5O0QhQ5utuQ-07:00:00,SYN_104588,9,07:15:49,07:16:04,0
34nbNemVSy5O0QhQ5utuQ-07:00:00,SYN_104589,10,07:15:13,07:15:28,0
34nbNemVSy5O0QhQ5utuQ-07:00:00,SYN_104590,11,07:14:36,07:14:51,0
34nbNemVSy5O0QhQ5utuQ-07:00:00,SYN_104591,12,07:13:59,07:14:14,0
34nbNemVSy5O0QhQ5utuQ-07:00:00,SYN_104592,13,07:13:22,07:13:37,0
34nbNemVSy5O0QhQ5utuQ-07:00:00,SYN_104593,14,07:12:45,07:13:00,0
34nbNemVSy5O0QhQ5utuQ-07:00:00,SYN_104594,15,07:12:08,07:12:23,0
34nbNemVSy5O0QhQ5utuQ-07:00:00,SYN_104595,16,07:11:31,07:11:46,0
34nbNemVSy5O0QhQ5utuQ-07:00:00,SYN_104596,17,07:10:55,07:11:10,0
34nbNemVSy5O0QhQ5utuQ-07:00:00,SYN_104597,18,07:10:18,07:10:33,0
34nbNemVSy5O0QhQ5utuQ-07:00:00,SYN_104598,19,07:09:41,07:09:56,0
34nbNemVSy5O0QhQ5utuQ-07:00:00,SYN_104599,20,07:09:04,07:09:19,0
34nbNemVSy5O0QhQ5utuQ-07:00:00,SYN_104600,21,07:08:27,07:08:42,0
34nbNemVSy5O0QhQ5utuQ-07:00:00,SYN_104601,22,07:07:50,07:08:05,0
34nbNemVSy5O0QhQ5utuQ-07:00:00,SYN_104602,23,07:07:13,07:07:28,0
34nbNemVSy5O0QhQ5utuQ-07:00:00,SYN_104603,24,07:06:36,07:06:51,0
34nbNemVSy5O0QhQ5utuQ-07:00:00,SYN_104604,25,07:06:00,07:06:15,0
34nbNemVSy5O0QhQ5utuQ-07:00:00,SYN_104605,26,07:05:23,07:05:38,0
34nbNemVSy5O0QhQ5utuQ-07:00:00,SYN_104606,27,07:04:46,07:05:01,0
34nbNemVSy5O0QhQ5utuQ-07:00:00,SYN_104607,28,07:04:09,07:04:24,0
34nbNemVSy5O0QhQ5utuQ-07:00:00,SYN_104608,29,07:03:32,07:03:47,0
34nbNemVSy5O0QhQ5utuQ-07:00:00,SYN_104609,30,07:02:55,07:03:10,0
34nbNemVSy5O0QhQ5utuQ-07:00:00,SYN_104610,31,07:02:18,07:02:33,0
34nbNemVSy5O0QhQ5utuQ-07:00:00,SYN_104611,32,07:01:42,07:01:57,0
34nbNemVSy5O0QhQ5utuQ-07:00:00,SYN_104612,33,07:01:05,07:01:20,0
34nbNemVSy5O0QhQ5utuQ-07:00:00,SYN_104613,34,07:00:28,07:00:43,0
r7hUDDmUQxs4nQXOpk7pC-07:00:00,SYN_104621,0,07:00:11,07:00:26,0
r7hUDDmUQxs4nQXOpk7pC-07:00:00,SYN_104622,1,07:00:30,07:00:45,0
r7hUDDmUQxs4nQXOpk7pC-07:00:00,SYN_104623,2,07:00:48,07:01:03,0
r7hUDDmUQxs4nQXOpk7pC-07:00:00,SYN_104624,3,07:01:07,07:01:22,0
r7hUDDmUQxs4nQXOpk7pC-07:00:00,SYN_104625,4,07:01:26,07:01:41,0
r7hUDDmUQxs4nQXOpk7pC-07:00:00,SYN_104626,5,07:01:45,07:02:00,0
r7hUDDmUQxs4nQXOpk7pC-07:00:00,SYN_104627,6,07:02:04,07:02:19,0
r7hUDDmUQxs4nQXOpk7pC-07:00:00,SYN_104628,7,07:02:22,07:02:37,0
r7hUDDmUQxs4nQXOpk7pC-07:00:00,SYN_104629,8,07:02:41,07:02:56,0
r7hUDDmUQxs4nQXOpk7pC-07:00:00,SYN_104630,9,07:03:00,07:03:15,0
r7hUDDmUQxs4nQXOpk7pC-07:00:00,SYN_104631,10,07:03:19,07:03:34,0
r7hUDDmUQxs4nQXOpk7pC-07:00:00,SYN_104632,11,07:03:38,07:03:53,0
r7hUDDmUQxs4nQXOpk7pC-07:00:00,SYN_104633,12,07:03:52,07:04:07,0
r7hUDDmUQxs4nQXOpk7pC-07:00:00,SYN_104634,13,07:04:01,07:04:16,0
r7hUDDmUQxs4nQXOpk7pC-07:00:00,SYN_104635,14,07:04:11,07:04:26,0
r7hUDDmUQxs4nQXOpk7pC-07:00:00,SYN_104636,15,07:04:20,07:04:35,0
r7hUDDmUQxs4nQXOpk7pC-07:00:00,SYN_104637,16,07:04:29,07:04:44,0
r7hUDDmUQxs4nQXOpk7pC-07:00:00,SYN_104638,17,07:04:39,07:04:54,0
r7hUDDmUQxs4nQXOpk7pC-07:00:00,SYN_104639,18,07:04:48,07:05:03,0
r7hUDDmUQxs4nQXOpk7pC-07:00:00,SYN_104640,19,07:04:57,07:05:12,0
r7hUDDmUQxs4nQXOpk7pC-07:00:00,SYN_104641,20,07:05:07,07:05:22,0
r7hUDDmUQxs4nQXOpk7pC-07:00:00,SYN_104642,21,07:05:16,07:05:31,0
r7hUDDmUQxs4nQXOpk7pC-07:00:00,SYN_104643,22,07:05:26,07:05:41,0
r7hUDDmUQxs4nQXOpk7pC-07:00:00,SYN_104644,23,07:05:35,07:05:50,0
r7hUDDmUQxs4nQXOpk7pC-07:00:00,SYN_104645,24,07:05:44,07:05:59,0
r7hUDDmUQxs4nQXOpk7pC-07:00:00,SYN_104646,25,07:05:54,07:06:09,0
r7hUDDmUQxs4nQXOpk7pC-07:00:00,SYN_104647,26,07:06:03,07:06:18,0
r7hUDDmUQxs4nQXOpk7pC-07:00:00,SYN_104648,27,07:06:12,07:06:27,0
r7hUDDmUQxs4nQXOpk7pC-07:00:00,SYN_104649,28,07:06:22,07:06:37,0
r7hUDDmUQxs4nQXOpk7pC-07:00:00,SYN_104650,29,07:06:31,07:06:46,0
r7hUDDmUQxs4nQXOpk7pC-07:00:00,SYN_104651,30,07:06:41,07:06:56,0
r7hUDDmUQxs4nQXOpk7pC-07:00:00,SYN_104652,31,07:06:50,07:07:05,0
r7hUDDmUQxs4nQXOpk7pC-07:00:00,SYN_104653,32,07:06:59,07:07:14,0
r7hUDDmUQxs4nQXOpk7pC-07:00:00,SYN_104654,33,07:07:09,07:07:24,0
r7hUDDmUQxs4nQXOpk7pC-07:00:00,SYN_104655,34,07:07:18,07:07:33,0
r7hUDDmUQxs4nQXOpk7pC-07:00:00,SYN_104656,35,07:07:27,07:07:42,0
r7hUDDmUQxs4nQXOpk7pC-07:00:00,SYN_104657,36,07:07:37,07:07:52,0
r7hUDDmUQxs4nQXOpk7pC-07:00:00,SYN_104658,37,07:07:46,07:08:01,0
r7hUDDmUQxs4nQXOpk7pC-07:00:00,SYN_104659,38,07:07:56,07:08:11,0
r7hUDDmUQxs4nQXOpk7pC-07:00:00,SYN_104660,39,07:08:05,07:08:20,0
r7hUDDmUQxs4nQXOpk7pC-07:00:00,SYN_104661,40,07:08:14,07:08:29,0
r7hUDDmUQxs4nQXOpk7pC-07:00:00,SYN_104662,41,07:08:24,07:08:39,0
r7hUDDmUQxs4nQXOpk7pC-07:00:00,SYN_104663,42,07:08:33,07:08:48,0
r7hUDDmUQxs4nQXOpk7pC-07:00:00,SYN_104664,43,07:08:42,07:08:57,0
r7hUDDmUQxs4nQXOpk7pC-07:00:00,SYN_104665,44,07:08:52,07:09:07,0
r7hUDDmUQxs4nQXOpk7pC-07:00:00,SYN_104666,45,07:09:01,07:09:16,0
r7hUDDmUQxs4nQXOpk7pC-07:00:00,SYN_104667,46,07:09:11,07:09:26,0
r7hUDDmUQxs4nQXOpk7pC-07:00:00,SYN_104668,47,07:09:20,07:09:35,0
r7hUDDmUQxs4nQXOpk7pC-07:00:00,SYN_104669,48,07:09:29,07:09:44,0
r7hUDDmUQxs4nQXOpk7pC-07:00:00,SYN_104670,49,07:09:39,07:09:54,0
r7hUDDmUQxs4nQXOpk7pC-07:00:00,SYN_104671,50,07:09:48,07:10:03,0
r7hUDDmUQxs4nQXOpk7pC-07:00:00,SYN_104672,51,07:09:57,07:10:12,0
r7hUDDmUQxs4nQXOpk7pC-07:00:00,SYN_104673,52,07:10:07,07:10:22,0
r7hUDDmUQxs4nQXOpk7pC-07:00:00,SYN_104674,53,07:10:16,07:10:31,0
r7hUDDmUQxs4nQXOpk7pC-07:00:00,SYN_104675,54,07:10:25,07:10:40,0
r7hUDDmUQxs4nQXOpk7pC-07:00:00,SYN_104676,55,07:10:35,07:10:50,0
r7hUDDmUQxs4nQXOpk7pC-07:00:00,SYN_104677,56,07:10:44,07:10:59,0
r7hUDDmUQxs4nQXOpk7pC-07:00:00,SYN_104678,57,07:10:54,07:11:09,0
r7hUDDmUQxs4nQXOpk7pC-07:00:00,SYN_104679,58,07:11:03,07:11:18,0
r7hUDDmUQxs4nQXOpk7pC-07:00:00,SYN_104680,59,07:11:12,07:11:27,0
r7hUDDmUQxs4nQXOpk7pC-07:00:00,SYN_104681,60,07:11:22,07:11:37,0
r7hUDDmUQxs4nQXOpk7pC-07:00:00,SYN_104682,61,07:11:31,07:11:46,0
r7hUDDmUQxs4nQXOpk7pC-07:00:00,SYN_104683,62,07:11:40,07:11:55,0
r7hUDDmUQxs4nQXOpk7pC-07:00:00,SYN_104684,63,07:11:50,07:12:05,0
r7hUDDmUQxs4nQXOpk7pC-07:00:00,SYN_104685,64,07:11:59,07:12:14,0
r7hUDDmUQxs4nQXOpk7pC-07:00:00,SYN_104686,65,07:12:09,07:12:24,0
r7hUDDmUQxs4nQXOpk7pC-07:00:00,SYN_104687,66,07:12:18,07:12:33,0
r7hUDDmUQxs4nQXOpk7pC-07:00:00,SYN_104688,67,07:12:27,07:12:42,0
r7hUDDmUQxs4nQXOpk7pC-07:00:00,SYN_104689,68,07:12:37,07:12:52,0
r7hUDDmUQxs4nQXOpk7pC-07:00:00,SYN_104690,69,07:12:46,07:13:01,0
r7hUDDmUQxs4nQXOpk7pC-07:00:00,SYN_104691,70,07:12:55,07:13:10,0
r7hUDDmUQxs4nQXOpk7pC-07:00:00,SYN_104692,71,07:13:05,07:13:20,0
r7hUDDmUQxs4nQXOpk7pC-07:00:00,SYN_104693,72,07:13:14,07:13:29,0
r7hUDDmUQxs4nQXOpk7pC-07:00:00,SYN_104694,73,07:13:24,07:13:39,0
r7hUDDmUQxs4nQXOpk7pC-07:00:00,SYN_104695,74,07:13:33,07:13:48,0
r7hUDDmUQxs4nQXOpk7pC-07:00:00,SYN_104696,75,07:13:42,07:13:57,0
r7hUDDmUQxs4nQXOpk7pC-07:00:00,SYN_104697,76,07:13:52,07:14:07,0
r7hUDDmUQxs4nQXOpk7pC-07:00:00,SYN_104698,77,07:14:01,07:14:16,0
r7hUDDmUQxs4nQXOpk7pC-07:00:00,SYN_104699,78,07:14:10,07:14:25,0
r7hUDDmUQxs4nQXOpk7pC-07:00:00,SYN_104700,79,07:14:20,07:14:35,0
r7hUDDmUQxs4nQXOpk7pC-07:00:00,SYN_104701,80,07:14:29,07:14:44,0
r7hUDDmUQxs4nQXOpk7pC-07:00:00,SYN_104702,81,07:14:38,07:14:53,0
r7hUDDmUQxs4nQXOpk7pC-07:00:00,SYN_104703,82,07:14:48,07:15:03,0
r7hUDDmUQxs4nQXOpk7pC-07:00:00,SYN_104704,83,07:14:57,07:15:12,0
r7hUDDmUQxs4nQXOpk7pC-07:00:00,SYN_104705,84,07:15:07,07:15:22,0
r7hUDDmUQxs4nQXOpk7pC-07:00:00,SYN_104706,85,07:15:16,07:15:31,0
r7hUDDmUQxs4nQXOpk7pC-07:00:00,SYN_104707,86,07:15:25,07:15:40,0
r7hUDDmUQxs4nQXOpk7pC-07:00:00,SYN_104708,87,07:15:35,07:15:50,0
r7hUDDmUQxs4nQXOpk7pC-07:00:00,SYN_104709,88,07:15:44,07:15:59,0
r7hUDDmUQxs4nQXOpk7pC-07:00:00,SYN_104710,89,07:15:53,07:16:08,0
r7hUDDmUQxs4nQXOpk7pC-07:00:00,SYN_104711,90,07:16:03,07:16:18,0
r7hUDDmUQxs4nQXOpk7pC-07:00:00,SYN_104712,91,07:16:12,07:16:27,0
r7hUDDmUQxs4nQXOpk7pC-07:00:00,SYN_104713,92,07:16:22,07:16:37,0
r7hUDDmUQxs4nQXOpk7pC-07:00:00,SYN_104714,93,07:16:31,07:16:46,0
r7hUDDmUQxs4nQXOpk7pC-07:00:00,SYN_104715,94,07:16:40,07:16:55,0
r7hUDDmUQxs4nQXOpk7pC-07:00:00,SYN_104716,95,07:16:50,07:17:05,0
r7hUDDmUQxs4nQXOpk7pC-07:00:00,SYN_104717,96,07:16:59,07:17:14,0
r7hUDDmUQxs4nQXOpk7pC-07:00:00,SYN_104718,97,07:17:08,07:17:23,0
r7hUDDmUQxs4nQXOpk7pC-07:00:00,SYN_104719,98,07:17:18,07:17:33,0
r7hUDDmUQxs4nQXOpk7pC-07:00:00,SYN_104720,99,07:17:27,07:17:42,0
r7hUDDmUQxs4nQXOpk7pC-07:00:00,SYN_104721,100,07:17:37,07:17:52,0
r7hUDDmUQxs4nQXOpk7pC-07:00:00,SYN_104722,101,07:17:46,07:18:01,0
r7hUDDmUQxs4nQXOpk7pC-07:00:00,SYN_104723,102,07:17:55,07:18:10,0
r7hUDDmUQxs4nQXOpk7pC-07:00:00,SYN_104724,103,07:18:05,07:18:20,0
r7hUDDmUQxs4nQXOpk7pC-07:00:00,SYN_104725,104,07:18:14,07:18:29,0
r7hUDDmUQxs4nQXOpk7pC-07:00:00,SYN_104726,105,07:18:23,07:18:38,0
r7hUDDmUQxs4nQXOpk7pC-07:00:00,SYN_104727,106,07:18:33,07:18:48,0
r7hUDDmUQxs4nQXOpk7pC-07:00:00,SYN_104728,107,07:18:42,07:18:57,0
r7hUDDmUQxs4nQXOpk7pC-07:00:00,SYN_104729,108,07:18:52,07:19:07,0
r7hUDDmUQxs4nQXOpk7pC-07:00:00,SYN_104730,109,07:19:01,07:19:16,0
r7hUDDmUQxs4nQXOpk7pC-07:00:00,SYN_104731,110,07:19:10,07:19:25,0
r7hUDDmUQxs4nQXOpk7pC-07:00:00,SYN_104732,111,07:19:20,07:19:35,0
r7hUDDmUQxs4nQXOpk7pC-07:00:00,SYN_104733,112,07:19:29,07:19:44,0
r7hUDDmUQxs4nQXOpk7pC-07:00:00,SYN_104734,113,07:19:38,07:19:53,0
r7hUDDmUQxs4nQXOpk7pC-07:00:00,SYN_104735,114,07:19:48,07:20:03,0
r7hUDDmUQxs4nQXOpk7pC-07:00:00,SYN_104736,115,07:19:57,07:20:12,0
r7hUDDmUQxs4nQXOpk7pC-07:00:00,SYN_104737,116,07:20:06,07:20:21,0
r7hUDDmUQxs4nQXOpk7pC-07:00:00,SYN_104738,117,07:20:16,07:20:31,0
r7hUDDmUQxs4nQXOpk7pC-07:00:00,SYN_104739,118,07:20:25,07:20:40,0
r7hUDDmUQxs4nQXOpk7pC-07:00:00,SYN_104740,119,07:20:35,07:20:50,0
r7hUDDmUQxs4nQXOpk7pC-07:00:00,SYN_104741,120,07:20:44,07:20:59,0
r7hUDDmUQxs4nQXOpk7pC-07:00:00,SYN_104742,121,07:20:53,07:21:08,0
r7hUDDmUQxs4nQXOpk7pC-07:00:00,SYN_104743,122,07:21:03,07:21:18,0
r7hUDDmUQxs4nQXOpk7pC-07:00:00,SYN_104744,123,07:21:16,07:21:31,0
r7hUDDmUQxs4nQXOpk7pC-07:00:00,SYN_104745,124,07:21:37,07:21:52,0
r7hUDDmUQxs4nQXOpk7pC-07:00:00,SYN_104746,125,07:21:57,07:22:12,0
r7hUDDmUQxs4nQXOpk7pC-07:00:00,SYN_104747,126,07:22:17,07:22:32,0
r7hUDDmUQxs4nQXOpk7pC-07:00:00,SYN_104748,127,07:22:38,07:22:53,0
r7hUDDmUQxs4nQXOpk7pC-07:00:00,SYN_104749,128,07:22:58,07:23:13,0
r7hUDDmUQxs4nQXOpk7pC-07:00:00,SYN_104750,129,07:23:18,07:23:33,0
r7hUDDmUQxs4nQXOpk7pC-07:00:00,SYN_104751,130,07:23:39,07:23:54,0
r7hUDDmUQxs4nQXOpk7pC-07:00:00,SYN_104752,131,07:24:00,07:24:15,0
r7hUDDmUQxs4nQXOpk7pC-07:00:00,SYN_104753,132,07:24:34,07:24:49,0
r7hUDDmUQxs4nQXOpk7pC-07:00:00,SYN_104754,133,07:25:08,07:25:23,0
r7hUDDmUQxs4nQXOpk7pC-07:00:00,SYN_104755,134,07:25:42,07:25:57,0
r7hUDDmUQxs4nQXOpk7pC-07:00:00,SYN_104756,135,07:26:15,07:26:30,0
r7hUDDmUQxs4nQXOpk7pC-07:00:00,SYN_104757,136,07:26:49,07:27:04,0
r7hUDDmUQxs4nQXOpk7pC-07:00:00,SYN_104758,137,07:27:22,07:27:37,0
r7hUDDmUQxs4nQXOpk7pC-07:00:00,SYN_104759,138,07:27:53,07:28:08,0
r7hUDDmUQxs4nQXOpk7pC-07:00:00,SYN_104760,139,07:28:25,07:28:40,0
r7hUDDmUQxs4nQXOpk7pC-07:00:00,SYN_104761,140,07:29:04,07:29:19,0
r7hUDDmUQxs4nQXOpk7pC-07:00:00,SYN_104762,141,07:29:44,07:29:59,0
r7hUDDmUQxs4nQXOpk7pC-07:00:00,SYN_104763,142,07:30:24,07:30:39,0
r7hUDDmUQxs4nQXOpk7pC-07:00:00,SYN_104764,143,07:31:03,07:31:18,0
r7hUDDmUQxs4nQXOpk7pC-07:00:00,SYN_104765,144,07:31:43,07:31:58,0
r7hUDDmUQxs4nQXOpk7pC-07:00:00,SYN_104766,145,07:32:22,07:32:37,0
r7hUDDmUQxs4nQXOpk7pC-07:00:00,SYN_104767,146,07:33:02,07:33:17,0
r7hUDDmUQxs4nQXOpk7pC-07:00:00,SYN_104768,147,07:33:41,07:33:56,0
r7hUDDmUQxs4nQXOpk7pC-07:00:00,SYN_104769,148,07:35:38,07:35:53,0
r7hUDDmUQxs4nQXOpk7pC-07:00:00,SYN_104770,149,07:37:13,07:37:28,0
r7hUDDmUQxs4nQXOpk7pC-07:00:00,SYN_104771,150,07:37:46,07:38:01,0
r7hUDDmUQxs4nQXOpk7pC-07:00:00,SYN_104772,151,07:38:20,07:38:35,0
r7hUDDmUQxs4nQXOpk7pC-07:00:00,SYN_104773,152,07:38:55,07:39:10,0
r7hUDDmUQxs4nQXOpk7pC-07:00:00,SYN_104774,153,07:39:29,07:39:44,0
r7hUDDmUQxs4nQXOpk7pC-07:00:00,SYN_104775,154,07:40:01,07:40:16,0
r7hUDDmUQxs4nQXOpk7pC-07:00:00,SYN_104776,155,07:40:32,07:40:47,0
r7hUDDmUQxs4nQXOpk7pC-07:00:00,SYN_104777,156,07:41:03,07:41:18,0
r7hUDDmUQxs4nQXOpk7pC-07:00:00,SYN_104778,157,07:41:34,07:41:49,0
r7hUDDmUQxs4nQXOpk7pC-07:00:00,SYN_104779,158,07:42:05,07:42:20,0
r7hUDDmUQxs4nQXOpk7pC-07:00:00,SYN_104780,159,07:42:39,07:42:54,0
r7hUDDmUQxs4nQXOpk7pC-07:00:00,SYN_104781,160,07:43:22,07:43:37,0
r7hUDDmUQxs4nQXOpk7pC-07:00:00,SYN_104782,161,07:44:04,07:44:19,0
r7hUDDmUQxs4nQXOpk7pC-07:00:00,SYN_104783,162,07:44:47,07:45:02,0
r7hUDDmUQxs4nQXOpk7pC-07:00:00,SYN_104784,163,07:46:27,07:46:42,0
r7hUDDmUQxs4nQXOpk7pC-07:00:00,SYN_104785,164,07:47:41,07:47:56,0
r7hUDDmUQxs4nQXOpk7pC-07:00:00,SYN_104786,165,07:48:00,07:48:15,0
r7hUDDmUQxs4nQXOpk7pC-07:00:00,SYN_104787,166,07:48:19,07:48:34,0
r7hUDDmUQxs4nQXOpk7pC-07:00:00,SYN_104788,167,07:48:38,07:48:53,0
r7hUDDmUQxs4nQXOpk7pC-07:00:00,SYN_104789,168,07:48:57,07:49:12,0
r7hUDDmUQxs4nQXOpk7pC-07:00:00,SYN_104790,169,07:49:17,07:49:32,0
r7hUDDmUQxs4nQXOpk7pC-07:00:00,SYN_104791,170,07:49:36,07:49:51,0
r7hUDDmUQxs4nQXOpk7pC-07:00:00,SYN_104792,171,07:49:55,07:50:10,0
r7hUDDmUQxs4nQXOpk7pC-07:00:00,SYN_104793,172,07:50:14,07:50:29,0
r7hUDDmUQxs4nQXOpk7pC-07:00:00,SYN_104794,173,07:50:33,07:50:48,0
r7hUDDmUQxs4nQXOpk7pC-07:00:00,SYN_104795,174,07:50:53,07:51:08,0
r7hUDDmUQxs4nQXOpk7pC-07:00:00,SYN_104796,175,07:51:12,07:51:27,0
ZBtB-FXg8HG9MZ8swYNuQ-07:00:00,SYN_104620,0,08:13:12,08:13:27,0
ZBtB-FXg8HG9MZ8swYNuQ-07:00:00,SYN_104621,1,08:12:47,08:13:02,0
ZBtB-FXg8HG9MZ8swYNuQ-07:00:00,SYN_104622,2,08:12:22,08:12:37,0
ZBtB-FXg8HG9MZ8swYNuQ-07:00:00,SYN_104623,3,08:11:57,08:12:12,0
ZBtB-FXg8HG9MZ8swYNuQ-07:00:00,SYN_104624,4,08:11:32,08:11:47,0
ZBtB-FXg8HG9MZ8swYNuQ-07:00:00,SYN_104625,5,08:11:07,08:11:22,0
ZBtB-FXg8HG9MZ8swYNuQ-07:00:00,SYN_104626,6,08:10:42,08:10:57,0
ZBtB-FXg8HG9MZ8swYNuQ-07:00:00,SYN_104627,7,08:10:18,08:10:33,0
ZBtB-FXg8HG9MZ8swYNuQ-07:00:00,SYN_104628,8,08:09:53,08:10:08,0
ZBtB-FXg8HG9MZ8swYNuQ-07:00:00,SYN_104629,9,08:09:28,08:09:43,0
ZBtB-FXg8HG9MZ8swYNuQ-07:00:00,SYN_104630,10,08:09:03,08:09:18,0
ZBtB-FXg8HG9MZ8swYNuQ-07:00:00,SYN_104631,11,08:08:38,08:08:53,0
ZBtB-FXg8HG9MZ8swYNuQ-07:00:00,SYN_104632,12,08:08:13,08:08:28,0
ZBtB-FXg8HG9MZ8swYNuQ-07:00:00,SYN_104633,13,08:07:48,08:08:03,0
ZBtB-FXg8HG9MZ8swYNuQ-07:00:00,SYN_104634,14,08:07:23,08:07:38,0
ZBtB-FXg8HG9MZ8swYNuQ-07:00:00,SYN_104635,15,08:06:59,08:07:14,0
ZBtB-FXg8HG9MZ8swYNuQ-07:00:00,SYN_104636,16,08:06:34,08:06:49,0
ZBtB-FXg8HG9MZ8swYNuQ-07:00:00,SYN_104637,17,08:06:09,08:06:24,0
ZBtB-FXg8HG9MZ8swYNuQ-07:00:00,SYN_104638,18,08:05:44,08:05:59,0
ZBtB-FXg8HG9MZ8swYNuQ-07:00:00,SYN_104639,19,08:05:19,08:05:34,0
ZBtB-FXg8HG9MZ8swYNuQ-07:00:00,SYN_104640,20,08:04:54,08:05:09,0
ZBtB-FXg8HG9MZ8swYNuQ-07:00:00,SYN_104641,21,08:04:29,08:04:44,0
ZBtB-FXg8HG9MZ8swYNuQ-07:00:00,SYN_104642,22,08:04:04,08:04:19,0
ZBtB-FXg8HG9MZ8swYNuQ-07:00:00,SYN_104643,23,08:03:40,08:03:55,0
ZBtB-FXg8HG9MZ8swYNuQ-07:00:00,SYN_104644,24,08:03:15,08:03:30,0
ZBtB-FXg8HG9MZ8swYNuQ-07:00:00,SYN_104645,25,08:02:50,08:03:05,0
ZBtB-FXg8HG9MZ8swYNuQ-07:00:00,SYN_104646,26,08:02:25,08:02:40,0
ZBtB-FXg8HG9MZ8swYNuQ-07:00:00,SYN_104647,27,08:02:00,08:02:15,0
ZBtB-FXg8HG9MZ8swYNuQ-07:00:00,SYN_104648,28,08:01:35,08:01:50,0
ZBtB-FXg8HG9MZ8swYNuQ-07:00:00,SYN_104649,29,08:01:10,08:01:25,0
ZBtB-FXg8HG9MZ8swYNuQ-07:00:00,SYN_104650,30,08:00:45,08:01:00,0
ZBtB-FXg8HG9MZ8swYNuQ-07:00:00,SYN_104651,31,08:00:20,08:00:35,0
ZBtB-FXg8HG9MZ8swYNuQ-07:00:00,SYN_104652,32,07:59:56,08:00:11,0
ZBtB-FXg8HG9MZ8swYNuQ-07:00:00,SYN_104653,33,07:59:31,07:59:46,0
ZBtB-FXg8HG9MZ8swYNuQ-07:00:00,SYN_104654,34,07:59:06,07:59:21,0
ZBtB-FXg8HG9MZ8swYNuQ-07:00:00,SYN_104655,35,07:58:41,07:58:56,0
ZBtB-FXg8HG9MZ8swYNuQ-07:00:00,SYN_104656,36,07:58:16,07:58:31,0
ZBtB-FXg8HG9MZ8swYNuQ-07:00:00,SYN_104657,37,07:57:51,07:58:06,0
ZBtB-FXg8HG9MZ8swYNuQ-07:00:00,SYN_104658,38,07:57:26,07:57:41,0
ZBtB-FXg8HG9MZ8swYNuQ-07:00:00,SYN_104659,39,07:57:01,07:57:16,0
ZBtB-FXg8HG9MZ8swYNuQ-07:00:00,SYN_104660,40,07:56:37,07:56:52,0
ZBtB-FXg8HG9MZ8swYNuQ-07:00:00,SYN_104661,41,07:56:12,07:56:27,0
ZBtB-FXg8HG9MZ8swYNuQ-07:00:00,SYN_104662,42,07:55:47,07:56:02,0
ZBtB-FXg8HG9MZ8swYNuQ-07:00:00,SYN_104663,43,07:55:22,07:55:37,0
ZBtB-FXg8HG9MZ8swYNuQ-07:00:00,SYN_104664,44,07:54:57,07:55:12,0
ZBtB-FXg8HG9MZ8swYNuQ-07:00:00,SYN_104665,45,07:54:32,07:54:47,0
ZBtB-FXg8HG9MZ8swYNuQ-07:00:00,SYN_104666,46,07:54:07,07:54:22,0
ZBtB-FXg8HG9MZ8swYNuQ-07:00:00,SYN_104667,47,07:53:42,07:53:57,0
ZBtB-FXg8HG9MZ8swYNuQ-07:00:00,SYN_104668,48,07:53:18,07:53:33,0
ZBtB-FXg8HG9MZ8swYNuQ-07:00:00,SYN_104669,49,07:52:53,07:53:08,0
ZBtB-FXg8HG9MZ8swYNuQ-07:00:00,SYN_104670,50,07:52:28,07:52:43,0
ZBtB-FXg8HG9MZ8swYNuQ-07:00:00,SYN_104671,51,07:52:03,07:52:18,0
ZBtB-FXg8HG9MZ8swYNuQ-07:00:00,SYN_104672,52,07:51:38,07:51:53,0
ZBtB-FXg8HG9MZ8swYNuQ-07:00:00,SYN_104673,53,07:51:13,07:51:28,0
ZBtB-FXg8HG9MZ8swYNuQ-07:00:00,SYN_104674,54,07:50:48,07:51:03,0
ZBtB-FXg8HG9MZ8swYNuQ-07:00:00,SYN_104675,55,07:50:23,07:50:38,0
ZBtB-FXg8HG9MZ8swYNuQ-07:00:00,SYN_104676,56,07:49:59,07:50:14,0
ZBtB-FXg8HG9MZ8swYNuQ-07:00:00,SYN_104677,57,07:49:34,07:49:49,0
ZBtB-FXg8HG9MZ8swYNuQ-07:00:00,SYN_104678,58,07:49:09,07:49:24,0
ZBtB-FXg8HG9MZ8swYNuQ-07:00:00,SYN_104679,59,07:48:44,07:48:59,0
ZBtB-FXg8HG9MZ8swYNuQ-07:00:00,SYN_104680,60,07:48:19,07:48:34,0
ZBtB-FXg8HG9MZ8swYNuQ-07:00:00,SYN_104681,61,07:47:54,07:48:09,0
ZBtB-FXg8HG9MZ8swYNuQ-07:00:00,SYN_104682,62,07:47:29,07:47:44,0
ZBtB-FXg8HG9MZ8swYNuQ-07:00:00,SYN_104683,63,07:47:04,07:47:19,0
ZBtB-FXg8HG9MZ8swYNuQ-07:00:00,SYN_104684,64,07:46:40,07:46:55,0
ZBtB-FXg8HG9MZ8swYNuQ-07:00:00,SYN_104685,65,07:46:15,07:46:30,0
ZBtB-FXg8HG9MZ8swYNuQ-07:00:00,SYN_104686,66,07:45:50,07:46:05,0
ZBtB-FXg8HG9MZ8swYNuQ-07:00:00,SYN_104687,67,07:45:25,07:45:40,0
ZBtB-FXg8HG9MZ8swYNuQ-07:00:00,SYN_104688,68,07:45:00,07:45:15,0
ZBtB-FXg8HG9MZ8swYNuQ-07:00:00,SYN_104689,69,07:44:35,07:44:50,0
ZBtB-FXg8HG9MZ8swYNuQ-07:00:00,SYN_104690,70,07:44:10,07:44:25,0
ZBtB-FXg8HG9MZ8swYNuQ-07:00:00,SYN_104691,71,07:43:45,07:44:00,0
ZBtB-FXg8HG9MZ8swYNuQ-07:00:00,SYN_104692,72,07:43:21,07:43:36,0
ZBtB-FXg8HG9MZ8swYNuQ-07:00:00,SYN_104693,73,07:42:56,07:43:11,0
ZBtB-FXg8HG9MZ8swYNuQ-07:00:00,SYN_104694,74,07:42:31,07:42:46,0
ZBtB-FXg8HG9MZ8swYNuQ-07:00:00,SYN_104695,75,07:42:06,07:42:21,0
ZBtB-FXg8HG9MZ8swYNuQ-07:00:00,SYN_104696,76,07:41:41,07:41:56,0
ZBtB-FXg8HG9MZ8swYNuQ-07:00:00,SYN_104697,77,07:41:16,07:41:31,0
ZBtB-FXg8HG9MZ8swYNuQ-07:00:00,SYN_104698,78,07:40:51,07:41:06,0
ZBtB-FXg8HG9MZ8swYNuQ-07:00:00,SYN_104699,79,07:40:26,07:40:41,0
ZBtB-FXg8HG9MZ8swYNuQ-07:00:00,SYN_104700,80,07:40:02,07:40:17,0
ZBtB-FXg8HG9MZ8swYNuQ-07:00:00,SYN_104701,81,07:39:37,07:39:52,0
ZBtB-FXg8HG9MZ8swYNuQ-07:00:00,SYN_104702,82,07:39:12,07:39:27,0
ZBtB-FXg8HG9MZ8swYNuQ-07:00:00,SYN_104703,83,07:38:47,07:39:02,0
ZBtB-FXg8HG9MZ8swYNuQ-07:00:00,SYN_104704,84,07:38:22,07:38:37,0
ZBtB-FXg8HG9MZ8swYNuQ-07:00:00,SYN_104705,85,07:37:57,07:38:12,0
ZBtB-FXg8HG9MZ8swYNuQ-07:00:00,SYN_104706,86,07:37:32,07:37:47,0
ZBtB-FXg8HG9MZ8swYNuQ-07:00:00,SYN_104707,87,07:37:07,07:37:22,0
ZBtB-FXg8HG9MZ8swYNuQ-07:00:00,SYN_104708,88,07:36:43,07:36:58,0
ZBtB-FXg8HG9MZ8swYNuQ-07:00:00,SYN_104709,89,07:36:18,07:36:33,0
ZBtB-FXg8HG9MZ8swYNuQ-07:00:00,SYN_104710,90,07:35:53,07:36:08,0
ZBtB-FXg8HG9MZ8swYNuQ-07:00:00,SYN_104711,91,07:35:28,07:35:43,0
ZBtB-FXg8HG9MZ8swYNuQ-07:00:00,SYN_104712,92,07:35:03,07:35:18,0
ZBtB-FXg8HG9MZ8swYNuQ-07:00:00,SYN_104713,93,07:34:38,07:34:53,0
ZBtB-FXg8HG9MZ8swYNuQ-07:00:00,SYN_104714,94,07:34:13,07:34:28,0
ZBtB-FXg8HG9MZ8swYNuQ-07:00:00,SYN_104715,95,07:33:48,07:34:03,0
ZBtB-FXg8HG9MZ8swYNuQ-07:00:00,SYN_104716,96,07:33:24,07:33:39,0
ZBtB-FXg8HG9MZ8swYNuQ-07:00:00,SYN_104717,97,07:32:59,07:33:14,0
ZBtB-FXg8HG9MZ8swYNuQ-07:00:00,SYN_104718,98,07:32:34,07:32:49,0
ZBtB-FXg8HG9MZ8swYNuQ-07:00:00,SYN_104719,99,07:32:09,07:32:24,0
ZBtB-FXg8HG9MZ8swYNuQ-07:00:00,SYN_104720,100,07:31:44,07:31:59,0
ZBtB-FXg8HG9MZ8swYNuQ-07:00:00,SYN_104721,101,07:31:19,07:31:34,0
ZBtB-FXg8HG9MZ8swYNuQ-07:00:00,SYN_104722,102,07:30:54,07:31:09,0
ZBtB-FXg8HG9MZ8swYNuQ-07:00:00,SYN_104723,103,07:30:29,07:30:44,0
ZBtB-FXg8HG9MZ8swYNuQ-07:00:00,SYN_104724,104,07:30:05,07:30:20,0
ZBtB-FXg8HG9MZ8swYNuQ-07:00:00,SYN_104725,105,07:29:40,07:29:55,0
ZBtB-FXg8HG9MZ8swYNuQ-07:00:00,SYN_104726,106,07:29:15,07:29:30,0
ZBtB-FXg8HG9MZ8swYNuQ-07:00:00,SYN_104727,107,07:28:50,07:29:05,0
ZBtB-FXg8HG9MZ8swYNuQ-07:00:00,SYN_104728,108,07:28:25,07:28:40,0
ZBtB-FXg8HG9MZ8swYNuQ-07:00:00,SYN_104729,109,07:28:00,07:28:15,0
ZBtB-FXg8HG9MZ8swYNuQ-07:00:00,SYN_104730,110,07:27:35,07:27:50,0
ZBtB-FXg8HG9MZ8swYNuQ-07:00:00,SYN_104731,111,07:27:10,07:27:25,0
ZBtB-FXg8HG9MZ8swYNuQ-07:00:00,SYN_104732,112,07:26:46,07:27:01,0
ZBtB-FXg8HG9MZ8swYNuQ-07:00:00,SYN_104733,113,07:26:21,07:26:36,0
ZBtB-FXg8HG9MZ8swYNuQ-07:00:00,SYN_104734,114,07:25:56,07:26:11,0
ZBtB-FXg8HG9MZ8swYNuQ-07:00:00,SYN_104735,115,07:25:31,07:25:46,0
ZBtB-FXg8HG9MZ8swYNuQ-07:00:00,SYN_104736,116,07:25:06,07:25:21,0
ZBtB-FXg8HG9MZ8swYNuQ-07:00:00,SYN_104737,117,07:24:41,07:24:56,0
ZBtB-FXg8HG9MZ8swYNuQ-07:00:00,SYN_104738,118,07:24:16,07:24:31,0
ZBtB-FXg8HG9MZ8swYNuQ-07:00:00,SYN_104739,119,07:23:51,07:24:06,0
ZBtB-FXg8HG9MZ8swYNuQ-07:00:00,SYN_104740,120,07:23:27,07:23:42,0
ZBtB-FXg8HG9MZ8swYNuQ-07:00:00,SYN_104741,121,07:23:02,07:23:17,0
ZBtB-FXg8HG9MZ8swYNuQ-07:00:00,SYN_104742,122,07:22:37,07:22:52,0
ZBtB-FXg8HG9MZ8swYNuQ-07:00:00,SYN_104743,123,07:22:12,07:22:27,0
ZBtB-FXg8HG9MZ8swYNuQ-07:00:00,SYN_104744,124,07:21:47,07:22:02,0
ZBtB-FXg8HG9MZ8swYNuQ-07:00:00,SYN_104745,125,07:21:22,07:21:37,0
ZBtB-FXg8HG9MZ8swYNuQ-07:00:00,SYN_104746,126,07:20:57,07:21:12,0
ZBtB-FXg8HG9MZ8swYNuQ-07:00:00,SYN_104747,127,07:20:32,07:20:47,0
ZBtB-FXg8HG9MZ8swYNuQ-07:00:00,SYN_104748,128,07:20:07,07:20:22,0
ZBtB-FXg8HG9MZ8swYNuQ-07:00:00,SYN_104749,129,07:19:43,07:19:58,0
ZBtB-FXg8HG9MZ8swYNuQ-07:00:00,SYN_104750,130,07:19:18,07:19:33,0
ZBtB-FXg8HG9MZ8swYNuQ-07:00:00,SYN_104751,131,07:18:53,07:19:08,0
ZBtB-FXg8HG9MZ8swYNuQ-07:00:00,SYN_104752,132,07:18:28,07:18:43,0
ZBtB-FXg8HG9MZ8swYNuQ-07:00:00,SYN_104753,133,07:18:03,07:18:18,0
ZBtB-FXg8HG9MZ8swYNuQ-07:00:00,SYN_104754,134,07:17:38,07:17:53,0
ZBtB-FXg8HG9MZ8swYNuQ-07:00:00,SYN_104755,135,07:17:13,07:17:28,0
ZBtB-FXg8HG9MZ8swYNuQ-07:00:00,SYN_104756,136,07:16:48,07:17:03,0
ZBtB-FXg8HG9MZ8swYNuQ-07:00:00,SYN_104757,137,07:16:24,07:16:39,0
ZBtB-FXg8HG9MZ8swYNuQ-07:00:00,SYN_104758,138,07:15:59,07:16:14,0
ZBtB-FXg8HG9MZ8swYNuQ-07:00:00,SYN_104759,139,07:15:34,07:15:49,0
ZBtB-FXg8HG9MZ8swYNuQ-07:00:00,SYN_104760,140,07:15:09,07:15:24,0
ZBtB-FXg8HG9MZ8swYNuQ-07:00:00,SYN_104761,141,07:14:44,07:14:59,0
ZBtB-FXg8HG9MZ8swYNuQ-07:00:00,SYN_104762,142,07:14:19,07:14:34,0
ZBtB-FXg8HG9MZ8swYNuQ-07:00:00,SYN_104763,143,07:13:54,07:14:09,0
ZBtB-FXg8HG9MZ8swYNuQ-07:00:00,SYN_104764,144,07:13:29,07:13:44,0
ZBtB-FXg8HG9MZ8swYNuQ-07:00:00,SYN_104765,145,07:13:05,07:13:20,0
ZBtB-FXg8HG9MZ8swYNuQ-07:00:00,SYN_104766,146,07:12:40,07:12:55,0
ZBtB-FXg8HG9MZ8swYNuQ-07:00:00,SYN_104767,147,07:12:15,07:12:30,0
ZBtB-FXg8HG9MZ8swYNuQ-07:00:00,SYN_104768,148,07:11:50,07:12:05,0
ZBtB-FXg8HG9MZ8swYNuQ-07:00:00,SYN_104769,149,07:11:25,07:11:40,0
ZBtB-FXg8HG9MZ8swYNuQ-07:00:00,SYN_104770,150,07:11:00,07:11:15,0
ZBtB-FXg8HG9MZ8swYNuQ-07:00:00,SYN_104771,151,07:10:35,07:10:50,0
ZBtB-FXg8HG9MZ8swYNuQ-07:00:00,SYN_104772,152,07:10:10,07:10:25,0
ZBtB-FXg8HG9MZ8swYNuQ-07:00:00,SYN_104773,153,07:09:46,07:10:01,0
ZBtB-FXg8HG9MZ8swYNuQ-07:00:00,SYN_104774,154,07:09:21,07:09:36,0
ZBtB-FXg8HG9MZ8swYNuQ-07:00:00,SYN_104775,155,07:08:56,07:09:11,0
ZBtB-FXg8HG9MZ8swYNuQ-07:00:00,SYN_104776,156,07:08:31,07:08:46,0
ZBtB-FXg8HG9MZ8swYNuQ-07:00:00,SYN_104777,157,07:08:06,07:08:21,0
ZBtB-FXg8HG9MZ8swYNuQ-07:00:00,SYN_104778,158,07:07:41,07:07:56,0
ZBtB-FXg8HG9MZ8swYNuQ-07:00:00,SYN_104779,159,07:07:16,07:07:31,0
ZBtB-FXg8HG9MZ8swYNuQ-07:00:00,SYN_104780,160,07:06:51,07:07:06,0
ZBtB-FXg8HG9MZ8swYNuQ-07:00:00,SYN_104781,161,07:06:27,07:06:42,0
ZBtB-FXg8HG9MZ8swYNuQ-07:00:00,SYN_104782,162,07:06:02,07:06:17,0
ZBtB-FXg8HG9MZ8swYNuQ-07:00:00,SYN_104783,163,07:05:37,07:05:52,0
ZBtB-FXg8HG9MZ8swYNuQ-07:00:00,SYN_104784,164,07:05:12,07:05:27,0
ZBtB-FXg8HG9MZ8swYNuQ-07:00:00,SYN_104785,165,07:04:47,07:05:02,0
ZBtB-FXg8HG9MZ8swYNuQ-07:00:00,SYN_104786,166,07:04:22,07:04:37,0
ZBtB-FXg8HG9MZ8swYNuQ-07:00:00,SYN_104787,167,07:03:57,07:04:12,0
ZBtB-FXg8HG9MZ8swYNuQ-07:00:00,SYN_104788,168,07:03:32,07:03:47,0
ZBtB-FXg8HG9MZ8swYNuQ-07:00:00,SYN_104789,169,07:03:08,07:03:23,0
ZBtB-FXg8HG9MZ8swYNuQ-07:00:00,SYN_104790,170,07:02:43,07:02:58,0
ZBtB-FXg8HG9MZ8swYNuQ-07:00:00,SYN_104791,171,07:02:18,07:02:33,0
ZBtB-FXg8HG9MZ8swYNuQ-07:00:00,SYN_104792,172,07:01:53,07:02:08,0
ZBtB-FXg8HG9MZ8swYNuQ-07:00:00,SYN_104793,173,07:01:28,07:01:43,0
ZBtB-FXg8HG9MZ8swYNuQ-07:00:00,SYN_104794,174,07:01:03,07:01:18,0
ZBtB-FXg8HG9MZ8swYNuQ-07:00:00,SYN_104795,175,07:00:38,07:00:53,0
ZBtB-FXg8HG9MZ8swYNuQ-07:00:00,SYN_104796,176,07:00:13,07:00:28,0
lMQXKFc6iKvul6yn9yxiz-07:00:00,SYN_104798,0,07:00:08,07:00:23,0
lMQXKFc6iKvul6yn9yxiz-07:00:00,SYN_104799,1,07:00:30,07:00:45,0
lMQXKFc6iKvul6yn9yxiz-07:00:00,SYN_104800,2,07:00:51,07:01:06,0
lMQXKFc6iKvul6yn9yxiz-07:00:00,SYN_104801,3,07:01:12,07:01:27,0
lMQXKFc6iKvul6yn9yxiz-07:00:00,SYN_104802,4,07:01:34,07:01:49,0
lMQXKFc6iKvul6yn9yxiz-07:00:00,SYN_104803,5,07:01:55,07:02:10,0
lMQXKFc6iKvul6yn9yxiz-07:00:00,SYN_104804,6,07:02:17,07:02:32,0
lMQXKFc6iKvul6yn9yxiz-07:00:00,SYN_104805,7,07:02:38,07:02:53,0
lMQXKFc6iKvul6yn9yxiz-07:00:00,SYN_104806,8,07:03:06,07:03:21,0
lMQXKFc6iKvul6yn9yxiz-07:00:00,SYN_104807,9,07:03:42,07:03:57,0
lMQXKFc6iKvul6yn9yxiz-07:00:00,SYN_104808,10,07:04:02,07:04:17,0
lMQXKFc6iKvul6yn9yxiz-07:00:00,SYN_104809,11,07:04:22,07:04:37,0
lMQXKFc6iKvul6yn9yxiz-07:00:00,SYN_104810,12,07:04:42,07:04:57,0
lMQXKFc6iKvul6yn9yxiz-07:00:00,SYN_104811,13,07:05:03,07:05:18,0
lMQXKFc6iKvul6yn9yxiz-07:00:00,SYN_104812,14,07:05:23,07:05:38,0
lMQXKFc6iKvul6yn9yxiz-07:00:00,SYN_104813,15,07:05:43,07:05:58,0
lMQXKFc6iKvul6yn9yxiz-07:00:00,SYN_104814,16,07:06:03,07:06:18,0
lMQXKFc6iKvul6yn9yxiz-07:00:00,SYN_104815,17,07:06:23,07:06:38,0
lMQXKFc6iKvul6yn9yxiz-07:00:00,SYN_104816,18,07:06:43,07:06:58,0
lMQXKFc6iKvul6yn9yxiz-07:00:00,SYN_104817,19,07:07:03,07:07:18,0
lMQXKFc6iKvul6yn9yxiz-07:00:00,SYN_104818,20,07:07:23,07:07:38,0
lMQXKFc6iKvul6yn9yxiz-07:00:00,SYN_104819,21,07:07:43,07:07:58,0
lMQXKFc6iKvul6yn9yxiz-07:00:00,SYN_104820,22,07:08:03,07:08:18,0
lMQXKFc6iKvul6yn9yxiz-07:00:00,SYN_104821,23,07:08:23,07:08:38,0
lMQXKFc6iKvul6yn9yxiz-07:00:00,SYN_104822,24,07:08:43,07:08:58,0
lMQXKFc6iKvul6yn9yxiz-07:00:00,SYN_104823,25,07:09:04,07:09:19,0
lMQXKFc6iKvul6yn9yxiz-07:00:00,SYN_104824,26,07:09:24,07:09:39,0
lMQXKFc6iKvul6yn9yxiz-07:00:00,SYN_104825,27,07:09:44,07:09:59,0
lMQXKFc6iKvul6yn9yxiz-07:00:00,SYN_104826,28,07:10:04,07:10:19,0
lMQXKFc6iKvul6yn9yxiz-07:00:00,SYN_104827,29,07:10:24,07:10:39,0
lMQXKFc6iKvul6yn9yxiz-07:00:00,SYN_104828,30,07:10:44,07:10:59,0
lMQXKFc6iKvul6yn9yxiz-07:00:00,SYN_104829,31,07:11:04,07:11:19,0
lMQXKFc6iKvul6yn9yxiz-07:00:00,SYN_104830,32,07:11:24,07:11:39,0
lMQXKFc6iKvul6yn9yxiz-07:00:00,SYN_104831,33,07:11:44,07:11:59,0
lMQXKFc6iKvul6yn9yxiz-07:00:00,SYN_104832,34,07:12:05,07:12:20,0
lMQXKFc6iKvul6yn9yxiz-07:00:00,SYN_104833,35,07:12:39,07:12:54,0
lMQXKFc6iKvul6yn9yxiz-07:00:00,SYN_104834,36,07:13:12,07:13:27,0
lMQXKFc6iKvul6yn9yxiz-07:00:00,SYN_104835,37,07:13:46,07:14:01,0
lMQXKFc6iKvul6yn9yxiz-07:00:00,SYN_104836,38,07:14:07,07:14:22,0
lMQXKFc6iKvul6yn9yxiz-07:00:00,SYN_104837,39,07:14:26,07:14:41,0
lMQXKFc6iKvul6yn9yxiz-07:00:00,SYN_104838,40,07:14:45,07:15:00,0
lMQXKFc6iKvul6yn9yxiz-07:00:00,SYN_104839,41,07:15:11,07:15:26,0
lMQXKFc6iKvul6yn9yxiz-07:00:00,SYN_104840,42,07:15:47,07:16:02,0
lMQXKFc6iKvul6yn9yxiz-07:00:00,SYN_104841,43,07:16:18,07:16:33,0
lMQXKFc6iKvul6yn9yxiz-07:00:00,SYN_104842,44,07:17:10,07:17:25,0
lMQXKFc6iKvul6yn9yxiz-07:00:00,SYN_104843,45,07:22:46,07:23:01,0
025LCvbNrkhPcZFND6SfE-07:00:00,SYN_104798,0,07:14:35,07:14:50,0
025LCvbNrkhPcZFND6SfE-07:00:00,SYN_104799,1,07:14:15,07:14:30,0
025LCvbNrkhPcZFND6SfE-07:00:00,SYN_104800,2,07:13:56,07:14:11,0
025LCvbNrkhPcZFND6SfE-07:00:00,SYN_104801,3,07:13:37,07:13:52,0
025LCvbNrkhPcZFND6SfE-07:00:00,SYN_104802,4,07:13:17,07:13:32,0
025LCvbNrkhPcZFND6SfE-07:00:00,SYN_104803,5,07:12:58,07:13:13,0
025LCvbNrkhPcZFND6SfE-07:00:00,SYN_104804,6,07:12:39,07:12:54,0
025LCvbNrkhPcZFND6SfE-07:00:00,SYN_104805,7,07:12:19,07:12:34,0
025LCvbNrkhPcZFND6SfE-07:00:00,SYN_104806,8,07:12:00,07:12:15,0
025LCvbNrkhPcZFND6SfE-07:00:00,SYN_104807,9,07:11:41,07:11:56,0
025LCvbNrkhPcZFND6SfE-07:00:00,SYN_104808,10,07:11:21,07:11:36,0
025LCvbNrkhPcZFND6SfE-07:00:00,SYN_104809,11,07:11:02,07:11:17,0
025LCvbNrkhPcZFND6SfE-07:00:00,SYN_104810,12,07:10:42,07:10:57,0
025LCvbNrkhPcZFND6SfE-07:00:00,SYN_104811,13,07:10:23,07:10:38,0
025LCvbNrkhPcZFND6SfE-07:00:00,SYN_104812,14,07:10:04,07:10:19,0
025LCvbNrkhPcZFND6SfE-07:00:00,SYN_104813,15,07:09:44,07:09:59,0
025LCvbNrkhPcZFND6SfE-07:00:00,SYN_104814,16,07:09:25,07:09:40,0
025LCvbNrkhPcZFND6SfE-07:00:00,SYN_104815,17,07:09:06,07:09:21,0
025LCvbNrkhPcZFND6SfE-07:00:00,SYN_104816,18,07:08:46,07:09:01,0
025LCvbNrkhPcZFND6SfE-07:00:00,SYN_104817,19,07:08:27,07:08:42,0
025LCvbNrkhPcZFND6SfE-07:00:00,SYN_104818,20,07:08:08,07:08:23,0
025LCvbNrkhPcZFND6SfE-07:00:00,SYN_104819,21,07:07:48,07:08:03,0
025LCvbNrkhPcZFND6SfE-07:00:00,SYN_104820,22,07:07:29,07:07:44,0
025LCvbNrkhPcZFND6SfE-07:00:00,SYN_104821,23,07:07:10,07:07:25,0
025LCvbNrkhPcZFND6SfE-07:00:00,SYN_104822,24,07:06:50,07:07:05,0
025LCvbNrkhPcZFND6SfE-07:00:00,SYN_104823,25,07:06:31,07:06:46,0
025LCvbNrkhPcZFND6SfE-07:00:00,SYN_104824,26,07:06:12,07:06:27,0
025LCvbNrkhPcZFND6SfE-07:00:00,SYN_104825,27,07:05:52,07:06:07,0
025LCvbNrkhPcZFND6SfE-07:00:00,SYN_104826,28,07:05:33,07:05:48,0
025LCvbNrkhPcZFND6SfE-07:00:00,SYN_104827,29,07:05:14,07:05:29,0
025LCvbNrkhPcZFND6SfE-07:00:00,SYN_104828,30,07:04:54,07:05:09,0
025LCvbNrkhPcZFND6SfE-07:00:00,SYN_104829,31,07:04:35,07:04:50,0
025LCvbNrkhPcZFND6SfE-07:00:00,SYN_104830,32,07:04:15,07:04:30,0
025LCvbNrkhPcZFND6SfE-07:00:00,SYN_104831,33,07:03:56,07:04:11,0
025LCvbNrkhPcZFND6SfE-07:00:00,SYN_104832,34,07:03:37,07:03:52,0
025LCvbNrkhPcZFND6SfE-07:00:00,SYN_104833,35,07:03:17,07:03:32,0
025LCvbNrkhPcZFND6SfE-07:00:00,SYN_104834,36,07:02:58,07:03:13,0
025LCvbNrkhPcZFND6SfE-07:00:00,SYN_104835,37,07:02:39,07:02:54,0
025LCvbNrkhPcZFND6SfE-07:00:00,SYN_104836,38,07:02:19,07:02:34,0
025LCvbNrkhPcZFND6SfE-07:00:00,SYN_104837,39,07:02:00,07:02:15,0
025LCvbNrkhPcZFND6SfE-07:00:00,SYN_104838,40,07:01:41,07:01:56,0
025LCvbNrkhPcZFND6SfE-07:00:00,SYN_104839,41,07:01:21,07:01:36,0
025LCvbNrkhPcZFND6SfE-07:00:00,SYN_104840,42,07:01:02,07:01:17,0
025LCvbNrkhPcZFND6SfE-07:00:00,SYN_104841,43,07:00:43,07:00:58,0
025LCvbNrkhPcZFND6SfE-07:00:00,SYN_104842,44,07:00:23,07:00:38,0
025LCvbNrkhPcZFND6SfE-07:00:00,SYN_104843,45,07:00:04,07:00:19,0
pvjC2m5XDlTvQWgPayp9C-07:00:00,SYN_104844,0,07:00:27,07:00:42,0
pvjC2m5XDlTvQWgPayp9C-07:00:00,SYN_104845,1,07:01:27,07:01:42,0
pvjC2m5XDlTvQWgPayp9C-07:00:00,SYN_104846,2,07:02:22,07:02:37,0
pvjC2m5XDlTvQWgPayp9C-07:00:00,SYN_104847,3,07:03:09,07:03:24,0
pvjC2m5XDlTvQWgPayp9C-07:00:00,SYN_104848,4,07:03:56,07:04:11,0
pvjC2m5XDlTvQWgPayp9C-07:00:00,SYN_104849,5,07:05:14,07:05:29,0
pvjC2m5XDlTvQWgPayp9C-07:00:00,SYN_104850,6,07:06:02,07:06:17,0
pvjC2m5XDlTvQWgPayp9C-07:00:00,SYN_104851,7,07:06:40,07:06:55,0
pvjC2m5XDlTvQWgPayp9C-07:00:00,SYN_104852,8,07:07:17,07:07:32,0
pvjC2m5XDlTvQWgPayp9C-07:00:00,SYN_104853,9,07:07:49,07:08:04,0
pvjC2m5XDlTvQWgPayp9C-07:00:00,SYN_104854,10,07:08:20,07:08:35,0
pvjC2m5XDlTvQWgPayp9C-07:00:00,SYN_104855,11,07:08:52,07:09:07,0
pvjC2m5XDlTvQWgPayp9C-07:00:00,SYN_104856,12,07:09:24,07:09:39,0
pvjC2m5XDlTvQWgPayp9C-07:00:00,SYN_104857,13,07:09:56,07:10:11,0
pvjC2m5XDlTvQWgPayp9C-07:00:00,SYN_104858,14,07:10:27,07:10:42,0
pvjC2m5XDlTvQWgPayp9C-07:00:00,SYN_104859,15,07:10:59,07:11:14,0
pvjC2m5XDlTvQWgPayp9C-07:00:00,SYN_104860,16,07:11:30,07:11:45,0
pvjC2m5XDlTvQWgPayp9C-07:00:00,SYN_104861,17,07:11:57,07:12:12,0
pvjC2m5XDlTvQWgPayp9C-07:00:00,SYN_104862,18,07:12:24,07:12:39,0
pvjC2m5XDlTvQWgPayp9C-07:00:00,SYN_104863,19,07:12:47,07:13:02,0
pvjC2m5XDlTvQWgPayp9C-07:00:00,SYN_104864,20,07:13:08,07:13:23,0
pvjC2m5XDlTvQWgPayp9C-07:00:00,SYN_104865,21,07:13:29,07:13:44,0
pvjC2m5XDlTvQWgPayp9C-07:00:00,SYN_104866,22,07:13:49,07:14:04,0
pvjC2m5XDlTvQWgPayp9C-07:00:00,SYN_104867,23,07:14:10,07:14:25,0
pvjC2m5XDlTvQWgPayp9C-07:00:00,SYN_104868,24,07:14:32,07:14:47,0
pvjC2m5XDlTvQWgPayp9C-07:00:00,SYN_104869,25,07:14:58,07:15:13,0
pvjC2m5XDlTvQWgPayp9C-07:00:00,SYN_104870,26,07:15:24,07:15:39,0
pvjC2m5XDlTvQWgPayp9C-07:00:00,SYN_104871,27,07:15:50,07:16:05,0
pvjC2m5XDlTvQWgPayp9C-07:00:00,SYN_104872,28,07:16:17,07:16:32,0
pvjC2m5XDlTvQWgPayp9C-07:00:00,SYN_104873,29,07:16:43,07:16:58,0
pvjC2m5XDlTvQWgPayp9C-07:00:00,SYN_104874,30,07:17:09,07:17:24,0
pvjC2m5XDlTvQWgPayp9C-07:00:00,SYN_104875,31,07:17:32,07:17:47,0
pvjC2m5XDlTvQWgPayp9C-07:00:00,SYN_104876,32,07:17:52,07:18:07,0
pvjC2m5XDlTvQWgPayp9C-07:00:00,SYN_104877,33,07:18:12,07:18:27,0
pvjC2m5XDlTvQWgPayp9C-07:00:00,SYN_104878,34,07:18:32,07:18:47,0
pvjC2m5XDlTvQWgPayp9C-07:00:00,SYN_104879,35,07:18:52,07:19:07,0
pvjC2m5XDlTvQWgPayp9C-07:00:00,SYN_104880,36,07:19:12,07:19:27,0
pvjC2m5XDlTvQWgPayp9C-07:00:00,SYN_104881,37,07:19:32,07:19:47,0
pvjC2m5XDlTvQWgPayp9C-07:00:00,SYN_104882,38,07:19:53,07:20:08,0
pvjC2m5XDlTvQWgPayp9C-07:00:00,SYN_104883,39,07:20:13,07:20:28,0
pvjC2m5XDlTvQWgPayp9C-07:00:00,SYN_104884,40,07:20:33,07:20:48,0
pvjC2m5XDlTvQWgPayp9C-07:00:00,SYN_104885,41,07:20:53,07:21:08,0
pvjC2m5XDlTvQWgPayp9C-07:00:00,SYN_104886,42,07:21:13,07:21:28,0
pvjC2m5XDlTvQWgPayp9C-07:00:00,SYN_104887,43,07:21:33,07:21:48,0
pvjC2m5XDlTvQWgPayp9C-07:00:00,SYN_104888,44,07:21:53,07:22:08,0
pvjC2m5XDlTvQWgPayp9C-07:00:00,SYN_104889,45,07:22:14,07:22:29,0
pvjC2m5XDlTvQWgPayp9C-07:00:00,SYN_104890,46,07:22:34,07:22:49,0
pvjC2m5XDlTvQWgPayp9C-07:00:00,SYN_104891,47,07:22:54,07:23:09,0
pvjC2m5XDlTvQWgPayp9C-07:00:00,SYN_104892,48,07:23:14,07:23:29,0
pvjC2m5XDlTvQWgPayp9C-07:00:00,SYN_104893,49,07:23:34,07:23:49,0
pvjC2m5XDlTvQWgPayp9C-07:00:00,SYN_104894,50,07:23:54,07:24:09,0
pvjC2m5XDlTvQWgPayp9C-07:00:00,SYN_104895,51,07:24:14,07:24:29,0
pvjC2m5XDlTvQWgPayp9C-07:00:00,SYN_104896,52,07:24:35,07:24:50,0
pvjC2m5XDlTvQWgPayp9C-07:00:00,SYN_104897,53,07:24:55,07:25:10,0
pvjC2m5XDlTvQWgPayp9C-07:00:00,SYN_104898,54,07:25:15,07:25:30,0
pvjC2m5XDlTvQWgPayp9C-07:00:00,SYN_104899,55,07:25:35,07:25:50,0
pvjC2m5XDlTvQWgPayp9C-07:00:00,SYN_104900,56,07:25:55,07:26:10,0
pvjC2m5XDlTvQWgPayp9C-07:00:00,SYN_104901,57,07:26:15,07:26:30,0
pvjC2m5XDlTvQWgPayp9C-07:00:00,SYN_104902,58,07:26:36,07:26:51,0
pvjC2m5XDlTvQWgPayp9C-07:00:00,SYN_104903,59,07:26:56,07:27:11,0
pvjC2m5XDlTvQWgPayp9C-07:00:00,SYN_104904,60,07:27:16,07:27:31,0
pvjC2m5XDlTvQWgPayp9C-07:00:00,SYN_104905,61,07:27:36,07:27:51,0
pvjC2m5XDlTvQWgPayp9C-07:00:00,SYN_104906,62,07:27:56,07:28:11,0
pvjC2m5XDlTvQWgPayp9C-07:00:00,SYN_104907,63,07:28:16,07:28:31,0
pvjC2m5XDlTvQWgPayp9C-07:00:00,SYN_104908,64,07:28:36,07:28:51,0
pvjC2m5XDlTvQWgPayp9C-07:00:00,SYN_104909,65,07:28:57,07:29:12,0
pvjC2m5XDlTvQWgPayp9C-07:00:00,SYN_104910,66,07:29:17,07:29:32,0
pvjC2m5XDlTvQWgPayp9C-07:00:00,SYN_104911,67,07:29:37,07:29:52,0
pvjC2m5XDlTvQWgPayp9C-07:00:00,SYN_104912,68,07:29:57,07:30:12,0
pvjC2m5XDlTvQWgPayp9C-07:00:00,SYN_104913,69,07:30:17,07:30:32,0
pvjC2m5XDlTvQWgPayp9C-07:00:00,SYN_104914,70,07:30:37,07:30:52,0
pvjC2m5XDlTvQWgPayp9C-07:00:00,SYN_104915,71,07:30:57,07:31:12,0
pvjC2m5XDlTvQWgPayp9C-07:00:00,SYN_104916,72,07:31:18,07:31:33,0
pvjC2m5XDlTvQWgPayp9C-07:00:00,SYN_104917,73,07:31:38,07:31:53,0
pvjC2m5XDlTvQWgPayp9C-07:00:00,SYN_104918,74,07:31:58,07:32:13,0
pvjC2m5XDlTvQWgPayp9C-07:00:00,SYN_104919,75,07:32:18,07:32:33,0
pvjC2m5XDlTvQWgPayp9C-07:00:00,SYN_104920,76,07:32:38,07:32:53,0
pvjC2m5XDlTvQWgPayp9C-07:00:00,SYN_104921,77,07:32:58,07:33:13,0
pvjC2m5XDlTvQWgPayp9C-07:00:00,SYN_104922,78,07:33:18,07:33:33,0
pvjC2m5XDlTvQWgPayp9C-07:00:00,SYN_104923,79,07:33:39,07:33:54,0
pvjC2m5XDlTvQWgPayp9C-07:00:00,SYN_104924,80,07:33:59,07:34:14,0
pvjC2m5XDlTvQWgPayp9C-07:00:00,SYN_104925,81,07:34:19,07:34:34,0
pvjC2m5XDlTvQWgPayp9C-07:00:00,SYN_104926,82,07:34:39,07:34:54,0
pvjC2m5XDlTvQWgPayp9C-07:00:00,SYN_104927,83,07:34:59,07:35:14,0
pvjC2m5XDlTvQWgPayp9C-07:00:00,SYN_104928,84,07:35:19,07:35:34,0
pvjC2m5XDlTvQWgPayp9C-07:00:00,SYN_104929,85,07:35:40,07:35:55,0
pvjC2m5XDlTvQWgPayp9C-07:00:00,SYN_104930,86,07:36:00,07:36:15,0
pvjC2m5XDlTvQWgPayp9C-07:00:00,SYN_104931,87,07:36:20,07:36:35,0
pvjC2m5XDlTvQWgPayp9C-07:00:00,SYN_104932,88,07:36:40,07:36:55,0
pvjC2m5XDlTvQWgPayp9C-07:00:00,SYN_104933,89,07:37:00,07:37:15,0
pvjC2m5XDlTvQWgPayp9C-07:00:00,SYN_104934,90,07:37:20,07:37:35,0
pvjC2m5XDlTvQWgPayp9C-07:00:00,SYN_104935,91,07:37:40,07:37:55,0
pvjC2m5XDlTvQWgPayp9C-07:00:00,SYN_104936,92,07:38:01,07:38:16,0
pvjC2m5XDlTvQWgPayp9C-07:00:00,SYN_104937,93,07:38:21,07:38:36,0
pvjC2m5XDlTvQWgPayp9C-07:00:00,SYN_104938,94,07:38:41,07:38:56,0
pvjC2m5XDlTvQWgPayp9C-07:00:00,SYN_104939,95,07:39:01,07:39:16,0
pvjC2m5XDlTvQWgPayp9C-07:00:00,SYN_104940,96,07:39:21,07:39:36,0
pvjC2m5XDlTvQWgPayp9C-07:00:00,SYN_104941,97,07:39:41,07:39:56,0
pvjC2m5XDlTvQWgPayp9C-07:00:00,SYN_104942,98,07:40:01,07:40:16,0
pvjC2m5XDlTvQWgPayp9C-07:00:00,SYN_104943,99,07:40:22,07:40:37,0
pvjC2m5XDlTvQWgPayp9C-07:00:00,SYN_104944,100,07:40:42,07:40:57,0
pvjC2m5XDlTvQWgPayp9C-07:00:00,SYN_104945,101,07:41:02,07:41:17,0
pvjC2m5XDlTvQWgPayp9C-07:00:00,SYN_104946,102,07:41:22,07:41:37,0
pvjC2m5XDlTvQWgPayp9C-07:00:00,SYN_104947,103,07:41:42,07:41:57,0
pvjC2m5XDlTvQWgPayp9C-07:00:00,SYN_104948,104,07:42:02,07:42:17,0
pvjC2m5XDlTvQWgPayp9C-07:00:00,SYN_104949,105,07:42:22,07:42:37,0
pvjC2m5XDlTvQWgPayp9C-07:00:00,SYN_104950,106,07:42:43,07:42:58,0
pvjC2m5XDlTvQWgPayp9C-07:00:00,SYN_104951,107,07:43:03,07:43:18,0
pvjC2m5XDlTvQWgPayp9C-07:00:00,SYN_104952,108,07:43:23,07:43:38,0
pvjC2m5XDlTvQWgPayp9C-07:00:00,SYN_104953,109,07:43:43,07:43:58,0
pvjC2m5XDlTvQWgPayp9C-07:00:00,SYN_104954,110,07:44:03,07:44:18,0
pvjC2m5XDlTvQWgPayp9C-07:00:00,SYN_104955,111,07:44:23,07:44:38,0
pvjC2m5XDlTvQWgPayp9C-07:00:00,SYN_104956,112,07:44:44,07:44:59,0
pvjC2m5XDlTvQWgPayp9C-07:00:00,SYN_104957,113,07:45:04,07:45:19,0
pvjC2m5XDlTvQWgPayp9C-07:00:00,SYN_104958,114,07:45:24,07:45:39,0
pvjC2m5XDlTvQWgPayp9C-07:00:00,SYN_104959,115,07:45:44,07:45:59,0
pvjC2m5XDlTvQWgPayp9C-07:00:00,SYN_104960,116,07:46:04,07:46:19,0
pvjC2m5XDlTvQWgPayp9C-07:00:00,SYN_104961,117,07:46:24,07:46:39,0
pvjC2m5XDlTvQWgPayp9C-07:00:00,SYN_104962,118,07:46:44,07:46:59,0
pvjC2m5XDlTvQWgPayp9C-07:00:00,SYN_104963,119,07:47:05,07:47:20,0
pvjC2m5XDlTvQWgPayp9C-07:00:00,SYN_104964,120,07:47:25,07:47:40,0
pvjC2m5XDlTvQWgPayp9C-07:00:00,SYN_104965,121,07:47:45,07:48:00,0
pvjC2m5XDlTvQWgPayp9C-07:00:00,SYN_104966,122,07:48:05,07:48:20,0
pvjC2m5XDlTvQWgPayp9C-07:00:00,SYN_104967,123,07:48:25,07:48:40,0
pvjC2m5XDlTvQWgPayp9C-07:00:00,SYN_104968,124,07:48:45,07:49:00,0
pvjC2m5XDlTvQWgPayp9C-07:00:00,SYN_104969,125,07:49:05,07:49:20,0
pvjC2m5XDlTvQWgPayp9C-07:00:00,SYN_104970,126,07:49:26,07:49:41,0
pvjC2m5XDlTvQWgPayp9C-07:00:00,SYN_104971,127,07:49:46,07:50:01,0
pvjC2m5XDlTvQWgPayp9C-07:00:00,SYN_104972,128,07:50:06,07:50:21,0
pvjC2m5XDlTvQWgPayp9C-07:00:00,SYN_104973,129,07:50:26,07:50:41,0
pvjC2m5XDlTvQWgPayp9C-07:00:00,SYN_104974,130,07:50:46,07:51:01,0
pvjC2m5XDlTvQWgPayp9C-07:00:00,SYN_104975,131,07:51:06,07:51:21,0
pvjC2m5XDlTvQWgPayp9C-07:00:00,SYN_104976,132,07:51:26,07:51:41,0
pvjC2m5XDlTvQWgPayp9C-07:00:00,SYN_104977,133,07:51:47,07:52:02,0
pvjC2m5XDlTvQWgPayp9C-07:00:00,SYN_104978,134,07:52:07,07:52:22,0
pvjC2m5XDlTvQWgPayp9C-07:00:00,SYN_104979,135,07:52:27,07:52:42,0
pvjC2m5XDlTvQWgPayp9C-07:00:00,SYN_104980,136,07:52:47,07:53:02,0
pvjC2m5XDlTvQWgPayp9C-07:00:00,SYN_104981,137,07:53:16,07:53:31,0
pvjC2m5XDlTvQWgPayp9C-07:00:00,SYN_104982,138,07:53:49,07:54:04,0
pvjC2m5XDlTvQWgPayp9C-07:00:00,SYN_104983,139,07:54:22,07:54:37,0
pvjC2m5XDlTvQWgPayp9C-07:00:00,SYN_104984,140,07:54:49,07:55:04,0
pvjC2m5XDlTvQWgPayp9C-07:00:00,SYN_104985,141,07:55:02,07:55:17,0
pvjC2m5XDlTvQWgPayp9C-07:00:00,SYN_104986,142,07:55:16,07:55:31,0
pvjC2m5XDlTvQWgPayp9C-07:00:00,SYN_104987,143,07:55:29,07:55:44,0
pvjC2m5XDlTvQWgPayp9C-07:00:00,SYN_104988,144,07:55:43,07:55:58,0
pvjC2m5XDlTvQWgPayp9C-07:00:00,SYN_104989,145,07:56:56,07:57:11,0
pvjC2m5XDlTvQWgPayp9C-07:00:00,SYN_104990,146,07:57:26,07:57:41,0
pvjC2m5XDlTvQWgPayp9C-07:00:00,SYN_104991,147,08:02:31,08:02:46,0
znJ4UDxPXmPvAbkcg1zot-07:00:00,SYN_104844,0,07:45:59,07:46:14,0
znJ4UDxPXmPvAbkcg1zot-07:00:00,SYN_104845,1,07:45:40,07:45:55,0
znJ4UDxPXmPvAbkcg1zot-07:00:00,SYN_104846,2,07:45:21,07:45:36,0
znJ4UDxPXmPvAbkcg1zot-07:00:00,SYN_104847,3,07:45:03,07:45:18,0
znJ4UDxPXmPvAbkcg1zot-07:00:00,SYN_104848,4,07:44:44,07:44:59,0
znJ4UDxPXmPvAbkcg1zot-07:00:00,SYN_104849,5,07:44:25,07:44:40,0
znJ4UDxPXmPvAbkcg1zot-07:00:00,SYN_104850,6,07:44:06,07:44:21,0
znJ4UDxPXmPvAbkcg1zot-07:00:00,SYN_104851,7,07:43:48,07:44:03,0
znJ4UDxPXmPvAbkcg1zot-07:00:00,SYN_104852,8,07:43:29,07:43:44,0
znJ4UDxPXmPvAbkcg1zot-07:00:00,SYN_104853,9,07:43:10,07:43:25,0
znJ4UDxPXmPvAbkcg1zot-07:00:00,SYN_104854,10,07:42:51,07:43:06,0
znJ4UDxPXmPvAbkcg1zot-07:00:00,SYN_104855,11,07:42:33,07:42:48,0
znJ4UDxPXmPvAbkcg1zot-07:00:00,SYN_104856,12,07:42:14,07:42:29,0
znJ4UDxPXmPvAbkcg1zot-07:00:00,SYN_104857,13,07:41:55,07:42:10,0
znJ4UDxPXmPvAbkcg1zot-07:00:00,SYN_104858,14,07:41:37,07:41:52,0
znJ4UDxPXmPvAbkcg1zot-07:00:00,SYN_104859,15,07:41:18,07:41:33,0
znJ4UDxPXmPvAbkcg1zot-07:00:00,SYN_104860,16,07:40:59,07:41:14,0
znJ4UDxPXmPvAbkcg1zot-07:00:00,SYN_104861,17,07:40:40,07:40:55,0
znJ4UDxPXmPvAbkcg1zot-07:00:00,SYN_104862,18,07:40:22,07:40:37,0
znJ4UDxPXmPvAbkcg1zot-07:00:00,SYN_104863,19,07:40:03,07:40:18,0
znJ4UDxPXmPvAbkcg1zot-07:00:00,SYN_104864,20,07:39:44,07:39:59,0
znJ4UDxPXmPvAbkcg1zot-07:00:00,SYN_104865,21,07:39:25,07:39:40,0
znJ4UDxPXmPvAbkcg1zot-07:00:00,SYN_104866,22,07:39:07,07:39:22,0
znJ4UDxPXmPvAbkcg1zot-07:00:00,SYN_104867,23,07:38:48,07:39:03,0
znJ4UDxPXmPvAbkcg1zot-07:00:00,SYN_104868,24,07:38:29,07:38:44,0
znJ4UDxPXmPvAbkcg1zot-07:00:00,SYN_104869,25,07:38:10,07:38:25,0
znJ4UDxPXmPvAbkcg1zot-07:00:00,SYN_104870,26,07:37:52,07:38:07,0
znJ4UDxPXmPvAbkcg1zot-07:00:00,SYN_104871,27,07:37:33,07:37:48,0
znJ4UDxPXmPvAbkcg1zot-07:00:00,SYN_104872,28,07:37:14,07:37:29,0
znJ4UDxPXmPvAbkcg1zot-07:00:00,SYN_104873,29,07:36:56,07:37:11,0
znJ4UDxPXmPvAbkcg1zot-07:00:00,SYN_104874,30,07:36:37,07:36:52,0
znJ4UDxPXmPvAbkcg1zot-07:00:00,SYN_104875,31,07:36:18,07:36:33,0
znJ4UDxPXmPvAbkcg1zot-07:00:00,SYN_104876,32,07:35:59,07:36:14,0
znJ4UDxPXmPvAbkcg1zot-07:00:00,SYN_104877,33,07:35:41,07:35:56,0
znJ4UDxPXmPvAbkcg1zot-07:00:00,SYN_104878,34,07:35:22,07:35:37,0
znJ4UDxPXmPvAbkcg1zot-07:00:00,SYN_104879,35,07:35:03,07:35:18,0
znJ4UDxPXmPvAbkcg1zot-07:00:00,SYN_104880,36,07:34:44,07:34:59,0
znJ4UDxPXmPvAbkcg1zot-07:00:00,SYN_104881,37,07:34:26,07:34:41,0
znJ4UDxPXmPvAbkcg1zot-07:00:00,SYN_104882,38,07:34:07,07:34:22,0
znJ4UDxPXmPvAbkcg1zot-07:00:00,SYN_104883,39,07:33:48,07:34:03,0
znJ4UDxPXmPvAbkcg1zot-07:00:00,SYN_104884,40,07:33:29,07:33:44,0
znJ4UDxPXmPvAbkcg1zot-07:00:00,SYN_104885,41,07:33:11,07:33:26,0
znJ4UDxPXmPvAbkcg1zot-07:00:00,SYN_104886,42,07:32:52,07:33:07,0
znJ4UDxPXmPvAbkcg1zot-07:00:00,SYN_104887,43,07:32:33,07:32:48,0
znJ4UDxPXmPvAbkcg1zot-07:00:00,SYN_104888,44,07:32:15,07:32:30,0
znJ4UDxPXmPvAbkcg1zot-07:00:00,SYN_104889,45,07:31:56,07:32:11,0
znJ4UDxPXmPvAbkcg1zot-07:00:00,SYN_104890,46,07:31:37,07:31:52,0
znJ4UDxPXmPvAbkcg1zot-07:00:00,SYN_104891,47,07:31:18,07:31:33,0
znJ4UDxPXmPvAbkcg1zot-07:00:00,SYN_104892,48,07:31:00,07:31:15,0
znJ4UDxPXmPvAbkcg1zot-07:00:00,SYN_104893,49,07:30:41,07:30:56,0
znJ4UDxPXmPvAbkcg1zot-07:00:00,SYN_104894,50,07:30:22,07:30:37,0
znJ4UDxPXmPvAbkcg1zot-07:00:00,SYN_104895,51,07:30:03,07:30:18,0
znJ4UDxPXmPvAbkcg1zot-07:00:00,SYN_104896,52,07:29:45,07:30:00,0
znJ4UDxPXmPvAbkcg1zot-07:00:00,SYN_104897,53,07:29:26,07:29:41,0
znJ4UDxPXmPvAbkcg1zot-07:00:00,SYN_104898,54,07:29:07,07:29:22,0
znJ4UDxPXmPvAbkcg1zot-07:00:00,SYN_104899,55,07:28:48,07:29:03,0
znJ4UDxPXmPvAbkcg1zot-07:00:00,SYN_104900,56,07:28:30,07:28:45,0
znJ4UDxPXmPvAbkcg1zot-07:00:00,SYN_104901,57,07:28:11,07:28:26,0
znJ4UDxPXmPvAbkcg1zot-07:00:00,SYN_104902,58,07:27:52,07:28:07,0
znJ4UDxPXmPvAbkcg1zot-07:00:00,SYN_104903,59,07:27:34,07:27:49,0
znJ4UDxPXmPvAbkcg1zot-07:00:00,SYN_104904,60,07:27:15,07:27:30,0
znJ4UDxPXmPvAbkcg1zot-07:00:00,SYN_104905,61,07:26:56,07:27:11,0
znJ4UDxPXmPvAbkcg1zot-07:00:00,SYN_104906,62,07:26:37,07:26:52,0
znJ4UDxPXmPvAbkcg1zot-07:00:00,SYN_104907,63,07:26:19,07:26:34,0
znJ4UDxPXmPvAbkcg1zot-07:00:00,SYN_104908,64,07:26:00,07:26:15,0
znJ4UDxPXmPvAbkcg1zot-07:00:00,SYN_104909,65,07:25:41,07:25:56,0
znJ4UDxPXmPvAbkcg1zot-07:00:00,SYN_104910,66,07:25:22,07:25:37,0
znJ4UDxPXmPvAbkcg1zot-07:00:00,SYN_104911,67,07:25:04,07:25:19,0
znJ4UDxPXmPvAbkcg1zot-07:00:00,SYN_104912,68,07:24:45,07:25:00,0
znJ4UDxPXmPvAbkcg1zot-07:00:00,SYN_104913,69,07:24:26,07:24:41,0
znJ4UDxPXmPvAbkcg1zot-07:00:00,SYN_104914,70,07:24:07,07:24:22,0
znJ4UDxPXmPvAbkcg1zot-07:00:00,SYN_104915,71,07:23:49,07:24:04,0
znJ4UDxPXmPvAbkcg1zot-07:00:00,SYN_104916,72,07:23:30,07:23:45,0
znJ4UDxPXmPvAbkcg1zot-07:00:00,SYN_104917,73,07:23:11,07:23:26,0
znJ4UDxPXmPvAbkcg1zot-07:00:00,SYN_104918,74,07:22:53,07:23:08,0
znJ4UDxPXmPvAbkcg1zot-07:00:00,SYN_104919,75,07:22:34,07:22:49,0
znJ4UDxPXmPvAbkcg1zot-07:00:00,SYN_104920,76,07:22:15,07:22:30,0
znJ4UDxPXmPvAbkcg1zot-07:00:00,SYN_104921,77,07:21:56,07:22:11,0
znJ4UDxPXmPvAbkcg1zot-07:00:00,SYN_104922,78,07:21:38,07:21:53,0
znJ4UDxPXmPvAbkcg1zot-07:00:00,SYN_104923,79,07:21:19,07:21:34,0
znJ4UDxPXmPvAbkcg1zot-07:00:00,SYN_104924,80,07:21:00,07:21:15,0
znJ4UDxPXmPvAbkcg1zot-07:00:00,SYN_104925,81,07:20:41,07:20:56,0
znJ4UDxPXmPvAbkcg1zot-07:00:00,SYN_104926,82,07:20:23,07:20:38,0
znJ4UDxPXmPvAbkcg1zot-07:00:00,SYN_104927,83,07:20:04,07:20:19,0
znJ4UDxPXmPvAbkcg1zot-07:00:00,SYN_104928,84,07:19:45,07:20:00,0
znJ4UDxPXmPvAbkcg1zot-07:00:00,SYN_104929,85,07:19:27,07:19:42,0
znJ4UDxPXmPvAbkcg1zot-07:00:00,SYN_104930,86,07:19:08,07:19:23,0
znJ4UDxPXmPvAbkcg1zot-07:00:00,SYN_104931,87,07:18:49,07:19:04,0
znJ4UDxPXmPvAbkcg1zot-07:00:00,SYN_104932,88,07:18:30,07:18:45,0
znJ4UDxPXmPvAbkcg1zot-07:00:00,SYN_104933,89,07:18:12,07:18:27,0
znJ4UDxPXmPvAbkcg1zot-07:00:00,SYN_104934,90,07:17:53,07:18:08,0
znJ4UDxPXmPvAbkcg1zot-07:00:00,SYN_104935,91,07:17:34,07:17:49,0
znJ4UDxPXmPvAbkcg1zot-07:00:00,SYN_104936,92,07:17:15,07:17:30,0
znJ4UDxPXmPvAbkcg1zot-07:00:00,SYN_104937,93,07:16:57,07:17:12,0
znJ4UDxPXmPvAbkcg1zot-07:00:00,SYN_104938,94,07:16:38,07:16:53,0
znJ4UDxPXmPvAbkcg1zot-07:00:00,SYN_104939,95,07:16:19,07:16:34,0
znJ4UDxPXmPvAbkcg1zot-07:00:00,SYN_104940,96,07:16:00,07:16:15,0
znJ4UDxPXmPvAbkcg1zot-07:00:00,SYN_104941,97,07:15:42,07:15:57,0
znJ4UDxPXmPvAbkcg1zot-07:00:00,SYN_104942,98,07:15:23,07:15:38,0
znJ4UDxPXmPvAbkcg1zot-07:00:00,SYN_104943,99,07:15:04,07:15:19,0
znJ4UDxPXmPvAbkcg1zot-07:00:00,SYN_104944,100,07:14:46,07:15:01,0
znJ4UDxPXmPvAbkcg1zot-07:00:00,SYN_104945,101,07:14:27,07:14:42,0
znJ4UDxPXmPvAbkcg1zot-07:00:00,SYN_104946,102,07:14:08,07:14:23,0
znJ4UDxPXmPvAbkcg1zot-07:00:00,SYN_104947,103,07:13:49,07:14:04,0
znJ4UDxPXmPvAbkcg1zot-07:00:00,SYN_104948,104,07:13:31,07:13:46,0
znJ4UDxPXmPvAbkcg1zot-07:00:00,SYN_104949,105,07:13:12,07:13:27,0
znJ4UDxPXmPvAbkcg1zot-07:00:00,SYN_104950,106,07:12:53,07:13:08,0
znJ4UDxPXmPvAbkcg1zot-07:00:00,SYN_104951,107,07:12:34,07:12:49,0
znJ4UDxPXmPvAbkcg1zot-07:00:00,SYN_104952,108,07:12:16,07:12:31,0
znJ4UDxPXmPvAbkcg1zot-07:00:00,SYN_104953,109,07:11:57,07:12:12,0
znJ4UDxPXmPvAbkcg1zot-07:00:00,SYN_104954,110,07:11:38,07:11:53,0
znJ4UDxPXmPvAbkcg1zot-07:00:00,SYN_104955,111,07:11:19,07:11:34,0
znJ4UDxPXmPvAbkcg1zot-07:00:00,SYN_104956,112,07:11:01,07:11:16,0
znJ4UDxPXmPvAbkcg1zot-07:00:00,SYN_104957,113,07:10:42,07:10:57,0
znJ4UDxPXmPvAbkcg1zot-07:00:00,SYN_104958,114,07:10:23,07:10:38,0
znJ4UDxPXmPvAbkcg1zot-07:00:00,SYN_104959,115,07:10:05,07:10:20,0
znJ4UDxPXmPvAbkcg1zot-07:00:00,SYN_104960,116,07:09:46,07:10:01,0
znJ4UDxPXmPvAbkcg1zot-07:00:00,SYN_104961,117,07:09:27,07:09:42,0
znJ4UDxPXmPvAbkcg1zot-07:00:00,SYN_104962,118,07:09:08,07:09:23,0
znJ4UDxPXmPvAbkcg1zot-07:00:00,SYN_104963,119,07:08:50,07:09:05,0
znJ4UDxPXmPvAbkcg1zot-07:00:00,SYN_104964,120,07:08:31,07:08:46,0
znJ4UDxPXmPvAbkcg1zot-07:00:00,SYN_104965,121,07:08:12,07:08:27,0
znJ4UDxPXmPvAbkcg1zot-07:00:00,SYN_104966,122,07:07:53,07:08:08,0
znJ4UDxPXmPvAbkcg1zot-07:00:00,SYN_104967,123,07:07:35,07:07:50,0
znJ4UDxPXmPvAbkcg1zot-07:00:00,SYN_104968,124,07:07:16,07:07:31,0
znJ4UDxPXmPvAbkcg1zot-07:00:00,SYN_104969,125,07:06:57,07:07:12,0
znJ4UDxPXmPvAbkcg1zot-07:00:00,SYN_104970,126,07:06:38,07:06:53,0
znJ4UDxPXmPvAbkcg1zot-07:00:00,SYN_104971,127,07:06:20,07:06:35,0
znJ4UDxPXmPvAbkcg1zot-07:00:00,SYN_104972,128,07:06:01,07:06:16,0
znJ4UDxPXmPvAbkcg1zot-07:00:00,SYN_104973,129,07:05:42,07:05:57,0
znJ4UDxPXmPvAbkcg1zot-07:00:00,SYN_104974,130,07:05:24,07:05:39,0
znJ4UDxPXmPvAbkcg1zot-07:00:00,SYN_104975,131,07:05:05,07:05:20,0
znJ4UDxPXmPvAbkcg1zot-07:00:00,SYN_104976,132,07:04:46,07:05:01,0
znJ4UDxPXmPvAbkcg1zot-07:00:00,SYN_104977,133,07:04:27,07:04:42,0
znJ4UDxPXmPvAbkcg1zot-07:00:00,SYN_104978,134,07:04:09,07:04:24,0
znJ4UDxPXmPvAbkcg1zot-07:00:00,SYN_104979,135,07:03:50,07:04:05,0
znJ4UDxPXmPvAbkcg1zot-07:00:00,SYN_104980,136,07:03:31,07:03:46,0
znJ4UDxPXmPvAbkcg1zot-07:00:00,SYN_104981,137,07:03:12,07:03:27,0
znJ4UDxPXmPvAbkcg1zot-07:00:00,SYN_104982,138,07:02:54,07:03:09,0
znJ4UDxPXmPvAbkcg1zot-07:00:00,SYN_104983,139,07:02:35,07:02:50,0
znJ4UDxPXmPvAbkcg1zot-07:00:00,SYN_104984,140,07:02:16,07:02:31,0
znJ4UDxPXmPvAbkcg1zot-07:00:00,SYN_104985,141,07:01:57,07:02:12,0
znJ4UDxPXmPvAbkcg1zot-07:00:00,SYN_104986,142,07:01:39,07:01:54,0
znJ4UDxPXmPvAbkcg1zot-07:00:00,SYN_104987,143,07:01:20,07:01:35,0
znJ4UDxPXmPvAbkcg1zot-07:00:00,SYN_104988,144,07:01:01,07:01:16,0
znJ4UDxPXmPvAbkcg1zot-07:00:00,SYN_104989,145,07:00:43,07:00:58,0
znJ4UDxPXmPvAbkcg1zot-07:00:00,SYN_104990,146,07:00:24,07:00:39,0
znJ4UDxPXmPvAbkcg1zot-07:00:00,SYN_104991,147,07:00:05,07:00:20,0
d84WDadbu5AjbQpkTV2r4-07:00:00,SYN_104992,0,07:00:29,07:00:44,0
d84WDadbu5AjbQpkTV2r4-07:00:00,SYN_104993,1,07:00:59,07:01:14,0
d84WDadbu5AjbQpkTV2r4-07:00:00,SYN_104994,2,07:01:39,07:01:54,0
d84WDadbu5AjbQpkTV2r4-07:00:00,SYN_104995,3,07:02:21,07:02:36,0
d84WDadbu5AjbQpkTV2r4-07:00:00,SYN_104996,4,07:03:00,07:03:15,0
d84WDadbu5AjbQpkTV2r4-07:00:00,SYN_104997,5,07:03:51,07:04:06,0
d84WDadbu5AjbQpkTV2r4-07:00:00,SYN_104998,6,07:04:43,07:04:58,0
d84WDadbu5AjbQpkTV2r4-07:00:00,SYN_104999,7,07:05:35,07:05:50,0
d84WDadbu5AjbQpkTV2r4-07:00:00,SYN_105000,8,07:06:07,07:06:22,0
d84WDadbu5AjbQpkTV2r4-07:00:00,SYN_105001,9,07:06:29,07:06:44,0
d84WDadbu5AjbQpkTV2r4-07:00:00,SYN_105002,10,07:06:54,07:07:09,0
d84WDadbu5AjbQpkTV2r4-07:00:00,SYN_105003,11,07:07:25,07:07:40,0
d84WDadbu5AjbQpkTV2r4-07:00:00,SYN_105004,12,07:07:56,07:08:11,0
d84WDadbu5AjbQpkTV2r4-07:00:00,SYN_105005,13,07:08:28,07:08:43,0
d84WDadbu5AjbQpkTV2r4-07:00:00,SYN_105006,14,07:09:04,07:09:19,0
d84WDadbu5AjbQpkTV2r4-07:00:00,SYN_105007,15,07:09:34,07:09:49,0
d84WDadbu5AjbQpkTV2r4-07:00:00,SYN_105008,16,07:10:06,07:10:21,0
d84WDadbu5AjbQpkTV2r4-07:00:00,SYN_105009,17,07:10:57,07:11:12,0
d84WDadbu5AjbQpkTV2r4-07:00:00,SYN_105010,18,07:11:47,07:12:02,0
d84WDadbu5AjbQpkTV2r4-07:00:00,SYN_105011,19,07:12:37,07:12:52,0
d84WDadbu5AjbQpkTV2r4-07:00:00,SYN_105012,20,07:13:26,07:13:41,0
d84WDadbu5AjbQpkTV2r4-07:00:00,SYN_105013,21,07:14:04,07:14:19,0
d84WDadbu5AjbQpkTV2r4-07:00:00,SYN_105014,22,07:14:36,07:14:51,0
d84WDadbu5AjbQpkTV2r4-07:00:00,SYN_105015,23,07:15:11,07:15:26,0
d84WDadbu5AjbQpkTV2r4-07:00:00,SYN_105016,24,07:16:01,07:16:16,0
d84WDadbu5AjbQpkTV2r4-07:00:00,SYN_105017,25,07:16:40,07:16:55,0
d84WDadbu5AjbQpkTV2r4-07:00:00,SYN_105018,26,07:17:10,07:17:25,0
d84WDadbu5AjbQpkTV2r4-07:00:00,SYN_105019,27,07:17:33,07:17:48,0
d84WDadbu5AjbQpkTV2r4-07:00:00,SYN_105020,28,07:17:52,07:18:07,0
d84WDadbu5AjbQpkTV2r4-07:00:00,SYN_105021,29,07:18:10,07:18:25,0
d84WDadbu5AjbQpkTV2r4-07:00:00,SYN_105022,30,07:18:28,07:18:43,0
d84WDadbu5AjbQpkTV2r4-07:00:00,SYN_105023,31,07:18:46,07:19:01,0
d84WDadbu5AjbQpkTV2r4-07:00:00,SYN_105024,32,07:19:05,07:19:20,0
d84WDadbu5AjbQpkTV2r4-07:00:00,SYN_105025,33,07:19:23,07:19:38,0
d84WDadbu5AjbQpkTV2r4-07:00:00,SYN_105026,34,07:19:41,07:19:56,0
d84WDadbu5AjbQpkTV2r4-07:00:00,SYN_105027,35,07:20:07,07:20:22,0
d84WDadbu5AjbQpkTV2r4-07:00:00,SYN_105028,36,07:20:32,07:20:47,0
d84WDadbu5AjbQpkTV2r4-07:00:00,SYN_105029,37,07:20:58,07:21:13,0
d84WDadbu5AjbQpkTV2r4-07:00:00,SYN_105030,38,07:21:25,07:21:40,0
d84WDadbu5AjbQpkTV2r4-07:00:00,SYN_105031,39,07:21:54,07:22:09,0
d84WDadbu5AjbQpkTV2r4-07:00:00,SYN_105032,40,07:22:23,07:22:38,0
d84WDadbu5AjbQpkTV2r4-07:00:00,SYN_105033,41,07:22:51,07:23:06,0
d84WDadbu5AjbQpkTV2r4-07:00:00,SYN_105034,42,07:23:16,07:23:31,0
d84WDadbu5AjbQpkTV2r4-07:00:00,SYN_105035,43,07:23:40,07:23:55,0
d84WDadbu5AjbQpkTV2r4-07:00:00,SYN_105036,44,07:24:10,07:24:25,0
d84WDadbu5AjbQpkTV2r4-07:00:00,SYN_105037,45,07:24:42,07:24:57,0
d84WDadbu5AjbQpkTV2r4-07:00:00,SYN_105038,46,07:25:10,07:25:25,0
d84WDadbu5AjbQpkTV2r4-07:00:00,SYN_105039,47,07:25:33,07:25:48,0
d84WDadbu5AjbQpkTV2r4-07:00:00,SYN_105040,48,07:25:56,07:26:11,0
d84WDadbu5AjbQpkTV2r4-07:00:00,SYN_105041,49,07:26:19,07:26:34,0
d84WDadbu5AjbQpkTV2r4-07:00:00,SYN_105042,50,07:26:42,07:26:57,0
d84WDadbu5AjbQpkTV2r4-07:00:00,SYN_105043,51,07:27:05,07:27:20,0
d84WDadbu5AjbQpkTV2r4-07:00:00,SYN_105044,52,07:27:38,07:27:53,0
d84WDadbu5AjbQpkTV2r4-07:00:00,SYN_105045,53,07:28:05,07:28:20,0
d84WDadbu5AjbQpkTV2r4-07:00:00,SYN_105046,54,07:28:21,07:28:36,0
d84WDadbu5AjbQpkTV2r4-07:00:00,SYN_105047,55,07:28:38,07:28:53,0
d84WDadbu5AjbQpkTV2r4-07:00:00,SYN_105048,56,07:28:54,07:29:09,0
d84WDadbu5AjbQpkTV2r4-07:00:00,SYN_105049,57,07:29:11,07:29:26,0
d84WDadbu5AjbQpkTV2r4-07:00:00,SYN_105050,58,07:29:28,07:29:43,0
d84WDadbu5AjbQpkTV2r4-07:00:00,SYN_105051,59,07:29:46,07:30:01,0
d84WDadbu5AjbQpkTV2r4-07:00:00,SYN_105052,60,07:30:04,07:30:19,0
d84WDadbu5AjbQpkTV2r4-07:00:00,SYN_105053,61,07:30:21,07:30:36,0
d84WDadbu5AjbQpkTV2r4-07:00:00,SYN_105054,62,07:30:42,07:30:57,0
d84WDadbu5AjbQpkTV2r4-07:00:00,SYN_105055,63,07:31:04,07:31:19,0
d84WDadbu5AjbQpkTV2r4-07:00:00,SYN_105056,64,07:31:25,07:31:40,0
d84WDadbu5AjbQpkTV2r4-07:00:00,SYN_105057,65,07:31:52,07:32:07,0
d84WDadbu5AjbQpkTV2r4-07:00:00,SYN_105058,66,07:32:28,07:32:43,0
d84WDadbu5AjbQpkTV2r4-07:00:00,SYN_105059,67,07:32:58,07:33:13,0
d84WDadbu5AjbQpkTV2r4-07:00:00,SYN_105060,68,07:33:29,07:33:44,0
d84WDadbu5AjbQpkTV2r4-07:00:00,SYN_105061,69,07:33:59,07:34:14,0
d84WDadbu5AjbQpkTV2r4-07:00:00,SYN_105062,70,07:34:33,07:34:48,0
d84WDadbu5AjbQpkTV2r4-07:00:00,SYN_105063,71,07:35:21,07:35:36,0
d84WDadbu5AjbQpkTV2r4-07:00:00,SYN_105064,72,07:35:48,07:36:03,0
d84WDadbu5AjbQpkTV2r4-07:00:00,SYN_105065,73,07:36:14,07:36:29,0
d84WDadbu5AjbQpkTV2r4-07:00:00,SYN_105066,74,07:37:03,07:37:18,0
d84WDadbu5AjbQpkTV2r4-07:00:00,SYN_105067,75,07:37:57,07:38:12,0
d84WDadbu5AjbQpkTV2r4-07:00:00,SYN_105068,76,07:38:44,07:38:59,0
d84WDadbu5AjbQpkTV2r4-07:00:00,SYN_105069,77,07:39:30,07:39:45,0
d84WDadbu5AjbQpkTV2r4-07:00:00,SYN_105070,78,07:40:29,07:40:44,0
d84WDadbu5AjbQpkTV2r4-07:00:00,SYN_105071,79,07:41:28,07:41:43,0
d84WDadbu5AjbQpkTV2r4-07:00:00,SYN_105072,80,07:42:18,07:42:33,0
d84WDadbu5AjbQpkTV2r4-07:00:00,SYN_105073,81,07:42:58,07:43:13,0
d84WDadbu5AjbQpkTV2r4-07:00:00,SYN_105074,82,07:43:36,07:43:51,0
d84WDadbu5AjbQpkTV2r4-07:00:00,SYN_105075,83,07:44:06,07:44:21,0
d84WDadbu5AjbQpkTV2r4-07:00:00,SYN_105076,84,07:44:35,07:44:50,0
d84WDadbu5AjbQpkTV2r4-07:00:00,SYN_105077,85,07:45:04,07:45:19,0
d84WDadbu5AjbQpkTV2r4-07:00:00,SYN_105078,86,07:45:33,07:45:48,0
d84WDadbu5AjbQpkTV2r4-07:00:00,SYN_105079,87,07:46:24,07:46:39,0
d84WDadbu5AjbQpkTV2r4-07:00:00,SYN_105080,88,07:47:15,07:47:30,0
d84WDadbu5AjbQpkTV2r4-07:00:00,SYN_105081,89,07:48:03,07:48:18,0
d84WDadbu5AjbQpkTV2r4-07:00:00,SYN_105082,90,07:48:53,07:49:08,0
d84WDadbu5AjbQpkTV2r4-07:00:00,SYN_105083,91,07:49:38,07:49:53,0
J3ADe7YQWUaBHH8Z_00Ou-07:00:00,SYN_104992,0,08:15:52,08:16:07,0
J3ADe7YQWUaBHH8Z_00Ou-07:00:00,SYN_104993,1,08:15:02,08:15:17,0
J3ADe7YQWUaBHH8Z_00Ou-07:00:00,SYN_104994,2,08:14:12,08:14:27,0
J3ADe7YQWUaBHH8Z_00Ou-07:00:00,SYN_104995,3,08:13:22,08:13:37,0
J3ADe7YQWUaBHH8Z_00Ou-07:00:00,SYN_104996,4,08:12:33,08:12:48,0
J3ADe7YQWUaBHH8Z_00Ou-07:00:00,SYN_104997,5,08:11:43,08:11:58,0
J3ADe7YQWUaBHH8Z_00Ou-07:00:00,SYN_104998,6,08:10:53,08:11:08,0
J3ADe7YQWUaBHH8Z_00Ou-07:00:00,SYN_104999,7,08:10:03,08:10:18,0
J3ADe7YQWUaBHH8Z_00Ou-07:00:00,SYN_105000,8,08:09:13,08:09:28,0
J3ADe7YQWUaBHH8Z_00Ou-07:00:00,SYN_105001,9,08:08:24,08:08:39,0
J3ADe7YQWUaBHH8Z_00Ou-07:00:00,SYN_105002,10,08:07:34,08:07:49,0
J3ADe7YQWUaBHH8Z_00Ou-07:00:00,SYN_105003,11,08:06:44,08:06:59,0
J3ADe7YQWUaBHH8Z_00Ou-07:00:00,SYN_105004,12,08:05:54,08:06:09,0
J3ADe7YQWUaBHH8Z_00Ou-07:00:00,SYN_105005,13,08:05:04,08:05:19,0
J3ADe7YQWUaBHH8Z_00Ou-07:00:00,SYN_105006,14,08:04:15,08:04:30,0
J3ADe7YQWUaBHH8Z_00Ou-07:00:00,SYN_105007,15,08:03:25,08:03:40,0
J3ADe7YQWUaBHH8Z_00Ou-07:00:00,SYN_105008,16,08:02:35,08:02:50,0
J3ADe7YQWUaBHH8Z_00Ou-07:00:00,SYN_105009,17,08:01:45,08:02:00,0
J3ADe7YQWUaBHH8Z_00Ou-07:00:00,SYN_105010,18,08:00:55,08:01:10,0
J3ADe7YQWUaBHH8Z_00Ou-07:00:00,SYN_105011,19,08:00:06,08:00:21,0
J3ADe7YQWUaBHH8Z_00Ou-07:00:00,SYN_105012,20,07:59:16,07:59:31,0
J3ADe7YQWUaBHH8Z_00Ou-07:00:00,SYN_105013,21,07:58:26,07:58:41,0
J3ADe7YQWUaBHH8Z_00Ou-07:00:00,SYN_105014,22,07:57:36,07:57:51,0
J3ADe7YQWUaBHH8Z_00Ou-07:00:00,SYN_105015,23,07:56:47,07:57:02,0
J3ADe7YQWUaBHH8Z_00Ou-07:00:00,SYN_105016,24,07:55:57,07:56:12,0
J3ADe7YQWUaBHH8Z_00Ou-07:00:00,SYN_105017,25,07:55:07,07:55:22,0
J3ADe7YQWUaBHH8Z_00Ou-07:00:00,SYN_105018,26,07:54:17,07:54:32,0
J3ADe7YQWUaBHH8Z_00Ou-07:00:00,SYN_105019,27,07:53:27,07:53:42,0
J3ADe7YQWUaBHH8Z_00Ou-07:00:00,SYN_105020,28,07:52:38,07:52:53,0
J3ADe7YQWUaBHH8Z_00Ou-07:00:00,SYN_105021,29,07:51:48,07:52:03,0
J3ADe7YQWUaBHH8Z_00Ou-07:00:00,SYN_105022,30,07:50:58,07:51:13,0
J3ADe7YQWUaBHH8Z_00Ou-07:00:00,SYN_105023,31,07:50:08,07:50:23,0
J3ADe7YQWUaBHH8Z_00Ou-07:00:00,SYN_105024,32,07:49:18,07:49:33,0
J3ADe7YQWUaBHH8Z_00Ou-07:00:00,SYN_105025,33,07:48:29,07:48:44,0
J3ADe7YQWUaBHH8Z_00Ou-07:00:00,SYN_105026,34,07:47:39,07:47:54,0
J3ADe7YQWUaBHH8Z_00Ou-07:00:00,SYN_105027,35,07:46:49,07:47:04,0
J3ADe7YQWUaBHH8Z_00Ou-07:00:00,SYN_105028,36,07:45:59,07:46:14,0
J3ADe7YQWUaBHH8Z_00Ou-07:00:00,SYN_105029,37,07:45:09,07:45:24,0
J3ADe7YQWUaBHH8Z_00Ou-07:00:00,SYN_105030,38,07:44:20,07:44:35,0
J3ADe7YQWUaBHH8Z_00Ou-07:00:00,SYN_105031,39,07:43:30,07:43:45,0
J3ADe7YQWUaBHH8Z_00Ou-07:00:00,SYN_105032,40,07:42:40,07:42:55,0
J3ADe7YQWUaBHH8Z_00Ou-07:00:00,SYN_105033,41,07:41:50,07:42:05,0
J3ADe7YQWUaBHH8Z_00Ou-07:00:00,SYN_105034,42,07:41:00,07:41:15,0
J3ADe7YQWUaBHH8Z_00Ou-07:00:00,SYN_105035,43,07:40:11,07:40:26,0
J3ADe7YQWUaBHH8Z_00Ou-07:00:00,SYN_105036,44,07:39:21,07:39:36,0
J3ADe7YQWUaBHH8Z_00Ou-07:00:00,SYN_105037,45,07:38:31,07:38:46,0
J3ADe7YQWUaBHH8Z_00Ou-07:00:00,SYN_105038,46,07:37:41,07:37:56,0
J3ADe7YQWUaBHH8Z_00Ou-07:00:00,SYN_105039,47,07:36:52,07:37:07,0
J3ADe7YQWUaBHH8Z_00Ou-07:00:00,SYN_105040,48,07:36:02,07:36:17,0
J3ADe7YQWUaBHH8Z_00Ou-07:00:00,SYN_105041,49,07:35:12,07:35:27,0
J3ADe7YQWUaBHH8Z_00Ou-07:00:00,SYN_105042,50,07:34:22,07:34:37,0
J3ADe7YQWUaBHH8Z_00Ou-07:00:00,SYN_105043,51,07:33:32,07:33:47,0
J3ADe7YQWUaBHH8Z_00Ou-07:00:00,SYN_105044,52,07:32:43,07:32:58,0
J3ADe7YQWUaBHH8Z_00Ou-07:00:00,SYN_105045,53,07:31:53,07:32:08,0
J3ADe7YQWUaBHH8Z_00Ou-07:00:00,SYN_105046,54,07:31:03,07:31:18,0
J3ADe7YQWUaBHH8Z_00Ou-07:00:00,SYN_105047,55,07:30:13,07:30:28,0
J3ADe7YQWUaBHH8Z_00Ou-07:00:00,SYN_105048,56,07:29:23,07:29:38,0
J3ADe7YQWUaBHH8Z_00Ou-07:00:00,SYN_105049,57,07:28:34,07:28:49,0
J3ADe7YQWUaBHH8Z_00Ou-07:00:00,SYN_105050,58,07:27:44,07:27:59,0
J3ADe7YQWUaBHH8Z_00Ou-07:00:00,SYN_105051,59,07:26:54,07:27:09,0
J3ADe7YQWUaBHH8Z_00Ou-07:00:00,SYN_105052,60,07:26:04,07:26:19,0
J3ADe7YQWUaBHH8Z_00Ou-07:00:00,SYN_105053,61,07:25:14,07:25:29,0
J3ADe7YQWUaBHH8Z_00Ou-07:00:00,SYN_105054,62,07:24:25,07:24:40,0
J3ADe7YQWUaBHH8Z_00Ou-07:00:00,SYN_105055,63,07:23:35,07:23:50,0
J3ADe7YQWUaBHH8Z_00Ou-07:00:00,SYN_105056,64,07:22:45,07:23:00,0
J3ADe7YQWUaBHH8Z_00Ou-07:00:00,SYN_105057,65,07:21:55,07:22:10,0
J3ADe7YQWUaBHH8Z_00Ou-07:00:00,SYN_105058,66,07:21:05,07:21:20,0
J3ADe7YQWUaBHH8Z_00Ou-07:00:00,SYN_105059,67,07:20:16,07:20:31,0
J3ADe7YQWUaBHH8Z_00Ou-07:00:00,SYN_105060,68,07:19:26,07:19:41,0
J3ADe7YQWUaBHH8Z_00Ou-07:00:00,SYN_105061,69,07:18:36,07:18:51,0
J3ADe7YQWUaBHH8Z_00Ou-07:00:00,SYN_105062,70,07:17:46,07:18:01,0
J3ADe7YQWUaBHH8Z_00Ou-07:00:00,SYN_105063,71,07:16:57,07:17:12,0
J3ADe7YQWUaBHH8Z_00Ou-07:00:00,SYN_105064,72,07:16:07,07:16:22,0
J3ADe7YQWUaBHH8Z_00Ou-07:00:00,SYN_105065,73,07:15:17,07:15:32,0
J3ADe7YQWUaBHH8Z_00Ou-07:00:00,SYN_105066,74,07:14:27,07:14:42,0
J3ADe7YQWUaBHH8Z_00Ou-07:00:00,SYN_105067,75,07:13:37,07:13:52,0
J3ADe7YQWUaBHH8Z_00Ou-07:00:00,SYN_105068,76,07:12:48,07:13:03,0
J3ADe7YQWUaBHH8Z_00Ou-07:00:00,SYN_105069,77,07:11:58,07:12:13,0
J3ADe7YQWUaBHH8Z_00Ou-07:00:00,SYN_105070,78,07:11:08,07:11:23,0
J3ADe7YQWUaBHH8Z_00Ou-07:00:00,SYN_105071,79,07:10:18,07:10:33,0
J3ADe7YQWUaBHH8Z_00Ou-07:00:00,SYN_105072,80,07:09:28,07:09:43,0
J3ADe7YQWUaBHH8Z_00Ou-07:00:00,SYN_105073,81,07:08:39,07:08:54,0
J3ADe7YQWUaBHH8Z_00Ou-07:00:00,SYN_105074,82,07:07:49,07:08:04,0
J3ADe7YQWUaBHH8Z_00Ou-07:00:00,SYN_105075,83,07:06:59,07:07:14,0
J3ADe7YQWUaBHH8Z_00Ou-07:00:00,SYN_105076,84,07:06:09,07:06:24,0
J3ADe7YQWUaBHH8Z_00Ou-07:00:00,SYN_105077,85,07:05:19,07:05:34,0
J3ADe7YQWUaBHH8Z_00Ou-07:00:00,SYN_105078,86,07:04:30,07:04:45,0
J3ADe7YQWUaBHH8Z_00Ou-07:00:00,SYN_105079,87,07:03:40,07:03:55,0
J3ADe7YQWUaBHH8Z_00Ou-07:00:00,SYN_105080,88,07:02:50,07:03:05,0
J3ADe7YQWUaBHH8Z_00Ou-07:00:00,SYN_105081,89,07:02:00,07:02:15,0
J3ADe7YQWUaBHH8Z_00Ou-07:00:00,SYN_105082,90,07:01:11,07:01:26,0
J3ADe7YQWUaBHH8Z_00Ou-07:00:00,SYN_105083,91,07:00:21,07:00:36,0
AOVtM-9TZ3fXGgaCnC-sH-07:00:00,SYN_105084,0,07:00:01,07:00:16,0
AOVtM-9TZ3fXGgaCnC-sH-07:00:00,SYN_105085,1,07:00:15,07:00:30,0
AOVtM-9TZ3fXGgaCnC-sH-07:00:00,SYN_105086,2,07:00:28,07:00:43,0
AOVtM-9TZ3fXGgaCnC-sH-07:00:00,SYN_105087,3,07:00:41,07:00:56,0
AOVtM-9TZ3fXGgaCnC-sH-07:00:00,SYN_105088,4,07:00:54,07:01:09,0
AOVtM-9TZ3fXGgaCnC-sH-07:00:00,SYN_105089,5,07:01:07,07:01:22,0
AOVtM-9TZ3fXGgaCnC-sH-07:00:00,SYN_105090,6,07:01:20,07:01:35,0
AOVtM-9TZ3fXGgaCnC-sH-07:00:00,SYN_105091,7,07:01:33,07:01:48,0
AOVtM-9TZ3fXGgaCnC-sH-07:00:00,SYN_105092,8,07:01:46,07:02:01,0
AOVtM-9TZ3fXGgaCnC-sH-07:00:00,SYN_105093,9,07:01:59,07:02:14,0
AOVtM-9TZ3fXGgaCnC-sH-07:00:00,SYN_105094,10,07:02:12,07:02:27,0
AOVtM-9TZ3fXGgaCnC-sH-07:00:00,SYN_105095,11,07:02:25,07:02:40,0
AOVtM-9TZ3fXGgaCnC-sH-07:00:00,SYN_105096,12,07:02:39,07:02:54,0
AOVtM-9TZ3fXGgaCnC-sH-07:00:00,SYN_105097,13,07:02:52,07:03:07,0
AOVtM-9TZ3fXGgaCnC-sH-07:00:00,SYN_105098,14,07:03:05,07:03:20,0
AOVtM-9TZ3fXGgaCnC-sH-07:00:00,SYN_105099,15,07:03:18,07:03:33,0
AOVtM-9TZ3fXGgaCnC-sH-07:00:00,SYN_105100,16,07:03:31,07:03:46,0
AOVtM-9TZ3fXGgaCnC-sH-07:00:00,SYN_105101,17,07:03:44,07:03:59,0
AOVtM-9TZ3fXGgaCnC-sH-07:00:00,SYN_105102,18,07:03:57,07:04:12,0
AOVtM-9TZ3fXGgaCnC-sH-07:00:00,SYN_105103,19,07:04:10,07:04:25,0
AOVtM-9TZ3fXGgaCnC-sH-07:00:00,SYN_105104,20,07:04:26,07:04:41,0
AOVtM-9TZ3fXGgaCnC-sH-07:00:00,SYN_105105,21,07:04:44,07:04:59,0
AOVtM-9TZ3fXGgaCnC-sH-07:00:00,SYN_105106,22,07:05:02,07:05:17,0
AOVtM-9TZ3fXGgaCnC-sH-07:00:00,SYN_105107,23,07:05:20,07:05:35,0
AOVtM-9TZ3fXGgaCnC-sH-07:00:00,SYN_105108,24,07:05:38,07:05:53,0
AOVtM-9TZ3fXGgaCnC-sH-07:00:00,SYN_105109,25,07:05:56,07:06:11,0
AOVtM-9TZ3fXGgaCnC-sH-07:00:00,SYN_105110,26,07:06:14,07:06:29,0
AOVtM-9TZ3fXGgaCnC-sH-07:00:00,SYN_105111,27,07:06:27,07:06:42,0
AOVtM-9TZ3fXGgaCnC-sH-07:00:00,SYN_105112,28,07:06:40,07:06:55,0
AOVtM-9TZ3fXGgaCnC-sH-07:00:00,SYN_105113,29,07:06:52,07:07:07,0
AOVtM-9TZ3fXGgaCnC-sH-07:00:00,SYN_105114,30,07:07:04,07:07:19,0
AOVtM-9TZ3fXGgaCnC-sH-07:00:00,SYN_105115,31,07:07:16,07:07:31,0
AOVtM-9TZ3fXGgaCnC-sH-07:00:00,SYN_105116,32,07:07:28,07:07:43,0
AOVtM-9TZ3fXGgaCnC-sH-07:00:00,SYN_105117,33,07:07:40,07:07:55,0
AOVtM-9TZ3fXGgaCnC-sH-07:00:00,SYN_105118,34,07:07:52,07:08:07,0
AOVtM-9TZ3fXGgaCnC-sH-07:00:00,SYN_105119,35,07:08:04,07:08:19,0
AOVtM-9TZ3fXGgaCnC-sH-07:00:00,SYN_105120,36,07:08:16,07:08:31,0
AOVtM-9TZ3fXGgaCnC-sH-07:00:00,SYN_105121,37,07:08:28,07:08:43,0
AOVtM-9TZ3fXGgaCnC-sH-07:00:00,SYN_105122,38,07:08:40,07:08:55,0
AOVtM-9TZ3fXGgaCnC-sH-07:00:00,SYN_105123,39,07:08:52,07:09:07,0
AOVtM-9TZ3fXGgaCnC-sH-07:00:00,SYN_105124,40,07:09:08,07:09:23,0
AOVtM-9TZ3fXGgaCnC-sH-07:00:00,SYN_105125,41,07:09:25,07:09:40,0
AOVtM-9TZ3fXGgaCnC-sH-07:00:00,SYN_105126,42,07:09:42,07:09:57,0
AOVtM-9TZ3fXGgaCnC-sH-07:00:00,SYN_105127,43,07:09:59,07:10:14,0
AOVtM-9TZ3fXGgaCnC-sH-07:00:00,SYN_105128,44,07:10:14,07:10:29,0
AOVtM-9TZ3fXGgaCnC-sH-07:00:00,SYN_105129,45,07:10:29,07:10:44,0
AOVtM-9TZ3fXGgaCnC-sH-07:00:00,SYN_105130,46,07:10:44,07:10:59,0
AOVtM-9TZ3fXGgaCnC-sH-07:00:00,SYN_105131,47,07:11:03,07:11:18,0
AOVtM-9TZ3fXGgaCnC-sH-07:00:00,SYN_105132,48,07:11:22,07:11:37,0
AOVtM-9TZ3fXGgaCnC-sH-07:00:00,SYN_105133,49,07:11:41,07:11:56,0
AOVtM-9TZ3fXGgaCnC-sH-07:00:00,SYN_105134,50,07:12:00,07:12:15,0
AOVtM-9TZ3fXGgaCnC-sH-07:00:00,SYN_105135,51,07:12:19,07:12:34,0
AOVtM-9TZ3fXGgaCnC-sH-07:00:00,SYN_105136,52,07:12:38,07:12:53,0
AOVtM-9TZ3fXGgaCnC-sH-07:00:00,SYN_105137,53,07:12:51,07:13:06,0
AOVtM-9TZ3fXGgaCnC-sH-07:00:00,SYN_105138,54,07:13:04,07:13:19,0
AOVtM-9TZ3fXGgaCnC-sH-07:00:00,SYN_105139,55,07:13:18,07:13:33,0
AOVtM-9TZ3fXGgaCnC-sH-07:00:00,SYN_105140,56,07:13:31,07:13:46,0
AOVtM-9TZ3fXGgaCnC-sH-07:00:00,SYN_105141,57,07:13:44,07:13:59,0
AOVtM-9TZ3fXGgaCnC-sH-07:00:00,SYN_105142,58,07:13:58,07:14:13,0
AOVtM-9TZ3fXGgaCnC-sH-07:00:00,SYN_105143,59,07:14:11,07:14:26,0
AOVtM-9TZ3fXGgaCnC-sH-07:00:00,SYN_105144,60,07:14:24,07:14:39,0
AOVtM-9TZ3fXGgaCnC-sH-07:00:00,SYN_105145,61,07:14:38,07:14:53,0
AOVtM-9TZ3fXGgaCnC-sH-07:00:00,SYN_105146,62,07:14:51,07:15:06,0
AOVtM-9TZ3fXGgaCnC-sH-07:00:00,SYN_105147,63,07:15:05,07:15:20,0
AOVtM-9TZ3fXGgaCnC-sH-07:00:00,SYN_105148,64,07:15:14,07:15:29,0
AOVtM-9TZ3fXGgaCnC-sH-07:00:00,SYN_105149,65,07:15:22,07:15:37,0
AOVtM-9TZ3fXGgaCnC-sH-07:00:00,SYN_105150,66,07:15:31,07:15:46,0
AOVtM-9TZ3fXGgaCnC-sH-07:00:00,SYN_105151,67,07:15:40,07:15:55,0
AOVtM-9TZ3fXGgaCnC-sH-07:00:00,SYN_105152,68,07:15:48,07:16:03,0
AOVtM-9TZ3fXGgaCnC-sH-07:00:00,SYN_105153,69,07:15:57,07:16:12,0
AOVtM-9TZ3fXGgaCnC-sH-07:00:00,SYN_105154,70,07:16:05,07:16:20,0
AOVtM-9TZ3fXGgaCnC-sH-07:00:00,SYN_105155,71,07:16:14,07:16:29,0
AOVtM-9TZ3fXGgaCnC-sH-07:00:00,SYN_105156,72,07:16:23,07:16:38,0
AOVtM-9TZ3fXGgaCnC-sH-07:00:00,SYN_105157,73,07:16:31,07:16:46,0
AOVtM-9TZ3fXGgaCnC-sH-07:00:00,SYN_105158,74,07:16:40,07:16:55,0
AOVtM-9TZ3fXGgaCnC-sH-07:00:00,SYN_105159,75,07:16:48,07:17:03,0
AOVtM-9TZ3fXGgaCnC-sH-07:00:00,SYN_105160,76,07:16:57,07:17:12,0
AOVtM-9TZ3fXGgaCnC-sH-07:00:00,SYN_105161,77,07:17:06,07:17:21,0
AOVtM-9TZ3fXGgaCnC-sH-07:00:00,SYN_105162,78,07:17:14,07:17:29,0
AOVtM-9TZ3fXGgaCnC-sH-07:00:00,SYN_105163,79,07:17:23,07:17:38,0
AOVtM-9TZ3fXGgaCnC-sH-07:00:00,SYN_105164,80,07:17:31,07:17:46,0
AOVtM-9TZ3fXGgaCnC-sH-07:00:00,SYN_105165,81,07:17:40,07:17:55,0
AOVtM-9TZ3fXGgaCnC-sH-07:00:00,SYN_105166,82,07:17:49,07:18:04,0
AOVtM-9TZ3fXGgaCnC-sH-07:00:00,SYN_105167,83,07:17:57,07:18:12,0
AOVtM-9TZ3fXGgaCnC-sH-07:00:00,SYN_105168,84,07:18:09,07:18:24,0
AOVtM-9TZ3fXGgaCnC-sH-07:00:00,SYN_105169,85,07:18:30,07:18:45,0
AOVtM-9TZ3fXGgaCnC-sH-07:00:00,SYN_105170,86,07:18:50,07:19:05,0
AOVtM-9TZ3fXGgaCnC-sH-07:00:00,SYN_105171,87,07:19:10,07:19:25,0
AOVtM-9TZ3fXGgaCnC-sH-07:00:00,SYN_105172,88,07:19:31,07:19:46,0
AOVtM-9TZ3fXGgaCnC-sH-07:00:00,SYN_105173,89,07:19:51,07:20:06,0
AOVtM-9TZ3fXGgaCnC-sH-07:00:00,SYN_105174,90,07:20:12,07:20:27,0
AOVtM-9TZ3fXGgaCnC-sH-07:00:00,SYN_105175,91,07:20:32,07:20:47,0
AOVtM-9TZ3fXGgaCnC-sH-07:00:00,SYN_105176,92,07:20:53,07:21:08,0
AOVtM-9TZ3fXGgaCnC-sH-07:00:00,SYN_105177,93,07:21:13,07:21:28,0
AOVtM-9TZ3fXGgaCnC-sH-07:00:00,SYN_105178,94,07:21:33,07:21:48,0
AOVtM-9TZ3fXGgaCnC-sH-07:00:00,SYN_105179,95,07:21:54,07:22:09,0
AOVtM-9TZ3fXGgaCnC-sH-07:00:00,SYN_105180,96,07:22:14,07:22:29,0
AOVtM-9TZ3fXGgaCnC-sH-07:00:00,SYN_105181,97,07:22:35,07:22:50,0
AOVtM-9TZ3fXGgaCnC-sH-07:00:00,SYN_105182,98,07:22:55,07:23:10,0
AOVtM-9TZ3fXGgaCnC-sH-07:00:00,SYN_105183,99,07:23:16,07:23:31,0
AOVtM-9TZ3fXGgaCnC-sH-07:00:00,SYN_105184,100,07:23:36,07:23:51,0
AOVtM-9TZ3fXGgaCnC-sH-07:00:00,SYN_105185,101,07:23:56,07:24:11,0
AOVtM-9TZ3fXGgaCnC-sH-07:00:00,SYN_105186,102,07:24:17,07:24:32,0
AOVtM-9TZ3fXGgaCnC-sH-07:00:00,SYN_105187,103,07:24:37,07:24:52,0
AOVtM-9TZ3fXGgaCnC-sH-07:00:00,SYN_105188,104,07:24:58,07:25:13,0
AOVtM-9TZ3fXGgaCnC-sH-07:00:00,SYN_105189,105,07:25:18,07:25:33,0
AOVtM-9TZ3fXGgaCnC-sH-07:00:00,SYN_105190,106,07:25:38,07:25:53,0
AOVtM-9TZ3fXGgaCnC-sH-07:00:00,SYN_105191,107,07:25:59,07:26:14,0
AOVtM-9TZ3fXGgaCnC-sH-07:00:00,SYN_105192,108,07:26:19,07:26:34,0
AOVtM-9TZ3fXGgaCnC-sH-07:00:00,SYN_105193,109,07:26:40,07:26:55,0
AOVtM-9TZ3fXGgaCnC-sH-07:00:00,SYN_105194,110,07:27:00,07:27:15,0
AOVtM-9TZ3fXGgaCnC-sH-07:00:00,SYN_105195,111,07:27:21,07:27:36,0
AOVtM-9TZ3fXGgaCnC-sH-07:00:00,SYN_105196,112,07:27:41,07:27:56,0
AOVtM-9TZ3fXGgaCnC-sH-07:00:00,SYN_105197,113,07:28:02,07:28:17,0
AOVtM-9TZ3fXGgaCnC-sH-07:00:00,SYN_105198,114,07:28:23,07:28:38,0
AOVtM-9TZ3fXGgaCnC-sH-07:00:00,SYN_105199,115,07:28:44,07:28:59,0
AOVtM-9TZ3fXGgaCnC-sH-07:00:00,SYN_105200,116,07:29:05,07:29:20,0
AOVtM-9TZ3fXGgaCnC-sH-07:00:00,SYN_105201,117,07:29:26,07:29:41,0
AOVtM-9TZ3fXGgaCnC-sH-07:00:00,SYN_105202,118,07:29:47,07:30:02,0
AOVtM-9TZ3fXGgaCnC-sH-07:00:00,SYN_105203,119,07:30:08,07:30:23,0
AOVtM-9TZ3fXGgaCnC-sH-07:00:00,SYN_105204,120,07:30:28,07:30:43,0
AOVtM-9TZ3fXGgaCnC-sH-07:00:00,SYN_105205,121,07:30:49,07:31:04,0
AOVtM-9TZ3fXGgaCnC-sH-07:00:00,SYN_105206,122,07:31:10,07:31:25,0
AOVtM-9TZ3fXGgaCnC-sH-07:00:00,SYN_105207,123,07:31:30,07:31:45,0
AOVtM-9TZ3fXGgaCnC-sH-07:00:00,SYN_105208,124,07:31:50,07:32:05,0
AOVtM-9TZ3fXGgaCnC-sH-07:00:00,SYN_105209,125,07:32:10,07:32:25,0
AOVtM-9TZ3fXGgaCnC-sH-07:00:00,SYN_105210,126,07:32:31,07:32:46,0
AOVtM-9TZ3fXGgaCnC-sH-07:00:00,SYN_105211,127,07:32:51,07:33:06,0
AOVtM-9TZ3fXGgaCnC-sH-07:00:00,SYN_105212,128,07:33:11,07:33:26,0
AOVtM-9TZ3fXGgaCnC-sH-07:00:00,SYN_105213,129,07:33:31,07:33:46,0
AOVtM-9TZ3fXGgaCnC-sH-07:00:00,SYN_105214,130,07:33:52,07:34:07,0
AOVtM-9TZ3fXGgaCnC-sH-07:00:00,SYN_105215,131,07:34:12,07:34:27,0
AOVtM-9TZ3fXGgaCnC-sH-07:00:00,SYN_105216,132,07:34:32,07:34:47,0
AOVtM-9TZ3fXGgaCnC-sH-07:00:00,SYN_105217,133,07:34:52,07:35:07,0
AOVtM-9TZ3fXGgaCnC-sH-07:00:00,SYN_105218,134,07:35:12,07:35:27,0
AOVtM-9TZ3fXGgaCnC-sH-07:00:00,SYN_105219,135,07:35:33,07:35:48,0
AOVtM-9TZ3fXGgaCnC-sH-07:00:00,SYN_105220,136,07:35:53,07:36:08,0
AOVtM-9TZ3fXGgaCnC-sH-07:00:00,SYN_105221,137,07:36:11,07:36:26,0
AOVtM-9TZ3fXGgaCnC-sH-07:00:00,SYN_105222,138,07:36:23,07:36:38,0
AOVtM-9TZ3fXGgaCnC-sH-07:00:00,SYN_105223,139,07:36:35,07:36:50,0
AOVtM-9TZ3fXGgaCnC-sH-07:00:00,SYN_105224,140,07:36:47,07:37:02,0
AOVtM-9TZ3fXGgaCnC-sH-07:00:00,SYN_105225,141,07:36:59,07:37:14,0
AOVtM-9TZ3fXGgaCnC-sH-07:00:00,SYN_105226,142,07:37:11,07:37:26,0
AOVtM-9TZ3fXGgaCnC-sH-07:00:00,SYN_105227,143,07:37:23,07:37:38,0
AOVtM-9TZ3fXGgaCnC-sH-07:00:00,SYN_105228,144,07:37:35,07:37:50,0
AOVtM-9TZ3fXGgaCnC-sH-07:00:00,SYN_105229,145,07:37:48,07:38:03,0
AOVtM-9TZ3fXGgaCnC-sH-07:00:00,SYN_105230,146,07:38:00,07:38:15,0
AOVtM-9TZ3fXGgaCnC-sH-07:00:00,SYN_105231,147,07:38:12,07:38:27,0
AOVtM-9TZ3fXGgaCnC-sH-07:00:00,SYN_105232,148,07:38:24,07:38:39,0
AOVtM-9TZ3fXGgaCnC-sH-07:00:00,SYN_105233,149,07:38:36,07:38:51,0
AOVtM-9TZ3fXGgaCnC-sH-07:00:00,SYN_105234,150,07:38:48,07:39:03,0
AOVtM-9TZ3fXGgaCnC-sH-07:00:00,SYN_105235,151,07:39:00,07:39:15,0
AOVtM-9TZ3fXGgaCnC-sH-07:00:00,SYN_105236,152,07:39:12,07:39:27,0
AOVtM-9TZ3fXGgaCnC-sH-07:00:00,SYN_105237,153,07:39:24,07:39:39,0
AOVtM-9TZ3fXGgaCnC-sH-07:00:00,SYN_105238,154,07:39:36,07:39:51,0
AOVtM-9TZ3fXGgaCnC-sH-07:00:00,SYN_105239,155,07:39:48,07:40:03,0
AOVtM-9TZ3fXGgaCnC-sH-07:00:00,SYN_105240,156,07:40:00,07:40:15,0
AOVtM-9TZ3fXGgaCnC-sH-07:00:00,SYN_105241,157,07:40:12,07:40:27,0
AOVtM-9TZ3fXGgaCnC-sH-07:00:00,SYN_105242,158,07:40:24,07:40:39,0
AOVtM-9TZ3fXGgaCnC-sH-07:00:00,SYN_105243,159,07:40:36,07:40:51,0
H4Zrbg3RLebdgA2rD0SL4-07:00:00,SYN_105247,0,07:00:17,07:00:32,0
H4Zrbg3RLebdgA2rD0SL4-07:00:00,SYN_105248,1,07:00:38,07:00:53,0
H4Zrbg3RLebdgA2rD0SL4-07:00:00,SYN_105249,2,07:01:00,07:01:15,0
H4Zrbg3RLebdgA2rD0SL4-07:00:00,SYN_105250,3,07:01:21,07:01:36,0
H4Zrbg3RLebdgA2rD0SL4-07:00:00,SYN_105251,4,07:01:43,07:01:58,0
H4Zrbg3RLebdgA2rD0SL4-07:00:00,SYN_105252,5,07:02:04,07:02:19,0
H4Zrbg3RLebdgA2rD0SL4-07:00:00,SYN_105253,6,07:02:26,07:02:41,0
H4Zrbg3RLebdgA2rD0SL4-07:00:00,SYN_105254,7,07:02:47,07:03:02,0
H4Zrbg3RLebdgA2rD0SL4-07:00:00,SYN_105255,8,07:03:09,07:03:24,0
H4Zrbg3RLebdgA2rD0SL4-07:00:00,SYN_105256,9,07:03:32,07:03:47,0
H4Zrbg3RLebdgA2rD0SL4-07:00:00,SYN_105257,10,07:04:02,07:04:17,0
H4Zrbg3RLebdgA2rD0SL4-07:00:00,SYN_105258,11,07:04:32,07:04:47,0
H4Zrbg3RLebdgA2rD0SL4-07:00:00,SYN_105259,12,07:05:02,07:05:17,0
H4Zrbg3RLebdgA2rD0SL4-07:00:00,SYN_105260,13,07:05:32,07:05:47,0
H4Zrbg3RLebdgA2rD0SL4-07:00:00,SYN_105261,14,07:06:02,07:06:17,0
H4Zrbg3RLebdgA2rD0SL4-07:00:00,SYN_105262,15,07:06:32,07:06:47,0
H4Zrbg3RLebdgA2rD0SL4-07:00:00,SYN_105263,16,07:07:05,07:07:20,0
H4Zrbg3RLebdgA2rD0SL4-07:00:00,SYN_105264,17,07:07:52,07:08:07,0
H4Zrbg3RLebdgA2rD0SL4-07:00:00,SYN_105265,18,07:08:40,07:08:55,0
H4Zrbg3RLebdgA2rD0SL4-07:00:00,SYN_105266,19,07:09:28,07:09:43,0
H4Zrbg3RLebdgA2rD0SL4-07:00:00,SYN_105267,20,07:10:15,07:10:30,0
H4Zrbg3RLebdgA2rD0SL4-07:00:00,SYN_105268,21,07:11:03,07:11:18,0
H4Zrbg3RLebdgA2rD0SL4-07:00:00,SYN_105269,22,07:11:51,07:12:06,0
H4Zrbg3RLebdgA2rD0SL4-07:00:00,SYN_105270,23,07:12:38,07:12:53,0
H4Zrbg3RLebdgA2rD0SL4-07:00:00,SYN_105271,24,07:13:26,07:13:41,0
H4Zrbg3RLebdgA2rD0SL4-07:00:00,SYN_105272,25,07:14:14,07:14:29,0
H4Zrbg3RLebdgA2rD0SL4-07:00:00,SYN_105273,26,07:16:30,07:16:45,0
H4Zrbg3RLebdgA2rD0SL4-07:00:00,SYN_105274,27,07:20:13,07:20:28,0
H4Zrbg3RLebdgA2rD0SL4-07:00:00,SYN_105275,28,07:23:56,07:24:11,0
H4Zrbg3RLebdgA2rD0SL4-07:00:00,SYN_105276,29,07:26:32,07:26:47,0
H4Zrbg3RLebdgA2rD0SL4-07:00:00,SYN_105277,30,07:26:56,07:27:11,0
H4Zrbg3RLebdgA2rD0SL4-07:00:00,SYN_105278,31,07:27:19,07:27:34,0
H4Zrbg3RLebdgA2rD0SL4-07:00:00,SYN_105279,32,07:27:42,07:27:57,0
H4Zrbg3RLebdgA2rD0SL4-07:00:00,SYN_105280,33,07:28:05,07:28:20,0
H4Zrbg3RLebdgA2rD0SL4-07:00:00,SYN_105281,34,07:28:28,07:28:43,0
H4Zrbg3RLebdgA2rD0SL4-07:00:00,SYN_105282,35,07:28:50,07:29:05,0
H4Zrbg3RLebdgA2rD0SL4-07:00:00,SYN_105283,36,07:29:10,07:29:25,0
H4Zrbg3RLebdgA2rD0SL4-07:00:00,SYN_105284,37,07:29:31,07:29:46,0
H4Zrbg3RLebdgA2rD0SL4-07:00:00,SYN_105285,38,07:29:52,07:30:07,0
H4Zrbg3RLebdgA2rD0SL4-07:00:00,SYN_105286,39,07:30:13,07:30:28,0
H4Zrbg3RLebdgA2rD0SL4-07:00:00,SYN_105287,40,07:30:33,07:30:48,0
H4Zrbg3RLebdgA2rD0SL4-07:00:00,SYN_105288,41,07:30:55,07:31:10,0
H4Zrbg3RLebdgA2rD0SL4-07:00:00,SYN_105289,42,07:31:18,07:31:33,0
H4Zrbg3RLebdgA2rD0SL4-07:00:00,SYN_105290,43,07:31:41,07:31:56,0
H4Zrbg3RLebdgA2rD0SL4-07:00:00,SYN_105291,44,07:32:04,07:32:19,0
H4Zrbg3RLebdgA2rD0SL4-07:00:00,SYN_105292,45,07:32:27,07:32:42,0
H4Zrbg3RLebdgA2rD0SL4-07:00:00,SYN_105293,46,07:32:50,07:33:05,0
H4Zrbg3RLebdgA2rD0SL4-07:00:00,SYN_105294,47,07:33:13,07:33:28,0
H4Zrbg3RLebdgA2rD0SL4-07:00:00,SYN_105295,48,07:33:36,07:33:51,0
H4Zrbg3RLebdgA2rD0SL4-07:00:00,SYN_105296,49,07:37:18,07:37:33,0
H4Zrbg3RLebdgA2rD0SL4-07:00:00,SYN_105297,50,07:38:10,07:38:25,0
H4Zrbg3RLebdgA2rD0SL4-07:00:00,SYN_105298,51,07:39:02,07:39:17,0
H4Zrbg3RLebdgA2rD0SL4-07:00:00,SYN_105299,52,07:39:54,07:40:09,0
H4Zrbg3RLebdgA2rD0SL4-07:00:00,SYN_105300,53,07:40:48,07:41:03,0
H4Zrbg3RLebdgA2rD0SL4-07:00:00,SYN_105301,54,07:42:37,07:42:52,0
H4Zrbg3RLebdgA2rD0SL4-07:00:00,SYN_105302,55,07:44:26,07:44:41,0
H4Zrbg3RLebdgA2rD0SL4-07:00:00,SYN_105303,56,07:46:15,07:46:30,0
H4Zrbg3RLebdgA2rD0SL4-07:00:00,SYN_105304,57,07:47:49,07:48:04,0
H4Zrbg3RLebdgA2rD0SL4-07:00:00,SYN_105305,58,07:48:36,07:48:51,0
H4Zrbg3RLebdgA2rD0SL4-07:00:00,SYN_105306,59,07:49:23,07:49:38,0
H4Zrbg3RLebdgA2rD0SL4-07:00:00,SYN_105307,60,07:50:09,07:50:24,0
U5q_TMc5BJ7jtZPVBLLIC-07:00:00,SYN_105308,0,07:00:17,07:00:32,0
U5q_TMc5BJ7jtZPVBLLIC-07:00:00,SYN_105309,1,07:00:40,07:00:55,0
U5q_TMc5BJ7jtZPVBLLIC-07:00:00,SYN_105310,2,07:01:02,07:01:17,0
U5q_TMc5BJ7jtZPVBLLIC-07:00:00,SYN_105311,3,07:01:24,07:01:39,0
U5q_TMc5BJ7jtZPVBLLIC-07:00:00,SYN_105312,4,07:01:47,07:02:02,0
U5q_TMc5BJ7jtZPVBLLIC-07:00:00,SYN_105313,5,07:02:09,07:02:24,0
_roD5BmPMzsusHgRuqc29-07:00:00,SYN_105314,0,07:00:18,07:00:33,0
_roD5BmPMzsusHgRuqc29-07:00:00,SYN_105315,1,07:00:36,07:00:51,0
_roD5BmPMzsusHgRuqc29-07:00:00,SYN_105316,2,07:00:54,07:01:09,0
_roD5BmPMzsusHgRuqc29-07:00:00,SYN_105317,3,07:01:12,07:01:27,0
_roD5BmPMzsusHgRuqc29-07:00:00,SYN_105318,4,07:01:30,07:01:45,0
_roD5BmPMzsusHgRuqc29-07:00:00,SYN_105319,5,07:01:49,07:02:04,0
_roD5BmPMzsusHgRuqc29-07:00:00,SYN_105320,6,07:02:11,07:02:26,0
_roD5BmPMzsusHgRuqc29-07:00:00,SYN_105321,7,07:02:36,07:02:51,0
_roD5BmPMzsusHgRuqc29-07:00:00,SYN_105322,8,07:03:00,07:03:15,0
_roD5BmPMzsusHgRuqc29-07:00:00,SYN_105323,9,07:03:24,07:03:39,0
_roD5BmPMzsusHgRuqc29-07:00:00,SYN_105324,10,07:03:49,07:04:04,0
_roD5BmPMzsusHgRuqc29-07:00:00,SYN_105325,11,07:04:11,07:04:26,0
_roD5BmPMzsusHgRuqc29-07:00:00,SYN_105326,12,07:04:33,07:04:48,0
_roD5BmPMzsusHgRuqc29-07:00:00,SYN_105327,13,07:04:55,07:05:10,0
_roD5BmPMzsusHgRuqc29-07:00:00,SYN_105328,14,07:05:18,07:05:33,0
_roD5BmPMzsusHgRuqc29-07:00:00,SYN_105329,15,07:05:41,07:05:56,0
_roD5BmPMzsusHgRuqc29-07:00:00,SYN_105330,16,07:06:04,07:06:19,0
_roD5BmPMzsusHgRuqc29-07:00:00,SYN_105331,17,07:06:28,07:06:43,0
_roD5BmPMzsusHgRuqc29-07:00:00,SYN_105332,18,07:06:51,07:07:06,0
_roD5BmPMzsusHgRuqc29-07:00:00,SYN_105333,19,07:07:12,07:07:27,0
_roD5BmPMzsusHgRuqc29-07:00:00,SYN_105334,20,07:07:32,07:07:47,0
_roD5BmPMzsusHgRuqc29-07:00:00,SYN_105335,21,07:07:53,07:08:08,0
_roD5BmPMzsusHgRuqc29-07:00:00,SYN_105336,22,07:08:13,07:08:28,0
_roD5BmPMzsusHgRuqc29-07:00:00,SYN_105337,23,07:08:34,07:08:49,0
_roD5BmPMzsusHgRuqc29-07:00:00,SYN_105338,24,07:08:55,07:09:10,0
_roD5BmPMzsusHgRuqc29-07:00:00,SYN_105339,25,07:09:15,07:09:30,0
_roD5BmPMzsusHgRuqc29-07:00:00,SYN_105340,26,07:09:36,07:09:51,0
_roD5BmPMzsusHgRuqc29-07:00:00,SYN_105341,27,07:09:56,07:10:11,0
_roD5BmPMzsusHgRuqc29-07:00:00,SYN_105342,28,07:10:17,07:10:32,0
_roD5BmPMzsusHgRuqc29-07:00:00,SYN_105343,29,07:10:39,07:10:54,0
_roD5BmPMzsusHgRuqc29-07:00:00,SYN_105344,30,07:11:00,07:11:15,0
_roD5BmPMzsusHgRuqc29-07:00:00,SYN_105345,31,07:11:21,07:11:36,0
_roD5BmPMzsusHgRuqc29-07:00:00,SYN_105346,32,07:11:42,07:11:57,0
_roD5BmPMzsusHgRuqc29-07:00:00,SYN_105347,33,07:12:04,07:12:19,0
_roD5BmPMzsusHgRuqc29-07:00:00,SYN_105348,34,07:12:25,07:12:40,0
_roD5BmPMzsusHgRuqc29-07:00:00,SYN_105349,35,07:12:46,07:13:01,0
_roD5BmPMzsusHgRuqc29-07:00:00,SYN_105350,36,07:13:07,07:13:22,0
_roD5BmPMzsusHgRuqc29-07:00:00,SYN_105351,37,07:13:29,07:13:44,0
_roD5BmPMzsusHgRuqc29-07:00:00,SYN_105352,38,07:13:50,07:14:05,0
_roD5BmPMzsusHgRuqc29-07:00:00,SYN_105353,39,07:14:11,07:14:26,0
_roD5BmPMzsusHgRuqc29-07:00:00,SYN_105354,40,07:14:31,07:14:46,0
_roD5BmPMzsusHgRuqc29-07:00:00,SYN_105355,41,07:14:52,07:15:07,0
_roD5BmPMzsusHgRuqc29-07:00:00,SYN_105356,42,07:15:13,07:15:28,0
_roD5BmPMzsusHgRuqc29-07:00:00,SYN_105357,43,07:15:34,07:15:49,0
_roD5BmPMzsusHgRuqc29-07:00:00,SYN_105358,44,07:15:54,07:16:09,0
_roD5BmPMzsusHgRuqc29-07:00:00,SYN_105359,45,07:16:15,07:16:30,0
_roD5BmPMzsusHgRuqc29-07:00:00,SYN_105360,46,07:16:36,07:16:51,0
_roD5BmPMzsusHgRuqc29-07:00:00,SYN_105361,47,07:16:57,07:17:12,0
_roD5BmPMzsusHgRuqc29-07:00:00,SYN_105362,48,07:17:17,07:17:32,0
_roD5BmPMzsusHgRuqc29-07:00:00,SYN_105363,49,07:17:38,07:17:53,0
_roD5BmPMzsusHgRuqc29-07:00:00,SYN_105364,50,07:17:59,07:18:14,0
_roD5BmPMzsusHgRuqc29-07:00:00,SYN_105365,51,07:18:20,07:18:35,0
_roD5BmPMzsusHgRuqc29-07:00:00,SYN_105366,52,07:18:40,07:18:55,0
_roD5BmPMzsusHgRuqc29-07:00:00,SYN_105367,53,07:19:01,07:19:16,0
_roD5BmPMzsusHgRuqc29-07:00:00,SYN_105368,54,07:19:22,07:19:37,0
_roD5BmPMzsusHgRuqc29-07:00:00,SYN_105369,55,07:19:43,07:19:58,0
_roD5BmPMzsusHgRuqc29-07:00:00,SYN_105370,56,07:20:03,07:20:18,0
_roD5BmPMzsusHgRuqc29-07:00:00,SYN_105371,57,07:20:24,07:20:39,0
_roD5BmPMzsusHgRuqc29-07:00:00,SYN_105372,58,07:20:45,07:21:00,0
_roD5BmPMzsusHgRuqc29-07:00:00,SYN_105373,59,07:21:05,07:21:20,0
_roD5BmPMzsusHgRuqc29-07:00:00,SYN_105374,60,07:21:26,07:21:41,0
_roD5BmPMzsusHgRuqc29-07:00:00,SYN_105375,61,07:21:46,07:22:01,0
_roD5BmPMzsusHgRuqc29-07:00:00,SYN_105376,62,07:22:07,07:22:22,0
_roD5BmPMzsusHgRuqc29-07:00:00,SYN_105377,63,07:22:27,07:22:42,0
_roD5BmPMzsusHgRuqc29-07:00:00,SYN_105378,64,07:22:47,07:23:02,0
_roD5BmPMzsusHgRuqc29-07:00:00,SYN_105379,65,07:23:08,07:23:23,0
_roD5BmPMzsusHgRuqc29-07:00:00,SYN_105380,66,07:23:28,07:23:43,0
_roD5BmPMzsusHgRuqc29-07:00:00,SYN_105381,67,07:23:49,07:24:04,0
_roD5BmPMzsusHgRuqc29-07:00:00,SYN_105382,68,07:24:09,07:24:24,0
_roD5BmPMzsusHgRuqc29-07:00:00,SYN_105383,69,07:24:29,07:24:44,0
_roD5BmPMzsusHgRuqc29-07:00:00,SYN_105384,70,07:24:50,07:25:05,0
_roD5BmPMzsusHgRuqc29-07:00:00,SYN_105385,71,07:25:10,07:25:25,0
_roD5BmPMzsusHgRuqc29-07:00:00,SYN_105386,72,07:25:31,07:25:46,0
_roD5BmPMzsusHgRuqc29-07:00:00,SYN_105387,73,07:25:51,07:26:06,0
_roD5BmPMzsusHgRuqc29-07:00:00,SYN_105388,74,07:26:11,07:26:26,0
_roD5BmPMzsusHgRuqc29-07:00:00,SYN_105389,75,07:26:32,07:26:47,0
_roD5BmPMzsusHgRuqc29-07:00:00,SYN_105390,76,07:26:52,07:27:07,0
_roD5BmPMzsusHgRuqc29-07:00:00,SYN_105391,77,07:27:13,07:27:28,0
_roD5BmPMzsusHgRuqc29-07:00:00,SYN_105392,78,07:27:33,07:27:48,0
_roD5BmPMzsusHgRuqc29-07:00:00,SYN_105393,79,07:27:53,07:28:08,0
_roD5BmPMzsusHgRuqc29-07:00:00,SYN_105394,80,07:28:14,07:28:29,0
_roD5BmPMzsusHgRuqc29-07:00:00,SYN_105395,81,07:28:34,07:28:49,0
_roD5BmPMzsusHgRuqc29-07:00:00,SYN_105396,82,07:28:54,07:29:09,0
_roD5BmPMzsusHgRuqc29-07:00:00,SYN_105397,83,07:29:15,07:29:30,0
_roD5BmPMzsusHgRuqc29-07:00:00,SYN_105398,84,07:29:35,07:29:50,0
_roD5BmPMzsusHgRuqc29-07:00:00,SYN_105399,85,07:29:56,07:30:11,0
_roD5BmPMzsusHgRuqc29-07:00:00,SYN_105400,86,07:30:16,07:30:31,0
_roD5BmPMzsusHgRuqc29-07:00:00,SYN_105401,87,07:30:36,07:30:51,0
_roD5BmPMzsusHgRuqc29-07:00:00,SYN_105402,88,07:30:43,07:30:58,0
_roD5BmPMzsusHgRuqc29-07:00:00,SYN_105403,89,07:30:46,07:31:01,0
_roD5BmPMzsusHgRuqc29-07:00:00,SYN_105404,90,07:30:50,07:31:05,0
_roD5BmPMzsusHgRuqc29-07:00:00,SYN_105405,91,07:30:54,07:31:09,0
_roD5BmPMzsusHgRuqc29-07:00:00,SYN_105406,92,07:30:57,07:31:12,0
_roD5BmPMzsusHgRuqc29-07:00:00,SYN_105407,93,07:31:01,07:31:16,0
_roD5BmPMzsusHgRuqc29-07:00:00,SYN_105408,94,07:31:04,07:31:19,0
_roD5BmPMzsusHgRuqc29-07:00:00,SYN_105409,95,07:31:08,07:31:23,0
_roD5BmPMzsusHgRuqc29-07:00:00,SYN_105410,96,07:31:12,07:31:27,0
_roD5BmPMzsusHgRuqc29-07:00:00,SYN_105411,97,07:31:15,07:31:30,0
_roD5BmPMzsusHgRuqc29-07:00:00,SYN_105412,98,07:31:19,07:31:34,0
_roD5BmPMzsusHgRuqc29-07:00:00,SYN_105413,99,07:31:23,07:31:38,0
_roD5BmPMzsusHgRuqc29-07:00:00,SYN_105414,100,07:31:26,07:31:41,0
_roD5BmPMzsusHgRuqc29-07:00:00,SYN_105415,101,07:31:30,07:31:45,0
_roD5BmPMzsusHgRuqc29-07:00:00,SYN_105416,102,07:31:34,07:31:49,0
_roD5BmPMzsusHgRuqc29-07:00:00,SYN_105417,103,07:31:37,07:31:52,0
_roD5BmPMzsusHgRuqc29-07:00:00,SYN_105418,104,07:31:41,07:31:56,0
_roD5BmPMzsusHgRuqc29-07:00:00,SYN_105419,105,07:31:44,07:31:59,0
_roD5BmPMzsusHgRuqc29-07:00:00,SYN_105420,106,07:31:48,07:32:03,0
_roD5BmPMzsusHgRuqc29-07:00:00,SYN_105421,107,07:31:52,07:32:07,0
_roD5BmPMzsusHgRuqc29-07:00:00,SYN_105422,108,07:31:55,07:32:10,0
_roD5BmPMzsusHgRuqc29-07:00:00,SYN_105423,109,07:31:59,07:32:14,0
_roD5BmPMzsusHgRuqc29-07:00:00,SYN_105424,110,07:32:03,07:32:18,0
_roD5BmPMzsusHgRuqc29-07:00:00,SYN_105425,111,07:32:06,07:32:21,0
_roD5BmPMzsusHgRuqc29-07:00:00,SYN_105426,112,07:32:10,07:32:25,0
_roD5BmPMzsusHgRuqc29-07:00:00,SYN_105427,113,07:32:14,07:32:29,0
_roD5BmPMzsusHgRuqc29-07:00:00,SYN_105428,114,07:32:17,07:32:32,0
_roD5BmPMzsusHgRuqc29-07:00:00,SYN_105429,115,07:32:21,07:32:36,0
_roD5BmPMzsusHgRuqc29-07:00:00,SYN_105430,116,07:32:24,07:32:39,0
_roD5BmPMzsusHgRuqc29-07:00:00,SYN_105431,117,07:32:28,07:32:43,0
_roD5BmPMzsusHgRuqc29-07:00:00,SYN_105432,118,07:32:32,07:32:47,0
_roD5BmPMzsusHgRuqc29-07:00:00,SYN_105433,119,07:32:35,07:32:50,0
_roD5BmPMzsusHgRuqc29-07:00:00,SYN_105434,120,07:32:39,07:32:54,0
_roD5BmPMzsusHgRuqc29-07:00:00,SYN_105435,121,07:32:43,07:32:58,0
_roD5BmPMzsusHgRuqc29-07:00:00,SYN_105436,122,07:32:46,07:33:01,0
_roD5BmPMzsusHgRuqc29-07:00:00,SYN_105437,123,07:32:50,07:33:05,0
_roD5BmPMzsusHgRuqc29-07:00:00,SYN_105438,124,07:38:46,07:39:01,0
_roD5BmPMzsusHgRuqc29-07:00:00,SYN_105439,125,07:38:25,07:38:40,0
_roD5BmPMzsusHgRuqc29-07:00:00,SYN_105440,126,07:38:05,07:38:20,0
_roD5BmPMzsusHgRuqc29-07:00:00,SYN_105441,127,07:37:44,07:37:59,0
_roD5BmPMzsusHgRuqc29-07:00:00,SYN_105442,128,07:37:23,07:37:38,0
_roD5BmPMzsusHgRuqc29-07:00:00,SYN_105443,129,07:37:03,07:37:18,0
_roD5BmPMzsusHgRuqc29-07:00:00,SYN_105444,130,07:36:42,07:36:57,0
_roD5BmPMzsusHgRuqc29-07:00:00,SYN_105445,131,07:36:22,07:36:37,0
_roD5BmPMzsusHgRuqc29-07:00:00,SYN_105446,132,07:36:01,07:36:16,0
_roD5BmPMzsusHgRuqc29-07:00:00,SYN_105447,133,07:35:41,07:35:56,0
_roD5BmPMzsusHgRuqc29-07:00:00,SYN_105448,134,07:35:20,07:35:35,0
_roD5BmPMzsusHgRuqc29-07:00:00,SYN_105449,135,07:34:59,07:35:14,0
_roD5BmPMzsusHgRuqc29-07:00:00,SYN_105450,136,07:34:39,07:34:54,0
_roD5BmPMzsusHgRuqc29-07:00:00,SYN_105451,137,07:34:18,07:34:33,0
_roD5BmPMzsusHgRuqc29-07:00:00,SYN_105452,138,07:33:58,07:34:13,0
_roD5BmPMzsusHgRuqc29-07:00:00,SYN_105453,139,07:47:21,07:47:36,0
_roD5BmPMzsusHgRuqc29-07:00:00,SYN_105454,140,07:47:53,07:48:08,0
_roD5BmPMzsusHgRuqc29-07:00:00,SYN_105455,141,07:48:25,07:48:40,0
_roD5BmPMzsusHgRuqc29-07:00:00,SYN_105456,142,07:48:57,07:49:12,0
_roD5BmPMzsusHgRuqc29-07:00:00,SYN_105457,143,07:49:29,07:49:44,0
_roD5BmPMzsusHgRuqc29-07:00:00,SYN_105458,144,07:50:01,07:50:16,0
_roD5BmPMzsusHgRuqc29-07:00:00,SYN_105459,145,07:50:33,07:50:48,0
_roD5BmPMzsusHgRuqc29-07:00:00,SYN_105460,146,07:51:05,07:51:20,0
_roD5BmPMzsusHgRuqc29-07:00:00,SYN_105461,147,07:51:37,07:51:52,0
nilFxlyYPYNiAZui3Rdkw-07:00:00,SYN_105316,0,07:37:09,07:37:24,0
nilFxlyYPYNiAZui3Rdkw-07:00:00,SYN_105317,1,07:36:54,07:37:09,0
nilFxlyYPYNiAZui3Rdkw-07:00:00,SYN_105318,2,07:36:39,07:36:54,0
nilFxlyYPYNiAZui3Rdkw-07:00:00,SYN_105319,3,07:36:23,07:36:38,0
nilFxlyYPYNiAZui3Rdkw-07:00:00,SYN_105320,4,07:36:08,07:36:23,0
nilFxlyYPYNiAZui3Rdkw-07:00:00,SYN_105321,5,07:35:53,07:36:08,0
nilFxlyYPYNiAZui3Rdkw-07:00:00,SYN_105322,6,07:35:37,07:35:52,0
nilFxlyYPYNiAZui3Rdkw-07:00:00,SYN_105323,7,07:35:22,07:35:37,0
nilFxlyYPYNiAZui3Rdkw-07:00:00,SYN_105324,8,07:35:07,07:35:22,0
nilFxlyYPYNiAZui3Rdkw-07:00:00,SYN_105325,9,07:34:51,07:35:06,0
nilFxlyYPYNiAZui3Rdkw-07:00:00,SYN_105326,10,07:34:36,07:34:51,0
nilFxlyYPYNiAZui3Rdkw-07:00:00,SYN_105327,11,07:34:21,07:34:36,0
nilFxlyYPYNiAZui3Rdkw-07:00:00,SYN_105328,12,07:34:05,07:34:20,0
nilFxlyYPYNiAZui3Rdkw-07:00:00,SYN_105329,13,07:33:50,07:34:05,0
nilFxlyYPYNiAZui3Rdkw-07:00:00,SYN_105330,14,07:33:34,07:33:49,0
nilFxlyYPYNiAZui3Rdkw-07:00:00,SYN_105331,15,07:33:19,07:33:34,0
nilFxlyYPYNiAZui3Rdkw-07:00:00,SYN_105332,16,07:33:04,07:33:19,0
nilFxlyYPYNiAZui3Rdkw-07:00:00,SYN_105333,17,07:32:48,07:33:03,0
nilFxlyYPYNiAZui3Rdkw-07:00:00,SYN_105334,18,07:32:33,07:32:48,0
nilFxlyYPYNiAZui3Rdkw-07:00:00,SYN_105335,19,07:32:18,07:32:33,0
nilFxlyYPYNiAZui3Rdkw-07:00:00,SYN_105336,20,07:32:02,07:32:17,0
nilFxlyYPYNiAZui3Rdkw-07:00:00,SYN_105337,21,07:31:47,07:32:02,0
nilFxlyYPYNiAZui3Rdkw-07:00:00,SYN_105338,22,07:31:32,07:31:47,0
nilFxlyYPYNiAZui3Rdkw-07:00:00,SYN_105339,23,07:31:16,07:31:31,0
nilFxlyYPYNiAZui3Rdkw-07:00:00,SYN_105340,24,07:31:01,07:31:16,0
nilFxlyYPYNiAZui3Rdkw-07:00:00,SYN_105341,25,07:30:46,07:31:01,0
nilFxlyYPYNiAZui3Rdkw-07:00:00,SYN_105342,26,07:30:30,07:30:45,0
nilFxlyYPYNiAZui3Rdkw-07:00:00,SYN_105343,27,07:30:15,07:30:30,0
nilFxlyYPYNiAZui3Rdkw-07:00:00,SYN_105344,28,07:30:00,07:30:15,0
nilFxlyYPYNiAZui3Rdkw-07:00:00,SYN_105345,29,07:29:44,07:29:59,0
nilFxlyYPYNiAZui3Rdkw-07:00:00,SYN_105346,30,07:29:29,07:29:44,0
nilFxlyYPYNiAZui3Rdkw-07:00:00,SYN_105347,31,07:29:14,07:29:29,0
nilFxlyYPYNiAZui3Rdkw-07:00:00,SYN_105348,32,07:28:58,07:29:13,0
nilFxlyYPYNiAZui3Rdkw-07:00:00,SYN_105349,33,07:28:43,07:28:58,0
nilFxlyYPYNiAZui3Rdkw-07:00:00,SYN_105350,34,07:28:27,07:28:42,0
nilFxlyYPYNiAZui3Rdkw-07:00:00,SYN_105351,35,07:28:12,07:28:27,0
nilFxlyYPYNiAZui3Rdkw-07:00:00,SYN_105352,36,07:27:57,07:28:12,0
nilFxlyYPYNiAZui3Rdkw-07:00:00,SYN_105353,37,07:27:41,07:27:56,0
nilFxlyYPYNiAZui3Rdkw-07:00:00,SYN_105354,38,07:27:26,07:27:41,0
nilFxlyYPYNiAZui3Rdkw-07:00:00,SYN_105355,39,07:27:11,07:27:26,0
nilFxlyYPYNiAZui3Rdkw-07:00:00,SYN_105356,40,07:26:55,07:27:10,0
nilFxlyYPYNiAZui3Rdkw-07:00:00,SYN_105357,41,07:26:40,07:26:55,0
nilFxlyYPYNiAZui3Rdkw-07:00:00,SYN_105358,42,07:26:25,07:26:40,0
nilFxlyYPYNiAZui3Rdkw-07:00:00,SYN_105359,43,07:26:09,07:26:24,0
nilFxlyYPYNiAZui3Rdkw-07:00:00,SYN_105360,44,07:25:54,07:26:09,0
nilFxlyYPYNiAZui3Rdkw-07:00:00,SYN_105361,45,07:25:39,07:25:54,0
nilFxlyYPYNiAZui3Rdkw-07:00:00,SYN_105362,46,07:25:23,07:25:38,0
nilFxlyYPYNiAZui3Rdkw-07:00:00,SYN_105363,47,07:25:08,07:25:23,0
nilFxlyYPYNiAZui3Rdkw-07:00:00,SYN_105364,48,07:24:53,07:25:08,0
nilFxlyYPYNiAZui3Rdkw-07:00:00,SYN_105365,49,07:24:37,07:24:52,0
nilFxlyYPYNiAZui3Rdkw-07:00:00,SYN_105366,50,07:24:22,07:24:37,0
nilFxlyYPYNiAZui3Rdkw-07:00:00,SYN_105367,51,07:24:06,07:24:21,0
nilFxlyYPYNiAZui3Rdkw-07:00:00,SYN_105368,52,07:23:51,07:24:06,0
nilFxlyYPYNiAZui3Rdkw-07:00:00,SYN_105369,53,07:23:36,07:23:51,0
nilFxlyYPYNiAZui3Rdkw-07:00:00,SYN_105370,54,07:23:20,07:23:35,0
nilFxlyYPYNiAZui3Rdkw-07:00:00,SYN_105371,55,07:23:05,07:23:20,0
nilFxlyYPYNiAZui3Rdkw-07:00:00,SYN_105372,56,07:22:50,07:23:05,0
nilFxlyYPYNiAZui3Rdkw-07:00:00,SYN_105373,57,07:22:34,07:22:49,0
nilFxlyYPYNiAZui3Rdkw-07:00:00,SYN_105374,58,07:22:19,07:22:34,0
nilFxlyYPYNiAZui3Rdkw-07:00:00,SYN_105375,59,07:22:04,07:22:19,0
nilFxlyYPYNiAZui3Rdkw-07:00:00,SYN_105376,60,07:21:48,07:22:03,0
nilFxlyYPYNiAZui3Rdkw-07:00:00,SYN_105377,61,07:21:33,07:21:48,0
nilFxlyYPYNiAZui3Rdkw-07:00:00,SYN_105378,62,07:21:18,07:21:33,0
nilFxlyYPYNiAZui3Rdkw-07:00:00,SYN_105379,63,07:21:02,07:21:17,0
nilFxlyYPYNiAZui3Rdkw-07:00:00,SYN_105380,64,07:20:47,07:21:02,0
nilFxlyYPYNiAZui3Rdkw-07:00:00,SYN_105381,65,07:20:32,07:20:47,0
nilFxlyYPYNiAZui3Rdkw-07:00:00,SYN_105382,66,07:20:16,07:20:31,0
nilFxlyYPYNiAZui3Rdkw-07:00:00,SYN_105383,67,07:20:01,07:20:16,0
nilFxlyYPYNiAZui3Rdkw-07:00:00,SYN_105384,68,07:19:45,07:20:00,0
nilFxlyYPYNiAZui3Rdkw-07:00:00,SYN_105385,69,07:19:30,07:19:45,0
nilFxlyYPYNiAZui3Rdkw-07:00:00,SYN_105386,70,07:19:15,07:19:30,0
nilFxlyYPYNiAZui3Rdkw-07:00:00,SYN_105387,71,07:18:59,07:19:14,0
nilFxlyYPYNiAZui3Rdkw-07:00:00,SYN_105388,72,07:18:44,07:18:59,0
nilFxlyYPYNiAZui3Rdkw-07:00:00,SYN_105389,73,07:18:29,07:18:44,0
nilFxlyYPYNiAZui3Rdkw-07:00:00,SYN_105390,74,07:18:13,07:18:28,0
nilFxlyYPYNiAZui3Rdkw-07:00:00,SYN_105391,75,07:17:58,07:18:13,0
nilFxlyYPYNiAZui3Rdkw-07:00:00,SYN_105392,76,07:17:43,07:17:58,0
nilFxlyYPYNiAZui3Rdkw-07:00:00,SYN_105393,77,07:17:27,07:17:42,0
nilFxlyYPYNiAZui3Rdkw-07:00:00,SYN_105394,78,07:17:12,07:17:27,0
nilFxlyYPYNiAZui3Rdkw-07:00:00,SYN_105395,79,07:16:57,07:17:12,0
nilFxlyYPYNiAZui3Rdkw-07:00:00,SYN_105396,80,07:16:41,07:16:56,0
nilFxlyYPYNiAZui3Rdkw-07:00:00,SYN_105397,81,07:16:26,07:16:41,0
nilFxlyYPYNiAZui3Rdkw-07:00:00,SYN_105398,82,07:16:11,07:16:26,0
nilFxlyYPYNiAZui3Rdkw-07:00:00,SYN_105399,83,07:15:55,07:16:10,0
nilFxlyYPYNiAZui3Rdkw-07:00:00,SYN_105400,84,07:15:40,07:15:55,0
nilFxlyYPYNiAZui3Rdkw-07:00:00,SYN_105401,85,07:15:25,07:15:40,0
nilFxlyYPYNiAZui3Rdkw-07:00:00,SYN_105402,86,07:15:09,07:15:24,0
nilFxlyYPYNiAZui3Rdkw-07:00:00,SYN_105403,87,07:14:54,07:15:09,0
nilFxlyYPYNiAZui3Rdkw-07:00:00,SYN_105404,88,07:14:38,07:14:53,0
nilFxlyYPYNiAZui3Rdkw-07:00:00,SYN_105405,89,07:14:23,07:14:38,0
nilFxlyYPYNiAZui3Rdkw-07:00:00,SYN_105406,90,07:14:08,07:14:23,0
nilFxlyYPYNiAZui3Rdkw-07:00:00,SYN_105407,91,07:13:52,07:14:07,0
nilFxlyYPYNiAZui3Rdkw-07:00:00,SYN_105408,92,07:13:37,07:13:52,0
nilFxlyYPYNiAZui3Rdkw-07:00:00,SYN_105409,93,07:13:22,07:13:37,0
nilFxlyYPYNiAZui3Rdkw-07:00:00,SYN_105410,94,07:13:06,07:13:21,0
nilFxlyYPYNiAZui3Rdkw-07:00:00,SYN_105411,95,07:12:51,07:13:06,0
nilFxlyYPYNiAZui3Rdkw-07:00:00,SYN_105412,96,07:12:36,07:12:51,0
nilFxlyYPYNiAZui3Rdkw-07:00:00,SYN_105413,97,07:12:20,07:12:35,0
nilFxlyYPYNiAZui3Rdkw-07:00:00,SYN_105414,98,07:12:05,07:12:20,0
nilFxlyYPYNiAZui3Rdkw-07:00:00,SYN_105415,99,07:11:50,07:12:05,0
nilFxlyYPYNiAZui3Rdkw-07:00:00,SYN_105416,100,07:11:34,07:11:49,0
nilFxlyYPYNiAZui3Rdkw-07:00:00,SYN_105417,101,07:11:19,07:11:34,0
nilFxlyYPYNiAZui3Rdkw-07:00:00,SYN_105418,102,07:11:04,07:11:19,0
nilFxlyYPYNiAZui3Rdkw-07:00:00,SYN_105419,103,07:10:48,07:11:03,0
nilFxlyYPYNiAZui3Rdkw-07:00:00,SYN_105420,104,07:10:33,07:10:48,0
nilFxlyYPYNiAZui3Rdkw-07:00:00,SYN_105421,105,07:10:17,07:10:32,0
nilFxlyYPYNiAZui3Rdkw-07:00:00,SYN_105422,106,07:10:02,07:10:17,0
nilFxlyYPYNiAZui3Rdkw-07:00:00,SYN_105423,107,07:09:47,07:10:02,0
nilFxlyYPYNiAZui3Rdkw-07:00:00,SYN_105424,108,07:09:31,07:09:46,0
nilFxlyYPYNiAZui3Rdkw-07:00:00,SYN_105425,109,07:09:16,07:09:31,0
nilFxlyYPYNiAZui3Rdkw-07:00:00,SYN_105426,110,07:09:01,07:09:16,0
nilFxlyYPYNiAZui3Rdkw-07:00:00,SYN_105427,111,07:08:45,07:09:00,0
nilFxlyYPYNiAZui3Rdkw-07:00:00,SYN_105428,112,07:08:30,07:08:45,0
nilFxlyYPYNiAZui3Rdkw-07:00:00,SYN_105429,113,07:08:15,07:08:30,0
nilFxlyYPYNiAZui3Rdkw-07:00:00,SYN_105430,114,07:07:59,07:08:14,0
nilFxlyYPYNiAZui3Rdkw-07:00:00,SYN_105431,115,07:07:44,07:07:59,0
nilFxlyYPYNiAZui3Rdkw-07:00:00,SYN_105432,116,07:07:29,07:07:44,0
nilFxlyYPYNiAZui3Rdkw-07:00:00,SYN_105433,117,07:07:13,07:07:28,0
nilFxlyYPYNiAZui3Rdkw-07:00:00,SYN_105434,118,07:06:58,07:07:13,0
nilFxlyYPYNiAZui3Rdkw-07:00:00,SYN_105435,119,07:06:43,07:06:58,0
nilFxlyYPYNiAZui3Rdkw-07:00:00,SYN_105436,120,07:06:27,07:06:42,0
nilFxlyYPYNiAZui3Rdkw-07:00:00,SYN_105437,121,07:06:12,07:06:27,0
nilFxlyYPYNiAZui3Rdkw-07:00:00,SYN_105438,122,07:05:57,07:06:12,0
nilFxlyYPYNiAZui3Rdkw-07:00:00,SYN_105439,123,07:05:41,07:05:56,0
nilFxlyYPYNiAZui3Rdkw-07:00:00,SYN_105440,124,07:05:26,07:05:41,0
nilFxlyYPYNiAZui3Rdkw-07:00:00,SYN_105441,125,07:05:10,07:05:25,0
nilFxlyYPYNiAZui3Rdkw-07:00:00,SYN_105442,126,07:04:55,07:05:10,0
nilFxlyYPYNiAZui3Rdkw-07:00:00,SYN_105443,127,07:04:40,07:04:55,0
nilFxlyYPYNiAZui3Rdkw-07:00:00,SYN_105444,128,07:04:24,07:04:39,0
nilFxlyYPYNiAZui3Rdkw-07:00:00,SYN_105445,129,07:04:09,07:04:24,0
nilFxlyYPYNiAZui3Rdkw-07:00:00,SYN_105446,130,07:03:54,07:04:09,0
nilFxlyYPYNiAZui3Rdkw-07:00:00,SYN_105447,131,07:03:38,07:03:53,0
nilFxlyYPYNiAZui3Rdkw-07:00:00,SYN_105448,132,07:03:23,07:03:38,0
nilFxlyYPYNiAZui3Rdkw-07:00:00,SYN_105449,133,07:03:08,07:03:23,0
nilFxlyYPYNiAZui3Rdkw-07:00:00,SYN_105450,134,07:02:52,07:03:07,0
nilFxlyYPYNiAZui3Rdkw-07:00:00,SYN_105451,135,07:02:37,07:02:52,0
nilFxlyYPYNiAZui3Rdkw-07:00:00,SYN_105452,136,07:02:22,07:02:37,0
nilFxlyYPYNiAZui3Rdkw-07:00:00,SYN_105453,137,07:02:06,07:02:21,0
nilFxlyYPYNiAZui3Rdkw-07:00:00,SYN_105454,138,07:01:51,07:02:06,0
nilFxlyYPYNiAZui3Rdkw-07:00:00,SYN_105455,139,07:01:36,07:01:51,0
nilFxlyYPYNiAZui3Rdkw-07:00:00,SYN_105456,140,07:01:20,07:01:35,0
nilFxlyYPYNiAZui3Rdkw-07:00:00,SYN_105457,141,07:01:05,07:01:20,0
nilFxlyYPYNiAZui3Rdkw-07:00:00,SYN_105458,142,07:00:49,07:01:04,0
nilFxlyYPYNiAZui3Rdkw-07:00:00,SYN_105459,143,07:00:34,07:00:49,0
nilFxlyYPYNiAZui3Rdkw-07:00:00,SYN_105460,144,07:00:19,07:00:34,0
nilFxlyYPYNiAZui3Rdkw-07:00:00,SYN_105461,145,07:00:03,07:00:18,0
o1-MNGEnaLwUnghnqO6JK-07:00:00,SYN_105462,0,07:00:40,07:00:55,0
o1-MNGEnaLwUnghnqO6JK-07:00:00,SYN_105463,1,07:01:39,07:01:54,0
o1-MNGEnaLwUnghnqO6JK-07:00:00,SYN_105464,2,07:02:28,07:02:43,0
o1-MNGEnaLwUnghnqO6JK-07:00:00,SYN_105465,3,07:03:07,07:03:22,0
o1-MNGEnaLwUnghnqO6JK-07:00:00,SYN_105466,4,07:03:47,07:04:02,0
o1-MNGEnaLwUnghnqO6JK-07:00:00,SYN_105467,5,07:04:26,07:04:41,0
o1-MNGEnaLwUnghnqO6JK-07:00:00,SYN_105468,6,07:05:05,07:05:20,0
o1-MNGEnaLwUnghnqO6JK-07:00:00,SYN_105469,7,07:05:44,07:05:59,0
o1-MNGEnaLwUnghnqO6JK-07:00:00,SYN_105470,8,07:06:21,07:06:36,0
o1-MNGEnaLwUnghnqO6JK-07:00:00,SYN_105471,9,07:06:51,07:07:06,0
o1-MNGEnaLwUnghnqO6JK-07:00:00,SYN_105472,10,07:07:21,07:07:36,0
o1-MNGEnaLwUnghnqO6JK-07:00:00,SYN_105473,11,07:07:52,07:08:07,0
o1-MNGEnaLwUnghnqO6JK-07:00:00,SYN_105474,12,07:08:22,07:08:37,0
o1-MNGEnaLwUnghnqO6JK-07:00:00,SYN_105475,13,07:08:53,07:09:08,0
o1-MNGEnaLwUnghnqO6JK-07:00:00,SYN_105476,14,07:09:23,07:09:38,0
o1-MNGEnaLwUnghnqO6JK-07:00:00,SYN_105477,15,07:09:54,07:10:09,0
o1-MNGEnaLwUnghnqO6JK-07:00:00,SYN_105478,16,07:10:24,07:10:39,0
o1-MNGEnaLwUnghnqO6JK-07:00:00,SYN_105479,17,07:10:51,07:11:06,0
o1-MNGEnaLwUnghnqO6JK-07:00:00,SYN_105480,18,07:11:18,07:11:33,0
o1-MNGEnaLwUnghnqO6JK-07:00:00,SYN_105481,19,07:11:43,07:11:58,0
o1-MNGEnaLwUnghnqO6JK-07:00:00,SYN_105482,20,07:12:03,07:12:18,0
o1-MNGEnaLwUnghnqO6JK-07:00:00,SYN_105483,21,07:12:24,07:12:39,0
o1-MNGEnaLwUnghnqO6JK-07:00:00,SYN_105484,22,07:12:45,07:13:00,0
o1-MNGEnaLwUnghnqO6JK-07:00:00,SYN_105485,23,07:13:06,07:13:21,0
o1-MNGEnaLwUnghnqO6JK-07:00:00,SYN_105486,24,07:13:26,07:13:41,0
o1-MNGEnaLwUnghnqO6JK-07:00:00,SYN_105487,25,07:13:52,07:14:07,0
o1-MNGEnaLwUnghnqO6JK-07:00:00,SYN_105488,26,07:14:19,07:14:34,0
o1-MNGEnaLwUnghnqO6JK-07:00:00,SYN_105489,27,07:14:45,07:15:00,0
o1-MNGEnaLwUnghnqO6JK-07:00:00,SYN_105490,28,07:15:11,07:15:26,0
o1-MNGEnaLwUnghnqO6JK-07:00:00,SYN_105491,29,07:15:37,07:15:52,0
o1-MNGEnaLwUnghnqO6JK-07:00:00,SYN_105492,30,07:16:03,07:16:18,0
o1-MNGEnaLwUnghnqO6JK-07:00:00,SYN_105493,31,07:16:27,07:16:42,0
o1-MNGEnaLwUnghnqO6JK-07:00:00,SYN_105494,32,07:16:47,07:17:02,0
o1-MNGEnaLwUnghnqO6JK-07:00:00,SYN_105495,33,07:17:08,07:17:23,0
o1-MNGEnaLwUnghnqO6JK-07:00:00,SYN_105496,34,07:17:28,07:17:43,0
o1-MNGEnaLwUnghnqO6JK-07:00:00,SYN_105497,35,07:17:48,07:18:03,0
o1-MNGEnaLwUnghnqO6JK-07:00:00,SYN_105498,36,07:18:08,07:18:23,0
o1-MNGEnaLwUnghnqO6JK-07:00:00,SYN_105499,37,07:18:29,07:18:44,0
o1-MNGEnaLwUnghnqO6JK-07:00:00,SYN_105500,38,07:18:49,07:19:04,0
o1-MNGEnaLwUnghnqO6JK-07:00:00,SYN_105501,39,07:19:09,07:19:24,0
o1-MNGEnaLwUnghnqO6JK-07:00:00,SYN_105502,40,07:19:29,07:19:44,0
o1-MNGEnaLwUnghnqO6JK-07:00:00,SYN_105503,41,07:19:49,07:20:04,0
o1-MNGEnaLwUnghnqO6JK-07:00:00,SYN_105504,42,07:20:10,07:20:25,0
o1-MNGEnaLwUnghnqO6JK-07:00:00,SYN_105505,43,07:20:30,07:20:45,0
o1-MNGEnaLwUnghnqO6JK-07:00:00,SYN_105506,44,07:20:50,07:21:05,0
o1-MNGEnaLwUnghnqO6JK-07:00:00,SYN_105507,45,07:21:10,07:21:25,0
o1-MNGEnaLwUnghnqO6JK-07:00:00,SYN_105508,46,07:21:31,07:21:46,0
o1-MNGEnaLwUnghnqO6JK-07:00:00,SYN_105509,47,07:21:51,07:22:06,0
o1-MNGEnaLwUnghnqO6JK-07:00:00,SYN_105510,48,07:22:11,07:22:26,0
o1-MNGEnaLwUnghnqO6JK-07:00:00,SYN_105511,49,07:22:31,07:22:46,0
o1-MNGEnaLwUnghnqO6JK-07:00:00,SYN_105512,50,07:22:52,07:23:07,0
o1-MNGEnaLwUnghnqO6JK-07:00:00,SYN_105513,51,07:23:12,07:23:27,0
o1-MNGEnaLwUnghnqO6JK-07:00:00,SYN_105514,52,07:23:32,07:23:47,0
o1-MNGEnaLwUnghnqO6JK-07:00:00,SYN_105515,53,07:23:52,07:24:07,0
o1-MNGEnaLwUnghnqO6JK-07:00:00,SYN_105516,54,07:24:13,07:24:28,0
o1-MNGEnaLwUnghnqO6JK-07:00:00,SYN_105517,55,07:24:33,07:24:48,0
o1-MNGEnaLwUnghnqO6JK-07:00:00,SYN_105518,56,07:24:53,07:25:08,0
o1-MNGEnaLwUnghnqO6JK-07:00:00,SYN_105519,57,07:25:13,07:25:28,0
o1-MNGEnaLwUnghnqO6JK-07:00:00,SYN_105520,58,07:25:33,07:25:48,0
o1-MNGEnaLwUnghnqO6JK-07:00:00,SYN_105521,59,07:25:54,07:26:09,0
o1-MNGEnaLwUnghnqO6JK-07:00:00,SYN_105522,60,07:26:14,07:26:29,0
o1-MNGEnaLwUnghnqO6JK-07:00:00,SYN_105523,61,07:26:34,07:26:49,0
o1-MNGEnaLwUnghnqO6JK-07:00:00,SYN_105524,62,07:26:54,07:27:09,0
o1-MNGEnaLwUnghnqO6JK-07:00:00,SYN_105525,63,07:27:15,07:27:30,0
o1-MNGEnaLwUnghnqO6JK-07:00:00,SYN_105526,64,07:27:35,07:27:50,0
o1-MNGEnaLwUnghnqO6JK-07:00:00,SYN_105527,65,07:27:55,07:28:10,0
o1-MNGEnaLwUnghnqO6JK-07:00:00,SYN_105528,66,07:28:15,07:28:30,0
o1-MNGEnaLwUnghnqO6JK-07:00:00,SYN_105529,67,07:28:36,07:28:51,0
o1-MNGEnaLwUnghnqO6JK-07:00:00,SYN_105530,68,07:28:56,07:29:11,0
o1-MNGEnaLwUnghnqO6JK-07:00:00,SYN_105531,69,07:29:16,07:29:31,0
o1-MNGEnaLwUnghnqO6JK-07:00:00,SYN_105532,70,07:29:36,07:29:51,0
o1-MNGEnaLwUnghnqO6JK-07:00:00,SYN_105533,71,07:29:56,07:30:11,0
o1-MNGEnaLwUnghnqO6JK-07:00:00,SYN_105534,72,07:30:17,07:30:32,0
o1-MNGEnaLwUnghnqO6JK-07:00:00,SYN_105535,73,07:30:37,07:30:52,0
o1-MNGEnaLwUnghnqO6JK-07:00:00,SYN_105536,74,07:30:57,07:31:12,0
o1-MNGEnaLwUnghnqO6JK-07:00:00,SYN_105537,75,07:31:17,07:31:32,0
o1-MNGEnaLwUnghnqO6JK-07:00:00,SYN_105538,76,07:31:38,07:31:53,0
o1-MNGEnaLwUnghnqO6JK-07:00:00,SYN_105539,77,07:31:58,07:32:13,0
o1-MNGEnaLwUnghnqO6JK-07:00:00,SYN_105540,78,07:32:18,07:32:33,0
o1-MNGEnaLwUnghnqO6JK-07:00:00,SYN_105541,79,07:32:38,07:32:53,0
o1-MNGEnaLwUnghnqO6JK-07:00:00,SYN_105542,80,07:32:59,07:33:14,0
o1-MNGEnaLwUnghnqO6JK-07:00:00,SYN_105543,81,07:33:19,07:33:34,0
o1-MNGEnaLwUnghnqO6JK-07:00:00,SYN_105544,82,07:33:39,07:33:54,0
o1-MNGEnaLwUnghnqO6JK-07:00:00,SYN_105545,83,07:33:59,07:34:14,0
o1-MNGEnaLwUnghnqO6JK-07:00:00,SYN_105546,84,07:34:20,07:34:35,0
o1-MNGEnaLwUnghnqO6JK-07:00:00,SYN_105547,85,07:34:40,07:34:55,0
o1-MNGEnaLwUnghnqO6JK-07:00:00,SYN_105548,86,07:35:00,07:35:15,0
o1-MNGEnaLwUnghnqO6JK-07:00:00,SYN_105549,87,07:35:20,07:35:35,0
o1-MNGEnaLwUnghnqO6JK-07:00:00,SYN_105550,88,07:35:40,07:35:55,0
o1-MNGEnaLwUnghnqO6JK-07:00:00,SYN_105551,89,07:36:01,07:36:16,0
o1-MNGEnaLwUnghnqO6JK-07:00:00,SYN_105552,90,07:36:21,07:36:36,0
o1-MNGEnaLwUnghnqO6JK-07:00:00,SYN_105553,91,07:36:41,07:36:56,0
o1-MNGEnaLwUnghnqO6JK-07:00:00,SYN_105554,92,07:37:01,07:37:16,0
o1-MNGEnaLwUnghnqO6JK-07:00:00,SYN_105555,93,07:37:22,07:37:37,0
o1-MNGEnaLwUnghnqO6JK-07:00:00,SYN_105556,94,07:37:42,07:37:57,0
o1-MNGEnaLwUnghnqO6JK-07:00:00,SYN_105557,95,07:38:02,07:38:17,0
o1-MNGEnaLwUnghnqO6JK-07:00:00,SYN_105558,96,07:38:22,07:38:37,0
o1-MNGEnaLwUnghnqO6JK-07:00:00,SYN_105559,97,07:38:43,07:38:58,0
o1-MNGEnaLwUnghnqO6JK-07:00:00,SYN_105560,98,07:39:03,07:39:18,0
o1-MNGEnaLwUnghnqO6JK-07:00:00,SYN_105561,99,07:39:23,07:39:38,0
o1-MNGEnaLwUnghnqO6JK-07:00:00,SYN_105562,100,07:39:43,07:39:58,0
o1-MNGEnaLwUnghnqO6JK-07:00:00,SYN_105563,101,07:40:03,07:40:18,0
o1-MNGEnaLwUnghnqO6JK-07:00:00,SYN_105564,102,07:40:24,07:40:39,0
o1-MNGEnaLwUnghnqO6JK-07:00:00,SYN_105565,103,07:40:44,07:40:59,0
o1-MNGEnaLwUnghnqO6JK-07:00:00,SYN_105566,104,07:41:04,07:41:19,0
o1-MNGEnaLwUnghnqO6JK-07:00:00,SYN_105567,105,07:41:24,07:41:39,0
o1-MNGEnaLwUnghnqO6JK-07:00:00,SYN_105568,106,07:41:43,07:41:58,0
o1-MNGEnaLwUnghnqO6JK-07:00:00,SYN_105569,107,07:42:01,07:42:16,0
o1-MNGEnaLwUnghnqO6JK-07:00:00,SYN_105570,108,07:42:19,07:42:34,0
o1-MNGEnaLwUnghnqO6JK-07:00:00,SYN_105571,109,07:42:36,07:42:51,0
o1-MNGEnaLwUnghnqO6JK-07:00:00,SYN_105572,110,07:42:54,07:43:09,0
o1-MNGEnaLwUnghnqO6JK-07:00:00,SYN_105573,111,07:43:27,07:43:42,0
o1-MNGEnaLwUnghnqO6JK-07:00:00,SYN_105574,112,07:44:07,07:44:22,0
o1-MNGEnaLwUnghnqO6JK-07:00:00,SYN_105575,113,07:44:47,07:45:02,0
o1-MNGEnaLwUnghnqO6JK-07:00:00,SYN_105576,114,07:45:27,07:45:42,0
o1-MNGEnaLwUnghnqO6JK-07:00:00,SYN_105577,115,07:46:07,07:46:22,0
o1-MNGEnaLwUnghnqO6JK-07:00:00,SYN_105578,116,07:46:47,07:47:02,0
o1-MNGEnaLwUnghnqO6JK-07:00:00,SYN_105579,117,07:47:27,07:47:42,0
o1-MNGEnaLwUnghnqO6JK-07:00:00,SYN_105580,118,07:48:13,07:48:28,0
o1-MNGEnaLwUnghnqO6JK-07:00:00,SYN_105581,119,07:49:00,07:49:15,0
o1-MNGEnaLwUnghnqO6JK-07:00:00,SYN_105582,120,07:49:47,07:50:02,0
o1-MNGEnaLwUnghnqO6JK-07:00:00,SYN_105583,121,07:50:22,07:50:37,0
o1-MNGEnaLwUnghnqO6JK-07:00:00,SYN_105584,122,07:50:48,07:51:03,0
o1-MNGEnaLwUnghnqO6JK-07:00:00,SYN_105585,123,07:51:15,07:51:30,0
o1-MNGEnaLwUnghnqO6JK-07:00:00,SYN_105586,124,07:52:09,07:52:24,0
o1-MNGEnaLwUnghnqO6JK-07:00:00,SYN_105587,125,07:53:27,07:53:42,0
o1-MNGEnaLwUnghnqO6JK-07:00:00,SYN_105588,126,07:54:46,07:55:01,0
o1-MNGEnaLwUnghnqO6JK-07:00:00,SYN_105589,127,07:56:05,07:56:20,0
o1-MNGEnaLwUnghnqO6JK-07:00:00,SYN_105590,128,07:57:22,07:57:37,0
o1-MNGEnaLwUnghnqO6JK-07:00:00,SYN_105591,129,07:58:27,07:58:42,0
o1-MNGEnaLwUnghnqO6JK-07:00:00,SYN_105592,130,07:59:41,07:59:56,0
o1-MNGEnaLwUnghnqO6JK-07:00:00,SYN_105593,131,08:01:10,08:01:25,0
o1-MNGEnaLwUnghnqO6JK-07:00:00,SYN_105594,132,08:02:38,08:02:53,0
o1-MNGEnaLwUnghnqO6JK-07:00:00,SYN_105595,133,08:04:07,08:04:22,0
o1-MNGEnaLwUnghnqO6JK-07:00:00,SYN_105596,134,08:05:38,08:05:53,0
o1-MNGEnaLwUnghnqO6JK-07:00:00,SYN_105597,135,08:06:47,08:07:02,0
o1-MNGEnaLwUnghnqO6JK-07:00:00,SYN_105598,136,08:07:20,08:07:35,0
o1-MNGEnaLwUnghnqO6JK-07:00:00,SYN_105599,137,08:07:54,08:08:09,0
o1-MNGEnaLwUnghnqO6JK-07:00:00,SYN_105600,138,08:09:21,08:09:36,0
o1-MNGEnaLwUnghnqO6JK-07:00:00,SYN_105601,139,08:11:39,08:11:54,0
3JTmhQmnxSU9cPkJSaSlE-07:00:00,SYN_105603,0,07:01:58,07:02:13,0
3JTmhQmnxSU9cPkJSaSlE-07:00:00,SYN_105604,1,07:03:43,07:03:58,0
3JTmhQmnxSU9cPkJSaSlE-07:00:00,SYN_105605,2,07:05:20,07:05:35,0
3JTmhQmnxSU9cPkJSaSlE-07:00:00,SYN_105606,3,07:06:14,07:06:29,0
3JTmhQmnxSU9cPkJSaSlE-07:00:00,SYN_105607,4,07:07:05,07:07:20,0
3JTmhQmnxSU9cPkJSaSlE-07:00:00,SYN_105608,5,07:07:55,07:08:10,0
3JTmhQmnxSU9cPkJSaSlE-07:00:00,SYN_105609,6,07:08:39,07:08:54,0
3JTmhQmnxSU9cPkJSaSlE-07:00:00,SYN_105610,7,07:09:05,07:09:20,0
3JTmhQmnxSU9cPkJSaSlE-07:00:00,SYN_105611,8,07:09:25,07:09:40,0
3JTmhQmnxSU9cPkJSaSlE-07:00:00,SYN_105612,9,07:09:45,07:10:00,0
3JTmhQmnxSU9cPkJSaSlE-07:00:00,SYN_105613,10,07:10:21,07:10:36,0
3JTmhQmnxSU9cPkJSaSlE-07:00:00,SYN_105614,11,07:11:05,07:11:20,0
3JTmhQmnxSU9cPkJSaSlE-07:00:00,SYN_105615,12,07:11:40,07:11:55,0
3JTmhQmnxSU9cPkJSaSlE-07:00:00,SYN_105616,13,07:12:21,07:12:36,0
3JTmhQmnxSU9cPkJSaSlE-07:00:00,SYN_105617,14,07:13:15,07:13:30,0
3JTmhQmnxSU9cPkJSaSlE-07:00:00,SYN_105618,15,07:14:06,07:14:21,0
3JTmhQmnxSU9cPkJSaSlE-07:00:00,SYN_105619,16,07:14:53,07:15:08,0
3JTmhQmnxSU9cPkJSaSlE-07:00:00,SYN_105620,17,07:15:39,07:15:54,0
3JTmhQmnxSU9cPkJSaSlE-07:00:00,SYN_105621,18,07:16:21,07:16:36,0
3JTmhQmnxSU9cPkJSaSlE-07:00:00,SYN_105622,19,07:17:02,07:17:17,0
3JTmhQmnxSU9cPkJSaSlE-07:00:00,SYN_105623,20,07:17:48,07:18:03,0
3JTmhQmnxSU9cPkJSaSlE-07:00:00,SYN_105624,21,07:18:46,07:19:01,0
3JTmhQmnxSU9cPkJSaSlE-07:00:00,SYN_105625,22,07:19:27,07:19:42,0
3JTmhQmnxSU9cPkJSaSlE-07:00:00,SYN_105626,23,07:20:03,07:20:18,0
3JTmhQmnxSU9cPkJSaSlE-07:00:00,SYN_105627,24,07:20:33,07:20:48,0
3JTmhQmnxSU9cPkJSaSlE-07:00:00,SYN_105628,25,07:21:01,07:21:16,0
3JTmhQmnxSU9cPkJSaSlE-07:00:00,SYN_105629,26,07:21:29,07:21:44,0
3JTmhQmnxSU9cPkJSaSlE-07:00:00,SYN_105630,27,07:21:57,07:22:12,0
3JTmhQmnxSU9cPkJSaSlE-07:00:00,SYN_105631,28,07:22:25,07:22:40,0
3JTmhQmnxSU9cPkJSaSlE-07:00:00,SYN_105632,29,07:22:53,07:23:08,0
3JTmhQmnxSU9cPkJSaSlE-07:00:00,SYN_105633,30,07:23:21,07:23:36,0
3JTmhQmnxSU9cPkJSaSlE-07:00:00,SYN_105634,31,07:23:49,07:24:04,0
3JTmhQmnxSU9cPkJSaSlE-07:00:00,SYN_105635,32,07:24:17,07:24:32,0
3JTmhQmnxSU9cPkJSaSlE-07:00:00,SYN_105636,33,07:24:45,07:25:00,0
3JTmhQmnxSU9cPkJSaSlE-07:00:00,SYN_105637,34,07:25:14,07:25:29,0
3JTmhQmnxSU9cPkJSaSlE-07:00:00,SYN_105638,35,07:25:42,07:25:57,0
3JTmhQmnxSU9cPkJSaSlE-07:00:00,SYN_105639,36,07:26:10,07:26:25,0
3JTmhQmnxSU9cPkJSaSlE-07:00:00,SYN_105640,37,07:26:39,07:26:54,0
3JTmhQmnxSU9cPkJSaSlE-07:00:00,SYN_105641,38,07:27:05,07:27:20,0
3JTmhQmnxSU9cPkJSaSlE-07:00:00,SYN_105642,39,07:27:31,07:27:46,0
3JTmhQmnxSU9cPkJSaSlE-07:00:00,SYN_105643,40,07:27:57,07:28:12,0
3JTmhQmnxSU9cPkJSaSlE-07:00:00,SYN_105644,41,07:28:30,07:28:45,0
3JTmhQmnxSU9cPkJSaSlE-07:00:00,SYN_105645,42,07:29:04,07:29:19,0
3JTmhQmnxSU9cPkJSaSlE-07:00:00,SYN_105646,43,07:29:36,07:29:51,0
3JTmhQmnxSU9cPkJSaSlE-07:00:00,SYN_105647,44,07:30:06,07:30:21,0
3JTmhQmnxSU9cPkJSaSlE-07:00:00,SYN_105648,45,07:30:36,07:30:51,0
3JTmhQmnxSU9cPkJSaSlE-07:00:00,SYN_105649,46,07:31:06,07:31:21,0
3JTmhQmnxSU9cPkJSaSlE-07:00:00,SYN_105650,47,07:31:36,07:31:51,0
3JTmhQmnxSU9cPkJSaSlE-07:00:00,SYN_105651,48,07:32:09,07:32:24,0
3JTmhQmnxSU9cPkJSaSlE-07:00:00,SYN_105652,49,07:32:56,07:33:11,0
3JTmhQmnxSU9cPkJSaSlE-07:00:00,SYN_105653,50,07:33:29,07:33:44,0
3JTmhQmnxSU9cPkJSaSlE-07:00:00,SYN_105654,51,07:33:48,07:34:03,0
3JTmhQmnxSU9cPkJSaSlE-07:00:00,SYN_105655,52,07:34:06,07:34:21,0
3JTmhQmnxSU9cPkJSaSlE-07:00:00,SYN_105656,53,07:34:25,07:34:40,0
3JTmhQmnxSU9cPkJSaSlE-07:00:00,SYN_105657,54,07:34:50,07:35:05,0
3JTmhQmnxSU9cPkJSaSlE-07:00:00,SYN_105658,55,07:35:16,07:35:31,0
3JTmhQmnxSU9cPkJSaSlE-07:00:00,SYN_105659,56,07:35:41,07:35:56,0
3JTmhQmnxSU9cPkJSaSlE-07:00:00,SYN_105660,57,07:36:07,07:36:22,0
3JTmhQmnxSU9cPkJSaSlE-07:00:00,SYN_105661,58,07:36:33,07:36:48,0
3JTmhQmnxSU9cPkJSaSlE-07:00:00,SYN_105662,59,07:36:58,07:37:13,0
3JTmhQmnxSU9cPkJSaSlE-07:00:00,SYN_105663,60,07:37:23,07:37:38,0
3JTmhQmnxSU9cPkJSaSlE-07:00:00,SYN_105664,61,07:37:48,07:38:03,0
3JTmhQmnxSU9cPkJSaSlE-07:00:00,SYN_105665,62,07:38:16,07:38:31,0
3JTmhQmnxSU9cPkJSaSlE-07:00:00,SYN_105666,63,07:38:48,07:39:03,0
3JTmhQmnxSU9cPkJSaSlE-07:00:00,SYN_105667,64,07:39:31,07:39:46,0
3JTmhQmnxSU9cPkJSaSlE-07:00:00,SYN_105668,65,07:40:14,07:40:29,0
3JTmhQmnxSU9cPkJSaSlE-07:00:00,SYN_105669,66,07:40:57,07:41:12,0
3JTmhQmnxSU9cPkJSaSlE-07:00:00,SYN_105670,67,07:41:39,07:41:54,0
3JTmhQmnxSU9cPkJSaSlE-07:00:00,SYN_105671,68,07:42:20,07:42:35,0
3JTmhQmnxSU9cPkJSaSlE-07:00:00,SYN_105672,69,07:43:02,07:43:17,0
3JTmhQmnxSU9cPkJSaSlE-07:00:00,SYN_105673,70,07:43:44,07:43:59,0
3JTmhQmnxSU9cPkJSaSlE-07:00:00,SYN_105674,71,07:44:25,07:44:40,0
3JTmhQmnxSU9cPkJSaSlE-07:00:00,SYN_105675,72,07:45:07,07:45:22,0
3JTmhQmnxSU9cPkJSaSlE-07:00:00,SYN_105676,73,07:45:33,07:45:48,0
3JTmhQmnxSU9cPkJSaSlE-07:00:00,SYN_105677,74,07:45:57,07:46:12,0
3JTmhQmnxSU9cPkJSaSlE-07:00:00,SYN_105678,75,07:46:21,07:46:36,0
3JTmhQmnxSU9cPkJSaSlE-07:00:00,SYN_105679,76,07:46:45,07:47:00,0
divI9MoAnOSksgYUNogFE-07:00:00,SYN_105603,0,08:08:05,08:08:20,0
divI9MoAnOSksgYUNogFE-07:00:00,SYN_105604,1,08:07:14,08:07:29,0
divI9MoAnOSksgYUNogFE-07:00:00,SYN_105605,2,08:06:23,08:06:38,0
divI9MoAnOSksgYUNogFE-07:00:00,SYN_105606,3,08:05:32,08:05:47,0
divI9MoAnOSksgYUNogFE-07:00:00,SYN_105607,4,08:04:41,08:04:56,0
divI9MoAnOSksgYUNogFE-07:00:00,SYN_105608,5,08:03:50,08:04:05,0
divI9MoAnOSksgYUNogFE-07:00:00,SYN_105609,6,08:02:59,08:03:14,0
divI9MoAnOSksgYUNogFE-07:00:00,SYN_105610,7,08:02:08,08:02:23,0
divI9MoAnOSksgYUNogFE-07:00:00,SYN_105611,8,08:01:17,08:01:32,0
divI9MoAnOSksgYUNogFE-07:00:00,SYN_105612,9,08:00:26,08:00:41,0
divI9MoAnOSksgYUNogFE-07:00:00,SYN_105613,10,07:59:35,07:59:50,0
divI9MoAnOSksgYUNogFE-07:00:00,SYN_105614,11,07:58:44,07:58:59,0
divI9MoAnOSksgYUNogFE-07:00:00,SYN_105615,12,07:57:53,07:58:08,0
divI9MoAnOSksgYUNogFE-07:00:00,SYN_105616,13,07:57:01,07:57:16,0
divI9MoAnOSksgYUNogFE-07:00:00,SYN_105617,14,07:56:10,07:56:25,0
divI9MoAnOSksgYUNogFE-07:00:00,SYN_105618,15,07:55:19,07:55:34,0
divI9MoAnOSksgYUNogFE-07:00:00,SYN_105619,16,07:54:28,07:54:43,0
divI9MoAnOSksgYUNogFE-07:00:00,SYN_105620,17,07:53:37,07:53:52,0
divI9MoAnOSksgYUNogFE-07:00:00,SYN_105621,18,07:52:46,07:53:01,0
divI9MoAnOSksgYUNogFE-07:00:00,SYN_105622,19,07:51:55,07:52:10,0
divI9MoAnOSksgYUNogFE-07:00:00,SYN_105623,20,07:51:04,07:51:19,0
divI9MoAnOSksgYUNogFE-07:00:00,SYN_105624,21,07:50:13,07:50:28,0
divI9MoAnOSksgYUNogFE-07:00:00,SYN_105625,22,07:49:22,07:49:37,0
divI9MoAnOSksgYUNogFE-07:00:00,SYN_105626,23,07:48:31,07:48:46,0
divI9MoAnOSksgYUNogFE-07:00:00,SYN_105627,24,07:47:40,07:47:55,0
divI9MoAnOSksgYUNogFE-07:00:00,SYN_105628,25,07:46:49,07:47:04,0
divI9MoAnOSksgYUNogFE-07:00:00,SYN_105629,26,07:45:58,07:46:13,0
divI9MoAnOSksgYUNogFE-07:00:00,SYN_105630,27,07:45:06,07:45:21,0
divI9MoAnOSksgYUNogFE-07:00:00,SYN_105631,28,07:44:15,07:44:30,0
divI9MoAnOSksgYUNogFE-07:00:00,SYN_105632,29,07:43:24,07:43:39,0
divI9MoAnOSksgYUNogFE-07:00:00,SYN_105633,30,07:42:33,07:42:48,0
divI9MoAnOSksgYUNogFE-07:00:00,SYN_105634,31,07:41:42,07:41:57,0
divI9MoAnOSksgYUNogFE-07:00:00,SYN_105635,32,07:40:51,07:41:06,0
divI9MoAnOSksgYUNogFE-07:00:00,SYN_105636,33,07:40:00,07:40:15,0
divI9MoAnOSksgYUNogFE-07:00:00,SYN_105637,34,07:39:09,07:39:24,0
divI9MoAnOSksgYUNogFE-07:00:00,SYN_105638,35,07:38:18,07:38:33,0
divI9MoAnOSksgYUNogFE-07:00:00,SYN_105639,36,07:37:27,07:37:42,0
divI9MoAnOSksgYUNogFE-07:00:00,SYN_105640,37,07:36:36,07:36:51,0
divI9MoAnOSksgYUNogFE-07:00:00,SYN_105641,38,07:35:45,07:36:00,0
divI9MoAnOSksgYUNogFE-07:00:00,SYN_105642,39,07:34:54,07:35:09,0
divI9MoAnOSksgYUNogFE-07:00:00,SYN_105643,40,07:34:03,07:34:18,0
divI9MoAnOSksgYUNogFE-07:00:00,SYN_105644,41,07:33:11,07:33:26,0
divI9MoAnOSksgYUNogFE-07:00:00,SYN_105645,42,07:32:20,07:32:35,0
divI9MoAnOSksgYUNogFE-07:00:00,SYN_105646,43,07:31:29,07:31:44,0
divI9MoAnOSksgYUNogFE-07:00:00,SYN_105647,44,07:30:38,07:30:53,0
divI9MoAnOSksgYUNogFE-07:00:00,SYN_105648,45,07:29:47,07:30:02,0
divI9MoAnOSksgYUNogFE-07:00:00,SYN_105649,46,07:28:56,07:29:11,0
divI9MoAnOSksgYUNogFE-07:00:00,SYN_105650,47,07:28:05,07:28:20,0
divI9MoAnOSksgYUNogFE-07:00:00,SYN_105651,48,07:27:14,07:27:29,0
divI9MoAnOSksgYUNogFE-07:00:00,SYN_105652,49,07:26:23,07:26:38,0
divI9MoAnOSksgYUNogFE-07:00:00,SYN_105653,50,07:25:32,07:25:47,0
divI9MoAnOSksgYUNogFE-07:00:00,SYN_105654,51,07:24:41,07:24:56,0
divI9MoAnOSksgYUNogFE-07:00:00,SYN_105655,52,07:23:50,07:24:05,0
divI9MoAnOSksgYUNogFE-07:00:00,SYN_105656,53,07:22:59,07:23:14,0
divI9MoAnOSksgYUNogFE-07:00:00,SYN_105657,54,07:22:08,07:22:23,0
divI9MoAnOSksgYUNogFE-07:00:00,SYN_105658,55,07:21:16,07:21:31,0
divI9MoAnOSksgYUNogFE-07:00:00,SYN_105659,56,07:20:25,07:20:40,0
divI9MoAnOSksgYUNogFE-07:00:00,SYN_105660,57,07:19:34,07:19:49,0
divI9MoAnOSksgYUNogFE-07:00:00,SYN_105661,58,07:18:43,07:18:58,0
divI9MoAnOSksgYUNogFE-07:00:00,SYN_105662,59,07:17:52,07:18:07,0
divI9MoAnOSksgYUNogFE-07:00:00,SYN_105663,60,07:17:01,07:17:16,0
divI9MoAnOSksgYUNogFE-07:00:00,SYN_105664,61,07:16:10,07:16:25,0
divI9MoAnOSksgYUNogFE-07:00:00,SYN_105665,62,07:15:19,07:15:34,0
divI9MoAnOSksgYUNogFE-07:00:00,SYN_105666,63,07:14:28,07:14:43,0
divI9MoAnOSksgYUNogFE-07:00:00,SYN_105667,64,07:13:37,07:13:52,0
divI9MoAnOSksgYUNogFE-07:00:00,SYN_105668,65,07:12:46,07:13:01,0
divI9MoAnOSksgYUNogFE-07:00:00,SYN_105669,66,07:11:55,07:12:10,0
divI9MoAnOSksgYUNogFE-07:00:00,SYN_105670,67,07:11:04,07:11:19,0
divI9MoAnOSksgYUNogFE-07:00:00,SYN_105671,68,07:10:13,07:10:28,0
divI9MoAnOSksgYUNogFE-07:00:00,SYN_105672,69,07:09:21,07:09:36,0
divI9MoAnOSksgYUNogFE-07:00:00,SYN_105673,70,07:08:30,07:08:45,0
divI9MoAnOSksgYUNogFE-07:00:00,SYN_105674,71,07:07:39,07:07:54,0
divI9MoAnOSksgYUNogFE-07:00:00,SYN_105675,72,07:06:48,07:07:03,0
divI9MoAnOSksgYUNogFE-07:00:00,SYN_105676,73,07:05:57,07:06:12,0
divI9MoAnOSksgYUNogFE-07:00:00,SYN_105677,74,07:05:06,07:05:21,0
divI9MoAnOSksgYUNogFE-07:00:00,SYN_105678,75,07:04:15,07:04:30,0
divI9MoAnOSksgYUNogFE-07:00:00,SYN_105679,76,07:03:24,07:03:39,0
divI9MoAnOSksgYUNogFE-07:00:00,SYN_105680,77,07:02:33,07:02:48,0
divI9MoAnOSksgYUNogFE-07:00:00,SYN_105681,78,07:01:42,07:01:57,0
divI9MoAnOSksgYUNogFE-07:00:00,SYN_105682,79,07:00:51,07:01:06,0
divI9MoAnOSksgYUNogFE-07:00:00,SYN_105683,80,07:00:00,07:00:15,0
1qykx9U9w6xm1N6GqnR-i-07:00:00,SYN_105684,0,07:00:58,07:01:13,0
1qykx9U9w6xm1N6GqnR-i-07:00:00,SYN_105685,1,07:01:57,07:02:12,0
1qykx9U9w6xm1N6GqnR-i-07:00:00,SYN_105686,2,07:02:55,07:03:10,0
1qykx9U9w6xm1N6GqnR-i-07:00:00,SYN_105687,3,07:04:09,07:04:24,0
1qykx9U9w6xm1N6GqnR-i-07:00:00,SYN_105688,4,07:05:25,07:05:40,0
1qykx9U9w6xm1N6GqnR-i-07:00:00,SYN_105689,5,07:06:41,07:06:56,0
1qykx9U9w6xm1N6GqnR-i-07:00:00,SYN_105690,6,07:07:57,07:08:12,0
1qykx9U9w6xm1N6GqnR-i-07:00:00,SYN_105691,7,07:09:13,07:09:28,0
1qykx9U9w6xm1N6GqnR-i-07:00:00,SYN_105692,8,07:10:29,07:10:44,0
jUSQ8Z6RmiugCcePQrJNM-07:00:00,SYN_105684,0,07:01:18,07:01:33,0
jUSQ8Z6RmiugCcePQrJNM-07:00:00,SYN_105685,1,07:00:41,07:00:56,0
jUSQ8Z6RmiugCcePQrJNM-07:00:00,SYN_105686,2,07:00:05,07:00:20,0
TIF4utcDqnWmdbkuyp9Dq-07:00:00,SYN_105704,0,07:01:15,07:01:30,0
TIF4utcDqnWmdbkuyp9Dq-07:00:00,SYN_105705,1,07:02:42,07:02:57,0
TIF4utcDqnWmdbkuyp9Dq-07:00:00,SYN_105706,2,07:04:10,07:04:25,0
TIF4utcDqnWmdbkuyp9Dq-07:00:00,SYN_105707,3,07:05:38,07:05:53,0
TIF4utcDqnWmdbkuyp9Dq-07:00:00,SYN_105708,4,07:08:17,07:08:32,0
S0va0RZjlnA1UM5ngCuy9-07:00:00,SYN_105694,0,07:07:52,07:08:07,0
S0va0RZjlnA1UM5ngCuy9-07:00:00,SYN_105695,1,07:07:21,07:07:36,0
S0va0RZjlnA1UM5ngCuy9-07:00:00,SYN_105696,2,07:06:49,07:07:04,0
S0va0RZjlnA1UM5ngCuy9-07:00:00,SYN_105697,3,07:06:18,07:06:33,0
S0va0RZjlnA1UM5ngCuy9-07:00:00,SYN_105698,4,07:05:46,07:06:01,0
S0va0RZjlnA1UM5ngCuy9-07:00:00,SYN_105699,5,07:05:14,07:05:29,0
S0va0RZjlnA1UM5ngCuy9-07:00:00,SYN_105700,6,07:04:43,07:04:58,0
S0va0RZjlnA1UM5ngCuy9-07:00:00,SYN_105701,7,07:04:11,07:04:26,0
S0va0RZjlnA1UM5ngCuy9-07:00:00,SYN_105702,8,07:03:40,07:03:55,0
S0va0RZjlnA1UM5ngCuy9-07:00:00,SYN_105703,9,07:03:08,07:03:23,0
S0va0RZjlnA1UM5ngCuy9-07:00:00,SYN_105704,10,07:02:36,07:02:51,0
S0va0RZjlnA1UM5ngCuy9-07:00:00,SYN_105705,11,07:02:05,07:02:20,0
S0va0RZjlnA1UM5ngCuy9-07:00:00,SYN_105706,12,07:01:33,07:01:48,0
S0va0RZjlnA1UM5ngCuy9-07:00:00,SYN_105707,13,07:01:02,07:01:17,0
S0va0RZjlnA1UM5ngCuy9-07:00:00,SYN_105708,14,07:00:30,07:00:45,0
OVbnm1WLeW59vl_wEqm66-07:00:00,SYN_105713,0,07:01:08,07:01:23,0
OVbnm1WLeW59vl_wEqm66-07:00:00,SYN_105714,1,07:02:19,07:02:34,0
OVbnm1WLeW59vl_wEqm66-07:00:00,SYN_105715,2,07:03:30,07:03:45,0
OVbnm1WLeW59vl_wEqm66-07:00:00,SYN_105716,3,07:04:41,07:04:56,0
OVbnm1WLeW59vl_wEqm66-07:00:00,SYN_105717,4,07:05:53,07:06:08,0
OVbnm1WLeW59vl_wEqm66-07:00:00,SYN_105718,5,07:06:59,07:07:14,0
OVbnm1WLeW59vl_wEqm66-07:00:00,SYN_105719,6,07:08:12,07:08:27,0
OVbnm1WLeW59vl_wEqm66-07:00:00,SYN_105720,7,07:09:04,07:09:19,0
OVbnm1WLeW59vl_wEqm66-07:00:00,SYN_105721,8,07:09:38,07:09:53,0
OVbnm1WLeW59vl_wEqm66-07:00:00,SYN_105722,9,07:10:12,07:10:27,0
OVbnm1WLeW59vl_wEqm66-07:00:00,SYN_105723,10,07:10:41,07:10:56,0
OVbnm1WLeW59vl_wEqm66-07:00:00,SYN_105724,11,07:11:03,07:11:18,0
OVbnm1WLeW59vl_wEqm66-07:00:00,SYN_105725,12,07:11:30,07:11:45,0
OVbnm1WLeW59vl_wEqm66-07:00:00,SYN_105726,13,07:12:04,07:12:19,0
OVbnm1WLeW59vl_wEqm66-07:00:00,SYN_105727,14,07:12:39,07:12:54,0
OVbnm1WLeW59vl_wEqm66-07:00:00,SYN_105728,15,07:13:12,07:13:27,0
OVbnm1WLeW59vl_wEqm66-07:00:00,SYN_105729,16,07:13:41,07:13:56,0
OVbnm1WLeW59vl_wEqm66-07:00:00,SYN_105730,17,07:14:11,07:14:26,0
OVbnm1WLeW59vl_wEqm66-07:00:00,SYN_105731,18,07:14:41,07:14:56,0
OVbnm1WLeW59vl_wEqm66-07:00:00,SYN_105732,19,07:15:10,07:15:25,0
OVbnm1WLeW59vl_wEqm66-07:00:00,SYN_105733,20,07:15:40,07:15:55,0
OVbnm1WLeW59vl_wEqm66-07:00:00,SYN_105734,21,07:16:11,07:16:26,0
OVbnm1WLeW59vl_wEqm66-07:00:00,SYN_105735,22,07:16:43,07:16:58,0
OVbnm1WLeW59vl_wEqm66-07:00:00,SYN_105736,23,07:17:15,07:17:30,0
OVbnm1WLeW59vl_wEqm66-07:00:00,SYN_105737,24,07:17:56,07:18:11,0
OVbnm1WLeW59vl_wEqm66-07:00:00,SYN_105738,25,07:18:43,07:18:58,0
OVbnm1WLeW59vl_wEqm66-07:00:00,SYN_105739,26,07:19:27,07:19:42,0
OVbnm1WLeW59vl_wEqm66-07:00:00,SYN_105740,27,07:20:09,07:20:24,0
OVbnm1WLeW59vl_wEqm66-07:00:00,SYN_105741,28,07:20:52,07:21:07,0
OVbnm1WLeW59vl_wEqm66-07:00:00,SYN_105742,29,07:21:35,07:21:50,0
OVbnm1WLeW59vl_wEqm66-07:00:00,SYN_105743,30,07:22:17,07:22:32,0
OVbnm1WLeW59vl_wEqm66-07:00:00,SYN_105744,31,07:23:03,07:23:18,0
OVbnm1WLeW59vl_wEqm66-07:00:00,SYN_105745,32,07:23:57,07:24:12,0
OVbnm1WLeW59vl_wEqm66-07:00:00,SYN_105746,33,07:24:50,07:25:05,0
OVbnm1WLeW59vl_wEqm66-07:00:00,SYN_105747,34,07:25:39,07:25:54,0
OVbnm1WLeW59vl_wEqm66-07:00:00,SYN_105748,35,07:26:18,07:26:33,0
OVbnm1WLeW59vl_wEqm66-07:00:00,SYN_105749,36,07:26:58,07:27:13,0
OVbnm1WLeW59vl_wEqm66-07:00:00,SYN_105750,37,07:27:33,07:27:48,0
OVbnm1WLeW59vl_wEqm66-07:00:00,SYN_105751,38,07:28:06,07:28:21,0
OVbnm1WLeW59vl_wEqm66-07:00:00,SYN_105752,39,07:28:39,07:28:54,0
OVbnm1WLeW59vl_wEqm66-07:00:00,SYN_105753,40,07:29:17,07:29:32,0
OVbnm1WLeW59vl_wEqm66-07:00:00,SYN_105754,41,07:29:59,07:30:14,0
OVbnm1WLeW59vl_wEqm66-07:00:00,SYN_105755,42,07:30:41,07:30:56,0
OVbnm1WLeW59vl_wEqm66-07:00:00,SYN_105756,43,07:31:23,07:31:38,0
OVbnm1WLeW59vl_wEqm66-07:00:00,SYN_105757,44,07:31:48,07:32:03,0
OVbnm1WLeW59vl_wEqm66-07:00:00,SYN_105758,45,07:32:12,07:32:27,0
OVbnm1WLeW59vl_wEqm66-07:00:00,SYN_105759,46,07:32:36,07:32:51,0
OVbnm1WLeW59vl_wEqm66-07:00:00,SYN_105760,47,07:32:59,07:33:14,0
OVbnm1WLeW59vl_wEqm66-07:00:00,SYN_105761,48,07:33:23,07:33:38,0
OVbnm1WLeW59vl_wEqm66-07:00:00,SYN_105762,49,07:33:47,07:34:02,0
OVbnm1WLeW59vl_wEqm66-07:00:00,SYN_105763,50,07:34:10,07:34:25,0
OVbnm1WLeW59vl_wEqm66-07:00:00,SYN_105764,51,07:34:42,07:34:57,0
OVbnm1WLeW59vl_wEqm66-07:00:00,SYN_105765,52,07:35:36,07:35:51,0
OVbnm1WLeW59vl_wEqm66-07:00:00,SYN_105766,53,07:36:29,07:36:44,0
OVbnm1WLeW59vl_wEqm66-07:00:00,SYN_105767,54,07:37:13,07:37:28,0
OVbnm1WLeW59vl_wEqm66-07:00:00,SYN_105768,55,07:37:43,07:37:58,0
OVbnm1WLeW59vl_wEqm66-07:00:00,SYN_105769,56,07:38:09,07:38:24,0
OVbnm1WLeW59vl_wEqm66-07:00:00,SYN_105770,57,07:38:36,07:38:51,0
OVbnm1WLeW59vl_wEqm66-07:00:00,SYN_105771,58,07:39:15,07:39:30,0
OVbnm1WLeW59vl_wEqm66-07:00:00,SYN_105772,59,07:39:54,07:40:09,0
OVbnm1WLeW59vl_wEqm66-07:00:00,SYN_105773,60,07:40:34,07:40:49,0
OVbnm1WLeW59vl_wEqm66-07:00:00,SYN_105774,61,07:41:13,07:41:28,0
OVbnm1WLeW59vl_wEqm66-07:00:00,SYN_105775,62,07:41:43,07:41:58,0
OVbnm1WLeW59vl_wEqm66-07:00:00,SYN_105776,63,07:42:09,07:42:24,0
OVbnm1WLeW59vl_wEqm66-07:00:00,SYN_105777,64,07:42:54,07:43:09,0
OVbnm1WLeW59vl_wEqm66-07:00:00,SYN_105778,65,07:43:28,07:43:43,0
OVbnm1WLeW59vl_wEqm66-07:00:00,SYN_105779,66,07:43:53,07:44:08,0
OVbnm1WLeW59vl_wEqm66-07:00:00,SYN_105780,67,07:44:19,07:44:34,0
OVbnm1WLeW59vl_wEqm66-07:00:00,SYN_105781,68,07:45:04,07:45:19,0
OVbnm1WLeW59vl_wEqm66-07:00:00,SYN_105782,69,07:45:55,07:46:10,0
OVbnm1WLeW59vl_wEqm66-07:00:00,SYN_105783,70,07:46:58,07:47:13,0
OVbnm1WLeW59vl_wEqm66-07:00:00,SYN_105784,71,07:48:08,07:48:23,0
OVbnm1WLeW59vl_wEqm66-07:00:00,SYN_105785,72,07:49:18,07:49:33,0
OVbnm1WLeW59vl_wEqm66-07:00:00,SYN_105786,73,07:50:00,07:50:15,0
OVbnm1WLeW59vl_wEqm66-07:00:00,SYN_105787,74,07:50:47,07:51:02,0
GVMY3J8hLKwB3k_XzZZNA-07:00:00,SYN_105709,0,07:47:08,07:47:23,0
GVMY3J8hLKwB3k_XzZZNA-07:00:00,SYN_105710,1,07:46:32,07:46:47,0
GVMY3J8hLKwB3k_XzZZNA-07:00:00,SYN_105711,2,07:45:56,07:46:11,0
GVMY3J8hLKwB3k_XzZZNA-07:00:00,SYN_105712,3,07:45:20,07:45:35,0
GVMY3J8hLKwB3k_XzZZNA-07:00:00,SYN_105713,4,07:44:44,07:44:59,0
GVMY3J8hLKwB3k_XzZZNA-07:00:00,SYN_105714,5,07:44:07,07:44:22,0
GVMY3J8hLKwB3k_XzZZNA-07:00:00,SYN_105715,6,07:43:31,07:43:46,0
GVMY3J8hLKwB3k_XzZZNA-07:00:00,SYN_105716,7,07:42:55,07:43:10,0
GVMY3J8hLKwB3k_XzZZNA-07:00:00,SYN_105717,8,07:42:19,07:42:34,0
GVMY3J8hLKwB3k_XzZZNA-07:00:00,SYN_105718,9,07:41:43,07:41:58,0
GVMY3J8hLKwB3k_XzZZNA-07:00:00,SYN_105719,10,07:41:06,07:41:21,0
GVMY3J8hLKwB3k_XzZZNA-07:00:00,SYN_105720,11,07:40:30,07:40:45,0
GVMY3J8hLKwB3k_XzZZNA-07:00:00,SYN_105721,12,07:39:54,07:40:09,0
GVMY3J8hLKwB3k_XzZZNA-07:00:00,SYN_105722,13,07:39:18,07:39:33,0
GVMY3J8hLKwB3k_XzZZNA-07:00:00,SYN_105723,14,07:38:42,07:38:57,0
GVMY3J8hLKwB3k_XzZZNA-07:00:00,SYN_105724,15,07:38:05,07:38:20,0
GVMY3J8hLKwB3k_XzZZNA-07:00:00,SYN_105725,16,07:37:29,07:37:44,0
GVMY3J8hLKwB3k_XzZZNA-07:00:00,SYN_105726,17,07:36:53,07:37:08,0
GVMY3J8hLKwB3k_XzZZNA-07:00:00,SYN_105727,18,07:36:17,07:36:32,0
GVMY3J8hLKwB3k_XzZZNA-07:00:00,SYN_105728,19,07:35:41,07:35:56,0
GVMY3J8hLKwB3k_XzZZNA-07:00:00,SYN_105729,20,07:35:04,07:35:19,0
GVMY3J8hLKwB3k_XzZZNA-07:00:00,SYN_105730,21,07:34:28,07:34:43,0
GVMY3J8hLKwB3k_XzZZNA-07:00:00,SYN_105731,22,07:33:52,07:34:07,0
GVMY3J8hLKwB3k_XzZZNA-07:00:00,SYN_105732,23,07:33:16,07:33:31,0
GVMY3J8hLKwB3k_XzZZNA-07:00:00,SYN_105733,24,07:32:40,07:32:55,0
GVMY3J8hLKwB3k_XzZZNA-07:00:00,SYN_105734,25,07:32:03,07:32:18,0
GVMY3J8hLKwB3k_XzZZNA-07:00:00,SYN_105735,26,07:31:27,07:31:42,0
GVMY3J8hLKwB3k_XzZZNA-07:00:00,SYN_105736,27,07:30:51,07:31:06,0
GVMY3J8hLKwB3k_XzZZNA-07:00:00,SYN_105737,28,07:30:15,07:30:30,0
GVMY3J8hLKwB3k_XzZZNA-07:00:00,SYN_105738,29,07:29:39,07:29:54,0
GVMY3J8hLKwB3k_XzZZNA-07:00:00,SYN_105739,30,07:29:02,07:29:17,0
GVMY3J8hLKwB3k_XzZZNA-07:00:00,SYN_105740,31,07:28:26,07:28:41,0
GVMY3J8hLKwB3k_XzZZNA-07:00:00,SYN_105741,32,07:27:50,07:28:05,0
GVMY3J8hLKwB3k_XzZZNA-07:00:00,SYN_105742,33,07:27:14,07:27:29,0
GVMY3J8hLKwB3k_XzZZNA-07:00:00,SYN_105743,34,07:26:38,07:26:53,0
GVMY3J8hLKwB3k_XzZZNA-07:00:00,SYN_105744,35,07:26:01,07:26:16,0
GVMY3J8hLKwB3k_XzZZNA-07:00:00,SYN_105745,36,07:25:25,07:25:40,0
GVMY3J8hLKwB3k_XzZZNA-07:00:00,SYN_105746,37,07:24:49,07:25:04,0
GVMY3J8hLKwB3k_XzZZNA-07:00:00,SYN_105747,38,07:24:13,07:24:28,0
GVMY3J8hLKwB3k_XzZZNA-07:00:00,SYN_105748,39,07:23:37,07:23:52,0
GVMY3J8hLKwB3k_XzZZNA-07:00:00,SYN_105749,40,07:23:00,07:23:15,0
GVMY3J8hLKwB3k_XzZZNA-07:00:00,SYN_105750,41,07:22:24,07:22:39,0
GVMY3J8hLKwB3k_XzZZNA-07:00:00,SYN_105751,42,07:21:48,07:22:03,0
GVMY3J8hLKwB3k_XzZZNA-07:00:00,SYN_105752,43,07:21:12,07:21:27,0
GVMY3J8hLKwB3k_XzZZNA-07:00:00,SYN_105753,44,07:20:36,07:20:51,0
GVMY3J8hLKwB3k_XzZZNA-07:00:00,SYN_105754,45,07:20:00,07:20:15,0
GVMY3J8hLKwB3k_XzZZNA-07:00:00,SYN_105755,46,07:19:23,07:19:38,0
GVMY3J8hLKwB3k_XzZZNA-07:00:00,SYN_105756,47,07:18:47,07:19:02,0
GVMY3J8hLKwB3k_XzZZNA-07:00:00,SYN_105757,48,07:18:11,07:18:26,0
GVMY3J8hLKwB3k_XzZZNA-07:00:00,SYN_105758,49,07:17:35,07:17:50,0
GVMY3J8hLKwB3k_XzZZNA-07:00:00,SYN_105759,50,07:16:59,07:17:14,0
GVMY3J8hLKwB3k_XzZZNA-07:00:00,SYN_105760,51,07:16:22,07:16:37,0
GVMY3J8hLKwB3k_XzZZNA-07:00:00,SYN_105761,52,07:15:46,07:16:01,0
GVMY3J8hLKwB3k_XzZZNA-07:00:00,SYN_105762,53,07:15:10,07:15:25,0
GVMY3J8hLKwB3k_XzZZNA-07:00:00,SYN_105763,54,07:14:34,07:14:49,0
GVMY3J8hLKwB3k_XzZZNA-07:00:00,SYN_105764,55,07:13:58,07:14:13,0
GVMY3J8hLKwB3k_XzZZNA-07:00:00,SYN_105765,56,07:13:21,07:13:36,0
GVMY3J8hLKwB3k_XzZZNA-07:00:00,SYN_105766,57,07:12:45,07:13:00,0
GVMY3J8hLKwB3k_XzZZNA-07:00:00,SYN_105767,58,07:12:09,07:12:24,0
GVMY3J8hLKwB3k_XzZZNA-07:00:00,SYN_105768,59,07:11:33,07:11:48,0
GVMY3J8hLKwB3k_XzZZNA-07:00:00,SYN_105769,60,07:10:57,07:11:12,0
GVMY3J8hLKwB3k_XzZZNA-07:00:00,SYN_105770,61,07:10:20,07:10:35,0
GVMY3J8hLKwB3k_XzZZNA-07:00:00,SYN_105771,62,07:09:44,07:09:59,0
GVMY3J8hLKwB3k_XzZZNA-07:00:00,SYN_105772,63,07:09:08,07:09:23,0
GVMY3J8hLKwB3k_XzZZNA-07:00:00,SYN_105773,64,07:08:32,07:08:47,0
GVMY3J8hLKwB3k_XzZZNA-07:00:00,SYN_105774,65,07:07:56,07:08:11,0
GVMY3J8hLKwB3k_XzZZNA-07:00:00,SYN_105775,66,07:07:19,07:07:34,0
GVMY3J8hLKwB3k_XzZZNA-07:00:00,SYN_105776,67,07:06:43,07:06:58,0
GVMY3J8hLKwB3k_XzZZNA-07:00:00,SYN_105777,68,07:06:07,07:06:22,0
GVMY3J8hLKwB3k_XzZZNA-07:00:00,SYN_105778,69,07:05:31,07:05:46,0
GVMY3J8hLKwB3k_XzZZNA-07:00:00,SYN_105779,70,07:04:55,07:05:10,0
GVMY3J8hLKwB3k_XzZZNA-07:00:00,SYN_105780,71,07:04:18,07:04:33,0
GVMY3J8hLKwB3k_XzZZNA-07:00:00,SYN_105781,72,07:03:42,07:03:57,0
GVMY3J8hLKwB3k_XzZZNA-07:00:00,SYN_105782,73,07:03:06,07:03:21,0
GVMY3J8hLKwB3k_XzZZNA-07:00:00,SYN_105783,74,07:02:30,07:02:45,0
GVMY3J8hLKwB3k_XzZZNA-07:00:00,SYN_105784,75,07:01:54,07:02:09,0
GVMY3J8hLKwB3k_XzZZNA-07:00:00,SYN_105785,76,07:01:17,07:01:32,0
GVMY3J8hLKwB3k_XzZZNA-07:00:00,SYN_105786,77,07:00:41,07:00:56,0
GVMY3J8hLKwB3k_XzZZNA-07:00:00,SYN_105787,78,07:00:05,07:00:20,0
8wpT6YlGJmfsskCDg8AJT-07:00:00,SYN_105792,0,07:00:58,07:01:13,0
8wpT6YlGJmfsskCDg8AJT-07:00:00,SYN_105793,1,07:01:17,07:01:32,0
8wpT6YlGJmfsskCDg8AJT-07:00:00,SYN_105794,2,07:01:35,07:01:50,0
8wpT6YlGJmfsskCDg8AJT-07:00:00,SYN_105795,3,07:01:53,07:02:08,0
8wpT6YlGJmfsskCDg8AJT-07:00:00,SYN_105796,4,07:02:12,07:02:27,0
8wpT6YlGJmfsskCDg8AJT-07:00:00,SYN_105797,5,07:02:30,07:02:45,0
8wpT6YlGJmfsskCDg8AJT-07:00:00,SYN_105798,6,07:02:49,07:03:04,0
8wpT6YlGJmfsskCDg8AJT-07:00:00,SYN_105799,7,07:03:07,07:03:22,0
8wpT6YlGJmfsskCDg8AJT-07:00:00,SYN_105800,8,07:03:26,07:03:41,0
8wpT6YlGJmfsskCDg8AJT-07:00:00,SYN_105801,9,07:03:48,07:04:03,0
8wpT6YlGJmfsskCDg8AJT-07:00:00,SYN_105802,10,07:04:13,07:04:28,0
8wpT6YlGJmfsskCDg8AJT-07:00:00,SYN_105803,11,07:04:37,07:04:52,0
8wpT6YlGJmfsskCDg8AJT-07:00:00,SYN_105804,12,07:05:01,07:05:16,0
8wpT6YlGJmfsskCDg8AJT-07:00:00,SYN_105805,13,07:05:25,07:05:40,0
8wpT6YlGJmfsskCDg8AJT-07:00:00,SYN_105806,14,07:05:49,07:06:04,0
8wpT6YlGJmfsskCDg8AJT-07:00:00,SYN_105807,15,07:06:14,07:06:29,0
8wpT6YlGJmfsskCDg8AJT-07:00:00,SYN_105808,16,07:06:37,07:06:52,0
8wpT6YlGJmfsskCDg8AJT-07:00:00,SYN_105809,17,07:07:00,07:07:15,0
8wpT6YlGJmfsskCDg8AJT-07:00:00,SYN_105810,18,07:07:23,07:07:38,0
8wpT6YlGJmfsskCDg8AJT-07:00:00,SYN_105811,19,07:07:46,07:08:01,0
8wpT6YlGJmfsskCDg8AJT-07:00:00,SYN_105812,20,07:08:09,07:08:24,0
8wpT6YlGJmfsskCDg8AJT-07:00:00,SYN_105813,21,07:08:32,07:08:47,0
8wpT6YlGJmfsskCDg8AJT-07:00:00,SYN_105814,22,07:08:56,07:09:11,0
8wpT6YlGJmfsskCDg8AJT-07:00:00,SYN_105815,23,07:09:19,07:09:34,0
8wpT6YlGJmfsskCDg8AJT-07:00:00,SYN_105816,24,07:09:40,07:09:55,0
8wpT6YlGJmfsskCDg8AJT-07:00:00,SYN_105817,25,07:09:59,07:10:14,0
8wpT6YlGJmfsskCDg8AJT-07:00:00,SYN_105818,26,07:10:19,07:10:34,0
8wpT6YlGJmfsskCDg8AJT-07:00:00,SYN_105819,27,07:10:38,07:10:53,0
8wpT6YlGJmfsskCDg8AJT-07:00:00,SYN_105820,28,07:10:58,07:11:13,0
8wpT6YlGJmfsskCDg8AJT-07:00:00,SYN_105821,29,07:11:17,07:11:32,0
8wpT6YlGJmfsskCDg8AJT-07:00:00,SYN_105822,30,07:11:37,07:11:52,0
8wpT6YlGJmfsskCDg8AJT-07:00:00,SYN_105823,31,07:11:56,07:12:11,0
8wpT6YlGJmfsskCDg8AJT-07:00:00,SYN_105824,32,07:12:16,07:12:31,0
8wpT6YlGJmfsskCDg8AJT-07:00:00,SYN_105825,33,07:12:35,07:12:50,0
8wpT6YlGJmfsskCDg8AJT-07:00:00,SYN_105826,34,07:12:54,07:13:09,0
8wpT6YlGJmfsskCDg8AJT-07:00:00,SYN_105827,35,07:13:18,07:13:33,0
wNQ0rq7CAxb57IWuH3MiT-07:00:00,SYN_105830,0,07:00:05,07:00:20,0
wNQ0rq7CAxb57IWuH3MiT-07:00:00,SYN_105831,1,07:00:29,07:00:44,0
wNQ0rq7CAxb57IWuH3MiT-07:00:00,SYN_105832,2,07:00:54,07:01:09,0
wNQ0rq7CAxb57IWuH3MiT-07:00:00,SYN_105833,3,07:01:19,07:01:34,0
wNQ0rq7CAxb57IWuH3MiT-07:00:00,SYN_105834,4,07:01:44,07:01:59,0
wNQ0rq7CAxb57IWuH3MiT-07:00:00,SYN_105835,5,07:02:08,07:02:23,0
wNQ0rq7CAxb57IWuH3MiT-07:00:00,SYN_105836,6,07:02:33,07:02:48,0
wNQ0rq7CAxb57IWuH3MiT-07:00:00,SYN_105837,7,07:02:58,07:03:13,0
wNQ0rq7CAxb57IWuH3MiT-07:00:00,SYN_105838,8,07:03:22,07:03:37,0
wNQ0rq7CAxb57IWuH3MiT-07:00:00,SYN_105839,9,07:03:46,07:04:01,0
wNQ0rq7CAxb57IWuH3MiT-07:00:00,SYN_105840,10,07:04:08,07:04:23,0
wNQ0rq7CAxb57IWuH3MiT-07:00:00,SYN_105841,11,07:04:29,07:04:44,0
wNQ0rq7CAxb57IWuH3MiT-07:00:00,SYN_105842,12,07:04:51,07:05:06,0
wNQ0rq7CAxb57IWuH3MiT-07:00:00,SYN_105843,13,07:05:13,07:05:28,0
wNQ0rq7CAxb57IWuH3MiT-07:00:00,SYN_105844,14,07:05:34,07:05:49,0
wNQ0rq7CAxb57IWuH3MiT-07:00:00,SYN_105845,15,07:05:56,07:06:11,0
wNQ0rq7CAxb57IWuH3MiT-07:00:00,SYN_105846,16,07:06:23,07:06:38,0
wNQ0rq7CAxb57IWuH3MiT-07:00:00,SYN_105847,17,07:07:04,07:07:19,0
wNQ0rq7CAxb57IWuH3MiT-07:00:00,SYN_105848,18,07:07:46,07:08:01,0
wNQ0rq7CAxb57IWuH3MiT-07:00:00,SYN_105849,19,07:08:28,07:08:43,0
wNQ0rq7CAxb57IWuH3MiT-07:00:00,SYN_105850,20,07:09:10,07:09:25,0
wNQ0rq7CAxb57IWuH3MiT-07:00:00,SYN_105851,21,07:09:52,07:10:07,0
wNQ0rq7CAxb57IWuH3MiT-07:00:00,SYN_105852,22,07:10:34,07:10:49,0
wNQ0rq7CAxb57IWuH3MiT-07:00:00,SYN_105853,23,07:11:16,07:11:31,0
wNQ0rq7CAxb57IWuH3MiT-07:00:00,SYN_105854,24,07:11:58,07:12:13,0
wNQ0rq7CAxb57IWuH3MiT-07:00:00,SYN_105855,25,07:12:40,07:12:55,0
wNQ0rq7CAxb57IWuH3MiT-07:00:00,SYN_105856,26,07:13:22,07:13:37,0
wNQ0rq7CAxb57IWuH3MiT-07:00:00,SYN_105857,27,07:14:06,07:14:21,0
wNQ0rq7CAxb57IWuH3MiT-07:00:00,SYN_105858,28,07:15:34,07:15:49,0
wNQ0rq7CAxb57IWuH3MiT-07:00:00,SYN_105859,29,07:17:01,07:17:16,0
wNQ0rq7CAxb57IWuH3MiT-07:00:00,SYN_105860,30,07:18:29,07:18:44,0
wNQ0rq7CAxb57IWuH3MiT-07:00:00,SYN_105861,31,07:20:08,07:20:23,0
LLBFoYPGf2DhL6gStjpy4-07:00:00,SYN_105830,0,07:17:06,07:17:21,0
LLBFoYPGf2DhL6gStjpy4-07:00:00,SYN_105831,1,07:16:34,07:16:49,0
LLBFoYPGf2DhL6gStjpy4-07:00:00,SYN_105832,2,07:16:03,07:16:18,0
LLBFoYPGf2DhL6gStjpy4-07:00:00,SYN_105833,3,07:15:31,07:15:46,0
LLBFoYPGf2DhL6gStjpy4-07:00:00,SYN_105834,4,07:15:00,07:15:15,0
LLBFoYPGf2DhL6gStjpy4-07:00:00,SYN_105835,5,07:14:29,07:14:44,0
LLBFoYPGf2DhL6gStjpy4-07:00:00,SYN_105836,6,07:13:57,07:14:12,0
LLBFoYPGf2DhL6gStjpy4-07:00:00,SYN_105837,7,07:13:26,07:13:41,0
LLBFoYPGf2DhL6gStjpy4-07:00:00,SYN_105838,8,07:12:54,07:13:09,0
LLBFoYPGf2DhL6gStjpy4-07:00:00,SYN_105839,9,07:12:23,07:12:38,0
LLBFoYPGf2DhL6gStjpy4-07:00:00,SYN_105840,10,07:11:51,07:12:06,0
LLBFoYPGf2DhL6gStjpy4-07:00:00,SYN_105841,11,07:11:20,07:11:35,0
LLBFoYPGf2DhL6gStjpy4-07:00:00,SYN_105842,12,07:10:48,07:11:03,0
LLBFoYPGf2DhL6gStjpy4-07:00:00,SYN_105843,13,07:10:17,07:10:32,0
LLBFoYPGf2DhL6gStjpy4-07:00:00,SYN_105844,14,07:09:45,07:10:00,0
LLBFoYPGf2DhL6gStjpy4-07:00:00,SYN_105845,15,07:09:14,07:09:29,0
LLBFoYPGf2DhL6gStjpy4-07:00:00,SYN_105846,16,07:08:42,07:08:57,0
LLBFoYPGf2DhL6gStjpy4-07:00:00,SYN_105847,17,07:08:11,07:08:26,0
LLBFoYPGf2DhL6gStjpy4-07:00:00,SYN_105848,18,07:07:39,07:07:54,0
LLBFoYPGf2DhL6gStjpy4-07:00:00,SYN_105849,19,07:07:08,07:07:23,0
LLBFoYPGf2DhL6gStjpy4-07:00:00,SYN_105850,20,07:06:37,07:06:52,0
LLBFoYPGf2DhL6gStjpy4-07:00:00,SYN_105851,21,07:06:05,07:06:20,0
LLBFoYPGf2DhL6gStjpy4-07:00:00,SYN_105852,22,07:05:34,07:05:49,0
LLBFoYPGf2DhL6gStjpy4-07:00:00,SYN_105853,23,07:05:02,07:05:17,0
LLBFoYPGf2DhL6gStjpy4-07:00:00,SYN_105854,24,07:04:31,07:04:46,0
LLBFoYPGf2DhL6gStjpy4-07:00:00,SYN_105855,25,07:03:59,07:04:14,0
LLBFoYPGf2DhL6gStjpy4-07:00:00,SYN_105856,26,07:03:28,07:03:43,0
LLBFoYPGf2DhL6gStjpy4-07:00:00,SYN_105857,27,07:02:56,07:03:11,0
LLBFoYPGf2DhL6gStjpy4-07:00:00,SYN_105858,28,07:02:25,07:02:40,0
LLBFoYPGf2DhL6gStjpy4-07:00:00,SYN_105859,29,07:01:53,07:02:08,0
LLBFoYPGf2DhL6gStjpy4-07:00:00,SYN_105860,30,07:01:22,07:01:37,0
LLBFoYPGf2DhL6gStjpy4-07:00:00,SYN_105861,31,07:00:50,07:01:05,0
LLBFoYPGf2DhL6gStjpy4-07:00:00,SYN_105862,32,07:00:19,07:00:34,0
0eMropKVlaFEwtKn18KiF-07:00:00,SYN_105868,0,07:01:22,07:01:37,0
0eMropKVlaFEwtKn18KiF-07:00:00,SYN_105869,1,07:02:50,07:03:05,0
0eMropKVlaFEwtKn18KiF-07:00:00,SYN_105870,2,07:04:17,07:04:32,0
0eMropKVlaFEwtKn18KiF-07:00:00,SYN_105871,3,07:05:48,07:06:03,0
0eMropKVlaFEwtKn18KiF-07:00:00,SYN_105872,4,07:08:30,07:08:45,0
Lz8EOh2wSW7Z4sNXrGPxw-07:00:00,SYN_105868,0,07:05:53,07:06:08,0
Lz8EOh2wSW7Z4sNXrGPxw-07:00:00,SYN_105869,1,07:04:35,07:04:50,0
Lz8EOh2wSW7Z4sNXrGPxw-07:00:00,SYN_105870,2,07:03:16,07:03:31,0
Lz8EOh2wSW7Z4sNXrGPxw-07:00:00,SYN_105871,3,07:01:57,07:02:12,0
Lz8EOh2wSW7Z4sNXrGPxw-07:00:00,SYN_105872,4,07:00:39,07:00:54,0
q5Lba_fHFYAVYTctbEVvL-07:00:00,SYN_105873,0,07:00:39,07:00:54,0
q5Lba_fHFYAVYTctbEVvL-07:00:00,SYN_105874,1,07:01:18,07:01:33,0
q5Lba_fHFYAVYTctbEVvL-07:00:00,SYN_105875,2,07:01:58,07:02:13,0
q5Lba_fHFYAVYTctbEVvL-07:00:00,SYN_105876,3,07:02:37,07:02:52,0
q5Lba_fHFYAVYTctbEVvL-07:00:00,SYN_105877,4,07:03:16,07:03:31,0
q5Lba_fHFYAVYTctbEVvL-07:00:00,SYN_105878,5,07:03:56,07:04:11,0
q5Lba_fHFYAVYTctbEVvL-07:00:00,SYN_105879,6,07:05:17,07:05:32,0
q5Lba_fHFYAVYTctbEVvL-07:00:00,SYN_105880,7,07:06:42,07:06:57,0
q5Lba_fHFYAVYTctbEVvL-07:00:00,SYN_105881,8,07:07:14,07:07:29,0
q5Lba_fHFYAVYTctbEVvL-07:00:00,SYN_105882,9,07:07:45,07:08:00,0
q5Lba_fHFYAVYTctbEVvL-07:00:00,SYN_105883,10,07:08:17,07:08:32,0
q5Lba_fHFYAVYTctbEVvL-07:00:00,SYN_105884,11,07:09:18,07:09:33,0
q5Lba_fHFYAVYTctbEVvL-07:00:00,SYN_105885,12,07:10:26,07:10:41,0
q5Lba_fHFYAVYTctbEVvL-07:00:00,SYN_105886,13,07:11:34,07:11:49,0
q5Lba_fHFYAVYTctbEVvL-07:00:00,SYN_105887,14,07:12:13,07:12:28,0
q5Lba_fHFYAVYTctbEVvL-07:00:00,SYN_105888,15,07:12:42,07:12:57,0
q5Lba_fHFYAVYTctbEVvL-07:00:00,SYN_105889,16,07:13:10,07:13:25,0
q5Lba_fHFYAVYTctbEVvL-07:00:00,SYN_105890,17,07:13:38,07:13:53,0
CoaLpd6rmb73R6BNYH7S1-07:00:00,SYN_105873,0,07:13:16,07:13:31,0
CoaLpd6rmb73R6BNYH7S1-07:00:00,SYN_105874,1,07:12:32,07:12:47,0
CoaLpd6rmb73R6BNYH7S1-07:00:00,SYN_105875,2,07:11:48,07:12:03,0
CoaLpd6rmb73R6BNYH7S1-07:00:00,SYN_105876,3,07:11:03,07:11:18,0
CoaLpd6rmb73R6BNYH7S1-07:00:00,SYN_105877,4,07:10:19,07:10:34,0
CoaLpd6rmb73R6BNYH7S1-07:00:00,SYN_105878,5,07:09:35,07:09:50,0
CoaLpd6rmb73R6BNYH7S1-07:00:00,SYN_105879,6,07:08:51,07:09:06,0
CoaLpd6rmb73R6BNYH7S1-07:00:00,SYN_105880,7,07:08:06,07:08:21,0
CoaLpd6rmb73R6BNYH7S1-07:00:00,SYN_105881,8,07:07:22,07:07:37,0
CoaLpd6rmb73R6BNYH7S1-07:00:00,SYN_105882,9,07:06:38,07:06:53,0
CoaLpd6rmb73R6BNYH7S1-07:00:00,SYN_105883,10,07:05:54,07:06:09,0
CoaLpd6rmb73R6BNYH7S1-07:00:00,SYN_105884,11,07:05:09,07:05:24,0
CoaLpd6rmb73R6BNYH7S1-07:00:00,SYN_105885,12,07:04:25,07:04:40,0
CoaLpd6rmb73R6BNYH7S1-07:00:00,SYN_105886,13,07:03:41,07:03:56,0
CoaLpd6rmb73R6BNYH7S1-07:00:00,SYN_105887,14,07:02:56,07:03:11,0
CoaLpd6rmb73R6BNYH7S1-07:00:00,SYN_105888,15,07:02:12,07:02:27,0
CoaLpd6rmb73R6BNYH7S1-07:00:00,SYN_105889,16,07:01:28,07:01:43,0
CoaLpd6rmb73R6BNYH7S1-07:00:00,SYN_105890,17,07:00:44,07:00:59,0
vDSOGaI-kcPGIccVzFiRw-07:00:00,SYN_105893,0,07:00:23,07:00:38,0
vDSOGaI-kcPGIccVzFiRw-07:00:00,SYN_105894,1,07:00:50,07:01:05,0
vDSOGaI-kcPGIccVzFiRw-07:00:00,SYN_105895,2,07:01:22,07:01:37,0
vDSOGaI-kcPGIccVzFiRw-07:00:00,SYN_105896,3,07:01:56,07:02:11,0
vDSOGaI-kcPGIccVzFiRw-07:00:00,SYN_105897,4,07:02:30,07:02:45,0
vDSOGaI-kcPGIccVzFiRw-07:00:00,SYN_105898,5,07:02:43,07:02:58,0
vDSOGaI-kcPGIccVzFiRw-07:00:00,SYN_105899,6,07:02:52,07:03:07,0
vDSOGaI-kcPGIccVzFiRw-07:00:00,SYN_105900,7,07:03:01,07:03:16,0
vDSOGaI-kcPGIccVzFiRw-07:00:00,SYN_105901,8,07:03:10,07:03:25,0
vDSOGaI-kcPGIccVzFiRw-07:00:00,SYN_105902,9,07:03:19,07:03:34,0
vDSOGaI-kcPGIccVzFiRw-07:00:00,SYN_105903,10,07:03:28,07:03:43,0
vDSOGaI-kcPGIccVzFiRw-07:00:00,SYN_105904,11,07:03:37,07:03:52,0
vDSOGaI-kcPGIccVzFiRw-07:00:00,SYN_105905,12,07:03:46,07:04:01,0
vDSOGaI-kcPGIccVzFiRw-07:00:00,SYN_105906,13,07:03:55,07:04:10,0
vDSOGaI-kcPGIccVzFiRw-07:00:00,SYN_105907,14,07:04:04,07:04:19,0
vDSOGaI-kcPGIccVzFiRw-07:00:00,SYN_105908,15,07:04:13,07:04:28,0
vDSOGaI-kcPGIccVzFiRw-07:00:00,SYN_105909,16,07:04:22,07:04:37,0
vDSOGaI-kcPGIccVzFiRw-07:00:00,SYN_105910,17,07:04:31,07:04:46,0
vDSOGaI-kcPGIccVzFiRw-07:00:00,SYN_105911,18,07:04:41,07:04:56,0
vDSOGaI-kcPGIccVzFiRw-07:00:00,SYN_105912,19,07:04:50,07:05:05,0
vDSOGaI-kcPGIccVzFiRw-07:00:00,SYN_105913,20,07:04:59,07:05:14,0
vDSOGaI-kcPGIccVzFiRw-07:00:00,SYN_105914,21,07:05:08,07:05:23,0
vDSOGaI-kcPGIccVzFiRw-07:00:00,SYN_105915,22,07:05:17,07:05:32,0
vDSOGaI-kcPGIccVzFiRw-07:00:00,SYN_105916,23,07:05:26,07:05:41,0
vDSOGaI-kcPGIccVzFiRw-07:00:00,SYN_105917,24,07:06:04,07:06:19,0
vDSOGaI-kcPGIccVzFiRw-07:00:00,SYN_105918,25,07:07:16,07:07:31,0
vDSOGaI-kcPGIccVzFiRw-07:00:00,SYN_105919,26,07:08:28,07:08:43,0
vDSOGaI-kcPGIccVzFiRw-07:00:00,SYN_105920,27,07:09:40,07:09:55,0
vDSOGaI-kcPGIccVzFiRw-07:00:00,SYN_105921,28,07:10:31,07:10:46,0
vDSOGaI-kcPGIccVzFiRw-07:00:00,SYN_105922,29,07:10:53,07:11:08,0
vDSOGaI-kcPGIccVzFiRw-07:00:00,SYN_105923,30,07:11:16,07:11:31,0
vDSOGaI-kcPGIccVzFiRw-07:00:00,SYN_105924,31,07:11:38,07:11:53,0
vDSOGaI-kcPGIccVzFiRw-07:00:00,SYN_105925,32,07:12:00,07:12:15,0
vDSOGaI-kcPGIccVzFiRw-07:00:00,SYN_105926,33,07:12:22,07:12:37,0
vDSOGaI-kcPGIccVzFiRw-07:00:00,SYN_105927,34,07:12:44,07:12:59,0
vDSOGaI-kcPGIccVzFiRw-07:00:00,SYN_105928,35,07:13:05,07:13:20,0
vDSOGaI-kcPGIccVzFiRw-07:00:00,SYN_105929,36,07:13:27,07:13:42,0
vDSOGaI-kcPGIccVzFiRw-07:00:00,SYN_105930,37,07:13:48,07:14:03,0
vDSOGaI-kcPGIccVzFiRw-07:00:00,SYN_105931,38,07:14:09,07:14:24,0
vDSOGaI-kcPGIccVzFiRw-07:00:00,SYN_105932,39,07:14:31,07:14:46,0
vDSOGaI-kcPGIccVzFiRw-07:00:00,SYN_105933,40,07:14:52,07:15:07,0
vDSOGaI-kcPGIccVzFiRw-07:00:00,SYN_105934,41,07:15:14,07:15:29,0
vDSOGaI-kcPGIccVzFiRw-07:00:00,SYN_105935,42,07:15:44,07:15:59,0
vDSOGaI-kcPGIccVzFiRw-07:00:00,SYN_105936,43,07:16:11,07:16:26,0
vDSOGaI-kcPGIccVzFiRw-07:00:00,SYN_105937,44,07:16:32,07:16:47,0
vDSOGaI-kcPGIccVzFiRw-07:00:00,SYN_105938,45,07:16:54,07:17:09,0
vDSOGaI-kcPGIccVzFiRw-07:00:00,SYN_105939,46,07:17:15,07:17:30,0
vDSOGaI-kcPGIccVzFiRw-07:00:00,SYN_105940,47,07:17:37,07:17:52,0
vDSOGaI-kcPGIccVzFiRw-07:00:00,SYN_105941,48,07:17:58,07:18:13,0
vDSOGaI-kcPGIccVzFiRw-07:00:00,SYN_105942,49,07:18:19,07:18:34,0
vDSOGaI-kcPGIccVzFiRw-07:00:00,SYN_105943,50,07:18:41,07:18:56,0
vDSOGaI-kcPGIccVzFiRw-07:00:00,SYN_105944,51,07:19:02,07:19:17,0
vDSOGaI-kcPGIccVzFiRw-07:00:00,SYN_105945,52,07:19:24,07:19:39,0
vDSOGaI-kcPGIccVzFiRw-07:00:00,SYN_105946,53,07:19:45,07:20:00,0
vDSOGaI-kcPGIccVzFiRw-07:00:00,SYN_105947,54,07:20:07,07:20:22,0
vDSOGaI-kcPGIccVzFiRw-07:00:00,SYN_105948,55,07:20:28,07:20:43,0
vDSOGaI-kcPGIccVzFiRw-07:00:00,SYN_105949,56,07:20:49,07:21:04,0
vDSOGaI-kcPGIccVzFiRw-07:00:00,SYN_105950,57,07:21:11,07:21:26,0
vDSOGaI-kcPGIccVzFiRw-07:00:00,SYN_105951,58,07:21:32,07:21:47,0
vDSOGaI-kcPGIccVzFiRw-07:00:00,SYN_105952,59,07:21:54,07:22:09,0
vDSOGaI-kcPGIccVzFiRw-07:00:00,SYN_105953,60,07:22:15,07:22:30,0
vDSOGaI-kcPGIccVzFiRw-07:00:00,SYN_105954,61,07:22:36,07:22:51,0
vDSOGaI-kcPGIccVzFiRw-07:00:00,SYN_105955,62,07:22:58,07:23:13,0
vDSOGaI-kcPGIccVzFiRw-07:00:00,SYN_105956,63,07:23:19,07:23:34,0
vDSOGaI-kcPGIccVzFiRw-07:00:00,SYN_105957,64,07:23:41,07:23:56,0
vDSOGaI-kcPGIccVzFiRw-07:00:00,SYN_105958,65,07:24:02,07:24:17,0
vDSOGaI-kcPGIccVzFiRw-07:00:00,SYN_105959,66,07:24:24,07:24:39,0
vDSOGaI-kcPGIccVzFiRw-07:00:00,SYN_105960,67,07:24:45,07:25:00,0
vDSOGaI-kcPGIccVzFiRw-07:00:00,SYN_105961,68,07:25:06,07:25:21,0
vDSOGaI-kcPGIccVzFiRw-07:00:00,SYN_105962,69,07:25:27,07:25:42,0
vDSOGaI-kcPGIccVzFiRw-07:00:00,SYN_105963,70,07:25:47,07:26:02,0
vDSOGaI-kcPGIccVzFiRw-07:00:00,SYN_105964,71,07:26:08,07:26:23,0
vDSOGaI-kcPGIccVzFiRw-07:00:00,SYN_105965,72,07:26:29,07:26:44,0
vDSOGaI-kcPGIccVzFiRw-07:00:00,SYN_105966,73,07:26:50,07:27:05,0
vDSOGaI-kcPGIccVzFiRw-07:00:00,SYN_105967,74,07:27:10,07:27:25,0
vDSOGaI-kcPGIccVzFiRw-07:00:00,SYN_105968,75,07:27:31,07:27:46,0
vDSOGaI-kcPGIccVzFiRw-07:00:00,SYN_105969,76,07:27:52,07:28:07,0
vDSOGaI-kcPGIccVzFiRw-07:00:00,SYN_105970,77,07:28:13,07:28:28,0
vDSOGaI-kcPGIccVzFiRw-07:00:00,SYN_105971,78,07:28:33,07:28:48,0
vDSOGaI-kcPGIccVzFiRw-07:00:00,SYN_105972,79,07:28:54,07:29:09,0
vDSOGaI-kcPGIccVzFiRw-07:00:00,SYN_105973,80,07:29:15,07:29:30,0
vDSOGaI-kcPGIccVzFiRw-07:00:00,SYN_105974,81,07:29:35,07:29:50,0
vDSOGaI-kcPGIccVzFiRw-07:00:00,SYN_105975,82,07:29:56,07:30:11,0
vDSOGaI-kcPGIccVzFiRw-07:00:00,SYN_105976,83,07:30:18,07:30:33,0
vDSOGaI-kcPGIccVzFiRw-07:00:00,SYN_105977,84,07:30:41,07:30:56,0
vDSOGaI-kcPGIccVzFiRw-07:00:00,SYN_105978,85,07:31:03,07:31:18,0
vDSOGaI-kcPGIccVzFiRw-07:00:00,SYN_105979,86,07:31:26,07:31:41,0
vDSOGaI-kcPGIccVzFiRw-07:00:00,SYN_105980,87,07:31:49,07:32:04,0
vDSOGaI-kcPGIccVzFiRw-07:00:00,SYN_105981,88,07:32:11,07:32:26,0
vDSOGaI-kcPGIccVzFiRw-07:00:00,SYN_105982,89,07:32:34,07:32:49,0
vDSOGaI-kcPGIccVzFiRw-07:00:00,SYN_105983,90,07:32:57,07:33:12,0
vDSOGaI-kcPGIccVzFiRw-07:00:00,SYN_105984,91,07:33:19,07:33:34,0
vDSOGaI-kcPGIccVzFiRw-07:00:00,SYN_105985,92,07:33:40,07:33:55,0
vDSOGaI-kcPGIccVzFiRw-07:00:00,SYN_105986,93,07:34:01,07:34:16,0
vDSOGaI-kcPGIccVzFiRw-07:00:00,SYN_105987,94,07:34:21,07:34:36,0
vDSOGaI-kcPGIccVzFiRw-07:00:00,SYN_105988,95,07:34:42,07:34:57,0
vDSOGaI-kcPGIccVzFiRw-07:00:00,SYN_105989,96,07:35:03,07:35:18,0
vDSOGaI-kcPGIccVzFiRw-07:00:00,SYN_105990,97,07:35:24,07:35:39,0
vDSOGaI-kcPGIccVzFiRw-07:00:00,SYN_105991,98,07:35:44,07:35:59,0
vDSOGaI-kcPGIccVzFiRw-07:00:00,SYN_105992,99,07:36:05,07:36:20,0
vDSOGaI-kcPGIccVzFiRw-07:00:00,SYN_105993,100,07:36:26,07:36:41,0
vDSOGaI-kcPGIccVzFiRw-07:00:00,SYN_105994,101,07:36:47,07:37:02,0
vDSOGaI-kcPGIccVzFiRw-07:00:00,SYN_105995,102,07:37:07,07:37:22,0
vDSOGaI-kcPGIccVzFiRw-07:00:00,SYN_105996,103,07:37:28,07:37:43,0
vDSOGaI-kcPGIccVzFiRw-07:00:00,SYN_105997,104,07:37:49,07:38:04,0
vDSOGaI-kcPGIccVzFiRw-07:00:00,SYN_105998,105,07:38:10,07:38:25,0
vDSOGaI-kcPGIccVzFiRw-07:00:00,SYN_105999,106,07:38:30,07:38:45,0
vDSOGaI-kcPGIccVzFiRw-07:00:00,SYN_106000,107,07:38:51,07:39:06,0
vDSOGaI-kcPGIccVzFiRw-07:00:00,SYN_106001,108,07:39:12,07:39:27,0
vDSOGaI-kcPGIccVzFiRw-07:00:00,SYN_106002,109,07:39:33,07:39:48,0
vDSOGaI-kcPGIccVzFiRw-07:00:00,SYN_106003,110,07:39:53,07:40:08,0
vDSOGaI-kcPGIccVzFiRw-07:00:00,SYN_106004,111,07:40:14,07:40:29,0
vDSOGaI-kcPGIccVzFiRw-07:00:00,SYN_106005,112,07:40:35,07:40:50,0
vDSOGaI-kcPGIccVzFiRw-07:00:00,SYN_106006,113,07:40:56,07:41:11,0
vDSOGaI-kcPGIccVzFiRw-07:00:00,SYN_106007,114,07:41:16,07:41:31,0
vDSOGaI-kcPGIccVzFiRw-07:00:00,SYN_106008,115,07:41:37,07:41:52,0
vDSOGaI-kcPGIccVzFiRw-07:00:00,SYN_106009,116,07:41:58,07:42:13,0
vDSOGaI-kcPGIccVzFiRw-07:00:00,SYN_106010,117,07:42:19,07:42:34,0
vDSOGaI-kcPGIccVzFiRw-07:00:00,SYN_106011,118,07:42:40,07:42:55,0
vDSOGaI-kcPGIccVzFiRw-07:00:00,SYN_106012,119,07:43:00,07:43:15,0
vDSOGaI-kcPGIccVzFiRw-07:00:00,SYN_106013,120,07:43:20,07:43:35,0
vDSOGaI-kcPGIccVzFiRw-07:00:00,SYN_106014,121,07:43:41,07:43:56,0
vDSOGaI-kcPGIccVzFiRw-07:00:00,SYN_106015,122,07:44:01,07:44:16,0
vDSOGaI-kcPGIccVzFiRw-07:00:00,SYN_106016,123,07:44:22,07:44:37,0
vDSOGaI-kcPGIccVzFiRw-07:00:00,SYN_106017,124,07:44:42,07:44:57,0
vDSOGaI-kcPGIccVzFiRw-07:00:00,SYN_106018,125,07:45:02,07:45:17,0
vDSOGaI-kcPGIccVzFiRw-07:00:00,SYN_106019,126,07:45:23,07:45:38,0
vDSOGaI-kcPGIccVzFiRw-07:00:00,SYN_106020,127,07:45:43,07:45:58,0
vDSOGaI-kcPGIccVzFiRw-07:00:00,SYN_106021,128,07:46:03,07:46:18,0
vDSOGaI-kcPGIccVzFiRw-07:00:00,SYN_106022,129,07:46:24,07:46:39,0
vDSOGaI-kcPGIccVzFiRw-07:00:00,SYN_106023,130,07:46:44,07:46:59,0
vDSOGaI-kcPGIccVzFiRw-07:00:00,SYN_106024,131,07:47:04,07:47:19,0
vDSOGaI-kcPGIccVzFiRw-07:00:00,SYN_106025,132,07:47:25,07:47:40,0
vDSOGaI-kcPGIccVzFiRw-07:00:00,SYN_106026,133,07:47:45,07:48:00,0
vDSOGaI-kcPGIccVzFiRw-07:00:00,SYN_106027,134,07:48:06,07:48:21,0
vDSOGaI-kcPGIccVzFiRw-07:00:00,SYN_106028,135,07:48:26,07:48:41,0
vDSOGaI-kcPGIccVzFiRw-07:00:00,SYN_106029,136,07:48:46,07:49:01,0
vDSOGaI-kcPGIccVzFiRw-07:00:00,SYN_106030,137,07:49:07,07:49:22,0
vDSOGaI-kcPGIccVzFiRw-07:00:00,SYN_106031,138,07:49:27,07:49:42,0
vDSOGaI-kcPGIccVzFiRw-07:00:00,SYN_106032,139,07:49:47,07:50:02,0
vDSOGaI-kcPGIccVzFiRw-07:00:00,SYN_106033,140,07:50:08,07:50:23,0
vDSOGaI-kcPGIccVzFiRw-07:00:00,SYN_106034,141,07:50:29,07:50:44,0
vDSOGaI-kcPGIccVzFiRw-07:00:00,SYN_106035,142,07:50:50,07:51:05,0
vDSOGaI-kcPGIccVzFiRw-07:00:00,SYN_106036,143,07:51:12,07:51:27,0
vDSOGaI-kcPGIccVzFiRw-07:00:00,SYN_106037,144,07:51:33,07:51:48,0
vDSOGaI-kcPGIccVzFiRw-07:00:00,SYN_106038,145,07:51:54,07:52:09,0
vDSOGaI-kcPGIccVzFiRw-07:00:00,SYN_106039,146,07:52:16,07:52:31,0
vDSOGaI-kcPGIccVzFiRw-07:00:00,SYN_106040,147,07:52:37,07:52:52,0
vDSOGaI-kcPGIccVzFiRw-07:00:00,SYN_106041,148,07:52:59,07:53:14,0
vDSOGaI-kcPGIccVzFiRw-07:00:00,SYN_106042,149,07:53:20,07:53:35,0
vDSOGaI-kcPGIccVzFiRw-07:00:00,SYN_106043,150,07:53:42,07:53:57,0
vDSOGaI-kcPGIccVzFiRw-07:00:00,SYN_106044,151,07:54:03,07:54:18,0
vDSOGaI-kcPGIccVzFiRw-07:00:00,SYN_106045,152,07:54:25,07:54:40,0
vDSOGaI-kcPGIccVzFiRw-07:00:00,SYN_106046,153,07:54:46,07:55:01,0
vDSOGaI-kcPGIccVzFiRw-07:00:00,SYN_106047,154,07:55:07,07:55:22,0
vDSOGaI-kcPGIccVzFiRw-07:00:00,SYN_106048,155,07:55:28,07:55:43,0
vDSOGaI-kcPGIccVzFiRw-07:00:00,SYN_106049,156,07:55:50,07:56:05,0
vDSOGaI-kcPGIccVzFiRw-07:00:00,SYN_106050,157,07:56:11,07:56:26,0
vDSOGaI-kcPGIccVzFiRw-07:00:00,SYN_106051,158,07:56:32,07:56:47,0
vDSOGaI-kcPGIccVzFiRw-07:00:00,SYN_106052,159,07:56:53,07:57:08,0
vDSOGaI-kcPGIccVzFiRw-07:00:00,SYN_106053,160,07:57:15,07:57:30,0
vDSOGaI-kcPGIccVzFiRw-07:00:00,SYN_106054,161,07:57:36,07:57:51,0
vDSOGaI-kcPGIccVzFiRw-07:00:00,SYN_106055,162,07:57:58,07:58:13,0
vDSOGaI-kcPGIccVzFiRw-07:00:00,SYN_106056,163,07:58:21,07:58:36,0
vDSOGaI-kcPGIccVzFiRw-07:00:00,SYN_106057,164,07:58:43,07:58:58,0
vDSOGaI-kcPGIccVzFiRw-07:00:00,SYN_106058,165,07:59:05,07:59:20,0
vDSOGaI-kcPGIccVzFiRw-07:00:00,SYN_106059,166,07:59:27,07:59:42,0
vDSOGaI-kcPGIccVzFiRw-07:00:00,SYN_106060,167,07:59:50,08:00:05,0
vDSOGaI-kcPGIccVzFiRw-07:00:00,SYN_106061,168,08:00:13,08:00:28,0
vDSOGaI-kcPGIccVzFiRw-07:00:00,SYN_106062,169,08:00:36,08:00:51,0
vDSOGaI-kcPGIccVzFiRw-07:00:00,SYN_106063,170,08:01:00,08:01:15,0
vDSOGaI-kcPGIccVzFiRw-07:00:00,SYN_106064,171,08:01:25,08:01:40,0
vDSOGaI-kcPGIccVzFiRw-07:00:00,SYN_106065,172,08:01:49,08:02:04,0
vDSOGaI-kcPGIccVzFiRw-07:00:00,SYN_106066,173,08:02:14,08:02:29,0
vDSOGaI-kcPGIccVzFiRw-07:00:00,SYN_106067,174,08:02:38,08:02:53,0
vDSOGaI-kcPGIccVzFiRw-07:00:00,SYN_106068,175,08:03:01,08:03:16,0
vDSOGaI-kcPGIccVzFiRw-07:00:00,SYN_106069,176,08:03:25,08:03:40,0
vDSOGaI-kcPGIccVzFiRw-07:00:00,SYN_106070,177,08:03:49,08:04:04,0
vDSOGaI-kcPGIccVzFiRw-07:00:00,SYN_106071,178,08:04:20,08:04:35,0
vDSOGaI-kcPGIccVzFiRw-07:00:00,SYN_106072,179,08:04:57,08:05:12,0
vDSOGaI-kcPGIccVzFiRw-07:00:00,SYN_106073,180,08:05:35,08:05:50,0
Q3pD-7jCAvuSmNTpcaPvZ-07:00:00,SYN_105893,0,07:55:56,07:56:11,0
Q3pD-7jCAvuSmNTpcaPvZ-07:00:00,SYN_105894,1,07:55:37,07:55:52,0
Q3pD-7jCAvuSmNTpcaPvZ-07:00:00,SYN_105895,2,07:55:18,07:55:33,0
Q3pD-7jCAvuSmNTpcaPvZ-07:00:00,SYN_105896,3,07:54:59,07:55:14,0
Q3pD-7jCAvuSmNTpcaPvZ-07:00:00,SYN_105897,4,07:54:41,07:54:56,0
Q3pD-7jCAvuSmNTpcaPvZ-07:00:00,SYN_105898,5,07:54:22,07:54:37,0
Q3pD-7jCAvuSmNTpcaPvZ-07:00:00,SYN_105899,6,07:54:03,07:54:18,0
Q3pD-7jCAvuSmNTpcaPvZ-07:00:00,SYN_105900,7,07:53:44,07:53:59,0
Q3pD-7jCAvuSmNTpcaPvZ-07:00:00,SYN_105901,8,07:53:25,07:53:40,0
Q3pD-7jCAvuSmNTpcaPvZ-07:00:00,SYN_105902,9,07:53:06,07:53:21,0
Q3pD-7jCAvuSmNTpcaPvZ-07:00:00,SYN_105903,10,07:52:47,07:53:02,0
Q3pD-7jCAvuSmNTpcaPvZ-07:00:00,SYN_105904,11,07:52:28,07:52:43,0
Q3pD-7jCAvuSmNTpcaPvZ-07:00:00,SYN_105905,12,07:52:09,07:52:24,0
Q3pD-7jCAvuSmNTpcaPvZ-07:00:00,SYN_105906,13,07:51:50,07:52:05,0
Q3pD-7jCAvuSmNTpcaPvZ-07:00:00,SYN_105907,14,07:51:31,07:51:46,0
Q3pD-7jCAvuSmNTpcaPvZ-07:00:00,SYN_105908,15,07:51:13,07:51:28,0
Q3pD-7jCAvuSmNTpcaPvZ-07:00:00,SYN_105909,16,07:50:54,07:51:09,0
Q3pD-7jCAvuSmNTpcaPvZ-07:00:00,SYN_105910,17,07:50:35,07:50:50,0
Q3pD-7jCAvuSmNTpcaPvZ-07:00:00,SYN_105911,18,07:50:16,07:50:31,0
Q3pD-7jCAvuSmNTpcaPvZ-07:00:00,SYN_105912,19,07:49:57,07:50:12,0
Q3pD-7jCAvuSmNTpcaPvZ-07:00:00,SYN_105913,20,07:49:38,07:49:53,0
Q3pD-7jCAvuSmNTpcaPvZ-07:00:00,SYN_105914,21,07:49:19,07:49:34,0
Q3pD-7jCAvuSmNTpcaPvZ-07:00:00,SYN_105915,22,07:49:00,07:49:15,0
Q3pD-7jCAvuSmNTpcaPvZ-07:00:00,SYN_105916,23,07:48:41,07:48:56,0
Q3pD-7jCAvuSmNTpcaPvZ-07:00:00,SYN_105917,24,07:48:22,07:48:37,0
Q3pD-7jCAvuSmNTpcaPvZ-07:00:00,SYN_105918,25,07:48:03,07:48:18,0
Q3pD-7jCAvuSmNTpcaPvZ-07:00:00,SYN_105919,26,07:47:44,07:47:59,0
Q3pD-7jCAvuSmNTpcaPvZ-07:00:00,SYN_105920,27,07:47:26,07:47:41,0
Q3pD-7jCAvuSmNTpcaPvZ-07:00:00,SYN_105921,28,07:47:07,07:47:22,0
Q3pD-7jCAvuSmNTpcaPvZ-07:00:00,SYN_105922,29,07:46:48,07:47:03,0
Q3pD-7jCAvuSmNTpcaPvZ-07:00:00,SYN_105923,30,07:46:29,07:46:44,0
Q3pD-7jCAvuSmNTpcaPvZ-07:00:00,SYN_105924,31,07:46:10,07:46:25,0
Q3pD-7jCAvuSmNTpcaPvZ-07:00:00,SYN_105925,32,07:45:51,07:46:06,0
Q3pD-7jCAvuSmNTpcaPvZ-07:00:00,SYN_105926,33,07:45:32,07:45:47,0
Q3pD-7jCAvuSmNTpcaPvZ-07:00:00,SYN_105927,34,07:45:13,07:45:28,0
Q3pD-7jCAvuSmNTpcaPvZ-07:00:00,SYN_105928,35,07:44:54,07:45:09,0
Q3pD-7jCAvuSmNTpcaPvZ-07:00:00,SYN_105929,36,07:44:35,07:44:50,0
Q3pD-7jCAvuSmNTpcaPvZ-07:00:00,SYN_105930,37,07:44:16,07:44:31,0
Q3pD-7jCAvuSmNTpcaPvZ-07:00:00,SYN_105931,38,07:43:58,07:44:13,0
Q3pD-7jCAvuSmNTpcaPvZ-07:00:00,SYN_105932,39,07:43:39,07:43:54,0
Q3pD-7jCAvuSmNTpcaPvZ-07:00:00,SYN_105933,40,07:43:20,07:43:35,0
Q3pD-7jCAvuSmNTpcaPvZ-07:00:00,SYN_105934,41,07:43:01,07:43:16,0
Q3pD-7jCAvuSmNTpcaPvZ-07:00:00,SYN_105935,42,07:42:42,07:42:57,0
Q3pD-7jCAvuSmNTpcaPvZ-07:00:00,SYN_105936,43,07:42:23,07:42:38,0
Q3pD-7jCAvuSmNTpcaPvZ-07:00:00,SYN_105937,44,07:42:04,07:42:19,0
Q3pD-7jCAvuSmNTpcaPvZ-07:00:00,SYN_105938,45,07:41:45,07:42:00,0
Q3pD-7jCAvuSmNTpcaPvZ-07:00:00,SYN_105939,46,07:41:26,07:41:41,0
Q3pD-7jCAvuSmNTpcaPvZ-07:00:00,SYN_105940,47,07:41:07,07:41:22,0
Q3pD-7jCAvuSmNTpcaPvZ-07:00:00,SYN_105941,48,07:40:48,07:41:03,0
Q3pD-7jCAvuSmNTpcaPvZ-07:00:00,SYN_105942,49,07:40:29,07:40:44,0
Q3pD-7jCAvuSmNTpcaPvZ-07:00:00,SYN_105943,50,07:40:11,07:40:26,0
Q3pD-7jCAvuSmNTpcaPvZ-07:00:00,SYN_105944,51,07:39:52,07:40:07,0
Q3pD-7jCAvuSmNTpcaPvZ-07:00:00,SYN_105945,52,07:39:33,07:39:48,0
Q3pD-7jCAvuSmNTpcaPvZ-07:00:00,SYN_105946,53,07:39:14,07:39:29,0
Q3pD-7jCAvuSmNTpcaPvZ-07:00:00,SYN_105947,54,07:38:55,07:39:10,0
Q3pD-7jCAvuSmNTpcaPvZ-07:00:00,SYN_105948,55,07:38:36,07:38:51,0
Q3pD-7jCAvuSmNTpcaPvZ-07:00:00,SYN_105949,56,07:38:17,07:38:32,0
Q3pD-7jCAvuSmNTpcaPvZ-07:00:00,SYN_105950,57,07:37:58,07:38:13,0
Q3pD-7jCAvuSmNTpcaPvZ-07:00:00,SYN_105951,58,07:37:39,07:37:54,0
Q3pD-7jCAvuSmNTpcaPvZ-07:00:00,SYN_105952,59,07:37:20,07:37:35,0
Q3pD-7jCAvuSmNTpcaPvZ-07:00:00,SYN_105953,60,07:37:01,07:37:16,0
Q3pD-7jCAvuSmNTpcaPvZ-07:00:00,SYN_105954,61,07:36:43,07:36:58,0
Q3pD-7jCAvuSmNTpcaPvZ-07:00:00,SYN_105955,62,07:36:24,07:36:39,0
Q3pD-7jCAvuSmNTpcaPvZ-07:00:00,SYN_105956,63,07:36:05,07:36:20,0
Q3pD-7jCAvuSmNTpcaPvZ-07:00:00,SYN_105957,64,07:35:46,07:36:01,0
Q3pD-7jCAvuSmNTpcaPvZ-07:00:00,SYN_105958,65,07:35:27,07:35:42,0
Q3pD-7jCAvuSmNTpcaPvZ-07:00:00,SYN_105959,66,07:35:08,07:35:23,0
Q3pD-7jCAvuSmNTpcaPvZ-07:00:00,SYN_105960,67,07:34:49,07:35:04,0
Q3pD-7jCAvuSmNTpcaPvZ-07:00:00,SYN_105961,68,07:34:30,07:34:45,0
Q3pD-7jCAvuSmNTpcaPvZ-07:00:00,SYN_105962,69,07:34:11,07:34:26,0
Q3pD-7jCAvuSmNTpcaPvZ-07:00:00,SYN_105963,70,07:33:52,07:34:07,0
Q3pD-7jCAvuSmNTpcaPvZ-07:00:00,SYN_105964,71,07:33:33,07:33:48,0
Q3pD-7jCAvuSmNTpcaPvZ-07:00:00,SYN_105965,72,07:33:14,07:33:29,0
Q3pD-7jCAvuSmNTpcaPvZ-07:00:00,SYN_105966,73,07:32:56,07:33:11,0
Q3pD-7jCAvuSmNTpcaPvZ-07:00:00,SYN_105967,74,07:32:37,07:32:52,0
Q3pD-7jCAvuSmNTpcaPvZ-07:00:00,SYN_105968,75,07:32:18,07:32:33,0
Q3pD-7jCAvuSmNTpcaPvZ-07:00:00,SYN_105969,76,07:31:59,07:32:14,0
Q3pD-7jCAvuSmNTpcaPvZ-07:00:00,SYN_105970,77,07:31:40,07:31:55,0
Q3pD-7jCAvuSmNTpcaPvZ-07:00:00,SYN_105971,78,07:31:21,07:31:36,0
Q3pD-7jCAvuSmNTpcaPvZ-07:00:00,SYN_105972,79,07:31:02,07:31:17,0
Q3pD-7jCAvuSmNTpcaPvZ-07:00:00,SYN_105973,80,07:30:43,07:30:58,0
Q3pD-7jCAvuSmNTpcaPvZ-07:00:00,SYN_105974,81,07:30:24,07:30:39,0
Q3pD-7jCAvuSmNTpcaPvZ-07:00:00,SYN_105975,82,07:30:05,07:30:20,0
Q3pD-7jCAvuSmNTpcaPvZ-07:00:00,SYN_105976,83,07:29:46,07:30:01,0
Q3pD-7jCAvuSmNTpcaPvZ-07:00:00,SYN_105977,84,07:29:27,07:29:42,0
Q3pD-7jCAvuSmNTpcaPvZ-07:00:00,SYN_105978,85,07:29:09,07:29:24,0
Q3pD-7jCAvuSmNTpcaPvZ-07:00:00,SYN_105979,86,07:28:50,07:29:05,0
Q3pD-7jCAvuSmNTpcaPvZ-07:00:00,SYN_105980,87,07:28:31,07:28:46,0
Q3pD-7jCAvuSmNTpcaPvZ-07:00:00,SYN_105981,88,07:28:12,07:28:27,0
Q3pD-7jCAvuSmNTpcaPvZ-07:00:00,SYN_105982,89,07:27:53,07:28:08,0
Q3pD-7jCAvuSmNTpcaPvZ-07:00:00,SYN_105983,90,07:27:34,07:27:49,0
Q3pD-7jCAvuSmNTpcaPvZ-07:00:00,SYN_105984,91,07:27:15,07:27:30,0
Q3pD-7jCAvuSmNTpcaPvZ-07:00:00,SYN_105985,92,07:26:56,07:27:11,0
Q3pD-7jCAvuSmNTpcaPvZ-07:00:00,SYN_105986,93,07:26:37,07:26:52,0
Q3pD-7jCAvuSmNTpcaPvZ-07:00:00,SYN_105987,94,07:26:18,07:26:33,0
Q3pD-7jCAvuSmNTpcaPvZ-07:00:00,SYN_105988,95,07:25:59,07:26:14,0
Q3pD-7jCAvuSmNTpcaPvZ-07:00:00,SYN_105989,96,07:25:41,07:25:56,0
Q3pD-7jCAvuSmNTpcaPvZ-07:00:00,SYN_105990,97,07:25:22,07:25:37,0
Q3pD-7jCAvuSmNTpcaPvZ-07:00:00,SYN_105991,98,07:25:03,07:25:18,0
Q3pD-7jCAvuSmNTpcaPvZ-07:00:00,SYN_105992,99,07:24:44,07:24:59,0
Q3pD-7jCAvuSmNTpcaPvZ-07:00:00,SYN_105993,100,07:24:25,07:24:40,0
Q3pD-7jCAvuSmNTpcaPvZ-07:00:00,SYN_105994,101,07:24:06,07:24:21,0
Q3pD-7jCAvuSmNTpcaPvZ-07:00:00,SYN_105995,102,07:23:47,07:24:02,0
Q3pD-7jCAvuSmNTpcaPvZ-07:00:00,SYN_105996,103,07:23:28,07:23:43,0
Q3pD-7jCAvuSmNTpcaPvZ-07:00:00,SYN_105997,104,07:23:09,07:23:24,0
Q3pD-7jCAvuSmNTpcaPvZ-07:00:00,SYN_105998,105,07:22:50,07:23:05,0
Q3pD-7jCAvuSmNTpcaPvZ-07:00:00,SYN_105999,106,07:22:31,07:22:46,0
Q3pD-7jCAvuSmNTpcaPvZ-07:00:00,SYN_106000,107,07:22:12,07:22:27,0
Q3pD-7jCAvuSmNTpcaPvZ-07:00:00,SYN_106001,108,07:21:54,07:22:09,0
Q3pD-7jCAvuSmNTpcaPvZ-07:00:00,SYN_106002,109,07:21:35,07:21:50,0
Q3pD-7jCAvuSmNTpcaPvZ-07:00:00,SYN_106003,110,07:21:16,07:21:31,0
Q3pD-7jCAvuSmNTpcaPvZ-07:00:00,SYN_106004,111,07:20:57,07:21:12,0
Q3pD-7jCAvuSmNTpcaPvZ-07:00:00,SYN_106005,112,07:20:38,07:20:53,0
Q3pD-7jCAvuSmNTpcaPvZ-07:00:00,SYN_106006,113,07:20:19,07:20:34,0
Q3pD-7jCAvuSmNTpcaPvZ-07:00:00,SYN_106007,114,07:20:00,07:20:15,0
Q3pD-7jCAvuSmNTpcaPvZ-07:00:00,SYN_106008,115,07:19:41,07:19:56,0
Q3pD-7jCAvuSmNTpcaPvZ-07:00:00,SYN_106009,116,07:19:22,07:19:37,0
Q3pD-7jCAvuSmNTpcaPvZ-07:00:00,SYN_106010,117,07:19:03,07:19:18,0
Q3pD-7jCAvuSmNTpcaPvZ-07:00:00,SYN_106011,118,07:18:44,07:18:59,0
Q3pD-7jCAvuSmNTpcaPvZ-07:00:00,SYN_106012,119,07:18:26,07:18:41,0
Q3pD-7jCAvuSmNTpcaPvZ-07:00:00,SYN_106013,120,07:18:07,07:18:22,0
Q3pD-7jCAvuSmNTpcaPvZ-07:00:00,SYN_106014,121,07:17:48,07:18:03,0
Q3pD-7jCAvuSmNTpcaPvZ-07:00:00,SYN_106015,122,07:17:29,07:17:44,0
Q3pD-7jCAvuSmNTpcaPvZ-07:00:00,SYN_106016,123,07:17:10,07:17:25,0
Q3pD-7jCAvuSmNTpcaPvZ-07:00:00,SYN_106017,124,07:16:51,07:17:06,0
Q3pD-7jCAvuSmNTpcaPvZ-07:00:00,SYN_106018,125,07:16:32,07:16:47,0
Q3pD-7jCAvuSmNTpcaPvZ-07:00:00,SYN_106019,126,07:16:13,07:16:28,0
Q3pD-7jCAvuSmNTpcaPvZ-07:00:00,SYN_106020,127,07:15:54,07:16:09,0
Q3pD-7jCAvuSmNTpcaPvZ-07:00:00,SYN_106021,128,07:15:35,07:15:50,0
Q3pD-7jCAvuSmNTpcaPvZ-07:00:00,SYN_106022,129,07:15:16,07:15:31,0
Q3pD-7jCAvuSmNTpcaPvZ-07:00:00,SYN_106023,130,07:14:57,07:15:12,0
Q3pD-7jCAvuSmNTpcaPvZ-07:00:00,SYN_106024,131,07:14:39,07:14:54,0
Q3pD-7jCAvuSmNTpcaPvZ-07:00:00,SYN_106025,132,07:14:20,07:14:35,0
Q3pD-7jCAvuSmNTpcaPvZ-07:00:00,SYN_106026,133,07:14:01,07:14:16,0
Q3pD-7jCAvuSmNTpcaPvZ-07:00:00,SYN_106027,134,07:13:42,07:13:57,0
Q3pD-7jCAvuSmNTpcaPvZ-07:00:00,SYN_106028,135,07:13:23,07:13:38,0
Q3pD-7jCAvuSmNTpcaPvZ-07:00:00,SYN_106029,136,07:13:04,07:13:19,0
Q3pD-7jCAvuSmNTpcaPvZ-07:00:00,SYN_106030,137,07:12:45,07:13:00,0
Q3pD-7jCAvuSmNTpcaPvZ-07:00:00,SYN_106031,138,07:12:26,07:12:41,0
Q3pD-7jCAvuSmNTpcaPvZ-07:00:00,SYN_106032,139,07:12:07,07:12:22,0
Q3pD-7jCAvuSmNTpcaPvZ-07:00:00,SYN_106033,140,07:11:48,07:12:03,0
Q3pD-7jCAvuSmNTpcaPvZ-07:00:00,SYN_106034,141,07:11:29,07:11:44,0
Q3pD-7jCAvuSmNTpcaPvZ-07:00:00,SYN_106035,142,07:11:10,07:11:25,0
Q3pD-7jCAvuSmNTpcaPvZ-07:00:00,SYN_106036,143,07:10:52,07:11:07,0
Q3pD-7jCAvuSmNTpcaPvZ-07:00:00,SYN_106037,144,07:10:33,07:10:48,0
Q3pD-7jCAvuSmNTpcaPvZ-07:00:00,SYN_106038,145,07:10:14,07:10:29,0
Q3pD-7jCAvuSmNTpcaPvZ-07:00:00,SYN_106039,146,07:09:55,07:10:10,0
Q3pD-7jCAvuSmNTpcaPvZ-07:00:00,SYN_106040,147,07:09:36,07:09:51,0
Q3pD-7jCAvuSmNTpcaPvZ-07:00:00,SYN_106041,148,07:09:17,07:09:32,0
Q3pD-7jCAvuSmNTpcaPvZ-07:00:00,SYN_106042,149,07:08:58,07:09:13,0
Q3pD-7jCAvuSmNTpcaPvZ-07:00:00,SYN_106043,150,07:08:39,07:08:54,0
Q3pD-7jCAvuSmNTpcaPvZ-07:00:00,SYN_106044,151,07:08:20,07:08:35,0
Q3pD-7jCAvuSmNTpcaPvZ-07:00:00,SYN_106045,152,07:08:01,07:08:16,0
Q3pD-7jCAvuSmNTpcaPvZ-07:00:00,SYN_106046,153,07:07:42,07:07:57,0
Q3pD-7jCAvuSmNTpcaPvZ-07:00:00,SYN_106047,154,07:07:24,07:07:39,0
Q3pD-7jCAvuSmNTpcaPvZ-07:00:00,SYN_106048,155,07:07:05,07:07:20,0
Q3pD-7jCAvuSmNTpcaPvZ-07:00:00,SYN_106049,156,07:06:46,07:07:01,0
Q3pD-7jCAvuSmNTpcaPvZ-07:00:00,SYN_106050,157,07:06:27,07:06:42,0
Q3pD-7jCAvuSmNTpcaPvZ-07:00:00,SYN_106051,158,07:06:08,07:06:23,0
Q3pD-7jCAvuSmNTpcaPvZ-07:00:00,SYN_106052,159,07:05:49,07:06:04,0
Q3pD-7jCAvuSmNTpcaPvZ-07:00:00,SYN_106053,160,07:05:30,07:05:45,0
Q3pD-7jCAvuSmNTpcaPvZ-07:00:00,SYN_106054,161,07:05:11,07:05:26,0
Q3pD-7jCAvuSmNTpcaPvZ-07:00:00,SYN_106055,162,07:04:52,07:05:07,0
Q3pD-7jCAvuSmNTpcaPvZ-07:00:00,SYN_106056,163,07:04:33,07:04:48,0
Q3pD-7jCAvuSmNTpcaPvZ-07:00:00,SYN_106057,164,07:04:14,07:04:29,0
Q3pD-7jCAvuSmNTpcaPvZ-07:00:00,SYN_106058,165,07:03:55,07:04:10,0
Q3pD-7jCAvuSmNTpcaPvZ-07:00:00,SYN_106059,166,07:03:37,07:03:52,0
Q3pD-7jCAvuSmNTpcaPvZ-07:00:00,SYN_106060,167,07:03:18,07:03:33,0
Q3pD-7jCAvuSmNTpcaPvZ-07:00:00,SYN_106061,168,07:02:59,07:03:14,0
Q3pD-7jCAvuSmNTpcaPvZ-07:00:00,SYN_106062,169,07:02:40,07:02:55,0
Q3pD-7jCAvuSmNTpcaPvZ-07:00:00,SYN_106063,170,07:02:21,07:02:36,0
Q3pD-7jCAvuSmNTpcaPvZ-07:00:00,SYN_106064,171,07:02:02,07:02:17,0
Q3pD-7jCAvuSmNTpcaPvZ-07:00:00,SYN_106065,172,07:01:43,07:01:58,0
Q3pD-7jCAvuSmNTpcaPvZ-07:00:00,SYN_106066,173,07:01:24,07:01:39,0
Q3pD-7jCAvuSmNTpcaPvZ-07:00:00,SYN_106067,174,07:01:05,07:01:20,0
Q3pD-7jCAvuSmNTpcaPvZ-07:00:00,SYN_106068,175,07:00:46,07:01:01,0
Q3pD-7jCAvuSmNTpcaPvZ-07:00:00,SYN_106069,176,07:00:27,07:00:42,0
Q3pD-7jCAvuSmNTpcaPvZ-07:00:00,SYN_106070,177,07:00:09,07:00:24,0
E3cKTAI5hrMdq3gv0l-3g-07:00:00,SYN_106077,0,07:00:27,07:00:42,0
E3cKTAI5hrMdq3gv0l-3g-07:00:00,SYN_106078,1,07:01:07,07:01:22,0
E3cKTAI5hrMdq3gv0l-3g-07:00:00,SYN_106079,2,07:01:49,07:02:04,0
E3cKTAI5hrMdq3gv0l-3g-07:00:00,SYN_106080,3,07:02:53,07:03:08,0
E3cKTAI5hrMdq3gv0l-3g-07:00:00,SYN_106081,4,07:04:04,07:04:19,0
E3cKTAI5hrMdq3gv0l-3g-07:00:00,SYN_106082,5,07:05:18,07:05:33,0
E3cKTAI5hrMdq3gv0l-3g-07:00:00,SYN_106083,6,07:06:37,07:06:52,0
E3cKTAI5hrMdq3gv0l-3g-07:00:00,SYN_106084,7,07:07:47,07:08:02,0
E3cKTAI5hrMdq3gv0l-3g-07:00:00,SYN_106085,8,07:08:52,07:09:07,0
E3cKTAI5hrMdq3gv0l-3g-07:00:00,SYN_106086,9,07:09:43,07:09:58,0
E3cKTAI5hrMdq3gv0l-3g-07:00:00,SYN_106087,10,07:10:23,07:10:38,0
E3cKTAI5hrMdq3gv0l-3g-07:00:00,SYN_106088,11,07:11:06,07:11:21,0
E3cKTAI5hrMdq3gv0l-3g-07:00:00,SYN_106089,12,07:12:19,07:12:34,0
E3cKTAI5hrMdq3gv0l-3g-07:00:00,SYN_106090,13,07:12:53,07:13:08,0
E3cKTAI5hrMdq3gv0l-3g-07:00:00,SYN_106091,14,07:13:27,07:13:42,0
E3cKTAI5hrMdq3gv0l-3g-07:00:00,SYN_106092,15,07:14:00,07:14:15,0
E3cKTAI5hrMdq3gv0l-3g-07:00:00,SYN_106093,16,07:14:22,07:14:37,0
E3cKTAI5hrMdq3gv0l-3g-07:00:00,SYN_106094,17,07:14:45,07:15:00,0
E3cKTAI5hrMdq3gv0l-3g-07:00:00,SYN_106095,18,07:15:19,07:15:34,0
E3cKTAI5hrMdq3gv0l-3g-07:00:00,SYN_106096,19,07:15:53,07:16:08,0
E3cKTAI5hrMdq3gv0l-3g-07:00:00,SYN_106097,20,07:16:27,07:16:42,0
E3cKTAI5hrMdq3gv0l-3g-07:00:00,SYN_106098,21,07:16:58,07:17:13,0
E3cKTAI5hrMdq3gv0l-3g-07:00:00,SYN_106099,22,07:17:27,07:17:42,0
E3cKTAI5hrMdq3gv0l-3g-07:00:00,SYN_106100,23,07:17:57,07:18:12,0
E3cKTAI5hrMdq3gv0l-3g-07:00:00,SYN_106101,24,07:18:26,07:18:41,0
E3cKTAI5hrMdq3gv0l-3g-07:00:00,SYN_106102,25,07:18:56,07:19:11,0
E3cKTAI5hrMdq3gv0l-3g-07:00:00,SYN_106103,26,07:19:27,07:19:42,0
E3cKTAI5hrMdq3gv0l-3g-07:00:00,SYN_106104,27,07:19:59,07:20:14,0
E3cKTAI5hrMdq3gv0l-3g-07:00:00,SYN_106105,28,07:20:30,07:20:45,0
E3cKTAI5hrMdq3gv0l-3g-07:00:00,SYN_106106,29,07:21:05,07:21:20,0
E3cKTAI5hrMdq3gv0l-3g-07:00:00,SYN_106107,30,07:21:52,07:22:07,0
E3cKTAI5hrMdq3gv0l-3g-07:00:00,SYN_106108,31,07:22:38,07:22:53,0
E3cKTAI5hrMdq3gv0l-3g-07:00:00,SYN_106109,32,07:23:20,07:23:35,0
E3cKTAI5hrMdq3gv0l-3g-07:00:00,SYN_106110,33,07:24:03,07:24:18,0
E3cKTAI5hrMdq3gv0l-3g-07:00:00,SYN_106111,34,07:24:46,07:25:01,0
E3cKTAI5hrMdq3gv0l-3g-07:00:00,SYN_106112,35,07:25:28,07:25:43,0
E3cKTAI5hrMdq3gv0l-3g-07:00:00,SYN_106113,36,07:26:11,07:26:26,0
E3cKTAI5hrMdq3gv0l-3g-07:00:00,SYN_106114,37,07:27:03,07:27:18,0
E3cKTAI5hrMdq3gv0l-3g-07:00:00,SYN_106115,38,07:27:57,07:28:12,0
E3cKTAI5hrMdq3gv0l-3g-07:00:00,SYN_106116,39,07:28:50,07:29:05,0
E3cKTAI5hrMdq3gv0l-3g-07:00:00,SYN_106117,40,07:29:30,07:29:45,0
E3cKTAI5hrMdq3gv0l-3g-07:00:00,SYN_106118,41,07:30:10,07:30:25,0
E3cKTAI5hrMdq3gv0l-3g-07:00:00,SYN_106119,42,07:30:48,07:31:03,0
E3cKTAI5hrMdq3gv0l-3g-07:00:00,SYN_106120,43,07:31:21,07:31:36,0
E3cKTAI5hrMdq3gv0l-3g-07:00:00,SYN_106121,44,07:31:54,07:32:09,0
E3cKTAI5hrMdq3gv0l-3g-07:00:00,SYN_106122,45,07:32:28,07:32:43,0
E3cKTAI5hrMdq3gv0l-3g-07:00:00,SYN_106123,46,07:33:10,07:33:25,0
E3cKTAI5hrMdq3gv0l-3g-07:00:00,SYN_106124,47,07:33:52,07:34:07,0
E3cKTAI5hrMdq3gv0l-3g-07:00:00,SYN_106125,48,07:34:34,07:34:49,0
E3cKTAI5hrMdq3gv0l-3g-07:00:00,SYN_106126,49,07:35:05,07:35:20,0
E3cKTAI5hrMdq3gv0l-3g-07:00:00,SYN_106127,50,07:35:25,07:35:40,0
E3cKTAI5hrMdq3gv0l-3g-07:00:00,SYN_106128,51,07:35:46,07:36:01,0
E3cKTAI5hrMdq3gv0l-3g-07:00:00,SYN_106129,52,07:36:06,07:36:21,0
E3cKTAI5hrMdq3gv0l-3g-07:00:00,SYN_106130,53,07:36:26,07:36:41,0
E3cKTAI5hrMdq3gv0l-3g-07:00:00,SYN_106131,54,07:36:49,07:37:04,0
E3cKTAI5hrMdq3gv0l-3g-07:00:00,SYN_106132,55,07:37:12,07:37:27,0
E3cKTAI5hrMdq3gv0l-3g-07:00:00,SYN_106133,56,07:37:35,07:37:50,0
E3cKTAI5hrMdq3gv0l-3g-07:00:00,SYN_106134,57,07:37:58,07:38:13,0
E3cKTAI5hrMdq3gv0l-3g-07:00:00,SYN_106135,58,07:38:21,07:38:36,0
E3cKTAI5hrMdq3gv0l-3g-07:00:00,SYN_106136,59,07:38:43,07:38:58,0
E3cKTAI5hrMdq3gv0l-3g-07:00:00,SYN_106137,60,07:39:05,07:39:20,0
E3cKTAI5hrMdq3gv0l-3g-07:00:00,SYN_106138,61,07:39:27,07:39:42,0
E3cKTAI5hrMdq3gv0l-3g-07:00:00,SYN_106139,62,07:39:50,07:40:05,0
E3cKTAI5hrMdq3gv0l-3g-07:00:00,SYN_106140,63,07:40:12,07:40:27,0
E3cKTAI5hrMdq3gv0l-3g-07:00:00,SYN_106141,64,07:40:34,07:40:49,0
E3cKTAI5hrMdq3gv0l-3g-07:00:00,SYN_106142,65,07:40:56,07:41:11,0
E3cKTAI5hrMdq3gv0l-3g-07:00:00,SYN_106143,66,07:41:18,07:41:33,0
E3cKTAI5hrMdq3gv0l-3g-07:00:00,SYN_106144,67,07:41:42,07:41:57,0
E3cKTAI5hrMdq3gv0l-3g-07:00:00,SYN_106145,68,07:42:05,07:42:20,0
bAHUtWeGgy-NzZiHpbdim-07:00:00,SYN_106074,0,07:41:08,07:41:23,0
bAHUtWeGgy-NzZiHpbdim-07:00:00,SYN_106075,1,07:40:34,07:40:49,0
bAHUtWeGgy-NzZiHpbdim-07:00:00,SYN_106076,2,07:39:59,07:40:14,0
bAHUtWeGgy-NzZiHpbdim-07:00:00,SYN_106077,3,07:39:25,07:39:40,0
bAHUtWeGgy-NzZiHpbdim-07:00:00,SYN_106078,4,07:38:51,07:39:06,0
bAHUtWeGgy-NzZiHpbdim-07:00:00,SYN_106079,5,07:38:16,07:38:31,0
bAHUtWeGgy-NzZiHpbdim-07:00:00,SYN_106080,6,07:37:42,07:37:57,0
bAHUtWeGgy-NzZiHpbdim-07:00:00,SYN_106081,7,07:37:08,07:37:23,0
bAHUtWeGgy-NzZiHpbdim-07:00:00,SYN_106082,8,07:36:33,07:36:48,0
bAHUtWeGgy-NzZiHpbdim-07:00:00,SYN_106083,9,07:35:59,07:36:14,0
bAHUtWeGgy-NzZiHpbdim-07:00:00,SYN_106084,10,07:35:24,07:35:39,0
bAHUtWeGgy-NzZiHpbdim-07:00:00,SYN_106085,11,07:34:50,07:35:05,0
bAHUtWeGgy-NzZiHpbdim-07:00:00,SYN_106086,12,07:34:16,07:34:31,0
bAHUtWeGgy-NzZiHpbdim-07:00:00,SYN_106087,13,07:33:41,07:33:56,0
bAHUtWeGgy-NzZiHpbdim-07:00:00,SYN_106088,14,07:33:07,07:33:22,0
bAHUtWeGgy-NzZiHpbdim-07:00:00,SYN_106089,15,07:32:33,07:32:48,0
bAHUtWeGgy-NzZiHpbdim-07:00:00,SYN_106090,16,07:31:58,07:32:13,0
bAHUtWeGgy-NzZiHpbdim-07:00:00,SYN_106091,17,07:31:24,07:31:39,0
bAHUtWeGgy-NzZiHpbdim-07:00:00,SYN_106092,18,07:30:49,07:31:04,0
bAHUtWeGgy-NzZiHpbdim-07:00:00,SYN_106093,19,07:30:15,07:30:30,0
bAHUtWeGgy-NzZiHpbdim-07:00:00,SYN_106094,20,07:29:41,07:29:56,0
bAHUtWeGgy-NzZiHpbdim-07:00:00,SYN_106095,21,07:29:06,07:29:21,0
bAHUtWeGgy-NzZiHpbdim-07:00:00,SYN_106096,22,07:28:32,07:28:47,0
bAHUtWeGgy-NzZiHpbdim-07:00:00,SYN_106097,23,07:27:58,07:28:13,0
bAHUtWeGgy-NzZiHpbdim-07:00:00,SYN_106098,24,07:27:23,07:27:38,0
bAHUtWeGgy-NzZiHpbdim-07:00:00,SYN_106099,25,07:26:49,07:27:04,0
bAHUtWeGgy-NzZiHpbdim-07:00:00,SYN_106100,26,07:26:14,07:26:29,0
bAHUtWeGgy-NzZiHpbdim-07:00:00,SYN_106101,27,07:25:40,07:25:55,0
bAHUtWeGgy-NzZiHpbdim-07:00:00,SYN_106102,28,07:25:06,07:25:21,0
bAHUtWeGgy-NzZiHpbdim-07:00:00,SYN_106103,29,07:24:31,07:24:46,0
bAHUtWeGgy-NzZiHpbdim-07:00:00,SYN_106104,30,07:23:57,07:24:12,0
bAHUtWeGgy-NzZiHpbdim-07:00:00,SYN_106105,31,07:23:23,07:23:38,0
bAHUtWeGgy-NzZiHpbdim-07:00:00,SYN_106106,32,07:22:48,07:23:03,0
bAHUtWeGgy-NzZiHpbdim-07:00:00,SYN_106107,33,07:22:14,07:22:29,0
bAHUtWeGgy-NzZiHpbdim-07:00:00,SYN_106108,34,07:21:39,07:21:54,0
bAHUtWeGgy-NzZiHpbdim-07:00:00,SYN_106109,35,07:21:05,07:21:20,0
bAHUtWeGgy-NzZiHpbdim-07:00:00,SYN_106110,36,07:20:31,07:20:46,0
bAHUtWeGgy-NzZiHpbdim-07:00:00,SYN_106111,37,07:19:56,07:20:11,0
bAHUtWeGgy-NzZiHpbdim-07:00:00,SYN_106112,38,07:19:22,07:19:37,0
bAHUtWeGgy-NzZiHpbdim-07:00:00,SYN_106113,39,07:18:48,07:19:03,0
bAHUtWeGgy-NzZiHpbdim-07:00:00,SYN_106114,40,07:18:13,07:18:28,0
bAHUtWeGgy-NzZiHpbdim-07:00:00,SYN_106115,41,07:17:39,07:17:54,0
bAHUtWeGgy-NzZiHpbdim-07:00:00,SYN_106116,42,07:17:04,07:17:19,0
bAHUtWeGgy-NzZiHpbdim-07:00:00,SYN_106117,43,07:16:30,07:16:45,0
bAHUtWeGgy-NzZiHpbdim-07:00:00,SYN_106118,44,07:15:56,07:16:11,0
bAHUtWeGgy-NzZiHpbdim-07:00:00,SYN_106119,45,07:15:21,07:15:36,0
bAHUtWeGgy-NzZiHpbdim-07:00:00,SYN_106120,46,07:14:47,07:15:02,0
bAHUtWeGgy-NzZiHpbdim-07:00:00,SYN_106121,47,07:14:13,07:14:28,0
bAHUtWeGgy-NzZiHpbdim-07:00:00,SYN_106122,48,07:13:38,07:13:53,0
bAHUtWeGgy-NzZiHpbdim-07:00:00,SYN_106123,49,07:13:04,07:13:19,0
bAHUtWeGgy-NzZiHpbdim-07:00:00,SYN_106124,50,07:12:29,07:12:44,0
bAHUtWeGgy-NzZiHpbdim-07:00:00,SYN_106125,51,07:11:55,07:12:10,0
bAHUtWeGgy-NzZiHpbdim-07:00:00,SYN_106126,52,07:11:21,07:11:36,0
bAHUtWeGgy-NzZiHpbdim-07:00:00,SYN_106127,53,07:10:46,07:11:01,0
bAHUtWeGgy-NzZiHpbdim-07:00:00,SYN_106128,54,07:10:12,07:10:27,0
bAHUtWeGgy-NzZiHpbdim-07:00:00,SYN_106129,55,07:09:38,07:09:53,0
bAHUtWeGgy-NzZiHpbdim-07:00:00,SYN_106130,56,07:09:03,07:09:18,0
bAHUtWeGgy-NzZiHpbdim-07:00:00,SYN_106131,57,07:08:29,07:08:44,0
bAHUtWeGgy-NzZiHpbdim-07:00:00,SYN_106132,58,07:07:54,07:08:09,0
bAHUtWeGgy-NzZiHpbdim-07:00:00,SYN_106133,59,07:07:20,07:07:35,0
bAHUtWeGgy-NzZiHpbdim-07:00:00,SYN_106134,60,07:06:46,07:07:01,0
bAHUtWeGgy-NzZiHpbdim-07:00:00,SYN_106135,61,07:06:11,07:06:26,0
bAHUtWeGgy-NzZiHpbdim-07:00:00,SYN_106136,62,07:05:37,07:05:52,0
bAHUtWeGgy-NzZiHpbdim-07:00:00,SYN_106137,63,07:05:03,07:05:18,0
bAHUtWeGgy-NzZiHpbdim-07:00:00,SYN_106138,64,07:04:28,07:04:43,0
bAHUtWeGgy-NzZiHpbdim-07:00:00,SYN_106139,65,07:03:54,07:04:09,0
bAHUtWeGgy-NzZiHpbdim-07:00:00,SYN_106140,66,07:03:19,07:03:34,0
bAHUtWeGgy-NzZiHpbdim-07:00:00,SYN_106141,67,07:02:45,07:03:00,0
bAHUtWeGgy-NzZiHpbdim-07:00:00,SYN_106142,68,07:02:11,07:02:26,0
bAHUtWeGgy-NzZiHpbdim-07:00:00,SYN_106143,69,07:01:36,07:01:51,0
bAHUtWeGgy-NzZiHpbdim-07:00:00,SYN_106144,70,07:01:02,07:01:17,0
bAHUtWeGgy-NzZiHpbdim-07:00:00,SYN_106145,71,07:00:28,07:00:43,0
oVe9NWCir7yf4YumOIYpG-07:00:00,SYN_106149,0,07:00:14,07:00:29,0
oVe9NWCir7yf4YumOIYpG-07:00:00,SYN_106150,1,07:00:41,07:00:56,0
oVe9NWCir7yf4YumOIYpG-07:00:00,SYN_106151,2,07:01:08,07:01:23,0
oVe9NWCir7yf4YumOIYpG-07:00:00,SYN_106152,3,07:01:35,07:01:50,0
oVe9NWCir7yf4YumOIYpG-07:00:00,SYN_106153,4,07:02:02,07:02:17,0
oVe9NWCir7yf4YumOIYpG-07:00:00,SYN_106154,5,07:02:29,07:02:44,0
oVe9NWCir7yf4YumOIYpG-07:00:00,SYN_106155,6,07:02:57,07:03:12,0
oVe9NWCir7yf4YumOIYpG-07:00:00,SYN_106156,7,07:03:21,07:03:36,0
oVe9NWCir7yf4YumOIYpG-07:00:00,SYN_106157,8,07:03:43,07:03:58,0
oVe9NWCir7yf4YumOIYpG-07:00:00,SYN_106158,9,07:04:04,07:04:19,0
oVe9NWCir7yf4YumOIYpG-07:00:00,SYN_106159,10,07:04:27,07:04:42,0
oVe9NWCir7yf4YumOIYpG-07:00:00,SYN_106160,11,07:04:49,07:05:04,0
oVe9NWCir7yf4YumOIYpG-07:00:00,SYN_106161,12,07:05:11,07:05:26,0
oVe9NWCir7yf4YumOIYpG-07:00:00,SYN_106162,13,07:05:33,07:05:48,0
oVe9NWCir7yf4YumOIYpG-07:00:00,SYN_106163,14,07:05:55,07:06:10,0
oVe9NWCir7yf4YumOIYpG-07:00:00,SYN_106164,15,07:06:18,07:06:33,0
oVe9NWCir7yf4YumOIYpG-07:00:00,SYN_106165,16,07:06:41,07:06:56,0
oVe9NWCir7yf4YumOIYpG-07:00:00,SYN_106166,17,07:07:04,07:07:19,0
oVe9NWCir7yf4YumOIYpG-07:00:00,SYN_106167,18,07:07:27,07:07:42,0
oVe9NWCir7yf4YumOIYpG-07:00:00,SYN_106168,19,07:07:50,07:08:05,0
oVe9NWCir7yf4YumOIYpG-07:00:00,SYN_106169,20,07:08:13,07:08:28,0
oVe9NWCir7yf4YumOIYpG-07:00:00,SYN_106170,21,07:08:37,07:08:52,0
PyvMsU4izplRo5xNtmlK3-07:00:00,SYN_106146,0,07:16:00,07:16:15,0
PyvMsU4izplRo5xNtmlK3-07:00:00,SYN_106147,1,07:15:05,07:15:20,0
PyvMsU4izplRo5xNtmlK3-07:00:00,SYN_106148,2,07:14:11,07:14:26,0
PyvMsU4izplRo5xNtmlK3-07:00:00,SYN_106149,3,07:13:16,07:13:31,0
PyvMsU4izplRo5xNtmlK3-07:00:00,SYN_106150,4,07:12:21,07:12:36,0
PyvMsU4izplRo5xNtmlK3-07:00:00,SYN_106151,5,07:11:27,07:11:42,0
PyvMsU4izplRo5xNtmlK3-07:00:00,SYN_106152,6,07:10:32,07:10:47,0
PyvMsU4izplRo5xNtmlK3-07:00:00,SYN_106153,7,07:09:38,07:09:53,0
PyvMsU4izplRo5xNtmlK3-07:00:00,SYN_106154,8,07:08:43,07:08:58,0
PyvMsU4izplRo5xNtmlK3-07:00:00,SYN_106155,9,07:07:48,07:08:03,0
PyvMsU4izplRo5xNtmlK3-07:00:00,SYN_106156,10,07:06:54,07:07:09,0
PyvMsU4izplRo5xNtmlK3-07:00:00,SYN_106157,11,07:05:59,07:06:14,0
PyvMsU4izplRo5xNtmlK3-07:00:00,SYN_106158,12,07:05:05,07:05:20,0
PyvMsU4izplRo5xNtmlK3-07:00:00,SYN_106159,13,07:04:10,07:04:25,0
PyvMsU4izplRo5xNtmlK3-07:00:00,SYN_106160,14,07:03:15,07:03:30,0
PyvMsU4izplRo5xNtmlK3-07:00:00,SYN_106161,15,07:02:21,07:02:36,0
PyvMsU4izplRo5xNtmlK3-07:00:00,SYN_106162,16,07:01:26,07:01:41,0
PyvMsU4izplRo5xNtmlK3-07:00:00,SYN_106163,17,07:00:32,07:00:47,0
e8t7gY08MS-f47GD5XH51-07:00:00,SYN_106172,0,07:00:31,07:00:46,0
e8t7gY08MS-f47GD5XH51-07:00:00,SYN_106173,1,07:01:08,07:01:23,0
e8t7gY08MS-f47GD5XH51-07:00:00,SYN_106174,2,07:01:45,07:02:00,0
e8t7gY08MS-f47GD5XH51-07:00:00,SYN_106175,3,07:02:22,07:02:37,0
e8t7gY08MS-f47GD5XH51-07:00:00,SYN_106176,4,07:02:59,07:03:14,0
e8t7gY08MS-f47GD5XH51-07:00:00,SYN_106177,5,07:03:36,07:03:51,0
e8t7gY08MS-f47GD5XH51-07:00:00,SYN_106178,6,07:04:13,07:04:28,0
e8t7gY08MS-f47GD5XH51-07:00:00,SYN_106179,7,07:04:50,07:05:05,0
e8t7gY08MS-f47GD5XH51-07:00:00,SYN_106180,8,07:05:26,07:05:41,0
e8t7gY08MS-f47GD5XH51-07:00:00,SYN_106181,9,07:06:03,07:06:18,0
e8t7gY08MS-f47GD5XH51-07:00:00,SYN_106182,10,07:07:01,07:07:16,0
e8t7gY08MS-f47GD5XH51-07:00:00,SYN_106183,11,07:08:09,07:08:24,0
e8t7gY08MS-f47GD5XH51-07:00:00,SYN_106184,12,07:09:14,07:09:29,0
e8t7gY08MS-f47GD5XH51-07:00:00,SYN_106185,13,07:09:44,07:09:59,0
e8t7gY08MS-f47GD5XH51-07:00:00,SYN_106186,14,07:10:14,07:10:29,0
e8t7gY08MS-f47GD5XH51-07:00:00,SYN_106187,15,07:10:44,07:10:59,0
e8t7gY08MS-f47GD5XH51-07:00:00,SYN_106188,16,07:11:15,07:11:30,0
e8t7gY08MS-f47GD5XH51-07:00:00,SYN_106189,17,07:11:45,07:12:00,0
e8t7gY08MS-f47GD5XH51-07:00:00,SYN_106190,18,07:12:15,07:12:30,0
e8t7gY08MS-f47GD5XH51-07:00:00,SYN_106191,19,07:12:46,07:13:01,0
e8t7gY08MS-f47GD5XH51-07:00:00,SYN_106192,20,07:13:16,07:13:31,0
e8t7gY08MS-f47GD5XH51-07:00:00,SYN_106193,21,07:13:46,07:14:01,0
e8t7gY08MS-f47GD5XH51-07:00:00,SYN_106194,22,07:14:12,07:14:27,0
e8t7gY08MS-f47GD5XH51-07:00:00,SYN_106195,23,07:14:35,07:14:50,0
e8t7gY08MS-f47GD5XH51-07:00:00,SYN_106196,24,07:14:58,07:15:13,0
e8t7gY08MS-f47GD5XH51-07:00:00,SYN_106197,25,07:15:21,07:15:36,0
e8t7gY08MS-f47GD5XH51-07:00:00,SYN_106198,26,07:15:44,07:15:59,0
e8t7gY08MS-f47GD5XH51-07:00:00,SYN_106199,27,07:16:07,07:16:22,0
e8t7gY08MS-f47GD5XH51-07:00:00,SYN_106200,28,07:16:37,07:16:52,0
3RevHK5a3aJRhrnXG0U-Y-07:00:00,SYN_106172,0,07:09:19,07:09:34,0
3RevHK5a3aJRhrnXG0U-Y-07:00:00,SYN_106173,1,07:08:59,07:09:14,0
3RevHK5a3aJRhrnXG0U-Y-07:00:00,SYN_106174,2,07:08:40,07:08:55,0
3RevHK5a3aJRhrnXG0U-Y-07:00:00,SYN_106175,3,07:08:20,07:08:35,0
3RevHK5a3aJRhrnXG0U-Y-07:00:00,SYN_106176,4,07:08:01,07:08:16,0
3RevHK5a3aJRhrnXG0U-Y-07:00:00,SYN_106177,5,07:07:41,07:07:56,0
3RevHK5a3aJRhrnXG0U-Y-07:00:00,SYN_106178,6,07:07:22,07:07:37,0
3RevHK5a3aJRhrnXG0U-Y-07:00:00,SYN_106179,7,07:07:02,07:07:17,0
3RevHK5a3aJRhrnXG0U-Y-07:00:00,SYN_106180,8,07:06:43,07:06:58,0
3RevHK5a3aJRhrnXG0U-Y-07:00:00,SYN_106181,9,07:06:23,07:06:38,0
3RevHK5a3aJRhrnXG0U-Y-07:00:00,SYN_106182,10,07:06:04,07:06:19,0
3RevHK5a3aJRhrnXG0U-Y-07:00:00,SYN_106183,11,07:05:45,07:06:00,0
3RevHK5a3aJRhrnXG0U-Y-07:00:00,SYN_106184,12,07:05:25,07:05:40,0
3RevHK5a3aJRhrnXG0U-Y-07:00:00,SYN_106185,13,07:05:06,07:05:21,0
3RevHK5a3aJRhrnXG0U-Y-07:00:00,SYN_106186,14,07:04:46,07:05:01,0
3RevHK5a3aJRhrnXG0U-Y-07:00:00,SYN_106187,15,07:04:27,07:04:42,0
3RevHK5a3aJRhrnXG0U-Y-07:00:00,SYN_106188,16,07:04:07,07:04:22,0
3RevHK5a3aJRhrnXG0U-Y-07:00:00,SYN_106189,17,07:03:48,07:04:03,0
3RevHK5a3aJRhrnXG0U-Y-07:00:00,SYN_106190,18,07:03:28,07:03:43,0
3RevHK5a3aJRhrnXG0U-Y-07:00:00,SYN_106191,19,07:03:09,07:03:24,0
3RevHK5a3aJRhrnXG0U-Y-07:00:00,SYN_106192,20,07:02:49,07:03:04,0
3RevHK5a3aJRhrnXG0U-Y-07:00:00,SYN_106193,21,07:02:30,07:02:45,0
3RevHK5a3aJRhrnXG0U-Y-07:00:00,SYN_106194,22,07:02:10,07:02:25,0
3RevHK5a3aJRhrnXG0U-Y-07:00:00,SYN_106195,23,07:01:51,07:02:06,0
3RevHK5a3aJRhrnXG0U-Y-07:00:00,SYN_106196,24,07:01:31,07:01:46,0
3RevHK5a3aJRhrnXG0U-Y-07:00:00,SYN_106197,25,07:01:12,07:01:27,0
3RevHK5a3aJRhrnXG0U-Y-07:00:00,SYN_106198,26,07:00:52,07:01:07,0
3RevHK5a3aJRhrnXG0U-Y-07:00:00,SYN_106199,27,07:00:33,07:00:48,0
3RevHK5a3aJRhrnXG0U-Y-07:00:00,SYN_106200,28,07:00:14,07:00:29,0
TWnfYDX6BkJirORXmg2hv-07:00:00,SYN_106201,0,07:00:46,07:01:01,0
TWnfYDX6BkJirORXmg2hv-07:00:00,SYN_106202,1,07:01:33,07:01:48,0
TWnfYDX6BkJirORXmg2hv-07:00:00,SYN_106203,2,07:02:19,07:02:34,0
TWnfYDX6BkJirORXmg2hv-07:00:00,SYN_106204,3,07:03:06,07:03:21,0
TWnfYDX6BkJirORXmg2hv-07:00:00,SYN_106205,4,07:03:52,07:04:07,0
TWnfYDX6BkJirORXmg2hv-07:00:00,SYN_106206,5,07:04:39,07:04:54,0
aL3IoFC8Ob46ci80-r5J_-07:00:00,SYN_106201,0,07:04:38,07:04:53,0
aL3IoFC8Ob46ci80-r5J_-07:00:00,SYN_106202,1,07:03:52,07:04:07,0
aL3IoFC8Ob46ci80-r5J_-07:00:00,SYN_106203,2,07:03:05,07:03:20,0
aL3IoFC8Ob46ci80-r5J_-07:00:00,SYN_106204,3,07:02:19,07:02:34,0
aL3IoFC8Ob46ci80-r5J_-07:00:00,SYN_106205,4,07:01:32,07:01:47,0
aL3IoFC8Ob46ci80-r5J_-07:00:00,SYN_106206,5,07:00:46,07:01:01,0
uE28Zm5OTYg1GLECQDEL0-07:00:00,SYN_106207,0,07:00:26,07:00:41,0
uE28Zm5OTYg1GLECQDEL0-07:00:00,SYN_106208,1,07:00:52,07:01:07,0
uE28Zm5OTYg1GLECQDEL0-07:00:00,SYN_106209,2,07:01:26,07:01:41,0
uE28Zm5OTYg1GLECQDEL0-07:00:00,SYN_106210,3,07:02:04,07:02:19,0
uE28Zm5OTYg1GLECQDEL0-07:00:00,SYN_106211,4,07:02:43,07:02:58,0
uE28Zm5OTYg1GLECQDEL0-07:00:00,SYN_106212,5,07:03:13,07:03:28,0
uE28Zm5OTYg1GLECQDEL0-07:00:00,SYN_106213,6,07:03:43,07:03:58,0
uE28Zm5OTYg1GLECQDEL0-07:00:00,SYN_106214,7,07:04:12,07:04:27,0
uE28Zm5OTYg1GLECQDEL0-07:00:00,SYN_106215,8,07:04:37,07:04:52,0
uE28Zm5OTYg1GLECQDEL0-07:00:00,SYN_106216,9,07:04:59,07:05:14,0
uE28Zm5OTYg1GLECQDEL0-07:00:00,SYN_106217,10,07:05:23,07:05:38,0
uE28Zm5OTYg1GLECQDEL0-07:00:00,SYN_106218,11,07:05:53,07:06:08,0
uE28Zm5OTYg1GLECQDEL0-07:00:00,SYN_106219,12,07:06:23,07:06:38,0
uE28Zm5OTYg1GLECQDEL0-07:00:00,SYN_106220,13,07:06:59,07:07:14,0
uE28Zm5OTYg1GLECQDEL0-07:00:00,SYN_106221,14,07:07:47,07:08:02,0
uE28Zm5OTYg1GLECQDEL0-07:00:00,SYN_106222,15,07:08:22,07:08:37,0
uE28Zm5OTYg1GLECQDEL0-07:00:00,SYN_106223,16,07:08:59,07:09:14,0
uE28Zm5OTYg1GLECQDEL0-07:00:00,SYN_106224,17,07:09:53,07:10:08,0
uE28Zm5OTYg1GLECQDEL0-07:00:00,SYN_106225,18,07:10:46,07:11:01,0
uE28Zm5OTYg1GLECQDEL0-07:00:00,SYN_106226,19,07:11:32,07:11:47,0
uE28Zm5OTYg1GLECQDEL0-07:00:00,SYN_106227,20,07:12:19,07:12:34,0
uE28Zm5OTYg1GLECQDEL0-07:00:00,SYN_106228,21,07:13:02,07:13:17,0
uE28Zm5OTYg1GLECQDEL0-07:00:00,SYN_106229,22,07:13:43,07:13:58,0
uE28Zm5OTYg1GLECQDEL0-07:00:00,SYN_106230,23,07:14:26,07:14:41,0
uE28Zm5OTYg1GLECQDEL0-07:00:00,SYN_106231,24,07:15:24,07:15:39,0
uE28Zm5OTYg1GLECQDEL0-07:00:00,SYN_106232,25,07:16:09,07:16:24,0
uE28Zm5OTYg1GLECQDEL0-07:00:00,SYN_106233,26,07:16:45,07:17:00,0
uE28Zm5OTYg1GLECQDEL0-07:00:00,SYN_106234,27,07:17:17,07:17:32,0
uE28Zm5OTYg1GLECQDEL0-07:00:00,SYN_106235,28,07:17:45,07:18:00,0
uE28Zm5OTYg1GLECQDEL0-07:00:00,SYN_106236,29,07:18:12,07:18:27,0
uE28Zm5OTYg1GLECQDEL0-07:00:00,SYN_106237,30,07:18:40,07:18:55,0
uE28Zm5OTYg1GLECQDEL0-07:00:00,SYN_106238,31,07:19:08,07:19:23,0
uE28Zm5OTYg1GLECQDEL0-07:00:00,SYN_106239,32,07:19:36,07:19:51,0
uE28Zm5OTYg1GLECQDEL0-07:00:00,SYN_106240,33,07:20:04,07:20:19,0
uE28Zm5OTYg1GLECQDEL0-07:00:00,SYN_106241,34,07:20:32,07:20:47,0
uE28Zm5OTYg1GLECQDEL0-07:00:00,SYN_106242,35,07:21:01,07:21:16,0
uE28Zm5OTYg1GLECQDEL0-07:00:00,SYN_106243,36,07:21:29,07:21:44,0
uE28Zm5OTYg1GLECQDEL0-07:00:00,SYN_106244,37,07:21:57,07:22:12,0
uE28Zm5OTYg1GLECQDEL0-07:00:00,SYN_106245,38,07:22:25,07:22:40,0
uE28Zm5OTYg1GLECQDEL0-07:00:00,SYN_106246,39,07:22:54,07:23:09,0
uE28Zm5OTYg1GLECQDEL0-07:00:00,SYN_106247,40,07:23:22,07:23:37,0
uE28Zm5OTYg1GLECQDEL0-07:00:00,SYN_106248,41,07:23:49,07:24:04,0
uE28Zm5OTYg1GLECQDEL0-07:00:00,SYN_106249,42,07:24:15,07:24:30,0
uE28Zm5OTYg1GLECQDEL0-07:00:00,SYN_106250,43,07:24:41,07:24:56,0
uE28Zm5OTYg1GLECQDEL0-07:00:00,SYN_106251,44,07:25:12,07:25:27,0
uE28Zm5OTYg1GLECQDEL0-07:00:00,SYN_106252,45,07:25:47,07:26:02,0
uE28Zm5OTYg1GLECQDEL0-07:00:00,SYN_106253,46,07:26:19,07:26:34,0
uE28Zm5OTYg1GLECQDEL0-07:00:00,SYN_106254,47,07:26:49,07:27:04,0
uE28Zm5OTYg1GLECQDEL0-07:00:00,SYN_106255,48,07:27:19,07:27:34,0
uE28Zm5OTYg1GLECQDEL0-07:00:00,SYN_106256,49,07:27:49,07:28:04,0
uE28Zm5OTYg1GLECQDEL0-07:00:00,SYN_106257,50,07:28:19,07:28:34,0
uE28Zm5OTYg1GLECQDEL0-07:00:00,SYN_106258,51,07:28:49,07:29:04,0
uE28Zm5OTYg1GLECQDEL0-07:00:00,SYN_106259,52,07:29:36,07:29:51,0
uE28Zm5OTYg1GLECQDEL0-07:00:00,SYN_106260,53,07:30:14,07:30:29,0
uE28Zm5OTYg1GLECQDEL0-07:00:00,SYN_106261,54,07:30:33,07:30:48,0
uE28Zm5OTYg1GLECQDEL0-07:00:00,SYN_106262,55,07:30:52,07:31:07,0
uE28Zm5OTYg1GLECQDEL0-07:00:00,SYN_106263,56,07:31:10,07:31:25,0
uE28Zm5OTYg1GLECQDEL0-07:00:00,SYN_106264,57,07:31:34,07:31:49,0
uE28Zm5OTYg1GLECQDEL0-07:00:00,SYN_106265,58,07:32:00,07:32:15,0
uE28Zm5OTYg1GLECQDEL0-07:00:00,SYN_106266,59,07:32:25,07:32:40,0
uE28Zm5OTYg1GLECQDEL0-07:00:00,SYN_106267,60,07:32:51,07:33:06,0
uE28Zm5OTYg1GLECQDEL0-07:00:00,SYN_106268,61,07:33:16,07:33:31,0
uE28Zm5OTYg1GLECQDEL0-07:00:00,SYN_106269,62,07:33:42,07:33:57,0
uE28Zm5OTYg1GLECQDEL0-07:00:00,SYN_106270,63,07:34:07,07:34:22,0
uE28Zm5OTYg1GLECQDEL0-07:00:00,SYN_106271,64,07:34:32,07:34:47,0
uE28Zm5OTYg1GLECQDEL0-07:00:00,SYN_106272,65,07:34:59,07:35:14,0
uE28Zm5OTYg1GLECQDEL0-07:00:00,SYN_106273,66,07:35:29,07:35:44,0
uE28Zm5OTYg1GLECQDEL0-07:00:00,SYN_106274,67,07:35:55,07:36:10,0
uE28Zm5OTYg1GLECQDEL0-07:00:00,SYN_106275,68,07:36:20,07:36:35,0
uE28Zm5OTYg1GLECQDEL0-07:00:00,SYN_106276,69,07:36:46,07:37:01,0
uE28Zm5OTYg1GLECQDEL0-07:00:00,SYN_106277,70,07:37:15,07:37:30,0
uE28Zm5OTYg1GLECQDEL0-07:00:00,SYN_106278,71,07:38:04,07:38:19,0
uE28Zm5OTYg1GLECQDEL0-07:00:00,SYN_106279,72,07:38:44,07:38:59,0
uE28Zm5OTYg1GLECQDEL0-07:00:00,SYN_106280,73,07:39:25,07:39:40,0
uE28Zm5OTYg1GLECQDEL0-07:00:00,SYN_106281,74,07:40:02,07:40:17,0
uE28Zm5OTYg1GLECQDEL0-07:00:00,SYN_106282,75,07:40:37,07:40:52,0
uE28Zm5OTYg1GLECQDEL0-07:00:00,SYN_106283,76,07:41:13,07:41:28,0
uE28Zm5OTYg1GLECQDEL0-07:00:00,SYN_106284,77,07:41:51,07:42:06,0
uE28Zm5OTYg1GLECQDEL0-07:00:00,SYN_106285,78,07:42:36,07:42:51,0
uE28Zm5OTYg1GLECQDEL0-07:00:00,SYN_106286,79,07:43:21,07:43:36,0
uE28Zm5OTYg1GLECQDEL0-07:00:00,SYN_106287,80,07:44:00,07:44:15,0
uE28Zm5OTYg1GLECQDEL0-07:00:00,SYN_106288,81,07:44:37,07:44:52,0
uE28Zm5OTYg1GLECQDEL0-07:00:00,SYN_106289,82,07:45:27,07:45:42,0
EoBxLx54RiTmwf0L64PXs-07:00:00,SYN_106207,0,07:56:14,07:56:29,0
EoBxLx54RiTmwf0L64PXs-07:00:00,SYN_106208,1,07:55:33,07:55:48,0
EoBxLx54RiTmwf0L64PXs-07:00:00,SYN_106209,2,07:54:52,07:55:07,0
EoBxLx54RiTmwf0L64PXs-07:00:00,SYN_106210,3,07:54:11,07:54:26,0
EoBxLx54RiTmwf0L64PXs-07:00:00,SYN_106211,4,07:53:30,07:53:45,0
EoBxLx54RiTmwf0L64PXs-07:00:00,SYN_106212,5,07:52:49,07:53:04,0
EoBxLx54RiTmwf0L64PXs-07:00:00,SYN_106213,6,07:52:08,07:52:23,0
EoBxLx54RiTmwf0L64PXs-07:00:00,SYN_106214,7,07:51:27,07:51:42,0
EoBxLx54RiTmwf0L64PXs-07:00:00,SYN_106215,8,07:50:46,07:51:01,0
EoBxLx54RiTmwf0L64PXs-07:00:00,SYN_106216,9,07:50:05,07:50:20,0
EoBxLx54RiTmwf0L64PXs-07:00:00,SYN_106217,10,07:49:24,07:49:39,0
EoBxLx54RiTmwf0L64PXs-07:00:00,SYN_106218,11,07:48:43,07:48:58,0
EoBxLx54RiTmwf0L64PXs-07:00:00,SYN_106219,12,07:48:01,07:48:16,0
EoBxLx54RiTmwf0L64PXs-07:00:00,SYN_106220,13,07:47:20,07:47:35,0
EoBxLx54RiTmwf0L64PXs-07:00:00,SYN_106221,14,07:46:39,07:46:54,0
EoBxLx54RiTmwf0L64PXs-07:00:00,SYN_106222,15,07:45:58,07:46:13,0
EoBxLx54RiTmwf0L64PXs-07:00:00,SYN_106223,16,07:45:17,07:45:32,0
EoBxLx54RiTmwf0L64PXs-07:00:00,SYN_106224,17,07:44:36,07:44:51,0
EoBxLx54RiTmwf0L64PXs-07:00:00,SYN_106225,18,07:43:55,07:44:10,0
EoBxLx54RiTmwf0L64PXs-07:00:00,SYN_106226,19,07:43:14,07:43:29,0
EoBxLx54RiTmwf0L64PXs-07:00:00,SYN_106227,20,07:42:33,07:42:48,0
EoBxLx54RiTmwf0L64PXs-07:00:00,SYN_106228,21,07:41:52,07:42:07,0
EoBxLx54RiTmwf0L64PXs-07:00:00,SYN_106229,22,07:41:11,07:41:26,0
EoBxLx54RiTmwf0L64PXs-07:00:00,SYN_106230,23,07:40:30,07:40:45,0
EoBxLx54RiTmwf0L64PXs-07:00:00,SYN_106231,24,07:39:49,07:40:04,0
EoBxLx54RiTmwf0L64PXs-07:00:00,SYN_106232,25,07:39:07,07:39:22,0
EoBxLx54RiTmwf0L64PXs-07:00:00,SYN_106233,26,07:38:26,07:38:41,0
EoBxLx54RiTmwf0L64PXs-07:00:00,SYN_106234,27,07:37:45,07:38:00,0
EoBxLx54RiTmwf0L64PXs-07:00:00,SYN_106235,28,07:37:04,07:37:19,0
EoBxLx54RiTmwf0L64PXs-07:00:00,SYN_106236,29,07:36:23,07:36:38,0
EoBxLx54RiTmwf0L64PXs-07:00:00,SYN_106237,30,07:35:42,07:35:57,0
EoBxLx54RiTmwf0L64PXs-07:00:00,SYN_106238,31,07:35:01,07:35:16,0
EoBxLx54RiTmwf0L64PXs-07:00:00,SYN_106239,32,07:34:20,07:34:35,0
EoBxLx54RiTmwf0L64PXs-07:00:00,SYN_106240,33,07:33:39,07:33:54,0
EoBxLx54RiTmwf0L64PXs-07:00:00,SYN_106241,34,07:32:58,07:33:13,0
EoBxLx54RiTmwf0L64PXs-07:00:00,SYN_106242,35,07:32:17,07:32:32,0
EoBxLx54RiTmwf0L64PXs-07:00:00,SYN_106243,36,07:31:36,07:31:51,0
EoBxLx54RiTmwf0L64PXs-07:00:00,SYN_106244,37,07:30:55,07:31:10,0
EoBxLx54RiTmwf0L64PXs-07:00:00,SYN_106245,38,07:30:13,07:30:28,0
EoBxLx54RiTmwf0L64PXs-07:00:00,SYN_106246,39,07:29:32,07:29:47,0
EoBxLx54RiTmwf0L64PXs-07:00:00,SYN_106247,40,07:28:51,07:29:06,0
EoBxLx54RiTmwf0L64PXs-07:00:00,SYN_106248,41,07:28:10,07:28:25,0
EoBxLx54RiTmwf0L64PXs-07:00:00,SYN_106249,42,07:27:29,07:27:44,0
EoBxLx54RiTmwf0L64PXs-07:00:00,SYN_106250,43,07:26:48,07:27:03,0
EoBxLx54RiTmwf0L64PXs-07:00:00,SYN_106251,44,07:26:07,07:26:22,0
EoBxLx54RiTmwf0L64PXs-07:00:00,SYN_106252,45,07:25:26,07:25:41,0
EoBxLx54RiTmwf0L64PXs-07:00:00,SYN_106253,46,07:24:45,07:25:00,0
EoBxLx54RiTmwf0L64PXs-07:00:00,SYN_106254,47,07:24:04,07:24:19,0
EoBxLx54RiTmwf0L64PXs-07:00:00,SYN_106255,48,07:23:23,07:23:38,0
EoBxLx54RiTmwf0L64PXs-07:00:00,SYN_106256,49,07:22:42,07:22:57,0
EoBxLx54RiTmwf0L64PXs-07:00:00,SYN_106257,50,07:22:01,07:22:16,0
EoBxLx54RiTmwf0L64PXs-07:00:00,SYN_106258,51,07:21:19,07:21:34,0
EoBxLx54RiTmwf0L64PXs-07:00:00,SYN_106259,52,07:20:38,07:20:53,0
EoBxLx54RiTmwf0L64PXs-07:00:00,SYN_106260,53,07:19:57,07:20:12,0
EoBxLx54RiTmwf0L64PXs-07:00:00,SYN_106261,54,07:19:16,07:19:31,0
EoBxLx54RiTmwf0L64PXs-07:00:00,SYN_106262,55,07:18:35,07:18:50,0
EoBxLx54RiTmwf0L64PXs-07:00:00,SYN_106263,56,07:17:54,07:18:09,0
EoBxLx54RiTmwf0L64PXs-07:00:00,SYN_106264,57,07:17:13,07:17:28,0
EoBxLx54RiTmwf0L64PXs-07:00:00,SYN_106265,58,07:16:32,07:16:47,0
EoBxLx54RiTmwf0L64PXs-07:00:00,SYN_106266,59,07:15:51,07:16:06,0
EoBxLx54RiTmwf0L64PXs-07:00:00,SYN_106267,60,07:15:10,07:15:25,0
EoBxLx54RiTmwf0L64PXs-07:00:00,SYN_106268,61,07:14:29,07:14:44,0
EoBxLx54RiTmwf0L64PXs-07:00:00,SYN_106269,62,07:13:48,07:14:03,0
EoBxLx54RiTmwf0L64PXs-07:00:00,SYN_106270,63,07:13:07,07:13:22,0
EoBxLx54RiTmwf0L64PXs-07:00:00,SYN_106271,64,07:12:25,07:12:40,0
EoBxLx54RiTmwf0L64PXs-07:00:00,SYN_106272,65,07:11:44,07:11:59,0
EoBxLx54RiTmwf0L64PXs-07:00:00,SYN_106273,66,07:11:03,07:11:18,0
EoBxLx54RiTmwf0L64PXs-07:00:00,SYN_106274,67,07:10:22,07:10:37,0
EoBxLx54RiTmwf0L64PXs-07:00:00,SYN_106275,68,07:09:41,07:09:56,0
EoBxLx54RiTmwf0L64PXs-07:00:00,SYN_106276,69,07:09:00,07:09:15,0
EoBxLx54RiTmwf0L64PXs-07:00:00,SYN_106277,70,07:08:19,07:08:34,0
EoBxLx54RiTmwf0L64PXs-07:00:00,SYN_106278,71,07:07:38,07:07:53,0
EoBxLx54RiTmwf0L64PXs-07:00:00,SYN_106279,72,07:06:57,07:07:12,0
EoBxLx54RiTmwf0L64PXs-07:00:00,SYN_106280,73,07:06:16,07:06:31,0
EoBxLx54RiTmwf0L64PXs-07:00:00,SYN_106281,74,07:05:35,07:05:50,0
EoBxLx54RiTmwf0L64PXs-07:00:00,SYN_106282,75,07:04:54,07:05:09,0
EoBxLx54RiTmwf0L64PXs-07:00:00,SYN_106283,76,07:04:13,07:04:28,0
EoBxLx54RiTmwf0L64PXs-07:00:00,SYN_106284,77,07:03:31,07:03:46,0
EoBxLx54RiTmwf0L64PXs-07:00:00,SYN_106285,78,07:02:50,07:03:05,0
EoBxLx54RiTmwf0L64PXs-07:00:00,SYN_106286,79,07:02:09,07:02:24,0
EoBxLx54RiTmwf0L64PXs-07:00:00,SYN_106287,80,07:01:28,07:01:43,0
EoBxLx54RiTmwf0L64PXs-07:00:00,SYN_106288,81,07:00:47,07:01:02,0
EoBxLx54RiTmwf0L64PXs-07:00:00,SYN_106289,82,07:00:06,07:00:21,0
4B_Jpa3Jm_xxCkTcY6IDN-07:00:00,SYN_106298,0,07:00:19,07:00:34,0
4B_Jpa3Jm_xxCkTcY6IDN-07:00:00,SYN_106299,1,07:00:45,07:01:00,0
4B_Jpa3Jm_xxCkTcY6IDN-07:00:00,SYN_106300,2,07:01:10,07:01:25,0
4B_Jpa3Jm_xxCkTcY6IDN-07:00:00,SYN_106301,3,07:01:35,07:01:50,0
4B_Jpa3Jm_xxCkTcY6IDN-07:00:00,SYN_106302,4,07:02:01,07:02:16,0
4B_Jpa3Jm_xxCkTcY6IDN-07:00:00,SYN_106303,5,07:02:27,07:02:42,0
4B_Jpa3Jm_xxCkTcY6IDN-07:00:00,SYN_106304,6,07:02:53,07:03:08,0
4B_Jpa3Jm_xxCkTcY6IDN-07:00:00,SYN_106305,7,07:03:19,07:03:34,0
4B_Jpa3Jm_xxCkTcY6IDN-07:00:00,SYN_106306,8,07:03:46,07:04:01,0
4B_Jpa3Jm_xxCkTcY6IDN-07:00:00,SYN_106307,9,07:04:10,07:04:25,0
4B_Jpa3Jm_xxCkTcY6IDN-07:00:00,SYN_106308,10,07:04:35,07:04:50,0
4B_Jpa3Jm_xxCkTcY6IDN-07:00:00,SYN_106309,11,07:04:59,07:05:14,0
4B_Jpa3Jm_xxCkTcY6IDN-07:00:00,SYN_106310,12,07:05:24,07:05:39,0
4B_Jpa3Jm_xxCkTcY6IDN-07:00:00,SYN_106311,13,07:05:48,07:06:03,0
4B_Jpa3Jm_xxCkTcY6IDN-07:00:00,SYN_106312,14,07:06:13,07:06:28,0
4B_Jpa3Jm_xxCkTcY6IDN-07:00:00,SYN_106313,15,07:06:35,07:06:50,0
4B_Jpa3Jm_xxCkTcY6IDN-07:00:00,SYN_106314,16,07:06:57,07:07:12,0
4B_Jpa3Jm_xxCkTcY6IDN-07:00:00,SYN_106315,17,07:07:18,07:07:33,0
4B_Jpa3Jm_xxCkTcY6IDN-07:00:00,SYN_106316,18,07:07:40,07:07:55,0
4B_Jpa3Jm_xxCkTcY6IDN-07:00:00,SYN_106317,19,07:08:00,07:08:15,0
4B_Jpa3Jm_xxCkTcY6IDN-07:00:00,SYN_106318,20,07:08:20,07:08:35,0
4B_Jpa3Jm_xxCkTcY6IDN-07:00:00,SYN_106319,21,07:08:40,07:08:55,0
4B_Jpa3Jm_xxCkTcY6IDN-07:00:00,SYN_106320,22,07:09:00,07:09:15,0
4B_Jpa3Jm_xxCkTcY6IDN-07:00:00,SYN_106321,23,07:09:20,07:09:35,0
4B_Jpa3Jm_xxCkTcY6IDN-07:00:00,SYN_106322,24,07:09:40,07:09:55,0
4B_Jpa3Jm_xxCkTcY6IDN-07:00:00,SYN_106323,25,07:10:00,07:10:15,0
4B_Jpa3Jm_xxCkTcY6IDN-07:00:00,SYN_106324,26,07:10:20,07:10:35,0
4B_Jpa3Jm_xxCkTcY6IDN-07:00:00,SYN_106325,27,07:10:40,07:10:55,0
4B_Jpa3Jm_xxCkTcY6IDN-07:00:00,SYN_106326,28,07:11:00,07:11:15,0
4B_Jpa3Jm_xxCkTcY6IDN-07:00:00,SYN_106327,29,07:11:19,07:11:34,0
4B_Jpa3Jm_xxCkTcY6IDN-07:00:00,SYN_106328,30,07:11:39,07:11:54,0
4B_Jpa3Jm_xxCkTcY6IDN-07:00:00,SYN_106329,31,07:11:59,07:12:14,0
4B_Jpa3Jm_xxCkTcY6IDN-07:00:00,SYN_106330,32,07:12:19,07:12:34,0
4B_Jpa3Jm_xxCkTcY6IDN-07:00:00,SYN_106331,33,07:12:39,07:12:54,0
4B_Jpa3Jm_xxCkTcY6IDN-07:00:00,SYN_106332,34,07:12:59,07:13:14,0
4B_Jpa3Jm_xxCkTcY6IDN-07:00:00,SYN_106333,35,07:13:20,07:13:35,0
4B_Jpa3Jm_xxCkTcY6IDN-07:00:00,SYN_106334,36,07:13:40,07:13:55,0
4B_Jpa3Jm_xxCkTcY6IDN-07:00:00,SYN_106335,37,07:14:00,07:14:15,0
4B_Jpa3Jm_xxCkTcY6IDN-07:00:00,SYN_106336,38,07:14:20,07:14:35,0
4B_Jpa3Jm_xxCkTcY6IDN-07:00:00,SYN_106337,39,07:14:40,07:14:55,0
4B_Jpa3Jm_xxCkTcY6IDN-07:00:00,SYN_106338,40,07:15:00,07:15:15,0
4B_Jpa3Jm_xxCkTcY6IDN-07:00:00,SYN_106339,41,07:15:20,07:15:35,0
4B_Jpa3Jm_xxCkTcY6IDN-07:00:00,SYN_106340,42,07:15:40,07:15:55,0
4B_Jpa3Jm_xxCkTcY6IDN-07:00:00,SYN_106341,43,07:16:00,07:16:15,0
4B_Jpa3Jm_xxCkTcY6IDN-07:00:00,SYN_106342,44,07:16:20,07:16:35,0
4B_Jpa3Jm_xxCkTcY6IDN-07:00:00,SYN_106343,45,07:16:40,07:16:55,0
4B_Jpa3Jm_xxCkTcY6IDN-07:00:00,SYN_106344,46,07:17:00,07:17:15,0
4B_Jpa3Jm_xxCkTcY6IDN-07:00:00,SYN_106345,47,07:17:20,07:17:35,0
4B_Jpa3Jm_xxCkTcY6IDN-07:00:00,SYN_106346,48,07:18:09,07:18:24,0
4B_Jpa3Jm_xxCkTcY6IDN-07:00:00,SYN_106347,49,07:18:33,07:18:48,0
4B_Jpa3Jm_xxCkTcY6IDN-07:00:00,SYN_106348,50,07:18:58,07:19:13,0
4B_Jpa3Jm_xxCkTcY6IDN-07:00:00,SYN_106349,51,07:19:22,07:19:37,0
4B_Jpa3Jm_xxCkTcY6IDN-07:00:00,SYN_106350,52,07:19:46,07:20:01,0
4B_Jpa3Jm_xxCkTcY6IDN-07:00:00,SYN_106351,53,07:20:10,07:20:25,0
4B_Jpa3Jm_xxCkTcY6IDN-07:00:00,SYN_106352,54,07:20:32,07:20:47,0
4B_Jpa3Jm_xxCkTcY6IDN-07:00:00,SYN_106353,55,07:20:55,07:21:10,0
4B_Jpa3Jm_xxCkTcY6IDN-07:00:00,SYN_106354,56,07:21:18,07:21:33,0
4B_Jpa3Jm_xxCkTcY6IDN-07:00:00,SYN_106355,57,07:21:41,07:21:56,0
4B_Jpa3Jm_xxCkTcY6IDN-07:00:00,SYN_106356,58,07:22:03,07:22:18,0
4B_Jpa3Jm_xxCkTcY6IDN-07:00:00,SYN_106357,59,07:22:25,07:22:40,0
4B_Jpa3Jm_xxCkTcY6IDN-07:00:00,SYN_106358,60,07:22:46,07:23:01,0
4B_Jpa3Jm_xxCkTcY6IDN-07:00:00,SYN_106359,61,07:23:07,07:23:22,0
4B_Jpa3Jm_xxCkTcY6IDN-07:00:00,SYN_106360,62,07:23:28,07:23:43,0
4B_Jpa3Jm_xxCkTcY6IDN-07:00:00,SYN_106361,63,07:23:50,07:24:05,0
4B_Jpa3Jm_xxCkTcY6IDN-07:00:00,SYN_106362,64,07:24:11,07:24:26,0
4B_Jpa3Jm_xxCkTcY6IDN-07:00:00,SYN_106363,65,07:24:34,07:24:49,0
4B_Jpa3Jm_xxCkTcY6IDN-07:00:00,SYN_106364,66,07:25:04,07:25:19,0
4B_Jpa3Jm_xxCkTcY6IDN-07:00:00,SYN_106365,67,07:25:33,07:25:48,0
4B_Jpa3Jm_xxCkTcY6IDN-07:00:00,SYN_106366,68,07:26:03,07:26:18,0
4B_Jpa3Jm_xxCkTcY6IDN-07:00:00,SYN_106367,69,07:26:20,07:26:35,0
4B_Jpa3Jm_xxCkTcY6IDN-07:00:00,SYN_106368,70,07:26:36,07:26:51,0
4B_Jpa3Jm_xxCkTcY6IDN-07:00:00,SYN_106369,71,07:26:52,07:27:07,0
4B_Jpa3Jm_xxCkTcY6IDN-07:00:00,SYN_106370,72,07:27:17,07:27:32,0
4B_Jpa3Jm_xxCkTcY6IDN-07:00:00,SYN_106371,73,07:27:44,07:27:59,0
4B_Jpa3Jm_xxCkTcY6IDN-07:00:00,SYN_106372,74,07:28:11,07:28:26,0
4B_Jpa3Jm_xxCkTcY6IDN-07:00:00,SYN_106373,75,07:28:39,07:28:54,0
4B_Jpa3Jm_xxCkTcY6IDN-07:00:00,SYN_106374,76,07:29:18,07:29:33,0
4B_Jpa3Jm_xxCkTcY6IDN-07:00:00,SYN_106375,77,07:29:50,07:30:05,0
4B_Jpa3Jm_xxCkTcY6IDN-07:00:00,SYN_106376,78,07:30:31,07:30:46,0
4B_Jpa3Jm_xxCkTcY6IDN-07:00:00,SYN_106377,79,07:31:06,07:31:21,0
4B_Jpa3Jm_xxCkTcY6IDN-07:00:00,SYN_106378,80,07:31:29,07:31:44,0
4B_Jpa3Jm_xxCkTcY6IDN-07:00:00,SYN_106379,81,07:31:55,07:32:10,0
4B_Jpa3Jm_xxCkTcY6IDN-07:00:00,SYN_106380,82,07:32:24,07:32:39,0
4B_Jpa3Jm_xxCkTcY6IDN-07:00:00,SYN_106381,83,07:32:53,07:33:08,0
4B_Jpa3Jm_xxCkTcY6IDN-07:00:00,SYN_106382,84,07:33:17,07:33:32,0
4B_Jpa3Jm_xxCkTcY6IDN-07:00:00,SYN_106383,85,07:33:39,07:33:54,0
4B_Jpa3Jm_xxCkTcY6IDN-07:00:00,SYN_106384,86,07:34:00,07:34:15,0
4B_Jpa3Jm_xxCkTcY6IDN-07:00:00,SYN_106385,87,07:34:22,07:34:37,0
4B_Jpa3Jm_xxCkTcY6IDN-07:00:00,SYN_106386,88,07:35:21,07:35:36,0
4B_Jpa3Jm_xxCkTcY6IDN-07:00:00,SYN_106387,89,07:35:39,07:35:54,0
4B_Jpa3Jm_xxCkTcY6IDN-07:00:00,SYN_106388,90,07:35:58,07:36:13,0
4B_Jpa3Jm_xxCkTcY6IDN-07:00:00,SYN_106389,91,07:36:17,07:36:32,0
4B_Jpa3Jm_xxCkTcY6IDN-07:00:00,SYN_106390,92,07:36:36,07:36:51,0
4B_Jpa3Jm_xxCkTcY6IDN-07:00:00,SYN_106391,93,07:37:37,07:37:52,0
Cl-oT7WLLDtvd9UF3t3WF-07:00:00,SYN_106397,0,07:00:13,07:00:28,0
Cl-oT7WLLDtvd9UF3t3WF-07:00:00,SYN_106398,1,07:01:28,07:01:43,0
Cl-oT7WLLDtvd9UF3t3WF-07:00:00,SYN_106399,2,07:02:43,07:02:58,0
Cl-oT7WLLDtvd9UF3t3WF-07:00:00,SYN_106400,3,07:03:47,07:04:02,0
Cl-oT7WLLDtvd9UF3t3WF-07:00:00,SYN_106401,4,07:04:21,07:04:36,0
Cl-oT7WLLDtvd9UF3t3WF-07:00:00,SYN_106402,5,07:04:55,07:05:10,0
Cl-oT7WLLDtvd9UF3t3WF-07:00:00,SYN_106403,6,07:05:43,07:05:58,0
Cl-oT7WLLDtvd9UF3t3WF-07:00:00,SYN_106404,7,07:06:27,07:06:42,0
Cl-oT7WLLDtvd9UF3t3WF-07:00:00,SYN_106405,8,07:07:04,07:07:19,0
Cl-oT7WLLDtvd9UF3t3WF-07:00:00,SYN_106406,9,07:07:40,07:07:55,0
Cl-oT7WLLDtvd9UF3t3WF-07:00:00,SYN_106407,10,07:15:54,07:16:09,0
Cl-oT7WLLDtvd9UF3t3WF-07:00:00,SYN_106408,11,07:18:43,07:18:58,0
Cl-oT7WLLDtvd9UF3t3WF-07:00:00,SYN_106409,12,07:20:35,07:20:50,0
Cl-oT7WLLDtvd9UF3t3WF-07:00:00,SYN_106410,13,07:21:54,07:22:09,0
Cl-oT7WLLDtvd9UF3t3WF-07:00:00,SYN_106411,14,07:22:49,07:23:04,0
Cl-oT7WLLDtvd9UF3t3WF-07:00:00,SYN_106412,15,07:23:38,07:23:53,0
Cl-oT7WLLDtvd9UF3t3WF-07:00:00,SYN_106413,16,07:24:27,07:24:42,0
Cl-oT7WLLDtvd9UF3t3WF-07:00:00,SYN_106414,17,07:25:10,07:25:25,0
Cl-oT7WLLDtvd9UF3t3WF-07:00:00,SYN_106415,18,07:25:46,07:26:01,0
Cl-oT7WLLDtvd9UF3t3WF-07:00:00,SYN_106416,19,07:26:22,07:26:37,0
Cl-oT7WLLDtvd9UF3t3WF-07:00:00,SYN_106417,20,07:28:22,07:28:37,0
Cl-oT7WLLDtvd9UF3t3WF-07:00:00,SYN_106418,21,07:27:58,07:28:13,0
Cl-oT7WLLDtvd9UF3t3WF-07:00:00,SYN_106419,22,07:29:06,07:29:21,0
Cl-oT7WLLDtvd9UF3t3WF-07:00:00,SYN_106420,23,07:29:14,07:29:29,0
Cl-oT7WLLDtvd9UF3t3WF-07:00:00,SYN_106421,24,07:29:23,07:29:38,0
Cl-oT7WLLDtvd9UF3t3WF-07:00:00,SYN_106422,25,07:29:31,07:29:46,0
Cl-oT7WLLDtvd9UF3t3WF-07:00:00,SYN_106423,26,07:29:40,07:29:55,0
Cl-oT7WLLDtvd9UF3t3WF-07:00:00,SYN_106424,27,07:29:49,07:30:04,0
Cl-oT7WLLDtvd9UF3t3WF-07:00:00,SYN_106425,28,07:29:57,07:30:12,0
Cl-oT7WLLDtvd9UF3t3WF-07:00:00,SYN_106426,29,07:30:06,07:30:21,0
Cl-oT7WLLDtvd9UF3t3WF-07:00:00,SYN_106427,30,07:30:30,07:30:45,0
Cl-oT7WLLDtvd9UF3t3WF-07:00:00,SYN_106428,31,07:31:17,07:31:32,0
Cl-oT7WLLDtvd9UF3t3WF-07:00:00,SYN_106429,32,07:31:51,07:32:06,0
Cl-oT7WLLDtvd9UF3t3WF-07:00:00,SYN_106430,33,07:32:30,07:32:45,0
Cl-oT7WLLDtvd9UF3t3WF-07:00:00,SYN_106431,34,07:33:24,07:33:39,0
Cl-oT7WLLDtvd9UF3t3WF-07:00:00,SYN_106432,35,07:34:16,07:34:31,0
Cl-oT7WLLDtvd9UF3t3WF-07:00:00,SYN_106433,36,07:35:03,07:35:18,0
Cl-oT7WLLDtvd9UF3t3WF-07:00:00,SYN_106434,37,07:35:50,07:36:05,0
Cl-oT7WLLDtvd9UF3t3WF-07:00:00,SYN_106435,38,07:36:31,07:36:46,0
Cl-oT7WLLDtvd9UF3t3WF-07:00:00,SYN_106436,39,07:37:12,07:37:27,0
Cl-oT7WLLDtvd9UF3t3WF-07:00:00,SYN_106437,40,07:37:57,07:38:12,0
Cl-oT7WLLDtvd9UF3t3WF-07:00:00,SYN_106438,41,07:38:55,07:39:10,0
Cl-oT7WLLDtvd9UF3t3WF-07:00:00,SYN_106439,42,07:39:38,07:39:53,0
Cl-oT7WLLDtvd9UF3t3WF-07:00:00,SYN_106440,43,07:40:15,07:40:30,0
Cl-oT7WLLDtvd9UF3t3WF-07:00:00,SYN_106441,44,07:40:45,07:41:00,0
Cl-oT7WLLDtvd9UF3t3WF-07:00:00,SYN_106442,45,07:41:13,07:41:28,0
Cl-oT7WLLDtvd9UF3t3WF-07:00:00,SYN_106443,46,07:41:41,07:41:56,0
Cl-oT7WLLDtvd9UF3t3WF-07:00:00,SYN_106444,47,07:42:09,07:42:24,0
Cl-oT7WLLDtvd9UF3t3WF-07:00:00,SYN_106445,48,07:42:37,07:42:52,0
Cl-oT7WLLDtvd9UF3t3WF-07:00:00,SYN_106446,49,07:43:05,07:43:20,0
Cl-oT7WLLDtvd9UF3t3WF-07:00:00,SYN_106447,50,07:43:33,07:43:48,0
Cl-oT7WLLDtvd9UF3t3WF-07:00:00,SYN_106448,51,07:44:01,07:44:16,0
Cl-oT7WLLDtvd9UF3t3WF-07:00:00,SYN_106449,52,07:44:29,07:44:44,0
Cl-oT7WLLDtvd9UF3t3WF-07:00:00,SYN_106450,53,07:44:58,07:45:13,0
Cl-oT7WLLDtvd9UF3t3WF-07:00:00,SYN_106451,54,07:45:26,07:45:41,0
Cl-oT7WLLDtvd9UF3t3WF-07:00:00,SYN_106452,55,07:45:54,07:46:09,0
Cl-oT7WLLDtvd9UF3t3WF-07:00:00,SYN_106453,56,07:46:22,07:46:37,0
Cl-oT7WLLDtvd9UF3t3WF-07:00:00,SYN_106454,57,07:46:51,07:47:06,0
Cl-oT7WLLDtvd9UF3t3WF-07:00:00,SYN_106455,58,07:47:18,07:47:33,0
Cl-oT7WLLDtvd9UF3t3WF-07:00:00,SYN_106456,59,07:47:43,07:47:58,0
Cl-oT7WLLDtvd9UF3t3WF-07:00:00,SYN_106457,60,07:48:09,07:48:24,0
Cl-oT7WLLDtvd9UF3t3WF-07:00:00,SYN_106458,61,07:48:42,07:48:57,0
Cl-oT7WLLDtvd9UF3t3WF-07:00:00,SYN_106459,62,07:49:16,07:49:31,0
Cl-oT7WLLDtvd9UF3t3WF-07:00:00,SYN_106460,63,07:49:48,07:50:03,0
Cl-oT7WLLDtvd9UF3t3WF-07:00:00,SYN_106461,64,07:50:18,07:50:33,0
Cl-oT7WLLDtvd9UF3t3WF-07:00:00,SYN_106462,65,07:50:48,07:51:03,0
Cl-oT7WLLDtvd9UF3t3WF-07:00:00,SYN_106463,66,07:51:18,07:51:33,0
Cl-oT7WLLDtvd9UF3t3WF-07:00:00,SYN_106464,67,07:51:48,07:52:03,0
Cl-oT7WLLDtvd9UF3t3WF-07:00:00,SYN_106465,68,07:52:19,07:52:34,0
Cl-oT7WLLDtvd9UF3t3WF-07:00:00,SYN_106466,69,07:53:06,07:53:21,0
Cl-oT7WLLDtvd9UF3t3WF-07:00:00,SYN_106467,70,07:53:42,07:53:57,0
Cl-oT7WLLDtvd9UF3t3WF-07:00:00,SYN_106468,71,07:54:01,07:54:16,0
Cl-oT7WLLDtvd9UF3t3WF-07:00:00,SYN_106469,72,07:54:19,07:54:34,0
Cl-oT7WLLDtvd9UF3t3WF-07:00:00,SYN_106470,73,07:54:38,07:54:53,0
Cl-oT7WLLDtvd9UF3t3WF-07:00:00,SYN_106471,74,07:55:02,07:55:17,0
Cl-oT7WLLDtvd9UF3t3WF-07:00:00,SYN_106472,75,07:55:28,07:55:43,0
Cl-oT7WLLDtvd9UF3t3WF-07:00:00,SYN_106473,76,07:55:54,07:56:09,0
Cl-oT7WLLDtvd9UF3t3WF-07:00:00,SYN_106474,77,07:56:19,07:56:34,0
Cl-oT7WLLDtvd9UF3t3WF-07:00:00,SYN_106475,78,07:56:45,07:57:00,0
Cl-oT7WLLDtvd9UF3t3WF-07:00:00,SYN_106476,79,07:57:10,07:57:25,0
Cl-oT7WLLDtvd9UF3t3WF-07:00:00,SYN_106477,80,07:57:35,07:57:50,0
Cl-oT7WLLDtvd9UF3t3WF-07:00:00,SYN_106478,81,07:58:00,07:58:15,0
Cl-oT7WLLDtvd9UF3t3WF-07:00:00,SYN_106479,82,07:58:28,07:58:43,0
Cl-oT7WLLDtvd9UF3t3WF-07:00:00,SYN_106480,83,07:58:58,07:59:13,0
Cl-oT7WLLDtvd9UF3t3WF-07:00:00,SYN_106481,84,07:59:23,07:59:38,0
Cl-oT7WLLDtvd9UF3t3WF-07:00:00,SYN_106482,85,07:59:49,08:00:04,0
Cl-oT7WLLDtvd9UF3t3WF-07:00:00,SYN_106483,86,08:00:14,08:00:29,0
Cl-oT7WLLDtvd9UF3t3WF-07:00:00,SYN_106484,87,08:00:46,08:01:01,0
Cl-oT7WLLDtvd9UF3t3WF-07:00:00,SYN_106485,88,08:01:33,08:01:48,0
Cl-oT7WLLDtvd9UF3t3WF-07:00:00,SYN_106486,89,08:02:14,08:02:29,0
Cl-oT7WLLDtvd9UF3t3WF-07:00:00,SYN_106487,90,08:02:55,08:03:10,0
Cl-oT7WLLDtvd9UF3t3WF-07:00:00,SYN_106488,91,08:03:36,08:03:51,0
Cl-oT7WLLDtvd9UF3t3WF-07:00:00,SYN_106489,92,08:04:17,08:04:32,0
Cl-oT7WLLDtvd9UF3t3WF-07:00:00,SYN_106490,93,08:04:47,08:05:02,0
Cl-oT7WLLDtvd9UF3t3WF-07:00:00,SYN_106491,94,08:05:21,08:05:36,0
Cl-oT7WLLDtvd9UF3t3WF-07:00:00,SYN_106492,95,08:06:06,08:06:21,0
Cl-oT7WLLDtvd9UF3t3WF-07:00:00,SYN_106493,96,08:06:51,08:07:06,0
Cl-oT7WLLDtvd9UF3t3WF-07:00:00,SYN_106494,97,08:07:29,08:07:44,0
Cl-oT7WLLDtvd9UF3t3WF-07:00:00,SYN_106495,98,08:08:08,08:08:23,0
Cl-oT7WLLDtvd9UF3t3WF-07:00:00,SYN_106496,99,08:08:57,08:09:12,0
R1qyf44TfvStHmjMCiKfC-07:00:00,SYN_106397,0,08:07:25,08:07:40,0
R1qyf44TfvStHmjMCiKfC-07:00:00,SYN_106398,1,08:06:44,08:06:59,0
R1qyf44TfvStHmjMCiKfC-07:00:00,SYN_106399,2,08:06:03,08:06:18,0
R1qyf44TfvStHmjMCiKfC-07:00:00,SYN_106400,3,08:05:22,08:05:37,0
R1qyf44TfvStHmjMCiKfC-07:00:00,SYN_106401,4,08:04:42,08:04:57,0
R1qyf44TfvStHmjMCiKfC-07:00:00,SYN_106402,5,08:04:01,08:04:16,0
R1qyf44TfvStHmjMCiKfC-07:00:00,SYN_106403,6,08:03:20,08:03:35,0
R1qyf44TfvStHmjMCiKfC-07:00:00,SYN_106404,7,08:02:39,08:02:54,0
R1qyf44TfvStHmjMCiKfC-07:00:00,SYN_106405,8,08:01:58,08:02:13,0
R1qyf44TfvStHmjMCiKfC-07:00:00,SYN_106406,9,08:01:17,08:01:32,0
R1qyf44TfvStHmjMCiKfC-07:00:00,SYN_106407,10,08:00:37,08:00:52,0
R1qyf44TfvStHmjMCiKfC-07:00:00,SYN_106408,11,07:59:56,08:00:11,0
R1qyf44TfvStHmjMCiKfC-07:00:00,SYN_106409,12,07:59:15,07:59:30,0
R1qyf44TfvStHmjMCiKfC-07:00:00,SYN_106410,13,07:58:34,07:58:49,0
R1qyf44TfvStHmjMCiKfC-07:00:00,SYN_106411,14,07:57:53,07:58:08,0
R1qyf44TfvStHmjMCiKfC-07:00:00,SYN_106412,15,07:57:12,07:57:27,0
R1qyf44TfvStHmjMCiKfC-07:00:00,SYN_106413,16,07:56:32,07:56:47,0
R1qyf44TfvStHmjMCiKfC-07:00:00,SYN_106414,17,07:55:51,07:56:06,0
R1qyf44TfvStHmjMCiKfC-07:00:00,SYN_106415,18,07:55:10,07:55:25,0
R1qyf44TfvStHmjMCiKfC-07:00:00,SYN_106416,19,07:54:29,07:54:44,0
R1qyf44TfvStHmjMCiKfC-07:00:00,SYN_106417,20,07:53:48,07:54:03,0
R1qyf44TfvStHmjMCiKfC-07:00:00,SYN_106418,21,07:53:07,07:53:22,0
R1qyf44TfvStHmjMCiKfC-07:00:00,SYN_106419,22,07:52:27,07:52:42,0
R1qyf44TfvStHmjMCiKfC-07:00:00,SYN_106420,23,07:51:46,07:52:01,0
R1qyf44TfvStHmjMCiKfC-07:00:00,SYN_106421,24,07:51:05,07:51:20,0
R1qyf44TfvStHmjMCiKfC-07:00:00,SYN_106422,25,07:50:24,07:50:39,0
R1qyf44TfvStHmjMCiKfC-07:00:00,SYN_106423,26,07:49:43,07:49:58,0
R1qyf44TfvStHmjMCiKfC-07:00:00,SYN_106424,27,07:49:02,07:49:17,0
R1qyf44TfvStHmjMCiKfC-07:00:00,SYN_106425,28,07:48:22,07:48:37,0
R1qyf44TfvStHmjMCiKfC-07:00:00,SYN_106426,29,07:47:41,07:47:56,0
R1qyf44TfvStHmjMCiKfC-07:00:00,SYN_106427,30,07:47:00,07:47:15,0
R1qyf44TfvStHmjMCiKfC-07:00:00,SYN_106428,31,07:46:19,07:46:34,0
R1qyf44TfvStHmjMCiKfC-07:00:00,SYN_106429,32,07:45:38,07:45:53,0
R1qyf44TfvStHmjMCiKfC-07:00:00,SYN_106430,33,07:44:57,07:45:12,0
R1qyf44TfvStHmjMCiKfC-07:00:00,SYN_106431,34,07:44:17,07:44:32,0
R1qyf44TfvStHmjMCiKfC-07:00:00,SYN_106432,35,07:43:36,07:43:51,0
R1qyf44TfvStHmjMCiKfC-07:00:00,SYN_106433,36,07:42:55,07:43:10,0
R1qyf44TfvStHmjMCiKfC-07:00:00,SYN_106434,37,07:42:14,07:42:29,0
R1qyf44TfvStHmjMCiKfC-07:00:00,SYN_106435,38,07:41:33,07:41:48,0
R1qyf44TfvStHmjMCiKfC-07:00:00,SYN_106436,39,07:40:52,07:41:07,0
R1qyf44TfvStHmjMCiKfC-07:00:00,SYN_106437,40,07:40:11,07:40:26,0
R1qyf44TfvStHmjMCiKfC-07:00:00,SYN_106438,41,07:39:31,07:39:46,0
R1qyf44TfvStHmjMCiKfC-07:00:00,SYN_106439,42,07:38:50,07:39:05,0
R1qyf44TfvStHmjMCiKfC-07:00:00,SYN_106440,43,07:38:09,07:38:24,0
R1qyf44TfvStHmjMCiKfC-07:00:00,SYN_106441,44,07:37:28,07:37:43,0
R1qyf44TfvStHmjMCiKfC-07:00:00,SYN_106442,45,07:36:47,07:37:02,0
R1qyf44TfvStHmjMCiKfC-07:00:00,SYN_106443,46,07:36:06,07:36:21,0
R1qyf44TfvStHmjMCiKfC-07:00:00,SYN_106444,47,07:35:26,07:35:41,0
R1qyf44TfvStHmjMCiKfC-07:00:00,SYN_106445,48,07:34:45,07:35:00,0
R1qyf44TfvStHmjMCiKfC-07:00:00,SYN_106446,49,07:34:04,07:34:19,0
R1qyf44TfvStHmjMCiKfC-07:00:00,SYN_106447,50,07:33:23,07:33:38,0
R1qyf44TfvStHmjMCiKfC-07:00:00,SYN_106448,51,07:32:42,07:32:57,0
R1qyf44TfvStHmjMCiKfC-07:00:00,SYN_106449,52,07:32:01,07:32:16,0
R1qyf44TfvStHmjMCiKfC-07:00:00,SYN_106450,53,07:31:21,07:31:36,0
R1qyf44TfvStHmjMCiKfC-07:00:00,SYN_106451,54,07:30:40,07:30:55,0
R1qyf44TfvStHmjMCiKfC-07:00:00,SYN_106452,55,07:29:59,07:30:14,0
R1qyf44TfvStHmjMCiKfC-07:00:00,SYN_106453,56,07:29:18,07:29:33,0
R1qyf44TfvStHmjMCiKfC-07:00:00,SYN_106454,57,07:28:37,07:28:52,0
R1qyf44TfvStHmjMCiKfC-07:00:00,SYN_106455,58,07:27:56,07:28:11,0
R1qyf44TfvStHmjMCiKfC-07:00:00,SYN_106456,59,07:27:16,07:27:31,0
R1qyf44TfvStHmjMCiKfC-07:00:00,SYN_106457,60,07:26:35,07:26:50,0
R1qyf44TfvStHmjMCiKfC-07:00:00,SYN_106458,61,07:25:54,07:26:09,0
R1qyf44TfvStHmjMCiKfC-07:00:00,SYN_106459,62,07:25:13,07:25:28,0
R1qyf44TfvStHmjMCiKfC-07:00:00,SYN_106460,63,07:24:32,07:24:47,0
R1qyf44TfvStHmjMCiKfC-07:00:00,SYN_106461,64,07:23:51,07:24:06,0
R1qyf44TfvStHmjMCiKfC-07:00:00,SYN_106462,65,07:23:11,07:23:26,0
R1qyf44TfvStHmjMCiKfC-07:00:00,SYN_106463,66,07:22:30,07:22:45,0
R1qyf44TfvStHmjMCiKfC-07:00:00,SYN_106464,67,07:21:49,07:22:04,0
R1qyf44TfvStHmjMCiKfC-07:00:00,SYN_106465,68,07:21:08,07:21:23,0
R1qyf44TfvStHmjMCiKfC-07:00:00,SYN_106466,69,07:20:27,07:20:42,0
R1qyf44TfvStHmjMCiKfC-07:00:00,SYN_106467,70,07:19:46,07:20:01,0
R1qyf44TfvStHmjMCiKfC-07:00:00,SYN_106468,71,07:19:06,07:19:21,0
R1qyf44TfvStHmjMCiKfC-07:00:00,SYN_106469,72,07:18:25,07:18:40,0
R1qyf44TfvStHmjMCiKfC-07:00:00,SYN_106470,73,07:17:44,07:17:59,0
R1qyf44TfvStHmjMCiKfC-07:00:00,SYN_106471,74,07:17:03,07:17:18,0
R1qyf44TfvStHmjMCiKfC-07:00:00,SYN_106472,75,07:16:22,07:16:37,0
R1qyf44TfvStHmjMCiKfC-07:00:00,SYN_106473,76,07:15:41,07:15:56,0
R1qyf44TfvStHmjMCiKfC-07:00:00,SYN_106474,77,07:15:01,07:15:16,0
R1qyf44TfvStHmjMCiKfC-07:00:00,SYN_106475,78,07:14:20,07:14:35,0
R1qyf44TfvStHmjMCiKfC-07:00:00,SYN_106476,79,07:13:39,07:13:54,0
R1qyf44TfvStHmjMCiKfC-07:00:00,SYN_106477,80,07:12:58,07:13:13,0
R1qyf44TfvStHmjMCiKfC-07:00:00,SYN_106478,81,07:12:17,07:12:32,0
R1qyf44TfvStHmjMCiKfC-07:00:00,SYN_106479,82,07:11:36,07:11:51,0
R1qyf44TfvStHmjMCiKfC-07:00:00,SYN_106480,83,07:10:56,07:11:11,0
R1qyf44TfvStHmjMCiKfC-07:00:00,SYN_106481,84,07:10:15,07:10:30,0
R1qyf44TfvStHmjMCiKfC-07:00:00,SYN_106482,85,07:09:34,07:09:49,0
R1qyf44TfvStHmjMCiKfC-07:00:00,SYN_106483,86,07:08:53,07:09:08,0
R1qyf44TfvStHmjMCiKfC-07:00:00,SYN_106484,87,07:08:12,07:08:27,0
R1qyf44TfvStHmjMCiKfC-07:00:00,SYN_106485,88,07:07:31,07:07:46,0
R1qyf44TfvStHmjMCiKfC-07:00:00,SYN_106486,89,07:06:51,07:07:06,0
R1qyf44TfvStHmjMCiKfC-07:00:00,SYN_106487,90,07:06:10,07:06:25,0
R1qyf44TfvStHmjMCiKfC-07:00:00,SYN_106488,91,07:05:29,07:05:44,0
R1qyf44TfvStHmjMCiKfC-07:00:00,SYN_106489,92,07:04:48,07:05:03,0
R1qyf44TfvStHmjMCiKfC-07:00:00,SYN_106490,93,07:04:07,07:04:22,0
R1qyf44TfvStHmjMCiKfC-07:00:00,SYN_106491,94,07:03:26,07:03:41,0
R1qyf44TfvStHmjMCiKfC-07:00:00,SYN_106492,95,07:02:46,07:03:01,0
R1qyf44TfvStHmjMCiKfC-07:00:00,SYN_106493,96,07:02:05,07:02:20,0
R1qyf44TfvStHmjMCiKfC-07:00:00,SYN_106494,97,07:01:24,07:01:39,0
R1qyf44TfvStHmjMCiKfC-07:00:00,SYN_106495,98,07:00:43,07:00:58,0
R1qyf44TfvStHmjMCiKfC-07:00:00,SYN_106496,99,07:00:02,07:00:17,0
28mrnCSEb3wYAsdtd50rU-07:00:00,SYN_106500,0,07:00:17,07:00:32,0
28mrnCSEb3wYAsdtd50rU-07:00:00,SYN_106501,1,07:00:35,07:00:50,0
28mrnCSEb3wYAsdtd50rU-07:00:00,SYN_106502,2,07:00:53,07:01:08,0
28mrnCSEb3wYAsdtd50rU-07:00:00,SYN_106503,3,07:01:11,07:01:26,0
28mrnCSEb3wYAsdtd50rU-07:00:00,SYN_106504,4,07:01:29,07:01:44,0
28mrnCSEb3wYAsdtd50rU-07:00:00,SYN_106505,5,07:01:47,07:02:02,0
28mrnCSEb3wYAsdtd50rU-07:00:00,SYN_106506,6,07:02:05,07:02:20,0
28mrnCSEb3wYAsdtd50rU-07:00:00,SYN_106507,7,07:02:23,07:02:38,0
28mrnCSEb3wYAsdtd50rU-07:00:00,SYN_106508,8,07:02:41,07:02:56,0
28mrnCSEb3wYAsdtd50rU-07:00:00,SYN_106509,9,07:02:59,07:03:14,0
28mrnCSEb3wYAsdtd50rU-07:00:00,SYN_106510,10,07:03:17,07:03:32,0
28mrnCSEb3wYAsdtd50rU-07:00:00,SYN_106511,11,07:03:35,07:03:50,0
28mrnCSEb3wYAsdtd50rU-07:00:00,SYN_106512,12,07:03:59,07:04:14,0
28mrnCSEb3wYAsdtd50rU-07:00:00,SYN_106513,13,07:04:24,07:04:39,0
28mrnCSEb3wYAsdtd50rU-07:00:00,SYN_106514,14,07:04:49,07:05:04,0
28mrnCSEb3wYAsdtd50rU-07:00:00,SYN_106515,15,07:05:14,07:05:29,0
28mrnCSEb3wYAsdtd50rU-07:00:00,SYN_106516,16,07:05:40,07:05:55,0
28mrnCSEb3wYAsdtd50rU-07:00:00,SYN_106517,17,07:06:07,07:06:22,0
28mrnCSEb3wYAsdtd50rU-07:00:00,SYN_106518,18,07:06:33,07:06:48,0
28mrnCSEb3wYAsdtd50rU-07:00:00,SYN_106519,19,07:07:01,07:07:16,0
28mrnCSEb3wYAsdtd50rU-07:00:00,SYN_106520,20,07:07:31,07:07:46,0
28mrnCSEb3wYAsdtd50rU-07:00:00,SYN_106521,21,07:08:01,07:08:16,0
28mrnCSEb3wYAsdtd50rU-07:00:00,SYN_106522,22,07:08:30,07:08:45,0
28mrnCSEb3wYAsdtd50rU-07:00:00,SYN_106523,23,07:09:00,07:09:15,0
28mrnCSEb3wYAsdtd50rU-07:00:00,SYN_106524,24,07:09:28,07:09:43,0
28mrnCSEb3wYAsdtd50rU-07:00:00,SYN_106525,25,07:09:44,07:09:59,0
28mrnCSEb3wYAsdtd50rU-07:00:00,SYN_106526,26,07:10:00,07:10:15,0
28mrnCSEb3wYAsdtd50rU-07:00:00,SYN_106527,27,07:10:17,07:10:32,0
28mrnCSEb3wYAsdtd50rU-07:00:00,SYN_106528,28,07:10:33,07:10:48,0
28mrnCSEb3wYAsdtd50rU-07:00:00,SYN_106529,29,07:10:49,07:11:04,0
uRBqBvtxqfFULY3Kyi78n-07:00:00,SYN_106515,0,07:10:53,07:11:08,0
uRBqBvtxqfFULY3Kyi78n-07:00:00,SYN_106516,1,07:10:09,07:10:24,0
uRBqBvtxqfFULY3Kyi78n-07:00:00,SYN_106517,2,07:09:24,07:09:39,0
uRBqBvtxqfFULY3Kyi78n-07:00:00,SYN_106518,3,07:08:40,07:08:55,0
uRBqBvtxqfFULY3Kyi78n-07:00:00,SYN_106519,4,07:07:56,07:08:11,0
uRBqBvtxqfFULY3Kyi78n-07:00:00,SYN_106520,5,07:07:12,07:07:27,0
uRBqBvtxqfFULY3Kyi78n-07:00:00,SYN_106521,6,07:06:27,07:06:42,0
uRBqBvtxqfFULY3Kyi78n-07:00:00,SYN_106522,7,07:05:43,07:05:58,0
uRBqBvtxqfFULY3Kyi78n-07:00:00,SYN_106523,8,07:04:59,07:05:14,0
uRBqBvtxqfFULY3Kyi78n-07:00:00,SYN_106524,9,07:04:14,07:04:29,0
uRBqBvtxqfFULY3Kyi78n-07:00:00,SYN_106525,10,07:03:30,07:03:45,0
uRBqBvtxqfFULY3Kyi78n-07:00:00,SYN_106526,11,07:02:46,07:03:01,0
uRBqBvtxqfFULY3Kyi78n-07:00:00,SYN_106527,12,07:02:01,07:02:16,0
uRBqBvtxqfFULY3Kyi78n-07:00:00,SYN_106528,13,07:01:17,07:01:32,0
uRBqBvtxqfFULY3Kyi78n-07:00:00,SYN_106529,14,07:00:33,07:00:48,0
eVKw5V4GKYTFMFEU2cbKc-07:00:00,SYN_106531,0,07:00:49,07:01:04,0
eVKw5V4GKYTFMFEU2cbKc-07:00:00,SYN_106532,1,07:01:52,07:02:07,0
eVKw5V4GKYTFMFEU2cbKc-07:00:00,SYN_106533,2,07:02:51,07:03:06,0
eVKw5V4GKYTFMFEU2cbKc-07:00:00,SYN_106534,3,07:03:32,07:03:47,0
eVKw5V4GKYTFMFEU2cbKc-07:00:00,SYN_106535,4,07:04:13,07:04:28,0
eVKw5V4GKYTFMFEU2cbKc-07:00:00,SYN_106536,5,07:05:14,07:05:29,0
eVKw5V4GKYTFMFEU2cbKc-07:00:00,SYN_106537,6,07:05:53,07:06:08,0
eVKw5V4GKYTFMFEU2cbKc-07:00:00,SYN_106538,7,07:06:14,07:06:29,0
eVKw5V4GKYTFMFEU2cbKc-07:00:00,SYN_106539,8,07:06:36,07:06:51,0
eVKw5V4GKYTFMFEU2cbKc-07:00:00,SYN_106540,9,07:07:00,07:07:15,0
eVKw5V4GKYTFMFEU2cbKc-07:00:00,SYN_106541,10,07:07:23,07:07:38,0
eVKw5V4GKYTFMFEU2cbKc-07:00:00,SYN_106542,11,07:07:47,07:08:02,0
eVKw5V4GKYTFMFEU2cbKc-07:00:00,SYN_106543,12,07:08:11,07:08:26,0
eVKw5V4GKYTFMFEU2cbKc-07:00:00,SYN_106544,13,07:08:35,07:08:50,0
eVKw5V4GKYTFMFEU2cbKc-07:00:00,SYN_106545,14,07:08:59,07:09:14,0
eVKw5V4GKYTFMFEU2cbKc-07:00:00,SYN_106546,15,07:09:23,07:09:38,0
eVKw5V4GKYTFMFEU2cbKc-07:00:00,SYN_106547,16,07:09:47,07:10:02,0
eVKw5V4GKYTFMFEU2cbKc-07:00:00,SYN_106548,17,07:10:08,07:10:23,0
eVKw5V4GKYTFMFEU2cbKc-07:00:00,SYN_106549,18,07:10:30,07:10:45,0
eVKw5V4GKYTFMFEU2cbKc-07:00:00,SYN_106550,19,07:10:52,07:11:07,0
eVKw5V4GKYTFMFEU2cbKc-07:00:00,SYN_106551,20,07:11:16,07:11:31,0
eVKw5V4GKYTFMFEU2cbKc-07:00:00,SYN_106552,21,07:11:39,07:11:54,0
eVKw5V4GKYTFMFEU2cbKc-07:00:00,SYN_106553,22,07:12:03,07:12:18,0
eVKw5V4GKYTFMFEU2cbKc-07:00:00,SYN_106554,23,07:12:26,07:12:41,0
eVKw5V4GKYTFMFEU2cbKc-07:00:00,SYN_106555,24,07:12:46,07:13:01,0
eVKw5V4GKYTFMFEU2cbKc-07:00:00,SYN_106556,25,07:12:59,07:13:14,0
eVKw5V4GKYTFMFEU2cbKc-07:00:00,SYN_106557,26,07:13:12,07:13:27,0
eVKw5V4GKYTFMFEU2cbKc-07:00:00,SYN_106558,27,07:13:25,07:13:40,0
eVKw5V4GKYTFMFEU2cbKc-07:00:00,SYN_106559,28,07:13:38,07:13:53,0
eVKw5V4GKYTFMFEU2cbKc-07:00:00,SYN_106560,29,07:13:51,07:14:06,0
eVKw5V4GKYTFMFEU2cbKc-07:00:00,SYN_106561,30,07:14:04,07:14:19,0
eVKw5V4GKYTFMFEU2cbKc-07:00:00,SYN_106562,31,07:14:17,07:14:32,0
eVKw5V4GKYTFMFEU2cbKc-07:00:00,SYN_106563,32,07:14:30,07:14:45,0
eVKw5V4GKYTFMFEU2cbKc-07:00:00,SYN_106564,33,07:14:43,07:14:58,0
eVKw5V4GKYTFMFEU2cbKc-07:00:00,SYN_106565,34,07:14:56,07:15:11,0
eVKw5V4GKYTFMFEU2cbKc-07:00:00,SYN_106566,35,07:15:08,07:15:23,0
eVKw5V4GKYTFMFEU2cbKc-07:00:00,SYN_106567,36,07:15:21,07:15:36,0
eVKw5V4GKYTFMFEU2cbKc-07:00:00,SYN_106568,37,07:15:34,07:15:49,0
eVKw5V4GKYTFMFEU2cbKc-07:00:00,SYN_106569,38,07:15:47,07:16:02,0
eVKw5V4GKYTFMFEU2cbKc-07:00:00,SYN_106570,39,07:16:02,07:16:17,0
eVKw5V4GKYTFMFEU2cbKc-07:00:00,SYN_106571,40,07:16:34,07:16:49,0
eVKw5V4GKYTFMFEU2cbKc-07:00:00,SYN_106572,41,07:17:05,07:17:20,0
eVKw5V4GKYTFMFEU2cbKc-07:00:00,SYN_106573,42,07:17:37,07:17:52,0
eVKw5V4GKYTFMFEU2cbKc-07:00:00,SYN_106574,43,07:18:08,07:18:23,0
eVKw5V4GKYTFMFEU2cbKc-07:00:00,SYN_106575,44,07:18:39,07:18:54,0
eVKw5V4GKYTFMFEU2cbKc-07:00:00,SYN_106576,45,07:19:11,07:19:26,0
eVKw5V4GKYTFMFEU2cbKc-07:00:00,SYN_106577,46,07:19:42,07:19:57,0
eVKw5V4GKYTFMFEU2cbKc-07:00:00,SYN_106578,47,07:20:14,07:20:29,0
eVKw5V4GKYTFMFEU2cbKc-07:00:00,SYN_106579,48,07:20:45,07:21:00,0
eVKw5V4GKYTFMFEU2cbKc-07:00:00,SYN_106580,49,07:21:17,07:21:32,0
eVKw5V4GKYTFMFEU2cbKc-07:00:00,SYN_106581,50,07:21:48,07:22:03,0
eVKw5V4GKYTFMFEU2cbKc-07:00:00,SYN_106582,51,07:22:10,07:22:25,0
eVKw5V4GKYTFMFEU2cbKc-07:00:00,SYN_106583,52,07:22:31,07:22:46,0
eVKw5V4GKYTFMFEU2cbKc-07:00:00,SYN_106584,53,07:22:52,07:23:07,0
eVKw5V4GKYTFMFEU2cbKc-07:00:00,SYN_106585,54,07:23:13,07:23:28,0
eVKw5V4GKYTFMFEU2cbKc-07:00:00,SYN_106586,55,07:23:34,07:23:49,0
eVKw5V4GKYTFMFEU2cbKc-07:00:00,SYN_106587,56,07:23:55,07:24:10,0
eVKw5V4GKYTFMFEU2cbKc-07:00:00,SYN_106588,57,07:24:16,07:24:31,0
eVKw5V4GKYTFMFEU2cbKc-07:00:00,SYN_106589,58,07:24:37,07:24:52,0
eVKw5V4GKYTFMFEU2cbKc-07:00:00,SYN_106590,59,07:24:58,07:25:13,0
eVKw5V4GKYTFMFEU2cbKc-07:00:00,SYN_106591,60,07:25:19,07:25:34,0
eVKw5V4GKYTFMFEU2cbKc-07:00:00,SYN_106592,61,07:25:40,07:25:55,0
eVKw5V4GKYTFMFEU2cbKc-07:00:00,SYN_106593,62,07:26:01,07:26:16,0
eVKw5V4GKYTFMFEU2cbKc-07:00:00,SYN_106594,63,07:26:22,07:26:37,0
eVKw5V4GKYTFMFEU2cbKc-07:00:00,SYN_106595,64,07:26:43,07:26:58,0
eVKw5V4GKYTFMFEU2cbKc-07:00:00,SYN_106596,65,07:27:04,07:27:19,0
eVKw5V4GKYTFMFEU2cbKc-07:00:00,SYN_106597,66,07:27:25,07:27:40,0
eVKw5V4GKYTFMFEU2cbKc-07:00:00,SYN_106598,67,07:27:46,07:28:01,0
eVKw5V4GKYTFMFEU2cbKc-07:00:00,SYN_106599,68,07:28:07,07:28:22,0
eVKw5V4GKYTFMFEU2cbKc-07:00:00,SYN_106600,69,07:28:28,07:28:43,0
eVKw5V4GKYTFMFEU2cbKc-07:00:00,SYN_106601,70,07:28:49,07:29:04,0
eVKw5V4GKYTFMFEU2cbKc-07:00:00,SYN_106602,71,07:29:10,07:29:25,0
eVKw5V4GKYTFMFEU2cbKc-07:00:00,SYN_106603,72,07:29:31,07:29:46,0
eVKw5V4GKYTFMFEU2cbKc-07:00:00,SYN_106604,73,07:29:51,07:30:06,0
eVKw5V4GKYTFMFEU2cbKc-07:00:00,SYN_106605,74,07:30:12,07:30:27,0
eVKw5V4GKYTFMFEU2cbKc-07:00:00,SYN_106606,75,07:30:32,07:30:47,0
eVKw5V4GKYTFMFEU2cbKc-07:00:00,SYN_106607,76,07:30:53,07:31:08,0
eVKw5V4GKYTFMFEU2cbKc-07:00:00,SYN_106608,77,07:31:14,07:31:29,0
eVKw5V4GKYTFMFEU2cbKc-07:00:00,SYN_106609,78,07:31:34,07:31:49,0
eVKw5V4GKYTFMFEU2cbKc-07:00:00,SYN_106610,79,07:31:55,07:32:10,0
eVKw5V4GKYTFMFEU2cbKc-07:00:00,SYN_106611,80,07:32:16,07:32:31,0
eVKw5V4GKYTFMFEU2cbKc-07:00:00,SYN_106612,81,07:32:36,07:32:51,0
eVKw5V4GKYTFMFEU2cbKc-07:00:00,SYN_106613,82,07:32:57,07:33:12,0
eVKw5V4GKYTFMFEU2cbKc-07:00:00,SYN_106614,83,07:33:18,07:33:33,0
eVKw5V4GKYTFMFEU2cbKc-07:00:00,SYN_106615,84,07:33:38,07:33:53,0
eVKw5V4GKYTFMFEU2cbKc-07:00:00,SYN_106616,85,07:33:59,07:34:14,0
eVKw5V4GKYTFMFEU2cbKc-07:00:00,SYN_106617,86,07:34:19,07:34:34,0
eVKw5V4GKYTFMFEU2cbKc-07:00:00,SYN_106618,87,07:34:40,07:34:55,0
eVKw5V4GKYTFMFEU2cbKc-07:00:00,SYN_106619,88,07:35:01,07:35:16,0
eVKw5V4GKYTFMFEU2cbKc-07:00:00,SYN_106620,89,07:35:21,07:35:36,0
eVKw5V4GKYTFMFEU2cbKc-07:00:00,SYN_106621,90,07:35:42,07:35:57,0
eVKw5V4GKYTFMFEU2cbKc-07:00:00,SYN_106622,91,07:36:03,07:36:18,0
eVKw5V4GKYTFMFEU2cbKc-07:00:00,SYN_106623,92,07:36:23,07:36:38,0
eVKw5V4GKYTFMFEU2cbKc-07:00:00,SYN_106624,93,07:36:44,07:36:59,0
eVKw5V4GKYTFMFEU2cbKc-07:00:00,SYN_106625,94,07:37:05,07:37:20,0
eVKw5V4GKYTFMFEU2cbKc-07:00:00,SYN_106626,95,07:37:25,07:37:40,0
eVKw5V4GKYTFMFEU2cbKc-07:00:00,SYN_106627,96,07:37:46,07:38:01,0
eVKw5V4GKYTFMFEU2cbKc-07:00:00,SYN_106628,97,07:38:06,07:38:21,0
eVKw5V4GKYTFMFEU2cbKc-07:00:00,SYN_106629,98,07:38:27,07:38:42,0
eVKw5V4GKYTFMFEU2cbKc-07:00:00,SYN_106630,99,07:38:48,07:39:03,0
eVKw5V4GKYTFMFEU2cbKc-07:00:00,SYN_106631,100,07:39:09,07:39:24,0
eVKw5V4GKYTFMFEU2cbKc-07:00:00,SYN_106632,101,07:39:30,07:39:45,0
eVKw5V4GKYTFMFEU2cbKc-07:00:00,SYN_106633,102,07:39:51,07:40:06,0
eVKw5V4GKYTFMFEU2cbKc-07:00:00,SYN_106634,103,07:40:12,07:40:27,0
eVKw5V4GKYTFMFEU2cbKc-07:00:00,SYN_106635,104,07:40:33,07:40:48,0
eVKw5V4GKYTFMFEU2cbKc-07:00:00,SYN_106636,105,07:40:55,07:41:10,0
eVKw5V4GKYTFMFEU2cbKc-07:00:00,SYN_106637,106,07:41:16,07:41:31,0
eVKw5V4GKYTFMFEU2cbKc-07:00:00,SYN_106638,107,07:41:37,07:41:52,0
eVKw5V4GKYTFMFEU2cbKc-07:00:00,SYN_106639,108,07:41:58,07:42:13,0
eVKw5V4GKYTFMFEU2cbKc-07:00:00,SYN_106640,109,07:42:19,07:42:34,0
eVKw5V4GKYTFMFEU2cbKc-07:00:00,SYN_106641,110,07:42:39,07:42:54,0
eVKw5V4GKYTFMFEU2cbKc-07:00:00,SYN_106642,111,07:42:59,07:43:14,0
eVKw5V4GKYTFMFEU2cbKc-07:00:00,SYN_106643,112,07:43:20,07:43:35,0
eVKw5V4GKYTFMFEU2cbKc-07:00:00,SYN_106644,113,07:43:40,07:43:55,0
eVKw5V4GKYTFMFEU2cbKc-07:00:00,SYN_106645,114,07:44:00,07:44:15,0
eVKw5V4GKYTFMFEU2cbKc-07:00:00,SYN_106646,115,07:44:21,07:44:36,0
eVKw5V4GKYTFMFEU2cbKc-07:00:00,SYN_106647,116,07:44:41,07:44:56,0
eVKw5V4GKYTFMFEU2cbKc-07:00:00,SYN_106648,117,07:45:01,07:45:16,0
eVKw5V4GKYTFMFEU2cbKc-07:00:00,SYN_106649,118,07:45:22,07:45:37,0
eVKw5V4GKYTFMFEU2cbKc-07:00:00,SYN_106650,119,07:45:42,07:45:57,0
eVKw5V4GKYTFMFEU2cbKc-07:00:00,SYN_106651,120,07:46:02,07:46:17,0
eVKw5V4GKYTFMFEU2cbKc-07:00:00,SYN_106652,121,07:46:23,07:46:38,0
eVKw5V4GKYTFMFEU2cbKc-07:00:00,SYN_106653,122,07:46:43,07:46:58,0
eVKw5V4GKYTFMFEU2cbKc-07:00:00,SYN_106654,123,07:47:04,07:47:19,0
eVKw5V4GKYTFMFEU2cbKc-07:00:00,SYN_106655,124,07:47:24,07:47:39,0
eVKw5V4GKYTFMFEU2cbKc-07:00:00,SYN_106656,125,07:47:46,07:48:01,0
eVKw5V4GKYTFMFEU2cbKc-07:00:00,SYN_106657,126,07:48:08,07:48:23,0
eVKw5V4GKYTFMFEU2cbKc-07:00:00,SYN_106658,127,07:48:30,07:48:45,0
eVKw5V4GKYTFMFEU2cbKc-07:00:00,SYN_106659,128,07:48:53,07:49:08,0
eVKw5V4GKYTFMFEU2cbKc-07:00:00,SYN_106660,129,07:49:15,07:49:30,0
eVKw5V4GKYTFMFEU2cbKc-07:00:00,SYN_106661,130,07:49:37,07:49:52,0
eVKw5V4GKYTFMFEU2cbKc-07:00:00,SYN_106662,131,07:49:59,07:50:14,0
eVKw5V4GKYTFMFEU2cbKc-07:00:00,SYN_106663,132,07:50:21,07:50:36,0
eVKw5V4GKYTFMFEU2cbKc-07:00:00,SYN_106664,133,07:50:43,07:50:58,0
eVKw5V4GKYTFMFEU2cbKc-07:00:00,SYN_106665,134,07:51:05,07:51:20,0
eVKw5V4GKYTFMFEU2cbKc-07:00:00,SYN_106666,135,07:51:27,07:51:42,0
eVKw5V4GKYTFMFEU2cbKc-07:00:00,SYN_106667,136,07:51:49,07:52:04,0
eVKw5V4GKYTFMFEU2cbKc-07:00:00,SYN_106668,137,07:52:11,07:52:26,0
eVKw5V4GKYTFMFEU2cbKc-07:00:00,SYN_106669,138,07:52:33,07:52:48,0
eVKw5V4GKYTFMFEU2cbKc-07:00:00,SYN_106670,139,07:52:55,07:53:10,0
eVKw5V4GKYTFMFEU2cbKc-07:00:00,SYN_106671,140,07:53:17,07:53:32,0
eVKw5V4GKYTFMFEU2cbKc-07:00:00,SYN_106672,141,07:53:39,07:53:54,0
eVKw5V4GKYTFMFEU2cbKc-07:00:00,SYN_106673,142,07:54:01,07:54:16,0
eVKw5V4GKYTFMFEU2cbKc-07:00:00,SYN_106674,143,07:54:23,07:54:38,0
eVKw5V4GKYTFMFEU2cbKc-07:00:00,SYN_106675,144,07:54:45,07:55:00,0
eVKw5V4GKYTFMFEU2cbKc-07:00:00,SYN_106676,145,07:55:07,07:55:22,0
eVKw5V4GKYTFMFEU2cbKc-07:00:00,SYN_106677,146,07:55:29,07:55:44,0
eVKw5V4GKYTFMFEU2cbKc-07:00:00,SYN_106678,147,07:55:52,07:56:07,0
eVKw5V4GKYTFMFEU2cbKc-07:00:00,SYN_106679,148,07:56:17,07:56:32,0
eVKw5V4GKYTFMFEU2cbKc-07:00:00,SYN_106680,149,07:56:41,07:56:56,0
eVKw5V4GKYTFMFEU2cbKc-07:00:00,SYN_106681,150,07:57:06,07:57:21,0
eVKw5V4GKYTFMFEU2cbKc-07:00:00,SYN_106682,151,07:57:30,07:57:45,0
eVKw5V4GKYTFMFEU2cbKc-07:00:00,SYN_106683,152,07:57:53,07:58:08,0
eVKw5V4GKYTFMFEU2cbKc-07:00:00,SYN_106684,153,07:58:16,07:58:31,0
eVKw5V4GKYTFMFEU2cbKc-07:00:00,SYN_106685,154,07:58:40,07:58:55,0
eVKw5V4GKYTFMFEU2cbKc-07:00:00,SYN_106686,155,07:59:03,07:59:18,0
eVKw5V4GKYTFMFEU2cbKc-07:00:00,SYN_106687,156,07:59:26,07:59:41,0
eVKw5V4GKYTFMFEU2cbKc-07:00:00,SYN_106688,157,07:59:49,08:00:04,0
eVKw5V4GKYTFMFEU2cbKc-07:00:00,SYN_106689,158,08:00:10,08:00:25,0
eVKw5V4GKYTFMFEU2cbKc-07:00:00,SYN_106690,159,08:00:31,08:00:46,0
eVKw5V4GKYTFMFEU2cbKc-07:00:00,SYN_106691,160,08:00:51,08:01:06,0
eVKw5V4GKYTFMFEU2cbKc-07:00:00,SYN_106692,161,08:01:12,08:01:27,0
eVKw5V4GKYTFMFEU2cbKc-07:00:00,SYN_106693,162,08:01:32,08:01:47,0
eVKw5V4GKYTFMFEU2cbKc-07:00:00,SYN_106694,163,08:01:48,08:02:03,0
eVKw5V4GKYTFMFEU2cbKc-07:00:00,SYN_106695,164,08:01:55,08:02:10,0
eVKw5V4GKYTFMFEU2cbKc-07:00:00,SYN_106696,165,08:02:02,08:02:17,0
eVKw5V4GKYTFMFEU2cbKc-07:00:00,SYN_106697,166,08:02:09,08:02:24,0
eVKw5V4GKYTFMFEU2cbKc-07:00:00,SYN_106698,167,08:02:16,08:02:31,0
eVKw5V4GKYTFMFEU2cbKc-07:00:00,SYN_106699,168,08:02:23,08:02:38,0
eVKw5V4GKYTFMFEU2cbKc-07:00:00,SYN_106700,169,08:02:30,08:02:45,0
eVKw5V4GKYTFMFEU2cbKc-07:00:00,SYN_106701,170,08:02:37,08:02:52,0
eVKw5V4GKYTFMFEU2cbKc-07:00:00,SYN_106702,171,08:02:44,08:02:59,0
eVKw5V4GKYTFMFEU2cbKc-07:00:00,SYN_106703,172,08:02:52,08:03:07,0
eVKw5V4GKYTFMFEU2cbKc-07:00:00,SYN_106704,173,08:02:59,08:03:14,0
eVKw5V4GKYTFMFEU2cbKc-07:00:00,SYN_106705,174,08:03:06,08:03:21,0
eVKw5V4GKYTFMFEU2cbKc-07:00:00,SYN_106706,175,08:03:13,08:03:28,0
eVKw5V4GKYTFMFEU2cbKc-07:00:00,SYN_106707,176,08:03:20,08:03:35,0
eVKw5V4GKYTFMFEU2cbKc-07:00:00,SYN_106708,177,08:03:27,08:03:42,0
eVKw5V4GKYTFMFEU2cbKc-07:00:00,SYN_106709,178,08:04:12,08:04:27,0
eVKw5V4GKYTFMFEU2cbKc-07:00:00,SYN_106710,179,08:05:36,08:05:51,0
eVKw5V4GKYTFMFEU2cbKc-07:00:00,SYN_106711,180,08:06:59,08:07:14,0
Eij4wvz28UMMCWx_xBgPt-07:00:00,SYN_106533,0,07:58:14,07:58:29,0
Eij4wvz28UMMCWx_xBgPt-07:00:00,SYN_106534,1,07:57:54,07:58:09,0
Eij4wvz28UMMCWx_xBgPt-07:00:00,SYN_106535,2,07:57:35,07:57:50,0
Eij4wvz28UMMCWx_xBgPt-07:00:00,SYN_106536,3,07:57:15,07:57:30,0
Eij4wvz28UMMCWx_xBgPt-07:00:00,SYN_106537,4,07:56:56,07:57:11,0
Eij4wvz28UMMCWx_xBgPt-07:00:00,SYN_106538,5,07:56:36,07:56:51,0
Eij4wvz28UMMCWx_xBgPt-07:00:00,SYN_106539,6,07:56:17,07:56:32,0
Eij4wvz28UMMCWx_xBgPt-07:00:00,SYN_106540,7,07:55:57,07:56:12,0
Eij4wvz28UMMCWx_xBgPt-07:00:00,SYN_106541,8,07:55:37,07:55:52,0
Eij4wvz28UMMCWx_xBgPt-07:00:00,SYN_106542,9,07:55:18,07:55:33,0
Eij4wvz28UMMCWx_xBgPt-07:00:00,SYN_106543,10,07:54:58,07:55:13,0
Eij4wvz28UMMCWx_xBgPt-07:00:00,SYN_106544,11,07:54:39,07:54:54,0
Eij4wvz28UMMCWx_xBgPt-07:00:00,SYN_106545,12,07:54:19,07:54:34,0
Eij4wvz28UMMCWx_xBgPt-07:00:00,SYN_106546,13,07:54:00,07:54:15,0
Eij4wvz28UMMCWx_xBgPt-07:00:00,SYN_106547,14,07:53:40,07:53:55,0
Eij4wvz28UMMCWx_xBgPt-07:00:00,SYN_106548,15,07:53:21,07:53:36,0
Eij4wvz28UMMCWx_xBgPt-07:00:00,SYN_106549,16,07:53:01,07:53:16,0
Eij4wvz28UMMCWx_xBgPt-07:00:00,SYN_106550,17,07:52:42,07:52:57,0
Eij4wvz28UMMCWx_xBgPt-07:00:00,SYN_106551,18,07:52:22,07:52:37,0
Eij4wvz28UMMCWx_xBgPt-07:00:00,SYN_106552,19,07:52:02,07:52:17,0
Eij4wvz28UMMCWx_xBgPt-07:00:00,SYN_106553,20,07:51:43,07:51:58,0
Eij4wvz28UMMCWx_xBgPt-07:00:00,SYN_106554,21,07:51:23,07:51:38,0
Eij4wvz28UMMCWx_xBgPt-07:00:00,SYN_106555,22,07:51:04,07:51:19,0
Eij4wvz28UMMCWx_xBgPt-07:00:00,SYN_106556,23,07:50:44,07:50:59,0
Eij4wvz28UMMCWx_xBgPt-07:00:00,SYN_106557,24,07:50:25,07:50:40,0
Eij4wvz28UMMCWx_xBgPt-07:00:00,SYN_106558,25,07:50:05,07:50:20,0
Eij4wvz28UMMCWx_xBgPt-07:00:00,SYN_106559,26,07:49:46,07:50:01,0
Eij4wvz28UMMCWx_xBgPt-07:00:00,SYN_106560,27,07:49:26,07:49:41,0
Eij4wvz28UMMCWx_xBgPt-07:00:00,SYN_106561,28,07:49:07,07:49:22,0
Eij4wvz28UMMCWx_xBgPt-07:00:00,SYN_106562,29,07:48:47,07:49:02,0
Eij4wvz28UMMCWx_xBgPt-07:00:00,SYN_106563,30,07:48:28,07:48:43,0
Eij4wvz28UMMCWx_xBgPt-07:00:00,SYN_106564,31,07:48:08,07:48:23,0
Eij4wvz28UMMCWx_xBgPt-07:00:00,SYN_106565,32,07:47:48,07:48:03,0
Eij4wvz28UMMCWx_xBgPt-07:00:00,SYN_106566,33,07:47:29,07:47:44,0
Eij4wvz28UMMCWx_xBgPt-07:00:00,SYN_106567,34,07:47:09,07:47:24,0
Eij4wvz28UMMCWx_xBgPt-07:00:00,SYN_106568,35,07:46:50,07:47:05,0
Eij4wvz28UMMCWx_xBgPt-07:00:00,SYN_106569,36,07:46:30,07:46:45,0
Eij4wvz28UMMCWx_xBgPt-07:00:00,SYN_106570,37,07:46:11,07:46:26,0
Eij4wvz28UMMCWx_xBgPt-07:00:00,SYN_106571,38,07:45:51,07:46:06,0
Eij4wvz28UMMCWx_xBgPt-07:00:00,SYN_106572,39,07:45:32,07:45:47,0
Eij4wvz28UMMCWx_xBgPt-07:00:00,SYN_106573,40,07:45:12,07:45:27,0
Eij4wvz28UMMCWx_xBgPt-07:00:00,SYN_106574,41,07:44:53,07:45:08,0
Eij4wvz28UMMCWx_xBgPt-07:00:00,SYN_106575,42,07:44:33,07:44:48,0
Eij4wvz28UMMCWx_xBgPt-07:00:00,SYN_106576,43,07:44:14,07:44:29,0
Eij4wvz28UMMCWx_xBgPt-07:00:00,SYN_106577,44,07:43:54,07:44:09,0
Eij4wvz28UMMCWx_xBgPt-07:00:00,SYN_106578,45,07:43:34,07:43:49,0
Eij4wvz28UMMCWx_xBgPt-07:00:00,SYN_106579,46,07:43:15,07:43:30,0
Eij4wvz28UMMCWx_xBgPt-07:00:00,SYN_106580,47,07:42:55,07:43:10,0
Eij4wvz28UMMCWx_xBgPt-07:00:00,SYN_106581,48,07:42:36,07:42:51,0
Eij4wvz28UMMCWx_xBgPt-07:00:00,SYN_106582,49,07:42:16,07:42:31,0
Eij4wvz28UMMCWx_xBgPt-07:00:00,SYN_106583,50,07:41:57,07:42:12,0
Eij4wvz28UMMCWx_xBgPt-07:00:00,SYN_106584,51,07:41:37,07:41:52,0
Eij4wvz28UMMCWx_xBgPt-07:00:00,SYN_106585,52,07:41:18,07:41:33,0
Eij4wvz28UMMCWx_xBgPt-07:00:00,SYN_106586,53,07:40:58,07:41:13,0
Eij4wvz28UMMCWx_xBgPt-07:00:00,SYN_106587,54,07:40:39,07:40:54,0
Eij4wvz28UMMCWx_xBgPt-07:00:00,SYN_106588,55,07:40:19,07:40:34,0
Eij4wvz28UMMCWx_xBgPt-07:00:00,SYN_106589,56,07:40:00,07:40:15,0
Eij4wvz28UMMCWx_xBgPt-07:00:00,SYN_106590,57,07:39:40,07:39:55,0
Eij4wvz28UMMCWx_xBgPt-07:00:00,SYN_106591,58,07:39:20,07:39:35,0
Eij4wvz28UMMCWx_xBgPt-07:00:00,SYN_106592,59,07:39:01,07:39:16,0
Eij4wvz28UMMCWx_xBgPt-07:00:00,SYN_106593,60,07:38:41,07:38:56,0
Eij4wvz28UMMCWx_xBgPt-07:00:00,SYN_106594,61,07:38:22,07:38:37,0
Eij4wvz28UMMCWx_xBgPt-07:00:00,SYN_106595,62,07:38:02,07:38:17,0
Eij4wvz28UMMCWx_xBgPt-07:00:00,SYN_106596,63,07:37:43,07:37:58,0
Eij4wvz28UMMCWx_xBgPt-07:00:00,SYN_106597,64,07:37:23,07:37:38,0
Eij4wvz28UMMCWx_xBgPt-07:00:00,SYN_106598,65,07:37:04,07:37:19,0
Eij4wvz28UMMCWx_xBgPt-07:00:00,SYN_106599,66,07:36:44,07:36:59,0
Eij4wvz28UMMCWx_xBgPt-07:00:00,SYN_106600,67,07:36:25,07:36:40,0
Eij4wvz28UMMCWx_xBgPt-07:00:00,SYN_106601,68,07:36:05,07:36:20,0
Eij4wvz28UMMCWx_xBgPt-07:00:00,SYN_106602,69,07:35:45,07:36:00,0
Eij4wvz28UMMCWx_xBgPt-07:00:00,SYN_106603,70,07:35:26,07:35:41,0
Eij4wvz28UMMCWx_xBgPt-07:00:00,SYN_106604,71,07:35:06,07:35:21,0
Eij4wvz28UMMCWx_xBgPt-07:00:00,SYN_106605,72,07:34:47,07:35:02,0
Eij4wvz28UMMCWx_xBgPt-07:00:00,SYN_106606,73,07:34:27,07:34:42,0
Eij4wvz28UMMCWx_xBgPt-07:00:00,SYN_106607,74,07:34:08,07:34:23,0
Eij4wvz28UMMCWx_xBgPt-07:00:00,SYN_106608,75,07:33:48,07:34:03,0
Eij4wvz28UMMCWx_xBgPt-07:00:00,SYN_106609,76,07:33:29,07:33:44,0
Eij4wvz28UMMCWx_xBgPt-07:00:00,SYN_106610,77,07:33:09,07:33:24,0
Eij4wvz28UMMCWx_xBgPt-07:00:00,SYN_106611,78,07:32:50,07:33:05,0
Eij4wvz28UMMCWx_xBgPt-07:00:00,SYN_106612,79,07:32:30,07:32:45,0
Eij4wvz28UMMCWx_xBgPt-07:00:00,SYN_106613,80,07:32:11,07:32:26,0
Eij4wvz28UMMCWx_xBgPt-07:00:00,SYN_106614,81,07:31:51,07:32:06,0
Eij4wvz28UMMCWx_xBgPt-07:00:00,SYN_106615,82,07:31:31,07:31:46,0
Eij4wvz28UMMCWx_xBgPt-07:00:00,SYN_106616,83,07:31:12,07:31:27,0
Eij4wvz28UMMCWx_xBgPt-07:00:00,SYN_106617,84,07:30:52,07:31:07,0
Eij4wvz28UMMCWx_xBgPt-07:00:00,SYN_106618,85,07:30:33,07:30:48,0
Eij4wvz28UMMCWx_xBgPt-07:00:00,SYN_106619,86,07:30:13,07:30:28,0
Eij4wvz28UMMCWx_xBgPt-07:00:00,SYN_106620,87,07:29:54,07:30:09,0
Eij4wvz28UMMCWx_xBgPt-07:00:00,SYN_106621,88,07:29:34,07:29:49,0
Eij4wvz28UMMCWx_xBgPt-07:00:00,SYN_106622,89,07:29:15,07:29:30,0
Eij4wvz28UMMCWx_xBgPt-07:00:00,SYN_106623,90,07:28:55,07:29:10,0
Eij4wvz28UMMCWx_xBgPt-07:00:00,SYN_106624,91,07:28:36,07:28:51,0
Eij4wvz28UMMCWx_xBgPt-07:00:00,SYN_106625,92,07:28:16,07:28:31,0
Eij4wvz28UMMCWx_xBgPt-07:00:00,SYN_106626,93,07:27:57,07:28:12,0
Eij4wvz28UMMCWx_xBgPt-07:00:00,SYN_106627,94,07:27:37,07:27:52,0
Eij4wvz28UMMCWx_xBgPt-07:00:00,SYN_106628,95,07:27:17,07:27:32,0
Eij4wvz28UMMCWx_xBgPt-07:00:00,SYN_106629,96,07:26:58,07:27:13,0
Eij4wvz28UMMCWx_xBgPt-07:00:00,SYN_106630,97,07:26:38,07:26:53,0
Eij4wvz28UMMCWx_xBgPt-07:00:00,SYN_106631,98,07:26:19,07:26:34,0
Eij4wvz28UMMCWx_xBgPt-07:00:00,SYN_106632,99,07:25:59,07:26:14,0
Eij4wvz28UMMCWx_xBgPt-07:00:00,SYN_106633,100,07:25:40,07:25:55,0
Eij4wvz28UMMCWx_xBgPt-07:00:00,SYN_106634,101,07:25:20,07:25:35,0
Eij4wvz28UMMCWx_xBgPt-07:00:00,SYN_106635,102,07:25:01,07:25:16,0
Eij4wvz28UMMCWx_xBgPt-07:00:00,SYN_106636,103,07:24:41,07:24:56,0
Eij4wvz28UMMCWx_xBgPt-07:00:00,SYN_106637,104,07:24:22,07:24:37,0
Eij4wvz28UMMCWx_xBgPt-07:00:00,SYN_106638,105,07:24:02,07:24:17,0
Eij4wvz28UMMCWx_xBgPt-07:00:00,SYN_106639,106,07:23:43,07:23:58,0
Eij4wvz28UMMCWx_xBgPt-07:00:00,SYN_106640,107,07:23:23,07:23:38,0
Eij4wvz28UMMCWx_xBgPt-07:00:00,SYN_106641,108,07:23:03,07:23:18,0
Eij4wvz28UMMCWx_xBgPt-07:00:00,SYN_106642,109,07:22:44,07:22:59,0
Eij4wvz28UMMCWx_xBgPt-07:00:00,SYN_106643,110,07:22:24,07:22:39,0
Eij4wvz28UMMCWx_xBgPt-07:00:00,SYN_106644,111,07:22:05,07:22:20,0
Eij4wvz28UMMCWx_xBgPt-07:00:00,SYN_106645,112,07:21:45,07:22:00,0
Eij4wvz28UMMCWx_xBgPt-07:00:00,SYN_106646,113,07:21:26,07:21:41,0
Eij4wvz28UMMCWx_xBgPt-07:00:00,SYN_106647,114,07:21:06,07:21:21,0
Eij4wvz28UMMCWx_xBgPt-07:00:00,SYN_106648,115,07:20:47,07:21:02,0
Eij4wvz28UMMCWx_xBgPt-07:00:00,SYN_106649,116,07:20:27,07:20:42,0
Eij4wvz28UMMCWx_xBgPt-07:00:00,SYN_106650,117,07:20:08,07:20:23,0
Eij4wvz28UMMCWx_xBgPt-07:00:00,SYN_106651,118,07:19:48,07:20:03,0
Eij4wvz28UMMCWx_xBgPt-07:00:00,SYN_106652,119,07:19:28,07:19:43,0
Eij4wvz28UMMCWx_xBgPt-07:00:00,SYN_106653,120,07:19:09,07:19:24,0
Eij4wvz28UMMCWx_xBgPt-07:00:00,SYN_106654,121,07:18:49,07:19:04,0
Eij4wvz28UMMCWx_xBgPt-07:00:00,SYN_106655,122,07:18:30,07:18:45,0
Eij4wvz28UMMCWx_xBgPt-07:00:00,SYN_106656,123,07:18:10,07:18:25,0
Eij4wvz28UMMCWx_xBgPt-07:00:00,SYN_106657,124,07:17:51,07:18:06,0
Eij4wvz28UMMCWx_xBgPt-07:00:00,SYN_106658,125,07:17:31,07:17:46,0
Eij4wvz28UMMCWx_xBgPt-07:00:00,SYN_106659,126,07:17:12,07:17:27,0
Eij4wvz28UMMCWx_xBgPt-07:00:00,SYN_106660,127,07:16:52,07:17:07,0
Eij4wvz28UMMCWx_xBgPt-07:00:00,SYN_106661,128,07:16:33,07:16:48,0
Eij4wvz28UMMCWx_xBgPt-07:00:00,SYN_106662,129,07:16:13,07:16:28,0
Eij4wvz28UMMCWx_xBgPt-07:00:00,SYN_106663,130,07:15:54,07:16:09,0
Eij4wvz28UMMCWx_xBgPt-07:00:00,SYN_106664,131,07:15:34,07:15:49,0
Eij4wvz28UMMCWx_xBgPt-07:00:00,SYN_106665,132,07:15:14,07:15:29,0
Eij4wvz28UMMCWx_xBgPt-07:00:00,SYN_106666,133,07:14:55,07:15:10,0
Eij4wvz28UMMCWx_xBgPt-07:00:00,SYN_106667,134,07:14:35,07:14:50,0
Eij4wvz28UMMCWx_xBgPt-07:00:00,SYN_106668,135,07:14:16,07:14:31,0
Eij4wvz28UMMCWx_xBgPt-07:00:00,SYN_106669,136,07:13:56,07:14:11,0
Eij4wvz28UMMCWx_xBgPt-07:00:00,SYN_106670,137,07:13:37,07:13:52,0
Eij4wvz28UMMCWx_xBgPt-07:00:00,SYN_106671,138,07:13:17,07:13:32,0
Eij4wvz28UMMCWx_xBgPt-07:00:00,SYN_106672,139,07:12:58,07:13:13,0
Eij4wvz28UMMCWx_xBgPt-07:00:00,SYN_106673,140,07:12:38,07:12:53,0
Eij4wvz28UMMCWx_xBgPt-07:00:00,SYN_106674,141,07:12:19,07:12:34,0
Eij4wvz28UMMCWx_xBgPt-07:00:00,SYN_106675,142,07:11:59,07:12:14,0
Eij4wvz28UMMCWx_xBgPt-07:00:00,SYN_106676,143,07:11:40,07:11:55,0
Eij4wvz28UMMCWx_xBgPt-07:00:00,SYN_106677,144,07:11:20,07:11:35,0
Eij4wvz28UMMCWx_xBgPt-07:00:00,SYN_106678,145,07:11:00,07:11:15,0
Eij4wvz28UMMCWx_xBgPt-07:00:00,SYN_106679,146,07:10:41,07:10:56,0
Eij4wvz28UMMCWx_xBgPt-07:00:00,SYN_106680,147,07:10:21,07:10:36,0
Eij4wvz28UMMCWx_xBgPt-07:00:00,SYN_106681,148,07:10:02,07:10:17,0
Eij4wvz28UMMCWx_xBgPt-07:00:00,SYN_106682,149,07:09:42,07:09:57,0
Eij4wvz28UMMCWx_xBgPt-07:00:00,SYN_106683,150,07:09:23,07:09:38,0
Eij4wvz28UMMCWx_xBgPt-07:00:00,SYN_106684,151,07:09:03,07:09:18,0
Eij4wvz28UMMCWx_xBgPt-07:00:00,SYN_106685,152,07:08:44,07:08:59,0
Eij4wvz28UMMCWx_xBgPt-07:00:00,SYN_106686,153,07:08:24,07:08:39,0
Eij4wvz28UMMCWx_xBgPt-07:00:00,SYN_106687,154,07:08:05,07:08:20,0
Eij4wvz28UMMCWx_xBgPt-07:00:00,SYN_106688,155,07:07:45,07:08:00,0
Eij4wvz28UMMCWx_xBgPt-07:00:00,SYN_106689,156,07:07:26,07:07:41,0
Eij4wvz28UMMCWx_xBgPt-07:00:00,SYN_106690,157,07:07:06,07:07:21,0
Eij4wvz28UMMCWx_xBgPt-07:00:00,SYN_106691,158,07:06:46,07:07:01,0
Eij4wvz28UMMCWx_xBgPt-07:00:00,SYN_106692,159,07:06:27,07:06:42,0
Eij4wvz28UMMCWx_xBgPt-07:00:00,SYN_106693,160,07:06:07,07:06:22,0
Eij4wvz28UMMCWx_xBgPt-07:00:00,SYN_106694,161,07:05:48,07:06:03,0
Eij4wvz28UMMCWx_xBgPt-07:00:00,SYN_106695,162,07:05:28,07:05:43,0
Eij4wvz28UMMCWx_xBgPt-07:00:00,SYN_106696,163,07:05:09,07:05:24,0
Eij4wvz28UMMCWx_xBgPt-07:00:00,SYN_106697,164,07:04:49,07:05:04,0
Eij4wvz28UMMCWx_xBgPt-07:00:00,SYN_106698,165,07:04:30,07:04:45,0
Eij4wvz28UMMCWx_xBgPt-07:00:00,SYN_106699,166,07:04:10,07:04:25,0
Eij4wvz28UMMCWx_xBgPt-07:00:00,SYN_106700,167,07:03:51,07:04:06,0
Eij4wvz28UMMCWx_xBgPt-07:00:00,SYN_106701,168,07:03:31,07:03:46,0
Eij4wvz28UMMCWx_xBgPt-07:00:00,SYN_106702,169,07:03:11,07:03:26,0
Eij4wvz28UMMCWx_xBgPt-07:00:00,SYN_106703,170,07:02:52,07:03:07,0
Eij4wvz28UMMCWx_xBgPt-07:00:00,SYN_106704,171,07:02:32,07:02:47,0
Eij4wvz28UMMCWx_xBgPt-07:00:00,SYN_106705,172,07:02:13,07:02:28,0
Eij4wvz28UMMCWx_xBgPt-07:00:00,SYN_106706,173,07:01:53,07:02:08,0
Eij4wvz28UMMCWx_xBgPt-07:00:00,SYN_106707,174,07:01:34,07:01:49,0
Eij4wvz28UMMCWx_xBgPt-07:00:00,SYN_106708,175,07:01:14,07:01:29,0
Eij4wvz28UMMCWx_xBgPt-07:00:00,SYN_106709,176,07:00:55,07:01:10,0
Eij4wvz28UMMCWx_xBgPt-07:00:00,SYN_106710,177,07:00:35,07:00:50,0
Eij4wvz28UMMCWx_xBgPt-07:00:00,SYN_106711,178,07:00:16,07:00:31,0
p2LolNMw2UzYkCDS09TaM-07:00:00,SYN_106718,0,07:00:12,07:00:27,0
p2LolNMw2UzYkCDS09TaM-07:00:00,SYN_106719,1,07:00:38,07:00:53,0
p2LolNMw2UzYkCDS09TaM-07:00:00,SYN_106720,2,07:01:03,07:01:18,0
p2LolNMw2UzYkCDS09TaM-07:00:00,SYN_106721,3,07:01:29,07:01:44,0
p2LolNMw2UzYkCDS09TaM-07:00:00,SYN_106722,4,07:01:55,07:02:10,0
p2LolNMw2UzYkCDS09TaM-07:00:00,SYN_106723,5,07:02:21,07:02:36,0
p2LolNMw2UzYkCDS09TaM-07:00:00,SYN_106724,6,07:02:47,07:03:02,0
p2LolNMw2UzYkCDS09TaM-07:00:00,SYN_106725,7,07:03:14,07:03:29,0
p2LolNMw2UzYkCDS09TaM-07:00:00,SYN_106726,8,07:03:40,07:03:55,0
p2LolNMw2UzYkCDS09TaM-07:00:00,SYN_106727,9,07:04:05,07:04:20,0
p2LolNMw2UzYkCDS09TaM-07:00:00,SYN_106728,10,07:04:30,07:04:45,0
p2LolNMw2UzYkCDS09TaM-07:00:00,SYN_106729,11,07:04:54,07:05:09,0
p2LolNMw2UzYkCDS09TaM-07:00:00,SYN_106730,12,07:05:19,07:05:34,0
p2LolNMw2UzYkCDS09TaM-07:00:00,SYN_106731,13,07:05:44,07:05:59,0
p2LolNMw2UzYkCDS09TaM-07:00:00,SYN_106732,14,07:06:09,07:06:24,0
p2LolNMw2UzYkCDS09TaM-07:00:00,SYN_106733,15,07:06:32,07:06:47,0
p2LolNMw2UzYkCDS09TaM-07:00:00,SYN_106734,16,07:06:54,07:07:09,0
p2LolNMw2UzYkCDS09TaM-07:00:00,SYN_106735,17,07:07:15,07:07:30,0
p2LolNMw2UzYkCDS09TaM-07:00:00,SYN_106736,18,07:07:37,07:07:52,0
p2LolNMw2UzYkCDS09TaM-07:00:00,SYN_106737,19,07:07:58,07:08:13,0
p2LolNMw2UzYkCDS09TaM-07:00:00,SYN_106738,20,07:08:18,07:08:33,0
p2LolNMw2UzYkCDS09TaM-07:00:00,SYN_106739,21,07:08:38,07:08:53,0
p2LolNMw2UzYkCDS09TaM-07:00:00,SYN_106740,22,07:08:58,07:09:13,0
p2LolNMw2UzYkCDS09TaM-07:00:00,SYN_106741,23,07:09:18,07:09:33,0
p2LolNMw2UzYkCDS09TaM-07:00:00,SYN_106742,24,07:09:39,07:09:54,0
p2LolNMw2UzYkCDS09TaM-07:00:00,SYN_106743,25,07:09:59,07:10:14,0
p2LolNMw2UzYkCDS09TaM-07:00:00,SYN_106744,26,07:10:19,07:10:34,0
p2LolNMw2UzYkCDS09TaM-07:00:00,SYN_106745,27,07:10:39,07:10:54,0
p2LolNMw2UzYkCDS09TaM-07:00:00,SYN_106746,28,07:10:59,07:11:14,0
p2LolNMw2UzYkCDS09TaM-07:00:00,SYN_106747,29,07:11:19,07:11:34,0
p2LolNMw2UzYkCDS09TaM-07:00:00,SYN_106748,30,07:11:39,07:11:54,0
p2LolNMw2UzYkCDS09TaM-07:00:00,SYN_106749,31,07:11:59,07:12:14,0
p2LolNMw2UzYkCDS09TaM-07:00:00,SYN_106750,32,07:12:19,07:12:34,0
p2LolNMw2UzYkCDS09TaM-07:00:00,SYN_106751,33,07:12:40,07:12:55,0
p2LolNMw2UzYkCDS09TaM-07:00:00,SYN_106752,34,07:13:00,07:13:15,0
p2LolNMw2UzYkCDS09TaM-07:00:00,SYN_106753,35,07:13:20,07:13:35,0
p2LolNMw2UzYkCDS09TaM-07:00:00,SYN_106754,36,07:13:40,07:13:55,0
p2LolNMw2UzYkCDS09TaM-07:00:00,SYN_106755,37,07:14:00,07:14:15,0
p2LolNMw2UzYkCDS09TaM-07:00:00,SYN_106756,38,07:14:21,07:14:36,0
p2LolNMw2UzYkCDS09TaM-07:00:00,SYN_106757,39,07:14:41,07:14:56,0
p2LolNMw2UzYkCDS09TaM-07:00:00,SYN_106758,40,07:15:01,07:15:16,0
p2LolNMw2UzYkCDS09TaM-07:00:00,SYN_106759,41,07:15:21,07:15:36,0
p2LolNMw2UzYkCDS09TaM-07:00:00,SYN_106760,42,07:15:41,07:15:56,0
p2LolNMw2UzYkCDS09TaM-07:00:00,SYN_106761,43,07:16:01,07:16:16,0
p2LolNMw2UzYkCDS09TaM-07:00:00,SYN_106762,44,07:16:22,07:16:37,0
p2LolNMw2UzYkCDS09TaM-07:00:00,SYN_106763,45,07:16:42,07:16:57,0
p2LolNMw2UzYkCDS09TaM-07:00:00,SYN_106764,46,07:17:02,07:17:17,0
p2LolNMw2UzYkCDS09TaM-07:00:00,SYN_106765,47,07:17:22,07:17:37,0
p2LolNMw2UzYkCDS09TaM-07:00:00,SYN_106766,48,07:18:00,07:18:15,0
p2LolNMw2UzYkCDS09TaM-07:00:00,SYN_106767,49,07:18:34,07:18:49,0
p2LolNMw2UzYkCDS09TaM-07:00:00,SYN_106768,50,07:18:59,07:19:14,0
p2LolNMw2UzYkCDS09TaM-07:00:00,SYN_106769,51,07:19:23,07:19:38,0
p2LolNMw2UzYkCDS09TaM-07:00:00,SYN_106770,52,07:19:47,07:20:02,0
p2LolNMw2UzYkCDS09TaM-07:00:00,SYN_106771,53,07:20:12,07:20:27,0
p2LolNMw2UzYkCDS09TaM-07:00:00,SYN_106772,54,07:20:35,07:20:50,0
p2LolNMw2UzYkCDS09TaM-07:00:00,SYN_106773,55,07:20:58,07:21:13,0
p2LolNMw2UzYkCDS09TaM-07:00:00,SYN_106774,56,07:21:21,07:21:36,0
p2LolNMw2UzYkCDS09TaM-07:00:00,SYN_106775,57,07:21:44,07:21:59,0
p2LolNMw2UzYkCDS09TaM-07:00:00,SYN_106776,58,07:22:07,07:22:22,0
p2LolNMw2UzYkCDS09TaM-07:00:00,SYN_106777,59,07:22:29,07:22:44,0
p2LolNMw2UzYkCDS09TaM-07:00:00,SYN_106778,60,07:22:51,07:23:06,0
p2LolNMw2UzYkCDS09TaM-07:00:00,SYN_106779,61,07:23:13,07:23:28,0
p2LolNMw2UzYkCDS09TaM-07:00:00,SYN_106780,62,07:23:35,07:23:50,0
p2LolNMw2UzYkCDS09TaM-07:00:00,SYN_106781,63,07:23:57,07:24:12,0
p2LolNMw2UzYkCDS09TaM-07:00:00,SYN_106782,64,07:24:19,07:24:34,0
p2LolNMw2UzYkCDS09TaM-07:00:00,SYN_106783,65,07:24:41,07:24:56,0
p2LolNMw2UzYkCDS09TaM-07:00:00,SYN_106784,66,07:25:02,07:25:17,0
p2LolNMw2UzYkCDS09TaM-07:00:00,SYN_106785,67,07:25:23,07:25:38,0
p2LolNMw2UzYkCDS09TaM-07:00:00,SYN_106786,68,07:25:43,07:25:58,0
p2LolNMw2UzYkCDS09TaM-07:00:00,SYN_106787,69,07:26:04,07:26:19,0
p2LolNMw2UzYkCDS09TaM-07:00:00,SYN_106788,70,07:26:25,07:26:40,0
p2LolNMw2UzYkCDS09TaM-07:00:00,SYN_106789,71,07:26:45,07:27:00,0
p2LolNMw2UzYkCDS09TaM-07:00:00,SYN_106790,72,07:27:06,07:27:21,0
p2LolNMw2UzYkCDS09TaM-07:00:00,SYN_106791,73,07:27:27,07:27:42,0
p2LolNMw2UzYkCDS09TaM-07:00:00,SYN_106792,74,07:27:47,07:28:02,0
p2LolNMw2UzYkCDS09TaM-07:00:00,SYN_106793,75,07:28:08,07:28:23,0
p2LolNMw2UzYkCDS09TaM-07:00:00,SYN_106794,76,07:28:29,07:28:44,0
p2LolNMw2UzYkCDS09TaM-07:00:00,SYN_106795,77,07:28:49,07:29:04,0
eI4I1CFyBUEYtwzc_6nqC-07:00:00,SYN_106805,0,07:00:06,07:00:21,0
eI4I1CFyBUEYtwzc_6nqC-07:00:00,SYN_106806,1,07:00:28,07:00:43,0
eI4I1CFyBUEYtwzc_6nqC-07:00:00,SYN_106807,2,07:00:50,07:01:05,0
eI4I1CFyBUEYtwzc_6nqC-07:00:00,SYN_106808,3,07:01:11,07:01:26,0
eI4I1CFyBUEYtwzc_6nqC-07:00:00,SYN_106809,4,07:01:33,07:01:48,0
eI4I1CFyBUEYtwzc_6nqC-07:00:00,SYN_106810,5,07:01:55,07:02:10,0
eI4I1CFyBUEYtwzc_6nqC-07:00:00,SYN_106811,6,07:02:17,07:02:32,0
eI4I1CFyBUEYtwzc_6nqC-07:00:00,SYN_106812,7,07:02:39,07:02:54,0
eI4I1CFyBUEYtwzc_6nqC-07:00:00,SYN_106813,8,07:03:01,07:03:16,0
eI4I1CFyBUEYtwzc_6nqC-07:00:00,SYN_106814,9,07:03:23,07:03:38,0
eI4I1CFyBUEYtwzc_6nqC-07:00:00,SYN_106815,10,07:03:45,07:04:00,0
eI4I1CFyBUEYtwzc_6nqC-07:00:00,SYN_106816,11,07:04:07,07:04:22,0
eI4I1CFyBUEYtwzc_6nqC-07:00:00,SYN_106817,12,07:04:29,07:04:44,0
Q_48FGPRTjaYgRz2H28V3-07:00:00,SYN_106798,0,07:02:13,07:02:28,0
Q_48FGPRTjaYgRz2H28V3-07:00:00,SYN_106799,1,07:01:53,07:02:08,0
Q_48FGPRTjaYgRz2H28V3-07:00:00,SYN_106800,2,07:01:33,07:01:48,0
Q_48FGPRTjaYgRz2H28V3-07:00:00,SYN_106801,3,07:01:13,07:01:28,0
Q_48FGPRTjaYgRz2H28V3-07:00:00,SYN_106802,4,07:00:53,07:01:08,0
Q_48FGPRTjaYgRz2H28V3-07:00:00,SYN_106803,5,07:00:34,07:00:49,0
Q_48FGPRTjaYgRz2H28V3-07:00:00,SYN_106804,6,07:00:14,07:00:29,0
vcRbpsi4jjFjRKF41t1UT-07:00:00,SYN_106829,0,07:00:06,07:00:21,0
vcRbpsi4jjFjRKF41t1UT-07:00:00,SYN_106830,1,07:00:27,07:00:42,0
vcRbpsi4jjFjRKF41t1UT-07:00:00,SYN_106831,2,07:00:49,07:01:04,0
vcRbpsi4jjFjRKF41t1UT-07:00:00,SYN_106832,3,07:01:10,07:01:25,0
vcRbpsi4jjFjRKF41t1UT-07:00:00,SYN_106833,4,07:01:31,07:01:46,0
vcRbpsi4jjFjRKF41t1UT-07:00:00,SYN_106834,5,07:01:53,07:02:08,0
vcRbpsi4jjFjRKF41t1UT-07:00:00,SYN_106835,6,07:02:14,07:02:29,0
vcRbpsi4jjFjRKF41t1UT-07:00:00,SYN_106836,7,07:02:35,07:02:50,0
vcRbpsi4jjFjRKF41t1UT-07:00:00,SYN_106837,8,07:02:57,07:03:12,0
vcRbpsi4jjFjRKF41t1UT-07:00:00,SYN_106838,9,07:03:18,07:03:33,0
vcRbpsi4jjFjRKF41t1UT-07:00:00,SYN_106839,10,07:03:39,07:03:54,0
vcRbpsi4jjFjRKF41t1UT-07:00:00,SYN_106840,11,07:04:01,07:04:16,0
vcRbpsi4jjFjRKF41t1UT-07:00:00,SYN_106841,12,07:04:22,07:04:37,0
vcRbpsi4jjFjRKF41t1UT-07:00:00,SYN_106842,13,07:04:44,07:04:59,0
vcRbpsi4jjFjRKF41t1UT-07:00:00,SYN_106843,14,07:05:05,07:05:20,0
vcRbpsi4jjFjRKF41t1UT-07:00:00,SYN_106844,15,07:05:26,07:05:41,0
vcRbpsi4jjFjRKF41t1UT-07:00:00,SYN_106845,16,07:05:48,07:06:03,0
vcRbpsi4jjFjRKF41t1UT-07:00:00,SYN_106846,17,07:06:09,07:06:24,0
w6teBIa3rLtCothzEDZKi-07:00:00,SYN_106822,0,07:02:41,07:02:56,0
w6teBIa3rLtCothzEDZKi-07:00:00,SYN_106823,1,07:02:17,07:02:32,0
w6teBIa3rLtCothzEDZKi-07:00:00,SYN_106824,2,07:01:53,07:02:08,0
w6teBIa3rLtCothzEDZKi-07:00:00,SYN_106825,3,07:01:29,07:01:44,0
w6teBIa3rLtCothzEDZKi-07:00:00,SYN_106826,4,07:01:05,07:01:20,0
w6teBIa3rLtCothzEDZKi-07:00:00,SYN_106827,5,07:00:41,07:00:56,0
w6teBIa3rLtCothzEDZKi-07:00:00,SYN_106828,6,07:00:17,07:00:32,0
iGgUl6NwJYqGWhVkUHdiu-07:00:00,SYN_106849,0,07:00:14,07:00:29,0
iGgUl6NwJYqGWhVkUHdiu-07:00:00,SYN_106850,1,07:00:49,07:01:04,0
iGgUl6NwJYqGWhVkUHdiu-07:00:00,SYN_106851,2,07:01:25,07:01:40,0
iGgUl6NwJYqGWhVkUHdiu-07:00:00,SYN_106852,3,07:01:51,07:02:06,0
iGgUl6NwJYqGWhVkUHdiu-07:00:00,SYN_106853,4,07:02:14,07:02:29,0
iGgUl6NwJYqGWhVkUHdiu-07:00:00,SYN_106854,5,07:02:36,07:02:51,0
iGgUl6NwJYqGWhVkUHdiu-07:00:00,SYN_106855,6,07:02:58,07:03:13,0
iGgUl6NwJYqGWhVkUHdiu-07:00:00,SYN_106856,7,07:03:17,07:03:32,0
iGgUl6NwJYqGWhVkUHdiu-07:00:00,SYN_106857,8,07:03:34,07:03:49,0
iGgUl6NwJYqGWhVkUHdiu-07:00:00,SYN_106858,9,07:03:51,07:04:06,0
iGgUl6NwJYqGWhVkUHdiu-07:00:00,SYN_106859,10,07:04:07,07:04:22,0
iGgUl6NwJYqGWhVkUHdiu-07:00:00,SYN_106860,11,07:05:07,07:05:22,0
iGgUl6NwJYqGWhVkUHdiu-07:00:00,SYN_106861,12,07:05:28,07:05:43,0
iGgUl6NwJYqGWhVkUHdiu-07:00:00,SYN_106862,13,07:05:50,07:06:05,0
iGgUl6NwJYqGWhVkUHdiu-07:00:00,SYN_106863,14,07:06:12,07:06:27,0
iGgUl6NwJYqGWhVkUHdiu-07:00:00,SYN_106864,15,07:06:39,07:06:54,0
iGgUl6NwJYqGWhVkUHdiu-07:00:00,SYN_106865,16,07:07:06,07:07:21,0
iGgUl6NwJYqGWhVkUHdiu-07:00:00,SYN_106866,17,07:07:31,07:07:46,0
iGgUl6NwJYqGWhVkUHdiu-07:00:00,SYN_106867,18,07:07:53,07:08:08,0
iGgUl6NwJYqGWhVkUHdiu-07:00:00,SYN_106868,19,07:08:16,07:08:31,0
iGgUl6NwJYqGWhVkUHdiu-07:00:00,SYN_106869,20,07:08:39,07:08:54,0
iGgUl6NwJYqGWhVkUHdiu-07:00:00,SYN_106870,21,07:09:01,07:09:16,0
iGgUl6NwJYqGWhVkUHdiu-07:00:00,SYN_106871,22,07:09:24,07:09:39,0
iGgUl6NwJYqGWhVkUHdiu-07:00:00,SYN_106872,23,07:09:47,07:10:02,0
iGgUl6NwJYqGWhVkUHdiu-07:00:00,SYN_106873,24,07:10:09,07:10:24,0
iGgUl6NwJYqGWhVkUHdiu-07:00:00,SYN_106874,25,07:10:30,07:10:45,0
iGgUl6NwJYqGWhVkUHdiu-07:00:00,SYN_106875,26,07:10:50,07:11:05,0
iGgUl6NwJYqGWhVkUHdiu-07:00:00,SYN_106876,27,07:11:15,07:11:30,0
iGgUl6NwJYqGWhVkUHdiu-07:00:00,SYN_106877,28,07:11:47,07:12:02,0
iGgUl6NwJYqGWhVkUHdiu-07:00:00,SYN_106878,29,07:12:19,07:12:34,0
iGgUl6NwJYqGWhVkUHdiu-07:00:00,SYN_106879,30,07:12:49,07:13:04,0
iGgUl6NwJYqGWhVkUHdiu-07:00:00,SYN_106880,31,07:13:15,07:13:30,0
iGgUl6NwJYqGWhVkUHdiu-07:00:00,SYN_106881,32,07:13:41,07:13:56,0
iGgUl6NwJYqGWhVkUHdiu-07:00:00,SYN_106882,33,07:14:07,07:14:22,0
iGgUl6NwJYqGWhVkUHdiu-07:00:00,SYN_106883,34,07:14:34,07:14:49,0
iGgUl6NwJYqGWhVkUHdiu-07:00:00,SYN_106884,35,07:15:00,07:15:15,0
iGgUl6NwJYqGWhVkUHdiu-07:00:00,SYN_106885,36,07:15:41,07:15:56,0
iGgUl6NwJYqGWhVkUHdiu-07:00:00,SYN_106886,37,07:16:09,07:16:24,0
iGgUl6NwJYqGWhVkUHdiu-07:00:00,SYN_106887,38,07:16:37,07:16:52,0
iGgUl6NwJYqGWhVkUHdiu-07:00:00,SYN_106888,39,07:17:06,07:17:21,0
iGgUl6NwJYqGWhVkUHdiu-07:00:00,SYN_106889,40,07:17:37,07:17:52,0
iGgUl6NwJYqGWhVkUHdiu-07:00:00,SYN_106890,41,07:18:08,07:18:23,0
iGgUl6NwJYqGWhVkUHdiu-07:00:00,SYN_106891,42,07:18:35,07:18:50,0
iGgUl6NwJYqGWhVkUHdiu-07:00:00,SYN_106892,43,07:19:01,07:19:16,0
iGgUl6NwJYqGWhVkUHdiu-07:00:00,SYN_106893,44,07:19:28,07:19:43,0
iGgUl6NwJYqGWhVkUHdiu-07:00:00,SYN_106894,45,07:19:51,07:20:06,0
iGgUl6NwJYqGWhVkUHdiu-07:00:00,SYN_106895,46,07:20:13,07:20:28,0
iGgUl6NwJYqGWhVkUHdiu-07:00:00,SYN_106896,47,07:20:36,07:20:51,0
iGgUl6NwJYqGWhVkUHdiu-07:00:00,SYN_106897,48,07:21:02,07:21:17,0
iGgUl6NwJYqGWhVkUHdiu-07:00:00,SYN_106898,49,07:21:28,07:21:43,0
iGgUl6NwJYqGWhVkUHdiu-07:00:00,SYN_106899,50,07:21:57,07:22:12,0
iGgUl6NwJYqGWhVkUHdiu-07:00:00,SYN_106900,51,07:22:31,07:22:46,0
iGgUl6NwJYqGWhVkUHdiu-07:00:00,SYN_106901,52,07:23:00,07:23:15,0
iGgUl6NwJYqGWhVkUHdiu-07:00:00,SYN_106902,53,07:23:30,07:23:45,0
iGgUl6NwJYqGWhVkUHdiu-07:00:00,SYN_106903,54,07:23:59,07:24:14,0
iGgUl6NwJYqGWhVkUHdiu-07:00:00,SYN_106904,55,07:24:27,07:24:42,0
iGgUl6NwJYqGWhVkUHdiu-07:00:00,SYN_106905,56,07:24:51,07:25:06,0
iGgUl6NwJYqGWhVkUHdiu-07:00:00,SYN_106906,57,07:25:15,07:25:30,0
iGgUl6NwJYqGWhVkUHdiu-07:00:00,SYN_106907,58,07:25:40,07:25:55,0
iGgUl6NwJYqGWhVkUHdiu-07:00:00,SYN_106908,59,07:26:06,07:26:21,0
iGgUl6NwJYqGWhVkUHdiu-07:00:00,SYN_106909,60,07:26:32,07:26:47,0
iGgUl6NwJYqGWhVkUHdiu-07:00:00,SYN_106910,61,07:27:02,07:27:17,0
iGgUl6NwJYqGWhVkUHdiu-07:00:00,SYN_106911,62,07:27:31,07:27:46,0
iGgUl6NwJYqGWhVkUHdiu-07:00:00,SYN_106912,63,07:27:59,07:28:14,0
iGgUl6NwJYqGWhVkUHdiu-07:00:00,SYN_106913,64,07:28:22,07:28:37,0
iGgUl6NwJYqGWhVkUHdiu-07:00:00,SYN_106914,65,07:28:43,07:28:58,0
iGgUl6NwJYqGWhVkUHdiu-07:00:00,SYN_106915,66,07:29:03,07:29:18,0
iGgUl6NwJYqGWhVkUHdiu-07:00:00,SYN_106916,67,07:29:24,07:29:39,0
iGgUl6NwJYqGWhVkUHdiu-07:00:00,SYN_106917,68,07:29:44,07:29:59,0
iGgUl6NwJYqGWhVkUHdiu-07:00:00,SYN_106918,69,07:30:04,07:30:19,0
iGgUl6NwJYqGWhVkUHdiu-07:00:00,SYN_106919,70,07:30:25,07:30:40,0
iGgUl6NwJYqGWhVkUHdiu-07:00:00,SYN_106920,71,07:30:45,07:31:00,0
iGgUl6NwJYqGWhVkUHdiu-07:00:00,SYN_106921,72,07:31:13,07:31:28,0
iGgUl6NwJYqGWhVkUHdiu-07:00:00,SYN_106922,73,07:31:40,07:31:55,0
iGgUl6NwJYqGWhVkUHdiu-07:00:00,SYN_106923,74,07:32:08,07:32:23,0
iGgUl6NwJYqGWhVkUHdiu-07:00:00,SYN_106924,75,07:32:35,07:32:50,0
iGgUl6NwJYqGWhVkUHdiu-07:00:00,SYN_106925,76,07:33:00,07:33:15,0
iGgUl6NwJYqGWhVkUHdiu-07:00:00,SYN_106926,77,07:33:26,07:33:41,0
iGgUl6NwJYqGWhVkUHdiu-07:00:00,SYN_106927,78,07:33:51,07:34:06,0
iGgUl6NwJYqGWhVkUHdiu-07:00:00,SYN_106928,79,07:34:17,07:34:32,0
iGgUl6NwJYqGWhVkUHdiu-07:00:00,SYN_106929,80,07:34:43,07:34:58,0
iGgUl6NwJYqGWhVkUHdiu-07:00:00,SYN_106930,81,07:35:11,07:35:26,0
iGgUl6NwJYqGWhVkUHdiu-07:00:00,SYN_106931,82,07:35:40,07:35:55,0
iGgUl6NwJYqGWhVkUHdiu-07:00:00,SYN_106932,83,07:36:06,07:36:21,0
iGgUl6NwJYqGWhVkUHdiu-07:00:00,SYN_106933,84,07:36:28,07:36:43,0
iGgUl6NwJYqGWhVkUHdiu-07:00:00,SYN_106934,85,07:36:50,07:37:05,0
iGgUl6NwJYqGWhVkUHdiu-07:00:00,SYN_106935,86,07:37:12,07:37:27,0
iGgUl6NwJYqGWhVkUHdiu-07:00:00,SYN_106936,87,07:37:33,07:37:48,0
iGgUl6NwJYqGWhVkUHdiu-07:00:00,SYN_106937,88,07:37:55,07:38:10,0
iGgUl6NwJYqGWhVkUHdiu-07:00:00,SYN_106938,89,07:38:30,07:38:45,0
iGgUl6NwJYqGWhVkUHdiu-07:00:00,SYN_106939,90,07:39:01,07:39:16,0
iGgUl6NwJYqGWhVkUHdiu-07:00:00,SYN_106940,91,07:39:21,07:39:36,0
iGgUl6NwJYqGWhVkUHdiu-07:00:00,SYN_106941,92,07:39:42,07:39:57,0
iGgUl6NwJYqGWhVkUHdiu-07:00:00,SYN_106942,93,07:40:02,07:40:17,0
iGgUl6NwJYqGWhVkUHdiu-07:00:00,SYN_106943,94,07:40:26,07:40:41,0
iGgUl6NwJYqGWhVkUHdiu-07:00:00,SYN_106944,95,07:40:51,07:41:06,0
iGgUl6NwJYqGWhVkUHdiu-07:00:00,SYN_106945,96,07:41:17,07:41:32,0
iGgUl6NwJYqGWhVkUHdiu-07:00:00,SYN_106946,97,07:41:42,07:41:57,0
iGgUl6NwJYqGWhVkUHdiu-07:00:00,SYN_106947,98,07:42:07,07:42:22,0
iGgUl6NwJYqGWhVkUHdiu-07:00:00,SYN_106948,99,07:42:31,07:42:46,0
iGgUl6NwJYqGWhVkUHdiu-07:00:00,SYN_106949,100,07:42:55,07:43:10,0
iGgUl6NwJYqGWhVkUHdiu-07:00:00,SYN_106950,101,07:43:19,07:43:34,0
iGgUl6NwJYqGWhVkUHdiu-07:00:00,SYN_106951,102,07:43:48,07:44:03,0
iGgUl6NwJYqGWhVkUHdiu-07:00:00,SYN_106952,103,07:44:24,07:44:39,0
iGgUl6NwJYqGWhVkUHdiu-07:00:00,SYN_106953,104,07:44:47,07:45:02,0
iGgUl6NwJYqGWhVkUHdiu-07:00:00,SYN_106954,105,07:45:10,07:45:25,0
iGgUl6NwJYqGWhVkUHdiu-07:00:00,SYN_106955,106,07:45:33,07:45:48,0
iGgUl6NwJYqGWhVkUHdiu-07:00:00,SYN_106956,107,07:45:55,07:46:10,0
iGgUl6NwJYqGWhVkUHdiu-07:00:00,SYN_106957,108,07:46:17,07:46:32,0
iGgUl6NwJYqGWhVkUHdiu-07:00:00,SYN_106958,109,07:46:39,07:46:54,0
iGgUl6NwJYqGWhVkUHdiu-07:00:00,SYN_106959,110,07:47:01,07:47:16,0
iGgUl6NwJYqGWhVkUHdiu-07:00:00,SYN_106960,111,07:47:23,07:47:38,0
iGgUl6NwJYqGWhVkUHdiu-07:00:00,SYN_106961,112,07:47:45,07:48:00,0
iGgUl6NwJYqGWhVkUHdiu-07:00:00,SYN_106962,113,07:48:04,07:48:19,0
iGgUl6NwJYqGWhVkUHdiu-07:00:00,SYN_106963,114,07:48:23,07:48:38,0
iGgUl6NwJYqGWhVkUHdiu-07:00:00,SYN_106964,115,07:48:41,07:48:56,0
iGgUl6NwJYqGWhVkUHdiu-07:00:00,SYN_106965,116,07:48:59,07:49:14,0
iGgUl6NwJYqGWhVkUHdiu-07:00:00,SYN_106966,117,07:49:18,07:49:33,0
pCUExpIx94RHG6BGAhT6a-07:00:00,SYN_106970,0,07:00:24,07:00:39,0
pCUExpIx94RHG6BGAhT6a-07:00:00,SYN_106971,1,07:00:49,07:01:04,0
pCUExpIx94RHG6BGAhT6a-07:00:00,SYN_106972,2,07:01:13,07:01:28,0
pCUExpIx94RHG6BGAhT6a-07:00:00,SYN_106973,3,07:01:36,07:01:51,0
pCUExpIx94RHG6BGAhT6a-07:00:00,SYN_106974,4,07:01:59,07:02:14,0
pCUExpIx94RHG6BGAhT6a-07:00:00,SYN_106975,5,07:02:26,07:02:41,0
pCUExpIx94RHG6BGAhT6a-07:00:00,SYN_106976,6,07:03:09,07:03:24,0
pCUExpIx94RHG6BGAhT6a-07:00:00,SYN_106977,7,07:03:35,07:03:50,0
pCUExpIx94RHG6BGAhT6a-07:00:00,SYN_106978,8,07:04:00,07:04:15,0
pCUExpIx94RHG6BGAhT6a-07:00:00,SYN_106979,9,07:04:31,07:04:46,0
pCUExpIx94RHG6BGAhT6a-07:00:00,SYN_106980,10,07:05:21,07:05:36,0
pCUExpIx94RHG6BGAhT6a-07:00:00,SYN_106981,11,07:05:50,07:06:05,0
pCUExpIx94RHG6BGAhT6a-07:00:00,SYN_106982,12,07:06:36,07:06:51,0
pCUExpIx94RHG6BGAhT6a-07:00:00,SYN_106983,13,07:07:02,07:07:17,0
pCUExpIx94RHG6BGAhT6a-07:00:00,SYN_106984,14,07:07:29,07:07:44,0
pCUExpIx94RHG6BGAhT6a-07:00:00,SYN_106985,15,07:07:58,07:08:13,0
pCUExpIx94RHG6BGAhT6a-07:00:00,SYN_106986,16,07:08:34,07:08:49,0
pCUExpIx94RHG6BGAhT6a-07:00:00,SYN_106987,17,07:09:11,07:09:26,0
pCUExpIx94RHG6BGAhT6a-07:00:00,SYN_106988,18,07:09:46,07:10:01,0
pCUExpIx94RHG6BGAhT6a-07:00:00,SYN_106989,19,07:12:12,07:12:27,0
pCUExpIx94RHG6BGAhT6a-07:00:00,SYN_106990,20,07:11:48,07:12:03,0
pCUExpIx94RHG6BGAhT6a-07:00:00,SYN_106991,21,07:12:39,07:12:54,0
pCUExpIx94RHG6BGAhT6a-07:00:00,SYN_106992,22,07:12:46,07:13:01,0
pCUExpIx94RHG6BGAhT6a-07:00:00,SYN_106993,23,07:12:54,07:13:09,0
pCUExpIx94RHG6BGAhT6a-07:00:00,SYN_106994,24,07:13:01,07:13:16,0
pCUExpIx94RHG6BGAhT6a-07:00:00,SYN_106995,25,07:13:08,07:13:23,0
pCUExpIx94RHG6BGAhT6a-07:00:00,SYN_106996,26,07:13:16,07:13:31,0
pCUExpIx94RHG6BGAhT6a-07:00:00,SYN_106997,27,07:13:23,07:13:38,0
pCUExpIx94RHG6BGAhT6a-07:00:00,SYN_106998,28,07:13:31,07:13:46,0
pCUExpIx94RHG6BGAhT6a-07:00:00,SYN_106999,29,07:13:38,07:13:53,0
pCUExpIx94RHG6BGAhT6a-07:00:00,SYN_107000,30,07:14:12,07:14:27,0
pCUExpIx94RHG6BGAhT6a-07:00:00,SYN_107001,31,07:14:42,07:14:57,0
pCUExpIx94RHG6BGAhT6a-07:00:00,SYN_107002,32,07:15:11,07:15:26,0
pCUExpIx94RHG6BGAhT6a-07:00:00,SYN_107003,33,07:15:41,07:15:56,0
pCUExpIx94RHG6BGAhT6a-07:00:00,SYN_107004,34,07:16:10,07:16:25,0
pCUExpIx94RHG6BGAhT6a-07:00:00,SYN_107005,35,07:16:34,07:16:49,0
pCUExpIx94RHG6BGAhT6a-07:00:00,SYN_107006,36,07:16:59,07:17:14,0
pCUExpIx94RHG6BGAhT6a-07:00:00,SYN_107007,37,07:17:23,07:17:38,0
pCUExpIx94RHG6BGAhT6a-07:00:00,SYN_107008,38,07:17:48,07:18:03,0
pCUExpIx94RHG6BGAhT6a-07:00:00,SYN_107009,39,07:18:14,07:18:29,0
pCUExpIx94RHG6BGAhT6a-07:00:00,SYN_107010,40,07:18:43,07:18:58,0
pCUExpIx94RHG6BGAhT6a-07:00:00,SYN_107011,41,07:19:12,07:19:27,0
pCUExpIx94RHG6BGAhT6a-07:00:00,SYN_107012,42,07:19:41,07:19:56,0
pCUExpIx94RHG6BGAhT6a-07:00:00,SYN_107013,43,07:20:07,07:20:22,0
pCUExpIx94RHG6BGAhT6a-07:00:00,SYN_107014,44,07:20:27,07:20:42,0
pCUExpIx94RHG6BGAhT6a-07:00:00,SYN_107015,45,07:20:48,07:21:03,0
pCUExpIx94RHG6BGAhT6a-07:00:00,SYN_107016,46,07:21:08,07:21:23,0
pCUExpIx94RHG6BGAhT6a-07:00:00,SYN_107017,47,07:21:29,07:21:44,0
pCUExpIx94RHG6BGAhT6a-07:00:00,SYN_107018,48,07:21:49,07:22:04,0
pCUExpIx94RHG6BGAhT6a-07:00:00,SYN_107019,49,07:22:09,07:22:24,0
pCUExpIx94RHG6BGAhT6a-07:00:00,SYN_107020,50,07:22:30,07:22:45,0
pCUExpIx94RHG6BGAhT6a-07:00:00,SYN_107021,51,07:22:55,07:23:10,0
pCUExpIx94RHG6BGAhT6a-07:00:00,SYN_107022,52,07:23:23,07:23:38,0
pCUExpIx94RHG6BGAhT6a-07:00:00,SYN_107023,53,07:23:50,07:24:05,0
pCUExpIx94RHG6BGAhT6a-07:00:00,SYN_107024,54,07:24:18,07:24:33,0
pCUExpIx94RHG6BGAhT6a-07:00:00,SYN_107025,55,07:24:43,07:24:58,0
pCUExpIx94RHG6BGAhT6a-07:00:00,SYN_107026,56,07:25:08,07:25:23,0
pCUExpIx94RHG6BGAhT6a-07:00:00,SYN_107027,57,07:25:34,07:25:49,0
pCUExpIx94RHG6BGAhT6a-07:00:00,SYN_107028,58,07:25:59,07:26:14,0
pCUExpIx94RHG6BGAhT6a-07:00:00,SYN_107029,59,07:26:25,07:26:40,0
pCUExpIx94RHG6BGAhT6a-07:00:00,SYN_107030,60,07:26:52,07:27:07,0
pCUExpIx94RHG6BGAhT6a-07:00:00,SYN_107031,61,07:27:20,07:27:35,0
pCUExpIx94RHG6BGAhT6a-07:00:00,SYN_107032,62,07:27:49,07:28:04,0
pCUExpIx94RHG6BGAhT6a-07:00:00,SYN_107033,63,07:28:11,07:28:26,0
pCUExpIx94RHG6BGAhT6a-07:00:00,SYN_107034,64,07:28:33,07:28:48,0
pCUExpIx94RHG6BGAhT6a-07:00:00,SYN_107035,65,07:28:55,07:29:10,0
pCUExpIx94RHG6BGAhT6a-07:00:00,SYN_107036,66,07:29:17,07:29:32,0
pCUExpIx94RHG6BGAhT6a-07:00:00,SYN_107037,67,07:29:39,07:29:54,0
pCUExpIx94RHG6BGAhT6a-07:00:00,SYN_107038,68,07:30:09,07:30:24,0
pCUExpIx94RHG6BGAhT6a-07:00:00,SYN_107039,69,07:30:44,07:30:59,0
pCUExpIx94RHG6BGAhT6a-07:00:00,SYN_107040,70,07:31:05,07:31:20,0
pCUExpIx94RHG6BGAhT6a-07:00:00,SYN_107041,71,07:31:25,07:31:40,0
pCUExpIx94RHG6BGAhT6a-07:00:00,SYN_107042,72,07:31:46,07:32:01,0
pCUExpIx94RHG6BGAhT6a-07:00:00,SYN_107043,73,07:32:08,07:32:23,0
pCUExpIx94RHG6BGAhT6a-07:00:00,SYN_107044,74,07:32:33,07:32:48,0
pCUExpIx94RHG6BGAhT6a-07:00:00,SYN_107045,75,07:32:59,07:33:14,0
pCUExpIx94RHG6BGAhT6a-07:00:00,SYN_107046,76,07:33:24,07:33:39,0
pCUExpIx94RHG6BGAhT6a-07:00:00,SYN_107047,77,07:33:49,07:34:04,0
pCUExpIx94RHG6BGAhT6a-07:00:00,SYN_107048,78,07:34:14,07:34:29,0
pCUExpIx94RHG6BGAhT6a-07:00:00,SYN_107049,79,07:34:37,07:34:52,0
pCUExpIx94RHG6BGAhT6a-07:00:00,SYN_107050,80,07:35:01,07:35:16,0
pCUExpIx94RHG6BGAhT6a-07:00:00,SYN_107051,81,07:35:26,07:35:41,0
pCUExpIx94RHG6BGAhT6a-07:00:00,SYN_107052,82,07:36:02,07:36:17,0
pCUExpIx94RHG6BGAhT6a-07:00:00,SYN_107053,83,07:36:30,07:36:45,0
pCUExpIx94RHG6BGAhT6a-07:00:00,SYN_107054,84,07:36:53,07:37:08,0
pCUExpIx94RHG6BGAhT6a-07:00:00,SYN_107055,85,07:37:16,07:37:31,0
pCUExpIx94RHG6BGAhT6a-07:00:00,SYN_107056,86,07:37:38,07:37:53,0
pCUExpIx94RHG6BGAhT6a-07:00:00,SYN_107057,87,07:38:00,07:38:15,0
pCUExpIx94RHG6BGAhT6a-07:00:00,SYN_107058,88,07:38:22,07:38:37,0
pCUExpIx94RHG6BGAhT6a-07:00:00,SYN_107059,89,07:38:44,07:38:59,0
pCUExpIx94RHG6BGAhT6a-07:00:00,SYN_107060,90,07:39:06,07:39:21,0
pCUExpIx94RHG6BGAhT6a-07:00:00,SYN_107061,91,07:39:28,07:39:43,0
pCUExpIx94RHG6BGAhT6a-07:00:00,SYN_107062,92,07:39:49,07:40:04,0
pCUExpIx94RHG6BGAhT6a-07:00:00,SYN_107063,93,07:40:07,07:40:22,0
pCUExpIx94RHG6BGAhT6a-07:00:00,SYN_107064,94,07:40:25,07:40:40,0
pCUExpIx94RHG6BGAhT6a-07:00:00,SYN_107065,95,07:40:44,07:40:59,0
pCUExpIx94RHG6BGAhT6a-07:00:00,SYN_107066,96,07:41:02,07:41:17,0
pCUExpIx94RHG6BGAhT6a-07:00:00,SYN_107067,97,07:41:28,07:41:43,0
pCUExpIx94RHG6BGAhT6a-07:00:00,SYN_107068,98,07:41:58,07:42:13,0
pCUExpIx94RHG6BGAhT6a-07:00:00,SYN_107069,99,07:42:28,07:42:43,0
0h48FVJYF7q0a-Fr5KoJ2-07:00:00,SYN_106970,0,07:38:49,07:39:04,0
0h48FVJYF7q0a-Fr5KoJ2-07:00:00,SYN_106971,1,07:38:25,07:38:40,0
0h48FVJYF7q0a-Fr5KoJ2-07:00:00,SYN_106972,2,07:38:01,07:38:16,0
0h48FVJYF7q0a-Fr5KoJ2-07:00:00,SYN_106973,3,07:37:37,07:37:52,0
0h48FVJYF7q0a-Fr5KoJ2-07:00:00,SYN_106974,4,07:37:13,07:37:28,0
0h48FVJYF7q0a-Fr5KoJ2-07:00:00,SYN_106975,5,07:36:48,07:37:03,0
0h48FVJYF7q0a-Fr5KoJ2-07:00:00,SYN_106976,6,07:36:24,07:36:39,0
0h48FVJYF7q0a-Fr5KoJ2-07:00:00,SYN_106977,7,07:36:00,07:36:15,0
0h48FVJYF7q0a-Fr5KoJ2-07:00:00,SYN_106978,8,07:35:36,07:35:51,0
0h48FVJYF7q0a-Fr5KoJ2-07:00:00,SYN_106979,9,07:35:12,07:35:27,0
0h48FVJYF7q0a-Fr5KoJ2-07:00:00,SYN_106980,10,07:34:48,07:35:03,0
0h48FVJYF7q0a-Fr5KoJ2-07:00:00,SYN_106981,11,07:34:23,07:34:38,0
0h48FVJYF7q0a-Fr5KoJ2-07:00:00,SYN_106982,12,07:33:59,07:34:14,0
0h48FVJYF7q0a-Fr5KoJ2-07:00:00,SYN_106983,13,07:33:35,07:33:50,0
0h48FVJYF7q0a-Fr5KoJ2-07:00:00,SYN_106984,14,07:33:11,07:33:26,0
0h48FVJYF7q0a-Fr5KoJ2-07:00:00,SYN_106985,15,07:32:47,07:33:02,0
0h48FVJYF7q0a-Fr5KoJ2-07:00:00,SYN_106986,16,07:32:23,07:32:38,0
0h48FVJYF7q0a-Fr5KoJ2-07:00:00,SYN_106987,17,07:31:58,07:32:13,0
0h48FVJYF7q0a-Fr5KoJ2-07:00:00,SYN_106988,18,07:31:34,07:31:49,0
0h48FVJYF7q0a-Fr5KoJ2-07:00:00,SYN_106989,19,07:31:10,07:31:25,0
0h48FVJYF7q0a-Fr5KoJ2-07:00:00,SYN_106990,20,07:30:46,07:31:01,0
0h48FVJYF7q0a-Fr5KoJ2-07:00:00,SYN_106991,21,07:30:22,07:30:37,0
0h48FVJYF7q0a-Fr5KoJ2-07:00:00,SYN_106992,22,07:29:58,07:30:13,0
0h48FVJYF7q0a-Fr5KoJ2-07:00:00,SYN_106993,23,07:29:33,07:29:48,0
0h48FVJYF7q0a-Fr5KoJ2-07:00:00,SYN_106994,24,07:29:09,07:29:24,0
0h48FVJYF7q0a-Fr5KoJ2-07:00:00,SYN_106995,25,07:28:45,07:29:00,0
0h48FVJYF7q0a-Fr5KoJ2-07:00:00,SYN_106996,26,07:28:21,07:28:36,0
0h48FVJYF7q0a-Fr5KoJ2-07:00:00,SYN_106997,27,07:27:57,07:28:12,0
0h48FVJYF7q0a-Fr5KoJ2-07:00:00,SYN_106998,28,07:27:33,07:27:48,0
0h48FVJYF7q0a-Fr5KoJ2-07:00:00,SYN_106999,29,07:27:08,07:27:23,0
0h48FVJYF7q0a-Fr5KoJ2-07:00:00,SYN_107000,30,07:26:44,07:26:59,0
0h48FVJYF7q0a-Fr5KoJ2-07:00:00,SYN_107001,31,07:26:20,07:26:35,0
0h48FVJYF7q0a-Fr5KoJ2-07:00:00,SYN_107002,32,07:25:56,07:26:11,0
0h48FVJYF7q0a-Fr5KoJ2-07:00:00,SYN_107003,33,07:25:32,07:25:47,0
0h48FVJYF7q0a-Fr5KoJ2-07:00:00,SYN_107004,34,07:25:08,07:25:23,0
0h48FVJYF7q0a-Fr5KoJ2-07:00:00,SYN_107005,35,07:24:43,07:24:58,0
0h48FVJYF7q0a-Fr5KoJ2-07:00:00,SYN_107006,36,07:24:19,07:24:34,0
0h48FVJYF7q0a-Fr5KoJ2-07:00:00,SYN_107007,37,07:23:55,07:24:10,0
0h48FVJYF7q0a-Fr5KoJ2-07:00:00,SYN_107008,38,07:23:31,07:23:46,0
0h48FVJYF7q0a-Fr5KoJ2-07:00:00,SYN_107009,39,07:23:07,07:23:22,0
0h48FVJYF7q0a-Fr5KoJ2-07:00:00,SYN_107010,40,07:22:43,07:22:58,0
0h48FVJYF7q0a-Fr5KoJ2-07:00:00,SYN_107011,41,07:22:18,07:22:33,0
0h48FVJYF7q0a-Fr5KoJ2-07:00:00,SYN_107012,42,07:21:54,07:22:09,0
0h48FVJYF7q0a-Fr5KoJ2-07:00:00,SYN_107013,43,07:21:30,07:21:45,0
0h48FVJYF7q0a-Fr5KoJ2-07:00:00,SYN_107014,44,07:21:06,07:21:21,0
0h48FVJYF7q0a-Fr5KoJ2-07:00:00,SYN_107015,45,07:20:42,07:20:57,0
0h48FVJYF7q0a-Fr5KoJ2-07:00:00,SYN_107016,46,07:20:18,07:20:33,0
0h48FVJYF7q0a-Fr5KoJ2-07:00:00,SYN_107017,47,07:19:53,07:20:08,0
0h48FVJYF7q0a-Fr5KoJ2-07:00:00,SYN_107018,48,07:19:29,07:19:44,0
0h48FVJYF7q0a-Fr5KoJ2-07:00:00,SYN_107019,49,07:19:05,07:19:20,0
0h48FVJYF7q0a-Fr5KoJ2-07:00:00,SYN_107020,50,07:18:41,07:18:56,0
0h48FVJYF7q0a-Fr5KoJ2-07:00:00,SYN_107021,51,07:18:17,07:18:32,0
0h48FVJYF7q0a-Fr5KoJ2-07:00:00,SYN_107022,52,07:17:53,07:18:08,0
0h48FVJYF7q0a-Fr5KoJ2-07:00:00,SYN_107023,53,07:17:28,07:17:43,0
0h48FVJYF7q0a-Fr5KoJ2-07:00:00,SYN_107024,54,07:17:04,07:17:19,0
0h48FVJYF7q0a-Fr5KoJ2-07:00:00,SYN_107025,55,07:16:40,07:16:55,0
0h48FVJYF7q0a-Fr5KoJ2-07:00:00,SYN_107026,56,07:16:16,07:16:31,0
0h48FVJYF7q0a-Fr5KoJ2-07:00:00,SYN_107027,57,07:15:52,07:16:07,0
0h48FVJYF7q0a-Fr5KoJ2-07:00:00,SYN_107028,58,07:15:28,07:15:43,0
0h48FVJYF7q0a-Fr5KoJ2-07:00:00,SYN_107029,59,07:15:03,07:15:18,0
0h48FVJYF7q0a-Fr5KoJ2-07:00:00,SYN_107030,60,07:14:39,07:14:54,0
0h48FVJYF7q0a-Fr5KoJ2-07:00:00,SYN_107031,61,07:14:15,07:14:30,0
0h48FVJYF7q0a-Fr5KoJ2-07:00:00,SYN_107032,62,07:13:51,07:14:06,0
0h48FVJYF7q0a-Fr5KoJ2-07:00:00,SYN_107033,63,07:13:27,07:13:42,0
0h48FVJYF7q0a-Fr5KoJ2-07:00:00,SYN_107034,64,07:13:03,07:13:18,0
0h48FVJYF7q0a-Fr5KoJ2-07:00:00,SYN_107035,65,07:12:38,07:12:53,0
0h48FVJYF7q0a-Fr5KoJ2-07:00:00,SYN_107036,66,07:12:14,07:12:29,0
0h48FVJYF7q0a-Fr5KoJ2-07:00:00,SYN_107037,67,07:11:50,07:12:05,0
0h48FVJYF7q0a-Fr5KoJ2-07:00:00,SYN_107038,68,07:11:26,07:11:41,0
0h48FVJYF7q0a-Fr5KoJ2-07:00:00,SYN_107039,69,07:11:02,07:11:17,0
0h48FVJYF7q0a-Fr5KoJ2-07:00:00,SYN_107040,70,07:10:37,07:10:52,0
0h48FVJYF7q0a-Fr5KoJ2-07:00:00,SYN_107041,71,07:10:13,07:10:28,0
0h48FVJYF7q0a-Fr5KoJ2-07:00:00,SYN_107042,72,07:09:49,07:10:04,0
0h48FVJYF7q0a-Fr5KoJ2-07:00:00,SYN_107043,73,07:09:25,07:09:40,0
0h48FVJYF7q0a-Fr5KoJ2-07:00:00,SYN_107044,74,07:09:01,07:09:16,0
0h48FVJYF7q0a-Fr5KoJ2-07:00:00,SYN_107045,75,07:08:37,07:08:52,0
0h48FVJYF7q0a-Fr5KoJ2-07:00:00,SYN_107046,76,07:08:12,07:08:27,0
0h48FVJYF7q0a-Fr5KoJ2-07:00:00,SYN_107047,77,07:07:48,07:08:03,0
0h48FVJYF7q0a-Fr5KoJ2-07:00:00,SYN_107048,78,07:07:24,07:07:39,0
0h48FVJYF7q0a-Fr5KoJ2-07:00:00,SYN_107049,79,07:07:00,07:07:15,0
0h48FVJYF7q0a-Fr5KoJ2-07:00:00,SYN_107050,80,07:06:36,07:06:51,0
0h48FVJYF7q0a-Fr5KoJ2-07:00:00,SYN_107051,81,07:06:12,07:06:27,0
0h48FVJYF7q0a-Fr5KoJ2-07:00:00,SYN_107052,82,07:05:47,07:06:02,0
0h48FVJYF7q0a-Fr5KoJ2-07:00:00,SYN_107053,83,07:05:23,07:05:38,0
0h48FVJYF7q0a-Fr5KoJ2-07:00:00,SYN_107054,84,07:04:59,07:05:14,0
0h48FVJYF7q0a-Fr5KoJ2-07:00:00,SYN_107055,85,07:04:35,07:04:50,0
0h48FVJYF7q0a-Fr5KoJ2-07:00:00,SYN_107056,86,07:04:11,07:04:26,0
0h48FVJYF7q0a-Fr5KoJ2-07:00:00,SYN_107057,87,07:03:47,07:04:02,0
0h48FVJYF7q0a-Fr5KoJ2-07:00:00,SYN_107058,88,07:03:22,07:03:37,0
0h48FVJYF7q0a-Fr5KoJ2-07:00:00,SYN_107059,89,07:02:58,07:03:13,0
0h48FVJYF7q0a-Fr5KoJ2-07:00:00,SYN_107060,90,07:02:34,07:02:49,0
0h48FVJYF7q0a-Fr5KoJ2-07:00:00,SYN_107061,91,07:02:10,07:02:25,0
0h48FVJYF7q0a-Fr5KoJ2-07:00:00,SYN_107062,92,07:01:46,07:02:01,0
0h48FVJYF7q0a-Fr5KoJ2-07:00:00,SYN_107063,93,07:01:22,07:01:37,0
0h48FVJYF7q0a-Fr5KoJ2-07:00:00,SYN_107064,94,07:00:57,07:01:12,0
0h48FVJYF7q0a-Fr5KoJ2-07:00:00,SYN_107065,95,07:00:33,07:00:48,0
0h48FVJYF7q0a-Fr5KoJ2-07:00:00,SYN_107066,96,07:00:09,07:00:24,0
Z-51SkRkO5YyfPeYNTS-n-07:00:00,SYN_107071,0,07:00:17,07:00:32,0
Z-51SkRkO5YyfPeYNTS-n-07:00:00,SYN_107072,1,07:00:40,07:00:55,0
Z-51SkRkO5YyfPeYNTS-n-07:00:00,SYN_107073,2,07:01:02,07:01:17,0
Z-51SkRkO5YyfPeYNTS-n-07:00:00,SYN_107074,3,07:01:24,07:01:39,0
Z-51SkRkO5YyfPeYNTS-n-07:00:00,SYN_107075,4,07:01:42,07:01:57,0
Z-51SkRkO5YyfPeYNTS-n-07:00:00,SYN_107076,5,07:01:58,07:02:13,0
Z-51SkRkO5YyfPeYNTS-n-07:00:00,SYN_107077,6,07:02:15,07:02:30,0
Z-51SkRkO5YyfPeYNTS-n-07:00:00,SYN_107078,7,07:02:31,07:02:46,0
Z-51SkRkO5YyfPeYNTS-n-07:00:00,SYN_107079,8,07:03:31,07:03:46,0
Z-51SkRkO5YyfPeYNTS-n-07:00:00,SYN_107080,9,07:03:53,07:04:08,0
Z-51SkRkO5YyfPeYNTS-n-07:00:00,SYN_107081,10,07:04:14,07:04:29,0
Z-51SkRkO5YyfPeYNTS-n-07:00:00,SYN_107082,11,07:04:37,07:04:52,0
Z-51SkRkO5YyfPeYNTS-n-07:00:00,SYN_107083,12,07:05:04,07:05:19,0
Z-51SkRkO5YyfPeYNTS-n-07:00:00,SYN_107084,13,07:05:31,07:05:46,0
Z-51SkRkO5YyfPeYNTS-n-07:00:00,SYN_107085,14,07:05:55,07:06:10,0
Z-51SkRkO5YyfPeYNTS-n-07:00:00,SYN_107086,15,07:06:18,07:06:33,0
Z-51SkRkO5YyfPeYNTS-n-07:00:00,SYN_107087,16,07:06:40,07:06:55,0
Z-51SkRkO5YyfPeYNTS-n-07:00:00,SYN_107088,17,07:07:03,07:07:18,0
Z-51SkRkO5YyfPeYNTS-n-07:00:00,SYN_107089,18,07:07:26,07:07:41,0
Z-51SkRkO5YyfPeYNTS-n-07:00:00,SYN_107090,19,07:07:48,07:08:03,0
Z-51SkRkO5YyfPeYNTS-n-07:00:00,SYN_107091,20,07:08:11,07:08:26,0
Z-51SkRkO5YyfPeYNTS-n-07:00:00,SYN_107092,21,07:08:33,07:08:48,0
Z-51SkRkO5YyfPeYNTS-n-07:00:00,SYN_107093,22,07:08:54,07:09:09,0
Z-51SkRkO5YyfPeYNTS-n-07:00:00,SYN_107094,23,07:09:15,07:09:30,0
Z-51SkRkO5YyfPeYNTS-n-07:00:00,SYN_107095,24,07:09:40,07:09:55,0
Z-51SkRkO5YyfPeYNTS-n-07:00:00,SYN_107096,25,07:10:12,07:10:27,0
Z-51SkRkO5YyfPeYNTS-n-07:00:00,SYN_107097,26,07:10:45,07:11:00,0
Z-51SkRkO5YyfPeYNTS-n-07:00:00,SYN_107098,27,07:11:14,07:11:29,0
Z-51SkRkO5YyfPeYNTS-n-07:00:00,SYN_107099,28,07:11:40,07:11:55,0
Z-51SkRkO5YyfPeYNTS-n-07:00:00,SYN_107100,29,07:12:06,07:12:21,0
Z-51SkRkO5YyfPeYNTS-n-07:00:00,SYN_107101,30,07:12:32,07:12:47,0
Z-51SkRkO5YyfPeYNTS-n-07:00:00,SYN_107102,31,07:12:58,07:13:13,0
Z-51SkRkO5YyfPeYNTS-n-07:00:00,SYN_107103,32,07:13:25,07:13:40,0
Z-51SkRkO5YyfPeYNTS-n-07:00:00,SYN_107104,33,07:14:06,07:14:21,0
Z-51SkRkO5YyfPeYNTS-n-07:00:00,SYN_107105,34,07:14:34,07:14:49,0
Z-51SkRkO5YyfPeYNTS-n-07:00:00,SYN_107106,35,07:15:02,07:15:17,0
Z-51SkRkO5YyfPeYNTS-n-07:00:00,SYN_107107,36,07:15:32,07:15:47,0
Z-51SkRkO5YyfPeYNTS-n-07:00:00,SYN_107108,37,07:16:02,07:16:17,0
Z-51SkRkO5YyfPeYNTS-n-07:00:00,SYN_107109,38,07:16:33,07:16:48,0
Z-51SkRkO5YyfPeYNTS-n-07:00:00,SYN_107110,39,07:16:59,07:17:14,0
Z-51SkRkO5YyfPeYNTS-n-07:00:00,SYN_107111,40,07:17:26,07:17:41,0
Z-51SkRkO5YyfPeYNTS-n-07:00:00,SYN_107112,41,07:17:53,07:18:08,0
Z-51SkRkO5YyfPeYNTS-n-07:00:00,SYN_107113,42,07:18:16,07:18:31,0
Z-51SkRkO5YyfPeYNTS-n-07:00:00,SYN_107114,43,07:18:38,07:18:53,0
Z-51SkRkO5YyfPeYNTS-n-07:00:00,SYN_107115,44,07:19:01,07:19:16,0
Z-51SkRkO5YyfPeYNTS-n-07:00:00,SYN_107116,45,07:19:27,07:19:42,0
Z-51SkRkO5YyfPeYNTS-n-07:00:00,SYN_107117,46,07:19:53,07:20:08,0
Z-51SkRkO5YyfPeYNTS-n-07:00:00,SYN_107118,47,07:20:23,07:20:38,0
Z-51SkRkO5YyfPeYNTS-n-07:00:00,SYN_107119,48,07:20:56,07:21:11,0
Z-51SkRkO5YyfPeYNTS-n-07:00:00,SYN_107120,49,07:21:26,07:21:41,0
Z-51SkRkO5YyfPeYNTS-n-07:00:00,SYN_107121,50,07:21:55,07:22:10,0
Z-51SkRkO5YyfPeYNTS-n-07:00:00,SYN_107122,51,07:22:24,07:22:39,0
Z-51SkRkO5YyfPeYNTS-n-07:00:00,SYN_107123,52,07:22:52,07:23:07,0
Z-51SkRkO5YyfPeYNTS-n-07:00:00,SYN_107124,53,07:23:16,07:23:31,0
Z-51SkRkO5YyfPeYNTS-n-07:00:00,SYN_107125,54,07:23:40,07:23:55,0
Z-51SkRkO5YyfPeYNTS-n-07:00:00,SYN_107126,55,07:24:05,07:24:20,0
Z-51SkRkO5YyfPeYNTS-n-07:00:00,SYN_107127,56,07:24:30,07:24:45,0
Z-51SkRkO5YyfPeYNTS-n-07:00:00,SYN_107128,57,07:24:57,07:25:12,0
Z-51SkRkO5YyfPeYNTS-n-07:00:00,SYN_107129,58,07:25:27,07:25:42,0
Z-51SkRkO5YyfPeYNTS-n-07:00:00,SYN_107130,59,07:25:56,07:26:11,0
Z-51SkRkO5YyfPeYNTS-n-07:00:00,SYN_107131,60,07:26:24,07:26:39,0
Z-51SkRkO5YyfPeYNTS-n-07:00:00,SYN_107132,61,07:26:47,07:27:02,0
Z-51SkRkO5YyfPeYNTS-n-07:00:00,SYN_107133,62,07:27:07,07:27:22,0
Z-51SkRkO5YyfPeYNTS-n-07:00:00,SYN_107134,63,07:27:27,07:27:42,0
Z-51SkRkO5YyfPeYNTS-n-07:00:00,SYN_107135,64,07:27:48,07:28:03,0
Z-51SkRkO5YyfPeYNTS-n-07:00:00,SYN_107136,65,07:28:08,07:28:23,0
Z-51SkRkO5YyfPeYNTS-n-07:00:00,SYN_107137,66,07:28:28,07:28:43,0
Z-51SkRkO5YyfPeYNTS-n-07:00:00,SYN_107138,67,07:28:49,07:29:04,0
Z-51SkRkO5YyfPeYNTS-n-07:00:00,SYN_107139,68,07:29:10,07:29:25,0
Z-51SkRkO5YyfPeYNTS-n-07:00:00,SYN_107140,69,07:29:38,07:29:53,0
Z-51SkRkO5YyfPeYNTS-n-07:00:00,SYN_107141,70,07:30:05,07:30:20,0
Z-51SkRkO5YyfPeYNTS-n-07:00:00,SYN_107142,71,07:30:33,07:30:48,0
Z-51SkRkO5YyfPeYNTS-n-07:00:00,SYN_107143,72,07:30:59,07:31:14,0
Z-51SkRkO5YyfPeYNTS-n-07:00:00,SYN_107144,73,07:31:25,07:31:40,0
Z-51SkRkO5YyfPeYNTS-n-07:00:00,SYN_107145,74,07:31:50,07:32:05,0
Z-51SkRkO5YyfPeYNTS-n-07:00:00,SYN_107146,75,07:32:16,07:32:31,0
Z-51SkRkO5YyfPeYNTS-n-07:00:00,SYN_107147,76,07:32:41,07:32:56,0
Z-51SkRkO5YyfPeYNTS-n-07:00:00,SYN_107148,77,07:33:07,07:33:22,0
Z-51SkRkO5YyfPeYNTS-n-07:00:00,SYN_107149,78,07:33:35,07:33:50,0
Z-51SkRkO5YyfPeYNTS-n-07:00:00,SYN_107150,79,07:34:04,07:34:19,0
Z-51SkRkO5YyfPeYNTS-n-07:00:00,SYN_107151,80,07:34:29,07:34:44,0
Z-51SkRkO5YyfPeYNTS-n-07:00:00,SYN_107152,81,07:34:51,07:35:06,0
Z-51SkRkO5YyfPeYNTS-n-07:00:00,SYN_107153,82,07:35:13,07:35:28,0
Z-51SkRkO5YyfPeYNTS-n-07:00:00,SYN_107154,83,07:35:35,07:35:50,0
Z-51SkRkO5YyfPeYNTS-n-07:00:00,SYN_107155,84,07:35:57,07:36:12,0
Z-51SkRkO5YyfPeYNTS-n-07:00:00,SYN_107156,85,07:36:20,07:36:35,0
Z-51SkRkO5YyfPeYNTS-n-07:00:00,SYN_107157,86,07:36:55,07:37:10,0
Z-51SkRkO5YyfPeYNTS-n-07:00:00,SYN_107158,87,07:37:24,07:37:39,0
Z-51SkRkO5YyfPeYNTS-n-07:00:00,SYN_107159,88,07:37:44,07:37:59,0
Z-51SkRkO5YyfPeYNTS-n-07:00:00,SYN_107160,89,07:38:05,07:38:20,0
Z-51SkRkO5YyfPeYNTS-n-07:00:00,SYN_107161,90,07:38:25,07:38:40,0
Z-51SkRkO5YyfPeYNTS-n-07:00:00,SYN_107162,91,07:38:50,07:39:05,0
Z-51SkRkO5YyfPeYNTS-n-07:00:00,SYN_107163,92,07:39:15,07:39:30,0
Z-51SkRkO5YyfPeYNTS-n-07:00:00,SYN_107164,93,07:39:40,07:39:55,0
Z-51SkRkO5YyfPeYNTS-n-07:00:00,SYN_107165,94,07:40:06,07:40:21,0
Z-51SkRkO5YyfPeYNTS-n-07:00:00,SYN_107166,95,07:40:31,07:40:46,0
Z-51SkRkO5YyfPeYNTS-n-07:00:00,SYN_107167,96,07:40:55,07:41:10,0
Z-51SkRkO5YyfPeYNTS-n-07:00:00,SYN_107168,97,07:41:19,07:41:34,0
Z-51SkRkO5YyfPeYNTS-n-07:00:00,SYN_107169,98,07:41:42,07:41:57,0
Z-51SkRkO5YyfPeYNTS-n-07:00:00,SYN_107170,99,07:42:13,07:42:28,0
Z-51SkRkO5YyfPeYNTS-n-07:00:00,SYN_107171,100,07:42:48,07:43:03,0
Z-51SkRkO5YyfPeYNTS-n-07:00:00,SYN_107172,101,07:43:10,07:43:25,0
Z-51SkRkO5YyfPeYNTS-n-07:00:00,SYN_107173,102,07:43:32,07:43:47,0
Z-51SkRkO5YyfPeYNTS-n-07:00:00,SYN_107174,103,07:43:54,07:44:09,0
Z-51SkRkO5YyfPeYNTS-n-07:00:00,SYN_107175,104,07:44:20,07:44:35,0
Z-51SkRkO5YyfPeYNTS-n-07:00:00,SYN_107176,105,07:44:54,07:45:09,0
Z-51SkRkO5YyfPeYNTS-n-07:00:00,SYN_107177,106,07:45:21,07:45:36,0
Z-51SkRkO5YyfPeYNTS-n-07:00:00,SYN_107178,107,07:45:48,07:46:03,0
Z-51SkRkO5YyfPeYNTS-n-07:00:00,SYN_107179,108,07:46:17,07:46:32,0
Z-51SkRkO5YyfPeYNTS-n-07:00:00,SYN_107180,109,07:46:46,07:47:01,0
Z-51SkRkO5YyfPeYNTS-n-07:00:00,SYN_107181,110,07:47:16,07:47:31,0
Z-51SkRkO5YyfPeYNTS-n-07:00:00,SYN_107182,111,07:47:45,07:48:00,0
Z-51SkRkO5YyfPeYNTS-n-07:00:00,SYN_107183,112,07:48:12,07:48:27,0
Z-51SkRkO5YyfPeYNTS-n-07:00:00,SYN_107184,113,07:48:39,07:48:54,0
Z-51SkRkO5YyfPeYNTS-n-07:00:00,SYN_107185,114,07:49:11,07:49:26,0
Z-51SkRkO5YyfPeYNTS-n-07:00:00,SYN_107186,115,07:49:41,07:49:56,0
Z-51SkRkO5YyfPeYNTS-n-07:00:00,SYN_107187,116,07:50:10,07:50:25,0
Z-51SkRkO5YyfPeYNTS-n-07:00:00,SYN_107188,117,07:50:33,07:50:48,0
Z-51SkRkO5YyfPeYNTS-n-07:00:00,SYN_107189,118,07:50:56,07:51:11,0
Z-51SkRkO5YyfPeYNTS-n-07:00:00,SYN_107190,119,07:51:19,07:51:34,0
Z-51SkRkO5YyfPeYNTS-n-07:00:00,SYN_107191,120,07:51:42,07:51:57,0
Z-51SkRkO5YyfPeYNTS-n-07:00:00,SYN_107192,121,07:52:16,07:52:31,0
Z-51SkRkO5YyfPeYNTS-n-07:00:00,SYN_107193,122,07:52:44,07:52:59,0
Z-51SkRkO5YyfPeYNTS-n-07:00:00,SYN_107194,123,07:53:09,07:53:24,0
Z-51SkRkO5YyfPeYNTS-n-07:00:00,SYN_107195,124,07:53:42,07:53:57,0
Z-51SkRkO5YyfPeYNTS-n-07:00:00,SYN_107196,125,07:54:23,07:54:38,0
LYcY_J8e-Dijvjm6uZhgZ-07:00:00,SYN_107071,0,07:55:55,07:56:10,0
LYcY_J8e-Dijvjm6uZhgZ-07:00:00,SYN_107072,1,07:55:28,07:55:43,0
LYcY_J8e-Dijvjm6uZhgZ-07:00:00,SYN_107073,2,07:55:01,07:55:16,0
LYcY_J8e-Dijvjm6uZhgZ-07:00:00,SYN_107074,3,07:54:34,07:54:49,0
LYcY_J8e-Dijvjm6uZhgZ-07:00:00,SYN_107075,4,07:54:07,07:54:22,0
LYcY_J8e-Dijvjm6uZhgZ-07:00:00,SYN_107076,5,07:53:41,07:53:56,0
LYcY_J8e-Dijvjm6uZhgZ-07:00:00,SYN_107077,6,07:53:14,07:53:29,0
LYcY_J8e-Dijvjm6uZhgZ-07:00:00,SYN_107078,7,07:52:47,07:53:02,0
LYcY_J8e-Dijvjm6uZhgZ-07:00:00,SYN_107079,8,07:52:20,07:52:35,0
LYcY_J8e-Dijvjm6uZhgZ-07:00:00,SYN_107080,9,07:51:53,07:52:08,0
LYcY_J8e-Dijvjm6uZhgZ-07:00:00,SYN_107081,10,07:51:26,07:51:41,0
LYcY_J8e-Dijvjm6uZhgZ-07:00:00,SYN_107082,11,07:51:00,07:51:15,0
LYcY_J8e-Dijvjm6uZhgZ-07:00:00,SYN_107083,12,07:50:33,07:50:48,0
LYcY_J8e-Dijvjm6uZhgZ-07:00:00,SYN_107084,13,07:50:06,07:50:21,0
LYcY_J8e-Dijvjm6uZhgZ-07:00:00,SYN_107085,14,07:49:39,07:49:54,0
LYcY_J8e-Dijvjm6uZhgZ-07:00:00,SYN_107086,15,07:49:12,07:49:27,0
LYcY_J8e-Dijvjm6uZhgZ-07:00:00,SYN_107087,16,07:48:45,07:49:00,0
LYcY_J8e-Dijvjm6uZhgZ-07:00:00,SYN_107088,17,07:48:19,07:48:34,0
LYcY_J8e-Dijvjm6uZhgZ-07:00:00,SYN_107089,18,07:47:52,07:48:07,0
LYcY_J8e-Dijvjm6uZhgZ-07:00:00,SYN_107090,19,07:47:25,07:47:40,0
LYcY_J8e-Dijvjm6uZhgZ-07:00:00,SYN_107091,20,07:46:58,07:47:13,0
LYcY_J8e-Dijvjm6uZhgZ-07:00:00,SYN_107092,21,07:46:31,07:46:46,0
LYcY_J8e-Dijvjm6uZhgZ-07:00:00,SYN_107093,22,07:46:05,07:46:20,0
LYcY_J8e-Dijvjm6uZhgZ-07:00:00,SYN_107094,23,07:45:38,07:45:53,0
LYcY_J8e-Dijvjm6uZhgZ-07:00:00,SYN_107095,24,07:45:11,07:45:26,0
LYcY_J8e-Dijvjm6uZhgZ-07:00:00,SYN_107096,25,07:44:44,07:44:59,0
LYcY_J8e-Dijvjm6uZhgZ-07:00:00,SYN_107097,26,07:44:17,07:44:32,0
LYcY_J8e-Dijvjm6uZhgZ-07:00:00,SYN_107098,27,07:43:50,07:44:05,0
LYcY_J8e-Dijvjm6uZhgZ-07:00:00,SYN_107099,28,07:43:24,07:43:39,0
LYcY_J8e-Dijvjm6uZhgZ-07:00:00,SYN_107100,29,07:42:57,07:43:12,0
LYcY_J8e-Dijvjm6uZhgZ-07:00:00,SYN_107101,30,07:42:30,07:42:45,0
LYcY_J8e-Dijvjm6uZhgZ-07:00:00,SYN_107102,31,07:42:03,07:42:18,0
LYcY_J8e-Dijvjm6uZhgZ-07:00:00,SYN_107103,32,07:41:36,07:41:51,0
LYcY_J8e-Dijvjm6uZhgZ-07:00:00,SYN_107104,33,07:41:09,07:41:24,0
LYcY_J8e-Dijvjm6uZhgZ-07:00:00,SYN_107105,34,07:40:43,07:40:58,0
LYcY_J8e-Dijvjm6uZhgZ-07:00:00,SYN_107106,35,07:40:16,07:40:31,0
LYcY_J8e-Dijvjm6uZhgZ-07:00:00,SYN_107107,36,07:39:49,07:40:04,0
LYcY_J8e-Dijvjm6uZhgZ-07:00:00,SYN_107108,37,07:39:22,07:39:37,0
LYcY_J8e-Dijvjm6uZhgZ-07:00:00,SYN_107109,38,07:38:55,07:39:10,0
LYcY_J8e-Dijvjm6uZhgZ-07:00:00,SYN_107110,39,07:38:29,07:38:44,0
LYcY_J8e-Dijvjm6uZhgZ-07:00:00,SYN_107111,40,07:38:02,07:38:17,0
LYcY_J8e-Dijvjm6uZhgZ-07:00:00,SYN_107112,41,07:37:35,07:37:50,0
LYcY_J8e-Dijvjm6uZhgZ-07:00:00,SYN_107113,42,07:37:08,07:37:23,0
LYcY_J8e-Dijvjm6uZhgZ-07:00:00,SYN_107114,43,07:36:41,07:36:56,0
LYcY_J8e-Dijvjm6uZhgZ-07:00:00,SYN_107115,44,07:36:14,07:36:29,0
LYcY_J8e-Dijvjm6uZhgZ-07:00:00,SYN_107116,45,07:35:48,07:36:03,0
LYcY_J8e-Dijvjm6uZhgZ-07:00:00,SYN_107117,46,07:35:21,07:35:36,0
LYcY_J8e-Dijvjm6uZhgZ-07:00:00,SYN_107118,47,07:34:54,07:35:09,0
LYcY_J8e-Dijvjm6uZhgZ-07:00:00,SYN_107119,48,07:34:27,07:34:42,0
LYcY_J8e-Dijvjm6uZhgZ-07:00:00,SYN_107120,49,07:34:00,07:34:15,0
LYcY_J8e-Dijvjm6uZhgZ-07:00:00,SYN_107121,50,07:33:33,07:33:48,0
LYcY_J8e-Dijvjm6uZhgZ-07:00:00,SYN_107122,51,07:33:07,07:33:22,0
LYcY_J8e-Dijvjm6uZhgZ-07:00:00,SYN_107123,52,07:32:40,07:32:55,0
LYcY_J8e-Dijvjm6uZhgZ-07:00:00,SYN_107124,53,07:32:13,07:32:28,0
LYcY_J8e-Dijvjm6uZhgZ-07:00:00,SYN_107125,54,07:31:46,07:32:01,0
LYcY_J8e-Dijvjm6uZhgZ-07:00:00,SYN_107126,55,07:31:19,07:31:34,0
LYcY_J8e-Dijvjm6uZhgZ-07:00:00,SYN_107127,56,07:30:52,07:31:07,0
LYcY_J8e-Dijvjm6uZhgZ-07:00:00,SYN_107128,57,07:30:26,07:30:41,0
LYcY_J8e-Dijvjm6uZhgZ-07:00:00,SYN_107129,58,07:29:59,07:30:14,0
LYcY_J8e-Dijvjm6uZhgZ-07:00:00,SYN_107130,59,07:29:32,07:29:47,0
LYcY_J8e-Dijvjm6uZhgZ-07:00:00,SYN_107131,60,07:29:05,07:29:20,0
LYcY_J8e-Dijvjm6uZhgZ-07:00:00,SYN_107132,61,07:28:38,07:28:53,0
LYcY_J8e-Dijvjm6uZhgZ-07:00:00,SYN_107133,62,07:28:12,07:28:27,0
LYcY_J8e-Dijvjm6uZhgZ-07:00:00,SYN_107134,63,07:27:45,07:28:00,0
LYcY_J8e-Dijvjm6uZhgZ-07:00:00,SYN_107135,64,07:27:18,07:27:33,0
LYcY_J8e-Dijvjm6uZhgZ-07:00:00,SYN_107136,65,07:26:51,07:27:06,0
LYcY_J8e-Dijvjm6uZhgZ-07:00:00,SYN_107137,66,07:26:24,07:26:39,0
LYcY_J8e-Dijvjm6uZhgZ-07:00:00,SYN_107138,67,07:25:57,07:26:12,0
LYcY_J8e-Dijvjm6uZhgZ-07:00:00,SYN_107139,68,07:25:31,07:25:46,0
LYcY_J8e-Dijvjm6uZhgZ-07:00:00,SYN_107140,69,07:25:04,07:25:19,0
LYcY_J8e-Dijvjm6uZhgZ-07:00:00,SYN_107141,70,07:24:37,07:24:52,0
LYcY_J8e-Dijvjm6uZhgZ-07:00:00,SYN_107142,71,07:24:10,07:24:25,0
LYcY_J8e-Dijvjm6uZhgZ-07:00:00,SYN_107143,72,07:23:43,07:23:58,0
LYcY_J8e-Dijvjm6uZhgZ-07:00:00,SYN_107144,73,07:23:16,07:23:31,0
LYcY_J8e-Dijvjm6uZhgZ-07:00:00,SYN_107145,74,07:22:50,07:23:05,0
LYcY_J8e-Dijvjm6uZhgZ-07:00:00,SYN_107146,75,07:22:23,07:22:38,0
LYcY_J8e-Dijvjm6uZhgZ-07:00:00,SYN_107147,76,07:21:56,07:22:11,0
LYcY_J8e-Dijvjm6uZhgZ-07:00:00,SYN_107148,77,07:21:29,07:21:44,0
LYcY_J8e-Dijvjm6uZhgZ-07:00:00,SYN_107149,78,07:21:02,07:21:17,0
LYcY_J8e-Dijvjm6uZhgZ-07:00:00,SYN_107150,79,07:20:36,07:20:51,0
LYcY_J8e-Dijvjm6uZhgZ-07:00:00,SYN_107151,80,07:20:09,07:20:24,0
LYcY_J8e-Dijvjm6uZhgZ-07:00:00,SYN_107152,81,07:19:42,07:19:57,0
LYcY_J8e-Dijvjm6uZhgZ-07:00:00,SYN_107153,82,07:19:15,07:19:30,0
LYcY_J8e-Dijvjm6uZhgZ-07:00:00,SYN_107154,83,07:18:48,07:19:03,0
LYcY_J8e-Dijvjm6uZhgZ-07:00:00,SYN_107155,84,07:18:21,07:18:36,0
LYcY_J8e-Dijvjm6uZhgZ-07:00:00,SYN_107156,85,07:17:55,07:18:10,0
LYcY_J8e-Dijvjm6uZhgZ-07:00:00,SYN_107157,86,07:17:28,07:17:43,0
LYcY_J8e-Dijvjm6uZhgZ-07:00:00,SYN_107158,87,07:17:01,07:17:16,0
LYcY_J8e-Dijvjm6uZhgZ-07:00:00,SYN_107159,88,07:16:34,07:16:49,0
LYcY_J8e-Dijvjm6uZhgZ-07:00:00,SYN_107160,89,07:16:07,07:16:22,0
LYcY_J8e-Dijvjm6uZhgZ-07:00:00,SYN_107161,90,07:15:40,07:15:55,0
LYcY_J8e-Dijvjm6uZhgZ-07:00:00,SYN_107162,91,07:15:14,07:15:29,0
LYcY_J8e-Dijvjm6uZhgZ-07:00:00,SYN_107163,92,07:14:47,07:15:02,0
LYcY_J8e-Dijvjm6uZhgZ-07:00:00,SYN_107164,93,07:14:20,07:14:35,0
LYcY_J8e-Dijvjm6uZhgZ-07:00:00,SYN_107165,94,07:13:53,07:14:08,0
LYcY_J8e-Dijvjm6uZhgZ-07:00:00,SYN_107166,95,07:13:26,07:13:41,0
LYcY_J8e-Dijvjm6uZhgZ-07:00:00,SYN_107167,96,07:12:59,07:13:14,0
LYcY_J8e-Dijvjm6uZhgZ-07:00:00,SYN_107168,97,07:12:33,07:12:48,0
LYcY_J8e-Dijvjm6uZhgZ-07:00:00,SYN_107169,98,07:12:06,07:12:21,0
LYcY_J8e-Dijvjm6uZhgZ-07:00:00,SYN_107170,99,07:11:39,07:11:54,0
LYcY_J8e-Dijvjm6uZhgZ-07:00:00,SYN_107171,100,07:11:12,07:11:27,0
LYcY_J8e-Dijvjm6uZhgZ-07:00:00,SYN_107172,101,07:10:45,07:11:00,0
LYcY_J8e-Dijvjm6uZhgZ-07:00:00,SYN_107173,102,07:10:19,07:10:34,0
LYcY_J8e-Dijvjm6uZhgZ-07:00:00,SYN_107174,103,07:09:52,07:10:07,0
LYcY_J8e-Dijvjm6uZhgZ-07:00:00,SYN_107175,104,07:09:25,07:09:40,0
LYcY_J8e-Dijvjm6uZhgZ-07:00:00,SYN_107176,105,07:08:58,07:09:13,0
LYcY_J8e-Dijvjm6uZhgZ-07:00:00,SYN_107177,106,07:08:31,07:08:46,0
LYcY_J8e-Dijvjm6uZhgZ-07:00:00,SYN_107178,107,07:08:04,07:08:19,0
LYcY_J8e-Dijvjm6uZhgZ-07:00:00,SYN_107179,108,07:07:38,07:07:53,0
LYcY_J8e-Dijvjm6uZhgZ-07:00:00,SYN_107180,109,07:07:11,07:07:26,0
LYcY_J8e-Dijvjm6uZhgZ-07:00:00,SYN_107181,110,07:06:44,07:06:59,0
LYcY_J8e-Dijvjm6uZhgZ-07:00:00,SYN_107182,111,07:06:17,07:06:32,0
LYcY_J8e-Dijvjm6uZhgZ-07:00:00,SYN_107183,112,07:05:50,07:06:05,0
LYcY_J8e-Dijvjm6uZhgZ-07:00:00,SYN_107184,113,07:05:23,07:05:38,0
LYcY_J8e-Dijvjm6uZhgZ-07:00:00,SYN_107185,114,07:04:57,07:05:12,0
LYcY_J8e-Dijvjm6uZhgZ-07:00:00,SYN_107186,115,07:04:30,07:04:45,0
LYcY_J8e-Dijvjm6uZhgZ-07:00:00,SYN_107187,116,07:04:03,07:04:18,0
LYcY_J8e-Dijvjm6uZhgZ-07:00:00,SYN_107188,117,07:03:36,07:03:51,0
LYcY_J8e-Dijvjm6uZhgZ-07:00:00,SYN_107189,118,07:03:09,07:03:24,0
LYcY_J8e-Dijvjm6uZhgZ-07:00:00,SYN_107190,119,07:02:43,07:02:58,0
LYcY_J8e-Dijvjm6uZhgZ-07:00:00,SYN_107191,120,07:02:16,07:02:31,0
LYcY_J8e-Dijvjm6uZhgZ-07:00:00,SYN_107192,121,07:01:49,07:02:04,0
LYcY_J8e-Dijvjm6uZhgZ-07:00:00,SYN_107193,122,07:01:22,07:01:37,0
LYcY_J8e-Dijvjm6uZhgZ-07:00:00,SYN_107194,123,07:00:55,07:01:10,0
LYcY_J8e-Dijvjm6uZhgZ-07:00:00,SYN_107195,124,07:00:28,07:00:43,0
LYcY_J8e-Dijvjm6uZhgZ-07:00:00,SYN_107196,125,07:00:02,07:00:17,0
vGWP0NAWQ2WwsR_DTpmn9-07:00:00,SYN_107198,0,07:00:37,07:00:52,0
vGWP0NAWQ2WwsR_DTpmn9-07:00:00,SYN_107199,1,07:01:10,07:01:25,0
vGWP0NAWQ2WwsR_DTpmn9-07:00:00,SYN_107200,2,07:01:52,07:02:07,0
vGWP0NAWQ2WwsR_DTpmn9-07:00:00,SYN_107201,3,07:02:18,07:02:33,0
vGWP0NAWQ2WwsR_DTpmn9-07:00:00,SYN_107202,4,07:02:46,07:03:01,0
vGWP0NAWQ2WwsR_DTpmn9-07:00:00,SYN_107203,5,07:03:14,07:03:29,0
vGWP0NAWQ2WwsR_DTpmn9-07:00:00,SYN_107204,6,07:03:52,07:04:07,0
vGWP0NAWQ2WwsR_DTpmn9-07:00:00,SYN_107205,7,07:04:19,07:04:34,0
vGWP0NAWQ2WwsR_DTpmn9-07:00:00,SYN_107206,8,07:04:41,07:04:56,0
vGWP0NAWQ2WwsR_DTpmn9-07:00:00,SYN_107207,9,07:05:03,07:05:18,0
vGWP0NAWQ2WwsR_DTpmn9-07:00:00,SYN_107208,10,07:05:31,07:05:46,0
vGWP0NAWQ2WwsR_DTpmn9-07:00:00,SYN_107209,11,07:06:04,07:06:19,0
vGWP0NAWQ2WwsR_DTpmn9-07:00:00,SYN_107210,12,07:06:34,07:06:49,0
vGWP0NAWQ2WwsR_DTpmn9-07:00:00,SYN_107211,13,07:07:03,07:07:18,0
vGWP0NAWQ2WwsR_DTpmn9-07:00:00,SYN_107212,14,07:07:32,07:07:47,0
vGWP0NAWQ2WwsR_DTpmn9-07:00:00,SYN_107213,15,07:07:59,07:08:14,0
vGWP0NAWQ2WwsR_DTpmn9-07:00:00,SYN_107214,16,07:08:24,07:08:39,0
vGWP0NAWQ2WwsR_DTpmn9-07:00:00,SYN_107215,17,07:08:48,07:09:03,0
vGWP0NAWQ2WwsR_DTpmn9-07:00:00,SYN_107216,18,07:09:13,07:09:28,0
vGWP0NAWQ2WwsR_DTpmn9-07:00:00,SYN_107217,19,07:09:38,07:09:53,0
vGWP0NAWQ2WwsR_DTpmn9-07:00:00,SYN_107218,20,07:10:05,07:10:20,0
vGWP0NAWQ2WwsR_DTpmn9-07:00:00,SYN_107219,21,07:10:35,07:10:50,0
vGWP0NAWQ2WwsR_DTpmn9-07:00:00,SYN_107220,22,07:11:04,07:11:19,0
vGWP0NAWQ2WwsR_DTpmn9-07:00:00,SYN_107221,23,07:11:32,07:11:47,0
vGWP0NAWQ2WwsR_DTpmn9-07:00:00,SYN_107222,24,07:11:54,07:12:09,0
vGWP0NAWQ2WwsR_DTpmn9-07:00:00,SYN_107223,25,07:12:15,07:12:30,0
vGWP0NAWQ2WwsR_DTpmn9-07:00:00,SYN_107224,26,07:12:35,07:12:50,0
vGWP0NAWQ2WwsR_DTpmn9-07:00:00,SYN_107225,27,07:12:55,07:13:10,0
vGWP0NAWQ2WwsR_DTpmn9-07:00:00,SYN_107226,28,07:13:16,07:13:31,0
vGWP0NAWQ2WwsR_DTpmn9-07:00:00,SYN_107227,29,07:13:36,07:13:51,0
vGWP0NAWQ2WwsR_DTpmn9-07:00:00,SYN_107228,30,07:13:57,07:14:12,0
vGWP0NAWQ2WwsR_DTpmn9-07:00:00,SYN_107229,31,07:14:18,07:14:33,0
vGWP0NAWQ2WwsR_DTpmn9-07:00:00,SYN_107230,32,07:14:46,07:15:01,0
vGWP0NAWQ2WwsR_DTpmn9-07:00:00,SYN_107231,33,07:15:13,07:15:28,0
vGWP0NAWQ2WwsR_DTpmn9-07:00:00,SYN_107232,34,07:15:41,07:15:56,0
vGWP0NAWQ2WwsR_DTpmn9-07:00:00,SYN_107233,35,07:16:07,07:16:22,0
vGWP0NAWQ2WwsR_DTpmn9-07:00:00,SYN_107234,36,07:16:32,07:16:47,0
vGWP0NAWQ2WwsR_DTpmn9-07:00:00,SYN_107235,37,07:16:57,07:17:12,0
vGWP0NAWQ2WwsR_DTpmn9-07:00:00,SYN_107236,38,07:17:23,07:17:38,0
vGWP0NAWQ2WwsR_DTpmn9-07:00:00,SYN_107237,39,07:17:48,07:18:03,0
vGWP0NAWQ2WwsR_DTpmn9-07:00:00,SYN_107238,40,07:18:14,07:18:29,0
vGWP0NAWQ2WwsR_DTpmn9-07:00:00,SYN_107239,41,07:18:42,07:18:57,0
vGWP0NAWQ2WwsR_DTpmn9-07:00:00,SYN_107240,42,07:19:11,07:19:26,0
vGWP0NAWQ2WwsR_DTpmn9-07:00:00,SYN_107241,43,07:19:36,07:19:51,0
vGWP0NAWQ2WwsR_DTpmn9-07:00:00,SYN_107242,44,07:19:58,07:20:13,0
vGWP0NAWQ2WwsR_DTpmn9-07:00:00,SYN_107243,45,07:20:20,07:20:35,0
vGWP0NAWQ2WwsR_DTpmn9-07:00:00,SYN_107244,46,07:20:42,07:20:57,0
vGWP0NAWQ2WwsR_DTpmn9-07:00:00,SYN_107245,47,07:21:04,07:21:19,0
vGWP0NAWQ2WwsR_DTpmn9-07:00:00,SYN_107246,48,07:21:27,07:21:42,0
vGWP0NAWQ2WwsR_DTpmn9-07:00:00,SYN_107247,49,07:22:02,07:22:17,0
vGWP0NAWQ2WwsR_DTpmn9-07:00:00,SYN_107248,50,07:22:30,07:22:45,0
vGWP0NAWQ2WwsR_DTpmn9-07:00:00,SYN_107249,51,07:22:51,07:23:06,0
vGWP0NAWQ2WwsR_DTpmn9-07:00:00,SYN_107250,52,07:23:12,07:23:27,0
vGWP0NAWQ2WwsR_DTpmn9-07:00:00,SYN_107251,53,07:23:32,07:23:47,0
vGWP0NAWQ2WwsR_DTpmn9-07:00:00,SYN_107252,54,07:23:57,07:24:12,0
vGWP0NAWQ2WwsR_DTpmn9-07:00:00,SYN_107253,55,07:24:22,07:24:37,0
vGWP0NAWQ2WwsR_DTpmn9-07:00:00,SYN_107254,56,07:24:47,07:25:02,0
vGWP0NAWQ2WwsR_DTpmn9-07:00:00,SYN_107255,57,07:25:12,07:25:27,0
vGWP0NAWQ2WwsR_DTpmn9-07:00:00,SYN_107256,58,07:25:37,07:25:52,0
vGWP0NAWQ2WwsR_DTpmn9-07:00:00,SYN_107257,59,07:26:01,07:26:16,0
vGWP0NAWQ2WwsR_DTpmn9-07:00:00,SYN_107258,60,07:26:24,07:26:39,0
vGWP0NAWQ2WwsR_DTpmn9-07:00:00,SYN_107259,61,07:26:48,07:27:03,0
vGWP0NAWQ2WwsR_DTpmn9-07:00:00,SYN_107260,62,07:27:19,07:27:34,0
vGWP0NAWQ2WwsR_DTpmn9-07:00:00,SYN_107261,63,07:27:53,07:28:08,0
vGWP0NAWQ2WwsR_DTpmn9-07:00:00,SYN_107262,64,07:28:16,07:28:31,0
vGWP0NAWQ2WwsR_DTpmn9-07:00:00,SYN_107263,65,07:28:38,07:28:53,0
vGWP0NAWQ2WwsR_DTpmn9-07:00:00,SYN_107264,66,07:29:00,07:29:15,0
vGWP0NAWQ2WwsR_DTpmn9-07:00:00,SYN_107265,67,07:29:31,07:29:46,0
vGWP0NAWQ2WwsR_DTpmn9-07:00:00,SYN_107266,68,07:30:05,07:30:20,0
vGWP0NAWQ2WwsR_DTpmn9-07:00:00,SYN_107267,69,07:30:30,07:30:45,0
vGWP0NAWQ2WwsR_DTpmn9-07:00:00,SYN_107268,70,07:30:55,07:31:10,0
vGWP0NAWQ2WwsR_DTpmn9-07:00:00,SYN_107269,71,07:31:23,07:31:38,0
vGWP0NAWQ2WwsR_DTpmn9-07:00:00,SYN_107270,72,07:31:52,07:32:07,0
vGWP0NAWQ2WwsR_DTpmn9-07:00:00,SYN_107271,73,07:32:22,07:32:37,0
vGWP0NAWQ2WwsR_DTpmn9-07:00:00,SYN_107272,74,07:32:50,07:33:05,0
vGWP0NAWQ2WwsR_DTpmn9-07:00:00,SYN_107273,75,07:33:15,07:33:30,0
vGWP0NAWQ2WwsR_DTpmn9-07:00:00,SYN_107274,76,07:33:41,07:33:56,0
vGWP0NAWQ2WwsR_DTpmn9-07:00:00,SYN_107275,77,07:34:10,07:34:25,0
vGWP0NAWQ2WwsR_DTpmn9-07:00:00,SYN_107276,78,07:34:43,07:34:58,0
vGWP0NAWQ2WwsR_DTpmn9-07:00:00,SYN_107277,79,07:35:15,07:35:30,0
vGWP0NAWQ2WwsR_DTpmn9-07:00:00,SYN_107278,80,07:35:38,07:35:53,0
vGWP0NAWQ2WwsR_DTpmn9-07:00:00,SYN_107279,81,07:36:01,07:36:16,0
vGWP0NAWQ2WwsR_DTpmn9-07:00:00,SYN_107280,82,07:36:24,07:36:39,0
vGWP0NAWQ2WwsR_DTpmn9-07:00:00,SYN_107281,83,07:36:47,07:37:02,0
vGWP0NAWQ2WwsR_DTpmn9-07:00:00,SYN_107282,84,07:37:22,07:37:37,0
vGWP0NAWQ2WwsR_DTpmn9-07:00:00,SYN_107283,85,07:37:48,07:38:03,0
vGWP0NAWQ2WwsR_DTpmn9-07:00:00,SYN_107284,86,07:38:13,07:38:28,0
vGWP0NAWQ2WwsR_DTpmn9-07:00:00,SYN_107285,87,07:38:47,07:39:02,0
vGWP0NAWQ2WwsR_DTpmn9-07:00:00,SYN_107286,88,07:39:28,07:39:43,0
vGWP0NAWQ2WwsR_DTpmn9-07:00:00,SYN_107287,89,07:40:25,07:40:40,0
bd7828viXdflnfuupm3s6-07:00:00,SYN_107202,0,07:36:29,07:36:44,0
bd7828viXdflnfuupm3s6-07:00:00,SYN_107203,1,07:36:03,07:36:18,0
bd7828viXdflnfuupm3s6-07:00:00,SYN_107204,2,07:35:36,07:35:51,0
bd7828viXdflnfuupm3s6-07:00:00,SYN_107205,3,07:35:10,07:35:25,0
bd7828viXdflnfuupm3s6-07:00:00,SYN_107206,4,07:34:44,07:34:59,0
bd7828viXdflnfuupm3s6-07:00:00,SYN_107207,5,07:34:17,07:34:32,0
bd7828viXdflnfuupm3s6-07:00:00,SYN_107208,6,07:33:51,07:34:06,0
bd7828viXdflnfuupm3s6-07:00:00,SYN_107209,7,07:33:25,07:33:40,0
bd7828viXdflnfuupm3s6-07:00:00,SYN_107210,8,07:32:58,07:33:13,0
bd7828viXdflnfuupm3s6-07:00:00,SYN_107211,9,07:32:32,07:32:47,0
bd7828viXdflnfuupm3s6-07:00:00,SYN_107212,10,07:32:06,07:32:21,0
bd7828viXdflnfuupm3s6-07:00:00,SYN_107213,11,07:31:39,07:31:54,0
bd7828viXdflnfuupm3s6-07:00:00,SYN_107214,12,07:31:13,07:31:28,0
bd7828viXdflnfuupm3s6-07:00:00,SYN_107215,13,07:30:47,07:31:02,0
bd7828viXdflnfuupm3s6-07:00:00,SYN_107216,14,07:30:20,07:30:35,0
bd7828viXdflnfuupm3s6-07:00:00,SYN_107217,15,07:29:54,07:30:09,0
bd7828viXdflnfuupm3s6-07:00:00,SYN_107218,16,07:29:28,07:29:43,0
bd7828viXdflnfuupm3s6-07:00:00,SYN_107219,17,07:29:02,07:29:17,0
bd7828viXdflnfuupm3s6-07:00:00,SYN_107220,18,07:28:35,07:28:50,0
bd7828viXdflnfuupm3s6-07:00:00,SYN_107221,19,07:28:09,07:28:24,0
bd7828viXdflnfuupm3s6-07:00:00,SYN_107222,20,07:27:43,07:27:58,0
bd7828viXdflnfuupm3s6-07:00:00,SYN_107223,21,07:27:16,07:27:31,0
bd7828viXdflnfuupm3s6-07:00:00,SYN_107224,22,07:26:50,07:27:05,0
bd7828viXdflnfuupm3s6-07:00:00,SYN_107225,23,07:26:24,07:26:39,0
bd7828viXdflnfuupm3s6-07:00:00,SYN_107226,24,07:25:57,07:26:12,0
bd7828viXdflnfuupm3s6-07:00:00,SYN_107227,25,07:25:31,07:25:46,0
bd7828viXdflnfuupm3s6-07:00:00,SYN_107228,26,07:25:05,07:25:20,0
bd7828viXdflnfuupm3s6-07:00:00,SYN_107229,27,07:24:38,07:24:53,0
bd7828viXdflnfuupm3s6-07:00:00,SYN_107230,28,07:24:12,07:24:27,0
bd7828viXdflnfuupm3s6-07:00:00,SYN_107231,29,07:23:46,07:24:01,0
bd7828viXdflnfuupm3s6-07:00:00,SYN_107232,30,07:23:19,07:23:34,0
bd7828viXdflnfuupm3s6-07:00:00,SYN_107233,31,07:22:53,07:23:08,0
bd7828viXdflnfuupm3s6-07:00:00,SYN_107234,32,07:22:27,07:22:42,0
bd7828viXdflnfuupm3s6-07:00:00,SYN_107235,33,07:22:01,07:22:16,0
bd7828viXdflnfuupm3s6-07:00:00,SYN_107236,34,07:21:34,07:21:49,0
bd7828viXdflnfuupm3s6-07:00:00,SYN_107237,35,07:21:08,07:21:23,0
bd7828viXdflnfuupm3s6-07:00:00,SYN_107238,36,07:20:42,07:20:57,0
bd7828viXdflnfuupm3s6-07:00:00,SYN_107239,37,07:20:15,07:20:30,0
bd7828viXdflnfuupm3s6-07:00:00,SYN_107240,38,07:19:49,07:20:04,0
bd7828viXdflnfuupm3s6-07:00:00,SYN_107241,39,07:19:23,07:19:38,0
bd7828viXdflnfuupm3s6-07:00:00,SYN_107242,40,07:18:56,07:19:11,0
bd7828viXdflnfuupm3s6-07:00:00,SYN_107243,41,07:18:30,07:18:45,0
bd7828viXdflnfuupm3s6-07:00:00,SYN_107244,42,07:18:04,07:18:19,0
bd7828viXdflnfuupm3s6-07:00:00,SYN_107245,43,07:17:37,07:17:52,0
bd7828viXdflnfuupm3s6-07:00:00,SYN_107246,44,07:17:11,07:17:26,0
bd7828viXdflnfuupm3s6-07:00:00,SYN_107247,45,07:16:45,07:17:00,0
bd7828viXdflnfuupm3s6-07:00:00,SYN_107248,46,07:16:18,07:16:33,0
bd7828viXdflnfuupm3s6-07:00:00,SYN_107249,47,07:15:52,07:16:07,0
bd7828viXdflnfuupm3s6-07:00:00,SYN_107250,48,07:15:26,07:15:41,0
bd7828viXdflnfuupm3s6-07:00:00,SYN_107251,49,07:15:00,07:15:15,0
bd7828viXdflnfuupm3s6-07:00:00,SYN_107252,50,07:14:33,07:14:48,0
bd7828viXdflnfuupm3s6-07:00:00,SYN_107253,51,07:14:07,07:14:22,0
bd7828viXdflnfuupm3s6-07:00:00,SYN_107254,52,07:13:41,07:13:56,0
bd7828viXdflnfuupm3s6-07:00:00,SYN_107255,53,07:13:14,07:13:29,0
bd7828viXdflnfuupm3s6-07:00:00,SYN_107256,54,07:12:48,07:13:03,0
bd7828viXdflnfuupm3s6-07:00:00,SYN_107257,55,07:12:22,07:12:37,0
bd7828viXdflnfuupm3s6-07:00:00,SYN_107258,56,07:11:55,07:12:10,0
bd7828viXdflnfuupm3s6-07:00:00,SYN_107259,57,07:11:29,07:11:44,0
bd7828viXdflnfuupm3s6-07:00:00,SYN_107260,58,07:11:03,07:11:18,0
bd7828viXdflnfuupm3s6-07:00:00,SYN_107261,59,07:10:36,07:10:51,0
bd7828viXdflnfuupm3s6-07:00:00,SYN_107262,60,07:10:10,07:10:25,0
bd7828viXdflnfuupm3s6-07:00:00,SYN_107263,61,07:09:44,07:09:59,0
bd7828viXdflnfuupm3s6-07:00:00,SYN_107264,62,07:09:17,07:09:32,0
bd7828viXdflnfuupm3s6-07:00:00,SYN_107265,63,07:08:51,07:09:06,0
bd7828viXdflnfuupm3s6-07:00:00,SYN_107266,64,07:08:25,07:08:40,0
bd7828viXdflnfuupm3s6-07:00:00,SYN_107267,65,07:07:59,07:08:14,0
bd7828viXdflnfuupm3s6-07:00:00,SYN_107268,66,07:07:32,07:07:47,0
bd7828viXdflnfuupm3s6-07:00:00,SYN_107269,67,07:07:06,07:07:21,0
bd7828viXdflnfuupm3s6-07:00:00,SYN_107270,68,07:06:40,07:06:55,0
bd7828viXdflnfuupm3s6-07:00:00,SYN_107271,69,07:06:13,07:06:28,0
bd7828viXdflnfuupm3s6-07:00:00,SYN_107272,70,07:05:47,07:06:02,0
bd7828viXdflnfuupm3s6-07:00:00,SYN_107273,71,07:05:21,07:05:36,0
bd7828viXdflnfuupm3s6-07:00:00,SYN_107274,72,07:04:54,07:05:09,0
bd7828viXdflnfuupm3s6-07:00:00,SYN_107275,73,07:04:28,07:04:43,0
bd7828viXdflnfuupm3s6-07:00:00,SYN_107276,74,07:04:02,07:04:17,0
bd7828viXdflnfuupm3s6-07:00:00,SYN_107277,75,07:03:35,07:03:50,0
bd7828viXdflnfuupm3s6-07:00:00,SYN_107278,76,07:03:09,07:03:24,0
bd7828viXdflnfuupm3s6-07:00:00,SYN_107279,77,07:02:43,07:02:58,0
bd7828viXdflnfuupm3s6-07:00:00,SYN_107280,78,07:02:17,07:02:32,0
bd7828viXdflnfuupm3s6-07:00:00,SYN_107281,79,07:01:50,07:02:05,0
bd7828viXdflnfuupm3s6-07:00:00,SYN_107282,80,07:01:24,07:01:39,0
bd7828viXdflnfuupm3s6-07:00:00,SYN_107283,81,07:00:58,07:01:13,0
bd7828viXdflnfuupm3s6-07:00:00,SYN_107284,82,07:00:31,07:00:46,0
bd7828viXdflnfuupm3s6-07:00:00,SYN_107285,83,07:00:05,07:00:20,0
RmCIDxJQKwF7GOCKKX3Oh-07:00:00,SYN_107288,0,07:00:37,07:00:52,0
RmCIDxJQKwF7GOCKKX3Oh-07:00:00,SYN_107289,1,07:01:18,07:01:33,0
RmCIDxJQKwF7GOCKKX3Oh-07:00:00,SYN_107290,2,07:01:58,07:02:13,0
RmCIDxJQKwF7GOCKKX3Oh-07:00:00,SYN_107291,3,07:02:25,07:02:40,0
RmCIDxJQKwF7GOCKKX3Oh-07:00:00,SYN_107292,4,07:02:51,07:03:06,0
RmCIDxJQKwF7GOCKKX3Oh-07:00:00,SYN_107293,5,07:03:23,07:03:38,0
RmCIDxJQKwF7GOCKKX3Oh-07:00:00,SYN_107294,6,07:03:51,07:04:06,0
RmCIDxJQKwF7GOCKKX3Oh-07:00:00,SYN_107295,7,07:04:14,07:04:29,0
RmCIDxJQKwF7GOCKKX3Oh-07:00:00,SYN_107296,8,07:04:37,07:04:52,0
RmCIDxJQKwF7GOCKKX3Oh-07:00:00,SYN_107297,9,07:05:01,07:05:16,0
RmCIDxJQKwF7GOCKKX3Oh-07:00:00,SYN_107298,10,07:05:29,07:05:44,0
RmCIDxJQKwF7GOCKKX3Oh-07:00:00,SYN_107299,11,07:05:59,07:06:14,0
RmCIDxJQKwF7GOCKKX3Oh-07:00:00,SYN_107300,12,07:06:26,07:06:41,0
RmCIDxJQKwF7GOCKKX3Oh-07:00:00,SYN_107301,13,07:06:55,07:07:10,0
RmCIDxJQKwF7GOCKKX3Oh-07:00:00,SYN_107302,14,07:07:24,07:07:39,0
RmCIDxJQKwF7GOCKKX3Oh-07:00:00,SYN_107303,15,07:07:54,07:08:09,0
RmCIDxJQKwF7GOCKKX3Oh-07:00:00,SYN_107304,16,07:08:27,07:08:42,0
RmCIDxJQKwF7GOCKKX3Oh-07:00:00,SYN_107305,17,07:08:55,07:09:10,0
RmCIDxJQKwF7GOCKKX3Oh-07:00:00,SYN_107306,18,07:09:21,07:09:36,0
RmCIDxJQKwF7GOCKKX3Oh-07:00:00,SYN_107307,19,07:09:48,07:10:03,0
RmCIDxJQKwF7GOCKKX3Oh-07:00:00,SYN_107308,20,07:10:14,07:10:29,0
RmCIDxJQKwF7GOCKKX3Oh-07:00:00,SYN_107309,21,07:10:41,07:10:56,0
RmCIDxJQKwF7GOCKKX3Oh-07:00:00,SYN_107310,22,07:11:19,07:11:34,0
RmCIDxJQKwF7GOCKKX3Oh-07:00:00,SYN_107311,23,07:11:46,07:12:01,0
RmCIDxJQKwF7GOCKKX3Oh-07:00:00,SYN_107312,24,07:12:13,07:12:28,0
RmCIDxJQKwF7GOCKKX3Oh-07:00:00,SYN_107313,25,07:12:39,07:12:54,0
RmCIDxJQKwF7GOCKKX3Oh-07:00:00,SYN_107314,26,07:13:04,07:13:19,0
RmCIDxJQKwF7GOCKKX3Oh-07:00:00,SYN_107315,27,07:13:29,07:13:44,0
RmCIDxJQKwF7GOCKKX3Oh-07:00:00,SYN_107316,28,07:13:55,07:14:10,0
RmCIDxJQKwF7GOCKKX3Oh-07:00:00,SYN_107317,29,07:14:21,07:14:36,0
RmCIDxJQKwF7GOCKKX3Oh-07:00:00,SYN_107318,30,07:14:47,07:15:02,0
RmCIDxJQKwF7GOCKKX3Oh-07:00:00,SYN_107319,31,07:15:11,07:15:26,0
RmCIDxJQKwF7GOCKKX3Oh-07:00:00,SYN_107320,32,07:15:34,07:15:49,0
RmCIDxJQKwF7GOCKKX3Oh-07:00:00,SYN_107321,33,07:15:57,07:16:12,0
RmCIDxJQKwF7GOCKKX3Oh-07:00:00,SYN_107322,34,07:16:21,07:16:36,0
RmCIDxJQKwF7GOCKKX3Oh-07:00:00,SYN_107323,35,07:16:44,07:16:59,0
RmCIDxJQKwF7GOCKKX3Oh-07:00:00,SYN_107324,36,07:17:07,07:17:22,0
RmCIDxJQKwF7GOCKKX3Oh-07:00:00,SYN_107325,37,07:17:29,07:17:44,0
RmCIDxJQKwF7GOCKKX3Oh-07:00:00,SYN_107326,38,07:17:52,07:18:07,0
RmCIDxJQKwF7GOCKKX3Oh-07:00:00,SYN_107327,39,07:18:16,07:18:31,0
RmCIDxJQKwF7GOCKKX3Oh-07:00:00,SYN_107328,40,07:18:49,07:19:04,0
RmCIDxJQKwF7GOCKKX3Oh-07:00:00,SYN_107329,41,07:19:17,07:19:32,0
RmCIDxJQKwF7GOCKKX3Oh-07:00:00,SYN_107330,42,07:19:38,07:19:53,0
RmCIDxJQKwF7GOCKKX3Oh-07:00:00,SYN_107331,43,07:20:00,07:20:15,0
RmCIDxJQKwF7GOCKKX3Oh-07:00:00,SYN_107332,44,07:20:21,07:20:36,0
RmCIDxJQKwF7GOCKKX3Oh-07:00:00,SYN_107333,45,07:20:43,07:20:58,0
RmCIDxJQKwF7GOCKKX3Oh-07:00:00,SYN_107334,46,07:21:05,07:21:20,0
RmCIDxJQKwF7GOCKKX3Oh-07:00:00,SYN_107335,47,07:21:31,07:21:46,0
RmCIDxJQKwF7GOCKKX3Oh-07:00:00,SYN_107336,48,07:21:59,07:22:14,0
RmCIDxJQKwF7GOCKKX3Oh-07:00:00,SYN_107337,49,07:22:26,07:22:41,0
RmCIDxJQKwF7GOCKKX3Oh-07:00:00,SYN_107338,50,07:22:53,07:23:08,0
RmCIDxJQKwF7GOCKKX3Oh-07:00:00,SYN_107339,51,07:23:19,07:23:34,0
RmCIDxJQKwF7GOCKKX3Oh-07:00:00,SYN_107340,52,07:23:44,07:23:59,0
RmCIDxJQKwF7GOCKKX3Oh-07:00:00,SYN_107341,53,07:24:09,07:24:24,0
RmCIDxJQKwF7GOCKKX3Oh-07:00:00,SYN_107342,54,07:24:34,07:24:49,0
RmCIDxJQKwF7GOCKKX3Oh-07:00:00,SYN_107343,55,07:24:58,07:25:13,0
RmCIDxJQKwF7GOCKKX3Oh-07:00:00,SYN_107344,56,07:25:26,07:25:41,0
RmCIDxJQKwF7GOCKKX3Oh-07:00:00,SYN_107345,57,07:25:53,07:26:08,0
RmCIDxJQKwF7GOCKKX3Oh-07:00:00,SYN_107346,58,07:26:21,07:26:36,0
RmCIDxJQKwF7GOCKKX3Oh-07:00:00,SYN_107347,59,07:26:45,07:27:00,0
RmCIDxJQKwF7GOCKKX3Oh-07:00:00,SYN_107348,60,07:27:05,07:27:20,0
RmCIDxJQKwF7GOCKKX3Oh-07:00:00,SYN_107349,61,07:27:26,07:27:41,0
RmCIDxJQKwF7GOCKKX3Oh-07:00:00,SYN_107350,62,07:27:46,07:28:01,0
RmCIDxJQKwF7GOCKKX3Oh-07:00:00,SYN_107351,63,07:28:07,07:28:22,0
RmCIDxJQKwF7GOCKKX3Oh-07:00:00,SYN_107352,64,07:28:27,07:28:42,0
RmCIDxJQKwF7GOCKKX3Oh-07:00:00,SYN_107353,65,07:28:47,07:29:02,0
RmCIDxJQKwF7GOCKKX3Oh-07:00:00,SYN_107354,66,07:29:08,07:29:23,0
RmCIDxJQKwF7GOCKKX3Oh-07:00:00,SYN_107355,67,07:29:34,07:29:49,0
RmCIDxJQKwF7GOCKKX3Oh-07:00:00,SYN_107356,68,07:30:01,07:30:16,0
RmCIDxJQKwF7GOCKKX3Oh-07:00:00,SYN_107357,69,07:30:31,07:30:46,0
RmCIDxJQKwF7GOCKKX3Oh-07:00:00,SYN_107358,70,07:31:00,07:31:15,0
RmCIDxJQKwF7GOCKKX3Oh-07:00:00,SYN_107359,71,07:31:26,07:31:41,0
RmCIDxJQKwF7GOCKKX3Oh-07:00:00,SYN_107360,72,07:31:52,07:32:07,0
RmCIDxJQKwF7GOCKKX3Oh-07:00:00,SYN_107361,73,07:32:17,07:32:32,0
RmCIDxJQKwF7GOCKKX3Oh-07:00:00,SYN_107362,74,07:32:43,07:32:58,0
RmCIDxJQKwF7GOCKKX3Oh-07:00:00,SYN_107363,75,07:33:09,07:33:24,0
RmCIDxJQKwF7GOCKKX3Oh-07:00:00,SYN_107364,76,07:33:36,07:33:51,0
RmCIDxJQKwF7GOCKKX3Oh-07:00:00,SYN_107365,77,07:34:04,07:34:19,0
RmCIDxJQKwF7GOCKKX3Oh-07:00:00,SYN_107366,78,07:34:34,07:34:49,0
RmCIDxJQKwF7GOCKKX3Oh-07:00:00,SYN_107367,79,07:35:06,07:35:21,0
RmCIDxJQKwF7GOCKKX3Oh-07:00:00,SYN_107368,80,07:35:40,07:35:55,0
RmCIDxJQKwF7GOCKKX3Oh-07:00:00,SYN_107369,81,07:36:05,07:36:20,0
RmCIDxJQKwF7GOCKKX3Oh-07:00:00,SYN_107370,82,07:36:30,07:36:45,0
RmCIDxJQKwF7GOCKKX3Oh-07:00:00,SYN_107371,83,07:36:54,07:37:09,0
RmCIDxJQKwF7GOCKKX3Oh-07:00:00,SYN_107372,84,07:37:19,07:37:34,0
RmCIDxJQKwF7GOCKKX3Oh-07:00:00,SYN_107373,85,07:37:43,07:37:58,0
RmCIDxJQKwF7GOCKKX3Oh-07:00:00,SYN_107374,86,07:38:10,07:38:25,0
RmCIDxJQKwF7GOCKKX3Oh-07:00:00,SYN_107375,87,07:38:36,07:38:51,0
RmCIDxJQKwF7GOCKKX3Oh-07:00:00,SYN_107376,88,07:39:03,07:39:18,0
RmCIDxJQKwF7GOCKKX3Oh-07:00:00,SYN_107377,89,07:39:33,07:39:48,0
RmCIDxJQKwF7GOCKKX3Oh-07:00:00,SYN_107378,90,07:40:04,07:40:19,0
RmCIDxJQKwF7GOCKKX3Oh-07:00:00,SYN_107379,91,07:40:36,07:40:51,0
RmCIDxJQKwF7GOCKKX3Oh-07:00:00,SYN_107380,92,07:41:06,07:41:21,0
RmCIDxJQKwF7GOCKKX3Oh-07:00:00,SYN_107381,93,07:41:35,07:41:50,0
RmCIDxJQKwF7GOCKKX3Oh-07:00:00,SYN_107382,94,07:42:05,07:42:20,0
RmCIDxJQKwF7GOCKKX3Oh-07:00:00,SYN_107383,95,07:42:31,07:42:46,0
RmCIDxJQKwF7GOCKKX3Oh-07:00:00,SYN_107384,96,07:42:57,07:43:12,0
RmCIDxJQKwF7GOCKKX3Oh-07:00:00,SYN_107385,97,07:43:23,07:43:38,0
RmCIDxJQKwF7GOCKKX3Oh-07:00:00,SYN_107386,98,07:43:49,07:44:04,0
RmCIDxJQKwF7GOCKKX3Oh-07:00:00,SYN_107387,99,07:44:15,07:44:30,0
RmCIDxJQKwF7GOCKKX3Oh-07:00:00,SYN_107388,100,07:44:43,07:44:58,0
RmCIDxJQKwF7GOCKKX3Oh-07:00:00,SYN_107389,101,07:45:17,07:45:32,0
RmCIDxJQKwF7GOCKKX3Oh-07:00:00,SYN_107390,102,07:45:51,07:46:06,0
RmCIDxJQKwF7GOCKKX3Oh-07:00:00,SYN_107391,103,07:46:19,07:46:34,0
RmCIDxJQKwF7GOCKKX3Oh-07:00:00,SYN_107392,104,07:46:40,07:46:55,0
RmCIDxJQKwF7GOCKKX3Oh-07:00:00,SYN_107393,105,07:47:01,07:47:16,0
RmCIDxJQKwF7GOCKKX3Oh-07:00:00,SYN_107394,106,07:47:22,07:47:37,0
RmCIDxJQKwF7GOCKKX3Oh-07:00:00,SYN_107395,107,07:47:45,07:48:00,0
RmCIDxJQKwF7GOCKKX3Oh-07:00:00,SYN_107396,108,07:48:08,07:48:23,0
RmCIDxJQKwF7GOCKKX3Oh-07:00:00,SYN_107397,109,07:48:31,07:48:46,0
RmCIDxJQKwF7GOCKKX3Oh-07:00:00,SYN_107398,110,07:48:53,07:49:08,0
RmCIDxJQKwF7GOCKKX3Oh-07:00:00,SYN_107399,111,07:49:16,07:49:31,0
RmCIDxJQKwF7GOCKKX3Oh-07:00:00,SYN_107400,112,07:49:39,07:49:54,0
RmCIDxJQKwF7GOCKKX3Oh-07:00:00,SYN_107401,113,07:50:02,07:50:17,0
RmCIDxJQKwF7GOCKKX3Oh-07:00:00,SYN_107402,114,07:50:26,07:50:41,0
RmCIDxJQKwF7GOCKKX3Oh-07:00:00,SYN_107403,115,07:50:51,07:51:06,0
RmCIDxJQKwF7GOCKKX3Oh-07:00:00,SYN_107404,116,07:51:15,07:51:30,0
RmCIDxJQKwF7GOCKKX3Oh-07:00:00,SYN_107405,117,07:51:38,07:51:53,0
RmCIDxJQKwF7GOCKKX3Oh-07:00:00,SYN_107406,118,07:52:01,07:52:16,0
RmCIDxJQKwF7GOCKKX3Oh-07:00:00,SYN_107407,119,07:52:53,07:53:08,0
RmCIDxJQKwF7GOCKKX3Oh-07:00:00,SYN_107408,120,07:53:19,07:53:34,0
RmCIDxJQKwF7GOCKKX3Oh-07:00:00,SYN_107409,121,07:53:33,07:53:48,0
RmCIDxJQKwF7GOCKKX3Oh-07:00:00,SYN_107410,122,07:53:46,07:54:01,0
RmCIDxJQKwF7GOCKKX3Oh-07:00:00,SYN_107411,123,07:53:59,07:54:14,0
RmCIDxJQKwF7GOCKKX3Oh-07:00:00,SYN_107412,124,07:54:14,07:54:29,0
RmCIDxJQKwF7GOCKKX3Oh-07:00:00,SYN_107413,125,07:54:42,07:54:57,0
RmCIDxJQKwF7GOCKKX3Oh-07:00:00,SYN_107414,126,07:55:09,07:55:24,0
RmCIDxJQKwF7GOCKKX3Oh-07:00:00,SYN_107415,127,07:55:37,07:55:52,0
RmCIDxJQKwF7GOCKKX3Oh-07:00:00,SYN_107416,128,07:56:10,07:56:25,0
RmCIDxJQKwF7GOCKKX3Oh-07:00:00,SYN_107417,129,07:56:45,07:57:00,0
RmCIDxJQKwF7GOCKKX3Oh-07:00:00,SYN_107418,130,07:57:13,07:57:28,0
