stop_id,stop_name,stop_lat,stop_lon
SYN_100000,Hail Microbus ,31.256763,29.995288
SYN_100001,Hail Microbus ,31.258057,29.995600
SYN_100002,Hail Microbus ,31.259465,29.996903
SYN_100003,Hail Microbus ,31.260996,29.998006
SYN_100004,Hail Microbus ,31.262509,29.999145
SYN_100005,Hail Microbus ,31.264028,30.000271
SYN_100006,Hail Microbus ,31.265548,30.001396
SYN_100007,Hail Microbus ,31.266959,30.002700
SYN_100008,Hail Microbus ,31.268341,30.004046
SYN_100009,Hail Microbus ,31.269728,30.005387
SYN_100010,Hail Microbus ,31.177350,29.915493
SYN_100011,Hail Microbus ,31.175886,29.916197
SYN_100012,Hail Microbus ,31.175119,29.914296
SYN_100013,Hail Microbus ,31.174361,29.912391
SYN_100014,Hail Microbus ,31.174348,29.912914
SYN_100015,Hail Microbus ,31.175186,29.914773
SYN_100016,Hail Microbus ,31.175945,29.916679
SYN_100017,Hail Microbus ,31.176678,29.918598
SYN_100018,Hail Microbus ,31.177372,29.920527
SYN_100019,Hail Microbus ,31.178181,29.922402
SYN_100020,Hail Microbus ,31.178941,29.924307
SYN_100021,Hail Microbus ,31.179649,29.926238
SYN_100022,Hail Microbus ,31.180019,29.928247
SYN_100023,Hail Microbus ,31.178590,29.929423
SYN_100024,Hail Microbus ,31.176974,29.930344
SYN_100025,Hail Microbus ,31.175344,29.931230
SYN_100026,Hail Microbus ,31.173731,29.932161
SYN_100027,Hail Microbus ,31.172112,29.933075
SYN_100028,Hail Microbus ,31.170461,29.933902
SYN_100029,Hail Microbus ,31.168751,29.934527
SYN_100030,Hail Microbus ,31.167094,29.935286
SYN_100031,Hail Microbus ,31.165425,29.934636
SYN_100032,Hail Microbus ,31.164563,29.934540
SYN_100033,Hail Microbus ,31.165851,29.935993
SYN_100034,Hail Microbus ,31.167211,29.937362
SYN_100035,Hail Microbus ,31.168619,29.938667
SYN_100036,Hail Microbus ,31.169832,29.940219
SYN_100037,Hail Microbus ,31.171128,29.941675
SYN_100038,Hail Microbus ,31.172475,29.943067
SYN_100039,Hail Microbus ,31.173666,29.944632
SYN_100040,Hail Microbus ,31.174507,29.946489
SYN_100041,Hail Microbus ,31.175325,29.948361
SYN_100042,Hail Microbus ,31.176177,29.950213
SYN_100043,Hail Microbus ,31.177030,29.952063
SYN_100044,Hail Microbus ,31.177858,29.953930
SYN_100045,Hail Microbus ,31.178710,29.955781
SYN_100046,Hail Microbus ,31.179568,29.957629
SYN_100047,Hail Microbus ,31.180405,29.959489
SYN_100048,Hail Microbus ,31.181234,29.961355
SYN_100049,Hail Microbus ,31.182062,29.963221
SYN_100050,Hail Microbus ,31.182443,29.965249
SYN_100051,Hail Microbus ,31.181741,29.967153
SYN_100052,Hail Microbus ,31.180667,29.968840
SYN_100053,Hail Microbus ,31.179593,29.970526
SYN_100054,Hail Microbus ,31.178526,29.972219
SYN_100055,Hail Microbus ,31.177605,29.974020
SYN_100056,Hail Microbus ,31.176575,29.975739
SYN_100057,Hail Microbus ,31.175506,29.977430
SYN_100058,Hail Microbus ,31.174688,29.979281
SYN_100059,Hail Microbus ,31.174643,29.981362
SYN_100060,Hail Microbus ,31.175304,29.983311
SYN_100061,Hail Microbus ,31.176091,29.985201
SYN_100062,Hail Microbus ,31.176889,29.987085
SYN_100063,Hail Microbus ,31.177995,29.988730
SYN_100064,Hail Microbus ,31.179282,29.990199
SYN_100065,Hail Microbus ,31.180561,29.991677
SYN_100066,Hail Microbus ,31.181847,29.993147
SYN_100067,Hail Microbus ,31.183147,29.994599
SYN_100068,Hail Microbus ,31.184511,29.995962
SYN_100069,Hail Microbus ,31.186248,29.996370
SYN_100070,Hail Microbus ,31.187904,29.995623
SYN_100071,Hail Microbus ,31.189593,29.994977
SYN_100072,Hail Microbus ,31.191391,29.994960
SYN_100073,Hail Microbus ,31.193189,29.994910
SYN_100074,Hail Microbus ,31.194987,29.994934
SYN_100075,Hail Microbus ,31.196785,29.994866
SYN_100076,Hail Microbus ,31.198582,29.994798
SYN_100077,Hail Microbus ,31.200378,29.994699
SYN_100078,Hail Microbus ,31.202175,29.994645
SYN_100079,Hail Microbus ,31.203974,29.994641
SYN_100080,Hail Microbus ,31.205769,29.994519
SYN_100081,Hail Microbus ,31.207566,29.994414
SYN_100082,Hail Microbus ,31.209354,29.994204
SYN_100083,Hail Microbus ,31.211131,29.993879
SYN_100084,Hail Microbus ,31.212919,29.993670
SYN_100085,Hail Microbus ,31.214699,29.993957
SYN_100086,Hail Microbus ,31.216478,29.994185
SYN_100087,Hail Microbus ,31.218271,29.994020
SYN_100088,Hail Microbus ,31.220065,29.993866
SYN_100089,Hail Microbus ,31.221859,29.993724
SYN_100090,Hail Microbus ,31.222117,29.995700
SYN_100091,Hail Microbus ,31.222508,29.997703
SYN_100092,Hail Microbus ,31.223430,29.999509
SYN_100093,Hail Microbus ,31.225115,29.999833
SYN_100094,Hail Microbus ,31.226911,29.999722
SYN_100095,Hail Microbus ,31.228707,29.999611
SYN_100096,Hail Microbus ,31.230503,29.999500
SYN_100097,Hail Microbus ,31.232299,29.999389
SYN_100098,Hail Microbus ,31.234095,29.999277
SYN_100099,Hail Microbus ,31.235890,29.999143
SYN_100100,Hail Microbus ,31.237686,29.999029
SYN_100101,Hail Microbus ,31.239483,29.998930
SYN_100102,Hail Microbus ,31.241280,29.998831
SYN_100103,Hail Microbus ,31.243076,29.998720
SYN_100104,Hail Microbus ,31.244869,29.998572
SYN_100105,Hail Microbus ,31.246325,29.999225
SYN_100106,Hail Microbus ,31.246969,30.001189
SYN_100107,Hail Microbus ,31.247794,30.003053
SYN_100108,Hail Microbus ,31.248814,30.004779
SYN_100109,Hail Microbus ,31.249962,30.006393
SYN_100110,Hail Microbus ,31.251251,30.007849
SYN_100111,Hail Microbus ,31.252488,30.009374
SYN_100112,Hail Microbus ,31.253779,30.010839
SYN_100113,Hail Microbus ,31.254956,30.012422
SYN_100114,Hail Microbus ,31.256250,30.013883
SYN_100115,Hail Microbus ,31.257545,30.015344
SYN_100116,Hail Microbus ,31.257837,30.015253
SYN_100117,Hail Microbus ,31.258631,30.013580
SYN_100118,Hail Microbus ,31.259898,30.012087
SYN_100119,Hail Microbus ,31.261120,30.010544
SYN_100120,Hail Microbus ,31.262255,30.008915
SYN_100121,Hail Microbus ,31.263257,30.007167
SYN_100122,Hail Microbus ,31.264301,30.005454
SYN_100123,Hail Microbus ,31.265327,30.003729
SYN_100124,Hail Microbus ,31.266341,30.001999
SYN_100125,Hail Microbus ,31.267463,30.000356
SYN_100126,Hail Microbus ,31.269019,30.001250
SYN_100127,Hail Microbus ,31.268953,30.002516
SYN_100128,Hail Microbus ,31.268770,30.003937
SYN_100129,Hail Microbus ,31.270161,30.005271
SYN_100130,Hail Microbus ,31.205906,29.937623
SYN_100131,Hail Microbus ,31.205386,29.939404
SYN_100132,Hail Microbus ,31.205150,29.940785
SYN_100133,Hail Microbus ,31.206698,29.940992
SYN_100134,Hail Microbus ,31.207471,29.941517
SYN_100135,Hail Microbus ,31.206393,29.943200
SYN_100136,Hail Microbus ,31.206342,29.945230
SYN_100137,Hail Microbus ,31.205910,29.947207
SYN_100138,Hail Microbus ,31.207347,29.947597
SYN_100139,Hail Microbus ,31.207997,29.948784
SYN_100140,Hail Microbus ,31.207405,29.950770
SYN_100141,Hail Microbus ,31.206813,29.952755
SYN_100142,Hail Microbus ,31.206007,29.954341
SYN_100143,Hail Microbus ,31.204295,29.953725
SYN_100144,Hail Microbus ,31.202548,29.953231
SYN_100145,Hail Microbus ,31.200844,29.952582
SYN_100146,Hail Microbus ,31.201162,29.953358
SYN_100147,Hail Microbus ,31.202647,29.954455
SYN_100148,Hail Microbus ,31.204363,29.955080
SYN_100149,Hail Microbus ,31.206117,29.955540
SYN_100150,Hail Microbus ,31.207812,29.956206
SYN_100151,Hail Microbus ,31.209037,29.957548
SYN_100152,Hail Microbus ,31.209085,29.959650
SYN_100153,Hail Microbus ,31.209291,29.961737
SYN_100154,Hail Microbus ,31.208787,29.963629
SYN_100155,Hail Microbus ,31.207683,29.965289
SYN_100156,Hail Microbus ,31.206651,29.966996
SYN_100157,Hail Microbus ,31.205522,29.968633
SYN_100158,Hail Microbus ,31.204375,29.970253
SYN_100159,Hail Microbus ,31.203662,29.972157
SYN_100160,Hail Microbus ,31.203611,29.974257
SYN_100161,Hail Microbus ,31.203730,29.976340
SYN_100162,Hail Microbus ,31.203743,29.978443
SYN_100163,Hail Microbus ,31.203739,29.980546
SYN_100164,Hail Microbus ,31.203729,29.982649
SYN_100165,Hail Microbus ,31.203711,29.984751
SYN_100166,Hail Microbus ,31.203612,29.986848
SYN_100167,Hail Microbus ,31.203474,29.988942
SYN_100168,Hail Microbus ,31.203480,29.991044
SYN_100169,Hail Microbus ,31.203574,29.993143
SYN_100170,Hail Microbus ,31.203469,29.995234
SYN_100171,Hail Microbus ,31.201944,29.995940
SYN_100172,Hail Microbus ,31.200155,29.995916
SYN_100173,Hail Microbus ,31.200613,29.994678
SYN_100174,Hail Microbus ,31.202411,29.994644
SYN_100175,Hail Microbus ,31.204209,29.994631
SYN_100176,Hail Microbus ,31.206004,29.994502
SYN_100177,Hail Microbus ,31.207800,29.994391
SYN_100178,Hail Microbus ,31.209587,29.994161
SYN_100179,Hail Microbus ,31.211364,29.993836
SYN_100180,Hail Microbus ,31.213154,29.993678
SYN_100181,Hail Microbus ,31.214931,29.994001
SYN_100182,Hail Microbus ,31.216712,29.994164
SYN_100183,Hail Microbus ,31.218505,29.993999
SYN_100184,Hail Microbus ,31.220299,29.993848
SYN_100185,Hail Microbus ,31.222035,29.993874
SYN_100186,Hail Microbus ,31.222129,29.995975
SYN_100187,Hail Microbus ,31.222629,29.997939
SYN_100188,Hail Microbus ,31.223588,29.999709
SYN_100189,Hail Microbus ,31.225350,29.999818
SYN_100190,Hail Microbus ,31.227146,29.999707
SYN_100191,Hail Microbus ,31.228942,29.999596
SYN_100192,Hail Microbus ,31.230738,29.999485
SYN_100193,Hail Microbus ,31.232534,29.999374
SYN_100194,Hail Microbus ,31.234330,29.999263
SYN_100195,Hail Microbus ,31.236125,29.999125
SYN_100196,Hail Microbus ,31.237921,29.999016
SYN_100197,Hail Microbus ,31.239718,29.998917
SYN_100198,Hail Microbus ,31.241514,29.998817
SYN_100199,Hail Microbus ,31.243310,29.998706
SYN_100200,Hail Microbus ,31.245103,29.998544
SYN_100201,Hail Microbus ,31.246409,29.999482
SYN_100202,Hail Microbus ,31.247062,30.001441
SYN_100203,Hail Microbus ,31.247937,30.003271
SYN_100204,Hail Microbus ,31.248941,30.005010
SYN_100205,Hail Microbus ,31.250139,30.006572
SYN_100206,Hail Microbus ,31.251405,30.008057
SYN_100207,Hail Microbus ,31.252657,30.009565
SYN_100208,Hail Microbus ,31.253945,30.011033
SYN_100209,Hail Microbus ,31.255124,30.012615
SYN_100210,Hail Microbus ,31.256415,30.014079
SYN_100211,Hail Microbus ,31.257709,30.015541
SYN_100212,Hail Microbus ,31.258694,30.017294
SYN_100213,Hail Microbus ,31.200627,29.897010
SYN_100214,Hail Microbus ,31.201234,29.898985
SYN_100215,Hail Microbus ,31.202156,29.900782
SYN_100216,Hail Microbus ,31.203274,29.902427
SYN_100217,Hail Microbus ,31.204536,29.903924
SYN_100218,Hail Microbus ,31.205914,29.905275
SYN_100219,Hail Microbus ,31.207398,29.906458
SYN_100220,Hail Microbus ,31.208962,29.907493
SYN_100221,Hail Microbus ,31.209693,29.909352
SYN_100222,Hail Microbus ,31.210007,29.911421
SYN_100223,Hail Microbus ,31.210882,29.913249
SYN_100224,Hail Microbus ,31.211490,29.915225
SYN_100225,Hail Microbus ,31.212283,29.917082
SYN_100226,Hail Microbus ,31.213456,29.918675
SYN_100227,Hail Microbus ,31.214476,29.920403
SYN_100228,Hail Microbus ,31.215441,29.922175
SYN_100229,Hail Microbus ,31.216545,29.923821
SYN_100230,Hail Microbus ,31.217545,29.925563
SYN_100231,Hail Microbus ,31.218692,29.927184
SYN_100232,Hail Microbus ,31.219617,29.928974
SYN_100233,Hail Microbus ,31.220727,29.930599
SYN_100234,Hail Microbus ,31.221969,29.932120
SYN_100235,Hail Microbus ,31.223190,29.933663
SYN_100236,Hail Microbus ,31.224412,29.935207
SYN_100237,Hail Microbus ,31.225644,29.936739
SYN_100238,Hail Microbus ,31.226893,29.938251
SYN_100239,Hail Microbus ,31.227594,29.940132
SYN_100240,Hail Microbus ,31.228278,29.941943
SYN_100241,Hail Microbus ,31.229673,29.943270
SYN_100242,Hail Microbus ,31.231042,29.944634
SYN_100243,Hail Microbus ,31.232420,29.945984
SYN_100244,Hail Microbus ,31.233730,29.947385
SYN_100245,Hail Microbus ,31.233777,29.949433
SYN_100246,Hail Microbus ,31.235192,29.950381
SYN_100247,Hail Microbus ,31.236611,29.950968
SYN_100248,Hail Microbus ,31.236993,29.953009
SYN_100249,Hail Microbus ,31.238520,29.953887
SYN_100250,Hail Microbus ,31.239790,29.955313
SYN_100251,Hail Microbus ,31.240925,29.956945
SYN_100252,Hail Microbus ,31.240571,29.958841
SYN_100253,Hail Microbus ,31.241649,29.960421
SYN_100254,Hail Microbus ,31.242591,29.962175
SYN_100255,Hail Microbus ,31.243766,29.963718
SYN_100256,Hail Microbus ,31.245088,29.965130
SYN_100257,Hail Microbus ,31.246646,29.966180
SYN_100258,Hail Microbus ,31.247929,29.967581
SYN_100259,Hail Microbus ,31.249192,29.969069
SYN_100260,Hail Microbus ,31.250752,29.970103
SYN_100261,Hail Microbus ,31.251974,29.971642
SYN_100262,Hail Microbus ,31.253369,29.972948
SYN_100263,Hail Microbus ,31.254460,29.974504
SYN_100264,Hail Microbus ,31.254914,29.976501
SYN_100265,Hail Microbus ,31.256148,29.978029
SYN_100266,Hail Microbus ,31.257577,29.979282
SYN_100267,Hail Microbus ,31.258812,29.980781
SYN_100268,Hail Microbus ,31.260394,29.981729
SYN_100269,Hail Microbus ,31.261736,29.983017
SYN_100270,Hail Microbus ,31.262532,29.984876
SYN_100271,Hail Microbus ,31.263838,29.986319
SYN_100272,Hail Microbus ,31.265448,29.987237
SYN_100273,Hail Microbus ,31.267197,29.987444
SYN_100274,Hail Microbus ,31.268869,29.987057
SYN_100275,Hail Microbus ,31.269952,29.988633
SYN_100276,Hail Microbus ,31.269965,29.990724
SYN_100277,Hail Microbus ,31.269911,29.992826
SYN_100278,Hail Microbus ,31.270752,29.994637
SYN_100279,Hail Microbus ,31.270722,29.996691
SYN_100280,Hail Microbus ,31.271470,29.998605
SYN_100281,Hail Microbus ,31.272720,30.000098
SYN_100282,Hail Microbus ,31.274128,30.001407
SYN_100283,Hail Microbus ,31.275638,30.002527
SYN_100284,Hail Microbus ,31.277126,30.003617
SYN_100285,Hail Microbus ,31.277408,30.005663
SYN_100286,Hail Microbus ,31.278136,30.007567
SYN_100287,Hail Microbus ,31.279375,30.009092
SYN_100288,Hail Microbus ,31.280835,30.010294
SYN_100289,Hail Microbus ,31.281848,30.011562
SYN_100290,Hail Microbus ,31.281313,30.013570
SYN_100291,Hail Microbus ,31.280391,30.015222
SYN_100292,Hail Microbus ,31.279064,30.013816
SYN_100293,Hail Microbus ,31.277668,30.012489
SYN_100294,Hail Microbus ,31.276269,30.011167
SYN_100295,Hail Microbus ,31.274880,30.009831
SYN_100296,Hail Microbus ,31.273502,30.008481
SYN_100297,Hail Microbus ,31.244592,29.986676
SYN_100298,Hail Microbus ,31.245285,29.988610
SYN_100299,Hail Microbus ,31.246007,29.990537
SYN_100300,Hail Microbus ,31.246442,29.992558
SYN_100301,Hail Microbus ,31.246692,29.994639
SYN_100302,Hail Microbus ,31.247055,29.996699
SYN_100303,Hail Microbus ,31.247410,29.998762
SYN_100304,Hail Microbus ,31.247740,30.000830
SYN_100305,Hail Microbus ,31.248070,30.002898
SYN_100306,Hail Microbus ,31.248821,30.004791
SYN_100307,Hail Microbus ,31.249971,30.006403
SYN_100308,Hail Microbus ,31.251259,30.007861
SYN_100309,Hail Microbus ,31.252497,30.009384
SYN_100310,Hail Microbus ,31.253788,30.010849
SYN_100311,Hail Microbus ,31.254964,30.012433
SYN_100312,Hail Microbus ,31.256256,30.013898
SYN_100313,Hail Microbus ,31.257554,30.015354
SYN_100314,Hail Microbus ,31.258584,30.017068
SYN_100315,Hail Microbus ,31.258798,30.016830
SYN_100316,Hail Microbus ,31.257747,30.015137
SYN_100317,Hail Microbus ,31.258727,30.013466
SYN_100318,Hail Microbus ,31.259995,30.011973
SYN_100319,Hail Microbus ,31.261211,30.010427
SYN_100320,Hail Microbus ,31.261292,30.010324
SYN_100321,Hail Microbus ,31.262396,30.008666
SYN_100322,Hail Microbus ,31.263403,30.006923
SYN_100323,Hail Microbus ,31.264499,30.006508
SYN_100324,Hail Microbus ,31.265721,30.007939
SYN_100325,Hail Microbus ,31.267108,30.009278
SYN_100326,Hail Microbus ,31.268302,30.009456
SYN_100327,Hail Microbus ,31.269225,30.007652
SYN_100328,Hail Microbus ,31.221702,29.993857
SYN_100329,Hail Microbus ,31.222115,29.995613
SYN_100330,Hail Microbus ,31.222470,29.997627
SYN_100331,Hail Microbus ,31.223391,29.999434
SYN_100332,Hail Microbus ,31.225040,29.999837
SYN_100333,Hail Microbus ,31.226836,29.999726
SYN_100334,Hail Microbus ,31.228632,29.999615
SYN_100335,Hail Microbus ,31.230428,29.999504
SYN_100336,Hail Microbus ,31.232224,29.999393
SYN_100337,Hail Microbus ,31.234020,29.999282
SYN_100338,Hail Microbus ,31.235815,29.999149
SYN_100339,Hail Microbus ,31.237611,29.999033
SYN_100340,Hail Microbus ,31.239408,29.998934
SYN_100341,Hail Microbus ,31.241205,29.998836
SYN_100342,Hail Microbus ,31.243001,29.998725
SYN_100343,Hail Microbus ,31.244795,29.998581
SYN_100344,Hail Microbus ,31.246588,29.998425
SYN_100345,Hail Microbus ,31.247551,29.999646
SYN_100346,Hail Microbus ,31.247879,30.001715
SYN_100347,Hail Microbus ,31.248310,30.003748
SYN_100348,Hail Microbus ,31.249283,30.005507
SYN_100349,Hail Microbus ,31.250559,30.006978
SYN_100350,Hail Microbus ,31.251762,30.008541
SYN_100351,Hail Microbus ,31.253049,30.010011
SYN_100352,Hail Microbus ,31.254307,30.011513
SYN_100353,Hail Microbus ,31.255519,30.013057
SYN_100354,Hail Microbus ,31.256813,30.014518
SYN_100355,Hail Microbus ,31.258084,30.016002
SYN_100356,Hail Microbus ,31.257922,30.014431
SYN_100357,Hail Microbus ,31.259182,30.012931
SYN_100358,Hail Microbus ,31.260441,30.011429
SYN_100359,Hail Microbus ,31.261656,30.010166
SYN_100360,Hail Microbus ,31.262959,30.009100
SYN_100361,Hail Microbus ,31.264022,30.007472
SYN_100362,Hail Microbus ,31.265235,30.008091
SYN_100363,Hail Microbus ,31.266584,30.006992
SYN_100364,Hail Microbus ,31.267872,30.006335
SYN_100365,Hail Microbus ,31.269180,30.006646
SYN_100366,Hail Microbus ,31.267871,30.006334
SYN_100367,Hail Microbus ,31.266583,30.006991
SYN_100368,Hail Microbus ,31.267335,30.006823
SYN_100369,Hail Microbus ,31.268585,30.006051
SYN_100370,Hail Microbus ,31.269885,30.005773
SYN_100371,Hail Microbus ,31.257288,29.990777
SYN_100372,Hail Microbus ,31.258536,29.989268
SYN_100373,Hail Microbus ,31.259842,29.987821
SYN_100374,Hail Microbus ,31.261144,29.986371
SYN_100375,Hail Microbus ,31.262370,29.984857
SYN_100376,Hail Microbus ,31.261832,29.983012
SYN_100377,Hail Microbus ,31.260532,29.981648
SYN_100378,Hail Microbus ,31.258977,29.980642
SYN_100379,Hail Microbus ,31.257649,29.979247
SYN_100380,Hail Microbus ,31.256229,29.977985
SYN_100381,Hail Microbus ,31.255128,29.976340
SYN_100382,Hail Microbus ,31.254647,29.974346
SYN_100383,Hail Microbus ,31.253508,29.972803
SYN_100384,Hail Microbus ,31.252097,29.971515
SYN_100385,Hail Microbus ,31.250864,29.969987
SYN_100386,Hail Microbus ,31.249357,29.968849
SYN_100387,Hail Microbus ,31.248054,29.967402
SYN_100388,Hail Microbus ,31.246744,29.966012
SYN_100389,Hail Microbus ,31.245177,29.964980
SYN_100390,Hail Microbus ,31.243951,29.963451
SYN_100391,Hail Microbus ,31.242717,29.961939
SYN_100392,Hail Microbus ,31.241675,29.960255
SYN_100393,Hail Microbus ,31.240753,29.958583
SYN_100394,Hail Microbus ,31.240923,29.956693
SYN_100395,Hail Microbus ,31.239792,29.955058
SYN_100396,Hail Microbus ,31.238463,29.953710
SYN_100397,Hail Microbus ,31.237079,29.952451
SYN_100398,Hail Microbus ,31.236514,29.950492
SYN_100399,Hail Microbus ,31.235332,29.948910
SYN_100400,Hail Microbus ,31.234139,29.947338
SYN_100401,Hail Microbus ,31.232750,29.946002
SYN_100402,Hail Microbus ,31.231335,29.944708
SYN_100403,Hail Microbus ,31.229970,29.943337
SYN_100404,Hail Microbus ,31.228606,29.941966
SYN_100405,Hail Microbus ,31.227747,29.940258
SYN_100406,Hail Microbus ,31.227201,29.938281
SYN_100407,Hail Microbus ,31.226051,29.936668
SYN_100408,Hail Microbus ,31.224748,29.935222
SYN_100409,Hail Microbus ,31.223495,29.933712
SYN_100410,Hail Microbus ,31.222280,29.932162
SYN_100411,Hail Microbus ,31.221090,29.930584
SYN_100412,Hail Microbus ,31.219955,29.928962
SYN_100413,Hail Microbus ,31.218943,29.927228
SYN_100414,Hail Microbus ,31.217800,29.925604
SYN_100415,Hail Microbus ,31.216746,29.923905
SYN_100416,Hail Microbus ,31.215673,29.922236
SYN_100417,Hail Microbus ,31.214730,29.920447
SYN_100418,Hail Microbus ,31.213828,29.918638
SYN_100419,Hail Microbus ,31.212564,29.917142
SYN_100420,Hail Microbus ,31.211702,29.915330
SYN_100421,Hail Microbus ,31.211113,29.913344
SYN_100422,Hail Microbus ,31.210264,29.911499
SYN_100423,Hail Microbus ,31.209990,29.909424
SYN_100424,Hail Microbus ,31.209231,29.907529
SYN_100425,Hail Microbus ,31.207692,29.906456
SYN_100426,Hail Microbus ,31.206195,29.905290
SYN_100427,Hail Microbus ,31.204805,29.903958
SYN_100428,Hail Microbus ,31.203505,29.902506
SYN_100429,Hail Microbus ,31.202362,29.900886
SYN_100430,Hail Microbus ,31.201441,29.899083
SYN_100431,Hail Microbus ,31.200803,29.897121
SYN_100432,Hail Microbus ,31.200493,29.895054
SYN_100433,Hail Microbus ,31.243202,29.997545
SYN_100434,Hail Microbus ,31.244050,29.998660
SYN_100435,Hail Microbus ,31.245840,29.998460
SYN_100436,Hail Microbus ,31.247415,29.998786
SYN_100437,Hail Microbus ,31.247746,30.000854
SYN_100438,Hail Microbus ,31.247861,29.999472
SYN_100439,Hail Microbus ,31.248533,29.998048
SYN_100440,Hail Microbus ,31.250149,29.997137
SYN_100441,Hail Microbus ,31.251418,29.996896
SYN_100442,Hail Microbus ,31.252854,29.995630
SYN_100443,Hail Microbus ,31.254276,29.994342
SYN_100444,Hail Microbus ,31.255708,29.993068
SYN_100445,Hail Microbus ,31.255164,29.991426
SYN_100446,Hail Microbus ,31.254187,29.989663
SYN_100447,Hail Microbus ,31.253163,29.987934
SYN_100448,Hail Microbus ,31.253663,29.986241
SYN_100449,Hail Microbus ,31.255142,29.985090
SYN_100450,Hail Microbus ,31.256432,29.983632
SYN_100451,Hail Microbus ,31.257672,29.982108
SYN_100452,Hail Microbus ,31.258365,29.980781
SYN_100453,Hail Microbus ,31.257079,29.979546
SYN_100454,Hail Microbus ,31.257668,29.979423
SYN_100455,Hail Microbus ,31.258194,29.979951
SYN_100456,Hail Microbus ,31.256902,29.978520
SYN_100457,Hail Microbus ,31.255549,29.977158
SYN_100458,Hail Microbus ,31.254737,29.975294
SYN_100459,Hail Microbus ,31.254161,29.973372
SYN_100460,Hail Microbus ,31.252689,29.972172
SYN_100461,Hail Microbus ,31.251446,29.970656
SYN_100462,Hail Microbus ,31.250044,29.969362
SYN_100463,Hail Microbus ,31.248632,29.968074
SYN_100464,Hail Microbus ,31.247435,29.966519
SYN_100465,Hail Microbus ,31.245887,29.965451
SYN_100466,Hail Microbus ,31.244497,29.964161
SYN_100467,Hail Microbus ,31.243225,29.962678
SYN_100468,Hail Microbus ,31.242237,29.960939
SYN_100469,Hail Microbus ,31.240956,29.959486
SYN_100470,Hail Microbus ,31.241160,29.957556
SYN_100471,Hail Microbus ,31.240291,29.955815
SYN_100472,Hail Microbus ,31.239172,29.954170
SYN_100473,Hail Microbus ,31.237600,29.953180
SYN_100474,Hail Microbus ,31.236788,29.951366
SYN_100475,Hail Microbus ,31.235868,29.949631
SYN_100476,Hail Microbus ,31.234688,29.948044
SYN_100477,Hail Microbus ,31.233397,29.946585
SYN_100478,Hail Microbus ,31.231955,29.945330
SYN_100479,Hail Microbus ,31.230590,29.943960
SYN_100480,Hail Microbus ,31.229226,29.942589
SYN_100481,Hail Microbus ,31.227891,29.941187
SYN_100482,Hail Microbus ,31.227546,29.939146
SYN_100483,Hail Microbus ,31.226600,29.937375
SYN_100484,Hail Microbus ,31.225329,29.935891
SYN_100485,Hail Microbus ,31.224062,29.934400
SYN_100486,Hail Microbus ,31.222821,29.932878
SYN_100487,Hail Microbus ,31.221631,29.931301
SYN_100488,Hail Microbus ,31.220429,29.929740
SYN_100489,Hail Microbus ,31.219433,29.927991
SYN_100490,Hail Microbus ,31.218319,29.926341
SYN_100491,Hail Microbus ,31.217195,29.924700
SYN_100492,Hail Microbus ,31.216224,29.922938
SYN_100493,Hail Microbus ,31.215130,29.921280
SYN_100494,Hail Microbus ,31.214276,29.919430
SYN_100495,Hail Microbus ,31.213131,29.917830
SYN_100496,Hail Microbus ,31.211982,29.916228
SYN_100497,Hail Microbus ,31.211386,29.914244
SYN_100498,Hail Microbus ,31.210616,29.912355
SYN_100499,Hail Microbus ,31.210125,29.910365
SYN_100500,Hail Microbus ,31.209626,29.908359
SYN_100501,Hail Microbus ,31.208397,29.906937
SYN_100502,Hail Microbus ,31.206864,29.905839
SYN_100503,Hail Microbus ,31.205417,29.904591
SYN_100504,Hail Microbus ,31.204083,29.903181
SYN_100505,Hail Microbus ,31.202853,29.901649
SYN_100506,Hail Microbus ,31.201826,29.899925
SYN_100507,Hail Microbus ,31.201054,29.898029
SYN_100508,Hail Microbus ,31.200591,29.896001
SYN_100509,Hail Tomnaya ,31.217476,29.996183
SYN_100510,Hail Tomnaya ,31.216925,29.998184
SYN_100511,Hail Tomnaya ,31.216315,30.000154
SYN_100512,Hail Tomnaya ,31.215329,30.001905
SYN_100513,Hail Tomnaya ,31.214275,30.003610
SYN_100514,Hail Tomnaya ,31.213307,30.005368
SYN_100515,Hail Tomnaya ,31.212239,30.007060
SYN_100516,Hail Tomnaya ,31.211203,30.008779
SYN_100517,Hail Tomnaya ,31.210197,30.010521
SYN_100518,Hail Tomnaya ,31.209261,30.012315
SYN_100519,Hail Tomnaya ,31.208165,30.013979
SYN_100520,Hail Tomnaya ,31.207081,30.015657
SYN_100521,Hail Tomnaya ,31.206101,30.017420
SYN_100522,Hail Tomnaya ,31.205130,30.019190
SYN_100523,Hail Tomnaya ,31.204286,30.021045
SYN_100524,Hail Tomnaya ,31.203499,30.022935
SYN_100525,Hail Tomnaya ,31.203629,30.023945
SYN_100526,Hail Tomnaya ,31.204371,30.022060
SYN_100527,Hail Tomnaya ,31.205438,30.020749
SYN_100528,Hail Tomnaya ,31.206829,30.021904
SYN_100529,Hail Tomnaya ,31.206844,30.023542
SYN_100530,Hail Tomnaya ,31.206766,30.025356
SYN_100531,Hail Tomnaya ,31.206703,30.027441
SYN_100532,Hail Tomnaya ,31.206839,30.029532
SYN_100533,Hail Microbus ,31.179655,29.913982
SYN_100534,Hail Microbus ,31.180686,29.914913
SYN_100535,Hail Microbus ,31.181590,29.916724
SYN_100536,Hail Microbus ,31.182533,29.918509
SYN_100537,Hail Microbus ,31.183341,29.920386
SYN_100538,Hail Microbus ,31.184145,29.922266
SYN_100539,Hail Microbus ,31.184969,29.924135
SYN_100540,Hail Microbus ,31.185108,29.925712
SYN_100541,Hail Microbus ,31.183521,29.926669
SYN_100542,Hail Microbus ,31.181863,29.927444
SYN_100543,Hail Microbus ,31.180332,29.927761
SYN_100544,Hail Microbus ,31.181360,29.929176
SYN_100545,Hail Microbus ,31.182338,29.927549
SYN_100546,Hail Microbus ,31.183924,29.926574
SYN_100547,Hail Microbus ,31.185554,29.925686
SYN_100548,Hail Microbus ,31.187188,29.924808
SYN_100549,Hail Microbus ,31.188823,29.923930
SYN_100550,Hail Microbus ,31.190588,29.923768
SYN_100551,Hail Microbus ,31.192327,29.923735
SYN_100552,Hail Microbus ,31.193851,29.922619
SYN_100553,Hail Microbus ,31.195190,29.921257
SYN_100554,Hail Microbus ,31.196003,29.919381
SYN_100555,Hail Microbus ,31.197033,29.917698
SYN_100556,Hail Microbus ,31.198530,29.916542
SYN_100557,Hail Microbus ,31.200307,29.916395
SYN_100558,Hail Microbus ,31.202055,29.915912
SYN_100559,Hail Microbus ,31.203738,29.915169
SYN_100560,Hail Microbus ,31.205424,29.914441
SYN_100561,Hail Microbus ,31.207105,29.913690
SYN_100562,Hail Microbus ,31.208779,29.912921
SYN_100563,Hail Microbus ,31.210005,29.913748
SYN_100564,Hail Microbus ,31.211191,29.914167
SYN_100565,Hail Microbus ,31.211765,29.916160
SYN_100566,Hail Microbus ,31.212848,29.917818
SYN_100567,Hail Microbus ,31.213812,29.918807
SYN_100568,Hail Microbus ,31.212636,29.917225
SYN_100569,Hail Microbus ,31.211736,29.915441
SYN_100570,Hail Microbus ,31.211151,29.913453
SYN_100571,Hail Microbus ,31.210292,29.911611
SYN_100572,Hail Microbus ,31.210016,29.909538
SYN_100573,Hail Microbus ,31.209296,29.907619
SYN_100574,Hail Microbus ,31.207776,29.906519
SYN_100575,Hail Microbus ,31.206276,29.905359
SYN_100576,Hail Microbus ,31.204876,29.904041
SYN_100577,Hail Microbus ,31.203574,29.902592
SYN_100578,Hail Microbus ,31.202419,29.900983
SYN_100579,Hail Microbus ,31.201486,29.899188
SYN_100580,Hail Microbus ,31.200832,29.897233
SYN_100581,Hail Microbus ,31.200501,29.895170
SYN_100582,Hail Microbus ,31.196571,29.950881
SYN_100583,Hail Microbus ,31.195714,29.949034
SYN_100584,Hail Microbus ,31.194836,29.947199
SYN_100585,Hail Microbus ,31.193989,29.945344
SYN_100586,Hail Microbus ,31.193119,29.943506
SYN_100587,Hail Microbus ,31.191965,29.941898
SYN_100588,Hail Microbus ,31.190668,29.940444
SYN_100589,Hail Microbus ,31.189338,29.939030
SYN_100590,Hail Microbus ,31.187921,29.937736
SYN_100591,Hail Microbus ,31.186494,29.936458
SYN_100592,Hail Microbus ,31.185201,29.934998
SYN_100593,Hail Microbus ,31.183966,29.933469
SYN_100594,Hail Microbus ,31.182878,29.931808
SYN_100595,Hail Microbus ,31.181968,29.930014
SYN_100596,Hail Microbus ,31.181727,29.928048
SYN_100597,Hail Microbus ,31.183231,29.926965
SYN_100598,Hail Microbus ,31.184855,29.926061
SYN_100599,Hail Microbus ,31.186489,29.925184
SYN_100600,Hail Microbus ,31.188124,29.924306
SYN_100601,Hail Microbus ,31.189824,29.923685
SYN_100602,Hail Microbus ,31.191603,29.923966
SYN_100603,Hail Microbus ,31.193203,29.923105
SYN_100604,Hail Microbus ,31.194700,29.921940
SYN_100605,Hail Microbus ,31.195650,29.920180
SYN_100606,Hail Microbus ,31.196495,29.918324
SYN_100607,Hail Microbus ,31.197880,29.917015
SYN_100608,Hail Microbus ,31.199576,29.916486
SYN_100609,Hail Microbus ,31.201359,29.916286
SYN_100610,Hail Microbus ,31.199995,29.916250
SYN_100611,Hail Microbus ,31.198247,29.915893
SYN_100612,Hail Microbus ,31.196898,29.914789
SYN_100613,Hail Microbus ,31.196255,29.912825
SYN_100614,Hail Microbus ,31.195613,29.910861
SYN_100615,Hail Microbus ,31.194900,29.908931
SYN_100616,Hail Microbus ,31.194185,29.907001
SYN_100617,Hail Microbus ,31.193470,29.905072
SYN_100618,Hail Microbus ,31.244660,29.986830
SYN_100619,Hail Microbus ,31.245344,29.988770
SYN_100620,Hail Microbus ,31.245814,29.989119
SYN_100621,Hail Microbus ,31.245773,29.987432
SYN_100622,Hail Microbus ,31.247418,29.986582
SYN_100623,Hail Microbus ,31.249071,29.985907
SYN_100624,Hail Microbus ,31.250709,29.985039
SYN_100625,Hail Microbus ,31.251959,29.985944
SYN_100626,Hail Microbus ,31.253341,29.986541
SYN_100627,Hail Microbus ,31.254800,29.985317
SYN_100628,Hail Microbus ,31.256153,29.983987
SYN_100629,Hail Microbus ,31.257385,29.982453
SYN_100630,Hail Microbus ,31.258642,29.981018
SYN_100631,Hail Microbus ,31.257373,29.979884
SYN_100632,Hail Microbus ,31.257402,29.979055
SYN_100633,Hail Microbus ,31.258467,29.980295
SYN_100634,Hail Microbus ,31.257250,29.978777
SYN_100635,Hail Microbus ,31.255828,29.977511
SYN_100636,Hail Microbus ,31.254862,29.975751
SYN_100637,Hail Microbus ,31.254429,29.973736
SYN_100638,Hail Microbus ,31.253026,29.972447
SYN_100639,Hail Microbus ,31.251719,29.971016
SYN_100640,Hail Microbus ,31.250403,29.969596
SYN_100641,Hail Microbus ,31.248936,29.968399
SYN_100642,Hail Microbus ,31.247729,29.966856
SYN_100643,Hail Microbus ,31.246247,29.965687
SYN_100644,Hail Microbus ,31.244756,29.964535
SYN_100645,Hail Microbus ,31.243539,29.962990
SYN_100646,Hail Microbus ,31.242451,29.961350
SYN_100647,Hail Microbus ,31.241225,29.959847
SYN_100648,Hail Microbus ,31.240942,29.957961
SYN_100649,Hail Microbus ,31.240556,29.956183
SYN_100650,Hail Microbus ,31.239446,29.954528
SYN_100651,Hail Microbus ,31.237939,29.953452
SYN_100652,Hail Microbus ,31.236861,29.951839
SYN_100653,Hail Microbus ,31.236135,29.949998
SYN_100654,Hail Microbus ,31.234958,29.948407
SYN_100655,Hail Microbus ,31.233708,29.946901
SYN_100656,Hail Microbus ,31.232295,29.945601
SYN_100657,Hail Microbus ,31.230902,29.944274
SYN_100658,Hail Microbus ,31.229538,29.942903
SYN_100659,Hail Microbus ,31.228174,29.941532
SYN_100660,Hail Microbus ,31.227693,29.939594
SYN_100661,Hail Microbus ,31.226868,29.937741
SYN_100662,Hail Microbus ,31.225641,29.936207
SYN_100663,Hail Microbus ,31.224350,29.934745
SYN_100664,Hail Microbus ,31.223104,29.933228
SYN_100665,Hail Microbus ,31.221903,29.931662
SYN_100666,Hail Microbus ,31.220706,29.930093
SYN_100667,Hail Microbus ,31.219644,29.928404
SYN_100668,Hail Microbus ,31.218581,29.926713
SYN_100669,Hail Microbus ,31.217442,29.925085
SYN_100670,Hail Microbus ,31.216470,29.923322
SYN_100671,Hail Microbus ,31.215355,29.921683
SYN_100672,Hail Microbus ,31.214461,29.919860
SYN_100673,Hail Microbus ,31.213424,29.918169
SYN_100674,Hail Microbus ,31.212193,29.916638
SYN_100675,Hail Microbus ,31.211516,29.914701
SYN_100676,Hail Microbus ,31.210825,29.912769
SYN_100677,Hail Microbus ,31.210172,29.910843
SYN_100678,Hail Microbus ,31.209790,29.908801
SYN_100679,Hail Microbus ,31.208757,29.907171
SYN_100680,Hail Microbus ,31.207210,29.906100
SYN_100681,Hail Microbus ,31.205742,29.904887
SYN_100682,Hail Microbus ,31.204378,29.903517
SYN_100683,Hail Microbus ,31.203122,29.902013
SYN_100684,Hail Microbus ,31.202048,29.900330
SYN_100685,Hail Microbus ,31.201202,29.898478
SYN_100686,Hail Microbus ,31.200664,29.896475
SYN_100687,Hail Microbus ,31.220217,29.991458
SYN_100688,Hail Microbus ,31.221191,29.989695
SYN_100689,Hail Microbus ,31.222325,29.988062
SYN_100690,Hail Microbus ,31.223199,29.986232
SYN_100691,Hail Microbus ,31.223853,29.984272
SYN_100692,Hail Microbus ,31.224372,29.982290
SYN_100693,Hail Microbus ,31.225140,29.980396
SYN_100694,Hail Microbus ,31.225009,29.978455
SYN_100695,Hail Microbus ,31.224065,29.976668
SYN_100696,Hail Microbus ,31.223611,29.974637
SYN_100697,Hail Microbus ,31.223234,29.972580
SYN_100698,Hail Microbus ,31.222657,29.970597
SYN_100699,Hail Microbus ,31.222166,29.968574
SYN_100700,Hail Microbus ,31.221582,29.966585
SYN_100701,Hail Microbus ,31.220648,29.964811
SYN_100702,Hail Microbus ,31.219039,29.963929
SYN_100703,Hail Microbus ,31.217313,29.963338
SYN_100704,Hail Microbus ,31.215601,29.962694
SYN_100705,Hail Microbus ,31.213928,29.961928
SYN_100706,Hail Microbus ,31.212383,29.960914
SYN_100707,Hail Microbus ,31.211643,29.959081
SYN_100708,Hail Microbus ,31.211511,29.957032
SYN_100709,Hail Microbus ,31.212191,29.955104
SYN_100710,Hail Microbus ,31.212369,29.953257
SYN_100711,Hail Microbus ,31.212955,29.951269
SYN_100712,Hail Microbus ,31.213541,29.949280
SYN_100713,Hail Microbus ,31.214131,29.947294
SYN_100714,Hail Microbus ,31.214985,29.945603
SYN_100715,Hail Microbus ,31.213987,29.943940
SYN_100716,Hail Microbus ,31.213201,29.942049
SYN_100717,Hail Microbus ,31.212415,29.940157
SYN_100718,Hail Microbus ,31.211443,29.938399
SYN_100719,Hail Microbus ,31.210412,29.936677
SYN_100720,Hail Microbus ,31.209380,29.934954
SYN_100721,Hail Microbus ,31.208932,29.933103
SYN_100722,Hail Microbus ,31.208265,29.931150
SYN_100723,Hail Microbus ,31.207891,29.929379
SYN_100724,Hail Microbus ,31.206838,29.927674
SYN_100725,Hail Microbus ,31.205881,29.925899
SYN_100726,Hail Microbus ,31.205096,29.924007
SYN_100727,Hail Microbus ,31.204329,29.922105
SYN_100728,Hail Microbus ,31.203563,29.920202
SYN_100729,Hail Microbus ,31.202815,29.918290
SYN_100730,Hail Microbus ,31.202118,29.916359
SYN_100731,Hail Microbus ,31.203601,29.915321
SYN_100732,Hail Microbus ,31.205257,29.914515
SYN_100733,Hail Microbus ,31.206937,29.913765
SYN_100734,Hail Microbus ,31.208612,29.912999
SYN_100735,Hail Microbus ,31.210292,29.912257
SYN_100736,Hail Microbus ,31.211157,29.914045
SYN_100737,Hail Microbus ,31.211729,29.916039
SYN_100738,Hail Microbus ,31.212775,29.917723
SYN_100739,Hail Microbus ,31.213883,29.918903
SYN_100740,Hail Microbus ,31.212711,29.917317
SYN_100741,Hail Microbus ,31.211773,29.915561
SYN_100742,Hail Microbus ,31.211193,29.913570
SYN_100743,Hail Microbus ,31.210322,29.911734
SYN_100744,Hail Microbus ,31.210043,29.909661
SYN_100745,Hail Microbus ,31.209356,29.907725
SYN_100746,Hail Microbus ,31.207869,29.906587
SYN_100747,Hail Microbus ,31.206366,29.905432
SYN_100748,Hail Microbus ,31.204962,29.904121
SYN_100749,Hail Microbus ,31.203650,29.902683
SYN_100750,Hail Microbus ,31.202483,29.901086
SYN_100751,Hail Microbus ,31.201535,29.899302
SYN_100752,Hail Microbus ,31.200859,29.897357
SYN_100753,Hail Microbus ,31.221232,29.993898
SYN_100754,Hail Microbus ,31.222092,29.995062
SYN_100755,Hail Microbus ,31.222234,29.997151
SYN_100756,Hail Microbus ,31.223150,29.998960
SYN_100757,Hail Microbus ,31.224569,29.999866
SYN_100758,Hail Microbus ,31.226365,29.999755
SYN_100759,Hail Microbus ,31.228161,29.999644
SYN_100760,Hail Microbus ,31.229958,29.999533
SYN_100761,Hail Microbus ,31.231754,29.999422
SYN_100762,Hail Microbus ,31.233550,29.999311
SYN_100763,Hail Microbus ,31.235345,29.999186
SYN_100764,Hail Microbus ,31.237141,29.999059
SYN_100765,Hail Microbus ,31.238937,29.998960
SYN_100766,Hail Microbus ,31.240734,29.998862
SYN_100767,Hail Tomnaya ,31.262746,30.029541
SYN_100768,Hail Tomnaya ,31.261440,30.030987
SYN_100769,Hail Tomnaya ,31.260162,30.032467
SYN_100770,Hail Tomnaya ,31.258864,30.033924
SYN_100771,Hail Tomnaya ,31.257563,30.035377
SYN_100772,Hail Tomnaya ,31.256272,30.036842
SYN_100773,Hail Tomnaya ,31.254972,30.038296
SYN_100774,Hail Tomnaya ,31.253672,30.039749
SYN_100775,Hail Tomnaya ,31.252371,30.041203
SYN_100776,Hail Tomnaya ,31.251093,30.042680
SYN_100777,Hail Tomnaya ,31.249751,30.042592
SYN_100778,Hail Tomnaya ,31.248259,30.041932
SYN_100779,Hail Tomnaya ,31.247091,30.043531
SYN_100780,Hail Tomnaya ,31.245922,30.045131
SYN_100781,Hail Tomnaya ,31.244760,30.046736
SYN_100782,Hail Tomnaya ,31.243610,30.048354
SYN_100783,Hail Tomnaya ,31.262715,30.029575
SYN_100784,Hail Tomnaya ,31.261409,30.031021
SYN_100785,Hail Tomnaya ,31.260131,30.032502
SYN_100786,Hail Tomnaya ,31.258833,30.033958
SYN_100787,Hail Tomnaya ,31.257533,30.035412
SYN_100788,Hail Tomnaya ,31.256242,30.036877
SYN_100789,Hail Tomnaya ,31.254941,30.038330
SYN_100790,Hail Tomnaya ,31.253641,30.039784
SYN_100791,Hail Tomnaya ,31.252341,30.041238
SYN_100792,Hail Tomnaya ,31.251069,30.042721
SYN_100793,Hail Tomnaya ,31.251861,30.044039
SYN_100794,Hail Tomnaya ,31.253404,30.045120
SYN_100795,Hail Tomnaya ,31.254947,30.046201
SYN_100796,Hail Tomnaya ,31.256490,30.047282
SYN_100797,Hail Tomnaya ,31.258033,30.048363
SYN_100798,Hail Tomnaya ,31.259579,30.049439
SYN_100799,Hail Tomnaya ,31.260420,30.050817
SYN_100800,Hail Tomnaya ,31.259860,30.052816
SYN_100801,Hail Tomnaya ,31.259301,30.054816
SYN_100802,Hail Microbus ,31.307107,30.058384
SYN_100803,Hail Microbus ,31.305354,30.057911
SYN_100804,Hail Microbus ,31.303602,30.057439
SYN_100805,Hail Microbus ,31.301846,30.056981
SYN_100806,Hail Microbus ,31.300079,30.056592
SYN_100807,Hail Microbus ,31.298352,30.056011
SYN_100808,Hail Microbus ,31.296676,30.055251
SYN_100809,Hail Microbus ,31.295106,30.054230
SYN_100810,Hail Microbus ,31.293609,30.053065
SYN_100811,Hail Microbus ,31.292107,30.052053
SYN_100812,Hail Microbus ,31.290873,30.050729
SYN_100813,Hail Microbus ,31.289708,30.049127
SYN_100814,Hail Microbus ,31.288584,30.047484
SYN_100815,Hail Microbus ,31.287470,30.045831
SYN_100816,Hail Microbus ,31.286391,30.044149
SYN_100817,Hail Microbus ,31.285485,30.042333
SYN_100818,Hail Microbus ,31.284772,30.040403
SYN_100819,Hail Microbus ,31.284338,30.038362
SYN_100820,Hail Microbus ,31.284100,30.036277
SYN_100821,Hail Microbus ,31.283982,30.034177
SYN_100822,Hail Microbus ,31.283834,30.032079
SYN_100823,Hail Microbus ,31.283714,30.029980
SYN_100824,Hail Microbus ,31.283530,30.027888
SYN_100825,Hail Microbus ,31.283394,30.025791
SYN_100826,Hail Microbus ,31.283207,30.023700
SYN_100827,Hail Microbus ,31.282754,30.021664
SYN_100828,Hail Microbus ,31.282089,30.019715
SYN_100829,Hail Microbus ,31.281342,30.017803
SYN_100830,Hail Microbus ,31.280312,30.016078
SYN_100831,Hail Microbus ,31.281264,30.014463
SYN_100832,Hail Microbus ,31.281813,30.012459
SYN_100833,Hail Microbus ,31.281798,30.010643
SYN_100834,Hail Microbus ,31.280180,30.009736
SYN_100835,Hail Microbus ,31.278871,30.008306
SYN_100836,Hail Microbus ,31.277801,30.006646
SYN_100837,Hail Microbus ,31.277409,30.004621
SYN_100838,Hail Microbus ,31.276695,30.002870
SYN_100839,Hail Microbus ,31.275050,30.002050
SYN_100840,Hail Microbus ,31.273595,30.000812
SYN_100841,Hail Microbus ,31.272217,29.999462
SYN_100842,Hail Microbus ,31.271234,29.997739
SYN_100843,Hail Microbus ,31.270702,29.995760
SYN_100844,Hail Microbus ,31.270485,29.993806
SYN_100845,Hail Microbus ,31.270030,29.991875
SYN_100846,Hail Microbus ,31.270110,29.989780
SYN_100847,Hail Microbus ,31.269901,29.987743
SYN_100848,Hail Microbus ,31.268356,29.986820
SYN_100849,Hail Microbus ,31.266679,29.987425
SYN_100850,Hail Microbus ,31.264968,29.986863
SYN_100851,Hail Microbus ,31.263435,29.985795
SYN_100852,Hail Microbus ,31.262230,29.984239
SYN_100853,Hail Microbus ,31.261462,29.982358
SYN_100854,Hail Microbus ,31.259895,29.981401
SYN_100855,Hail Microbus ,31.258438,29.980169
SYN_100856,Hail Microbus ,31.257166,29.978705
SYN_100857,Hail Microbus ,31.255755,29.977425
SYN_100858,Hail Microbus ,31.254817,29.975641
SYN_100859,Hail Microbus ,31.254370,29.973636
SYN_100860,Hail Microbus ,31.252938,29.972382
SYN_100861,Hail Microbus ,31.251650,29.970925
SYN_100862,Hail Microbus ,31.250312,29.969537
SYN_100863,Hail Microbus ,31.248859,29.968317
SYN_100864,Hail Microbus ,31.247659,29.966765
SYN_100865,Hail Microbus ,31.246156,29.965627
SYN_100866,Hail Microbus ,31.244690,29.964441
SYN_100867,Hail Microbus ,31.243461,29.962910
SYN_100868,Hail Microbus ,31.242402,29.961242
SYN_100869,Hail Microbus ,31.241146,29.959767
SYN_100870,Hail Microbus ,31.241004,29.957863
SYN_100871,Hail Microbus ,31.240489,29.956090
SYN_100872,Hail Microbus ,31.239381,29.954434
SYN_100873,Hail Microbus ,31.237849,29.953391
SYN_100874,Hail Microbus ,31.236837,29.951720
SYN_100875,Hail Microbus ,31.236070,29.949902
SYN_100876,Hail Microbus ,31.234890,29.948315
SYN_100877,Hail Microbus ,31.233630,29.946821
SYN_100878,Hail Microbus ,31.232209,29.945533
SYN_100879,Hail Microbus ,31.230823,29.944195
SYN_100880,Hail Microbus ,31.229459,29.942824
SYN_100881,Hail Microbus ,31.228095,29.941453
SYN_100882,Hail Microbus ,31.227664,29.939479
SYN_100883,Hail Microbus ,31.226800,29.937648
SYN_100884,Hail Microbus ,31.225562,29.936127
SYN_100885,Hail Microbus ,31.224277,29.934657
SYN_100886,Hail Microbus ,31.223032,29.933140
SYN_100887,Hail Microbus ,31.221834,29.931570
SYN_100888,Hail Microbus ,31.220631,29.930009
SYN_100889,Hail Microbus ,31.219591,29.928300
SYN_100890,Hail Microbus ,31.218515,29.926619
SYN_100891,Hail Microbus ,31.217380,29.924988
SYN_100892,Hail Microbus ,31.216417,29.923217
SYN_100893,Hail Microbus ,31.215298,29.921581
SYN_100894,Hail Microbus ,31.214412,29.919752
SYN_100895,Hail Microbus ,31.213350,29.918083
SYN_100896,Hail Microbus ,31.212131,29.916540
SYN_100897,Hail Microbus ,31.211483,29.914585
SYN_100898,Hail Microbus ,31.210772,29.912664
SYN_100899,Hail Microbus ,31.210160,29.910722
SYN_100900,Hail Microbus ,31.209748,29.908690
SYN_100901,Hail Microbus ,31.208666,29.907112
SYN_100902,Hail Microbus ,31.207122,29.906035
SYN_100903,Hail Microbus ,31.205659,29.904813
SYN_100904,Hail Microbus ,31.204303,29.903433
SYN_100905,Hail Microbus ,31.203054,29.901921
SYN_100906,Hail Microbus ,31.201990,29.900229
SYN_100907,Hail Microbus ,31.200800,29.899829
SYN_100908,Hail Microbus ,31.199974,29.898004
SYN_100909,Hail Microbus ,31.199225,29.896782
SYN_100910,Hail Microbus ,31.248745,29.976379
SYN_100911,Hail Microbus ,31.250219,29.975173
SYN_100912,Hail Microbus ,31.251693,29.973967
SYN_100913,Hail Microbus ,31.253168,29.972803
SYN_100914,Hail Microbus ,31.254426,29.974230
SYN_100915,Hail Microbus ,31.254857,29.976211
SYN_100916,Hail Microbus ,31.254637,29.974280
SYN_100917,Hail Microbus ,31.253459,29.972767
SYN_100918,Hail Microbus ,31.252059,29.971465
SYN_100919,Hail Microbus ,31.250819,29.969945
SYN_100920,Hail Microbus ,31.249314,29.968803
SYN_100921,Hail Microbus ,31.248019,29.967348
SYN_100922,Hail Microbus ,31.246694,29.965979
SYN_100923,Hail Microbus ,31.245130,29.964940
SYN_100924,Hail Microbus ,31.243912,29.963401
SYN_100925,Hail Microbus ,31.242690,29.961880
SYN_100926,Hail Microbus ,31.241628,29.960215
SYN_100927,Hail Microbus ,31.240761,29.958516
SYN_100928,Hail Microbus ,31.240886,29.956642
SYN_100929,Hail Microbus ,31.239757,29.955005
SYN_100930,Hail Microbus ,31.238409,29.953686
SYN_100931,Hail Microbus ,31.237052,29.952392
SYN_100932,Hail Microbus ,31.236476,29.950441
SYN_100933,Hail Microbus ,31.235294,29.948859
SYN_100934,Hail Microbus ,31.234095,29.947294
SYN_100935,Hail Microbus ,31.232705,29.945961
SYN_100936,Hail Microbus ,31.231291,29.944665
SYN_100937,Hail Microbus ,31.229927,29.943294
SYN_100938,Hail Microbus ,31.228563,29.941923
SYN_100939,Hail Microbus ,31.227741,29.940191
SYN_100940,Hail Microbus ,31.227168,29.938226
SYN_100941,Hail Microbus ,31.226011,29.936619
SYN_100942,Hail Microbus ,31.224707,29.935174
SYN_100943,Hail Microbus ,31.223456,29.933663
SYN_100944,Hail Microbus ,31.222242,29.932111
SYN_100945,Hail Microbus ,31.221052,29.930534
SYN_100946,Hail Microbus ,31.219920,29.928908
SYN_100947,Hail Microbus ,31.218906,29.927176
SYN_100948,Hail Microbus ,31.217764,29.925552
SYN_100949,Hail Microbus ,31.216718,29.923846
SYN_100950,Hail Microbus ,31.215639,29.922181
SYN_100951,Hail Microbus ,31.214703,29.920388
SYN_100952,Hail Microbus ,31.213787,29.918591
SYN_100953,Hail Microbus ,31.212525,29.917093
SYN_100954,Hail Microbus ,31.211682,29.915267
SYN_100955,Hail Microbus ,31.211086,29.913285
SYN_100956,Hail Microbus ,31.210249,29.911434
SYN_100957,Hail Microbus ,31.209976,29.909359
SYN_100958,Hail Microbus ,31.209193,29.907478
SYN_100959,Hail Microbus ,31.207643,29.906420
SYN_100960,Hail Microbus ,31.206150,29.905249
SYN_100961,Hail Microbus ,31.204762,29.903914
SYN_100962,Hail Microbus ,31.203468,29.902455
SYN_100963,Hail Microbus ,31.202330,29.900830
SYN_100964,Hail Microbus ,31.201419,29.899020
SYN_100965,Hail Microbus ,31.200788,29.897055
SYN_100966,Hail Microbus ,31.207680,29.940054
SYN_100967,Hail Microbus ,31.207324,29.937999
SYN_100968,Hail Microbus ,31.207629,29.935939
SYN_100969,Hail Microbus ,31.208564,29.934162
SYN_100970,Hail Microbus ,31.208937,29.934212
SYN_100971,Hail Microbus ,31.208645,29.932263
SYN_100972,Hail Microbus ,31.208005,29.930298
SYN_100973,Hail Microbus ,31.207438,29.928646
SYN_100974,Hail Microbus ,31.206385,29.926941
SYN_100975,Hail Microbus ,31.205538,29.925088
SYN_100976,Hail Microbus ,31.204765,29.923189
SYN_100977,Hail Microbus ,31.204000,29.921286
SYN_100978,Hail Microbus ,31.203235,29.919383
SYN_100979,Hail Microbus ,31.202506,29.917461
SYN_100980,Hail Microbus ,31.201806,29.915527
SYN_100981,Hail Microbus ,31.202143,29.913747
SYN_100982,Hail Microbus ,31.202373,29.911787
SYN_100983,Hail Microbus ,31.202633,29.910109
SYN_100984,Hail Microbus ,31.201997,29.908293
SYN_100985,Hail Microbus ,31.202794,29.907154
SYN_100986,Hail Microbus ,31.204119,29.906324
SYN_100987,Hail Microbus ,31.203283,29.904462
SYN_100988,Hail Microbus ,31.202618,29.902604
SYN_100989,Hail Microbus ,31.201556,29.900909
SYN_100990,Hail Microbus ,31.200406,29.899314
SYN_100991,Hail Microbus ,31.199885,29.897315
SYN_100992,Hail Microbus ,31.199741,29.895220
SYN_100993,Hail Microbus ,31.214232,29.944529
SYN_100994,Hail Microbus ,31.213446,29.942637
SYN_100995,Hail Microbus ,31.212660,29.940745
SYN_100996,Hail Microbus ,31.211764,29.938935
SYN_100997,Hail Microbus ,31.210732,29.937212
SYN_100998,Hail Microbus ,31.209701,29.935489
SYN_100999,Hail Microbus ,31.208837,29.933716
SYN_101000,Hail Microbus ,31.208472,29.931757
SYN_101001,Hail Microbus ,31.208053,29.929791
SYN_101002,Hail Microbus ,31.207165,29.928204
SYN_101003,Hail Microbus ,31.206138,29.926479
SYN_101004,Hail Microbus ,31.205337,29.924597
SYN_101005,Hail Microbus ,31.204567,29.922697
SYN_101006,Hail Microbus ,31.203801,29.920794
SYN_101007,Hail Microbus ,31.203038,29.918890
SYN_101008,Hail Microbus ,31.202320,29.916962
SYN_101009,Hail Microbus ,31.201587,29.915047
SYN_101010,Hail Microbus ,31.202435,29.913325
SYN_101011,Hail Microbus ,31.202263,29.911258
SYN_101012,Hail Microbus ,31.201822,29.909220
SYN_101013,Hail Microbus ,31.201771,29.907571
SYN_101014,Hail Microbus ,31.203475,29.906897
SYN_101015,Hail Microbus ,31.203787,29.905583
SYN_101016,Hail Microbus ,31.202963,29.903714
SYN_101017,Hail Microbus ,31.202168,29.901953
SYN_101018,Hail Microbus ,31.201158,29.900214
SYN_101019,Hail Microbus ,31.200139,29.898538
SYN_101020,Hail Microbus ,31.199813,29.896483
SYN_101021,Hail Microbus ,31.223375,29.973308
SYN_101022,Hail Microbus ,31.222837,29.971313
SYN_101023,Hail Microbus ,31.222348,29.969290
SYN_101024,Hail Microbus ,31.221793,29.967290
SYN_101025,Hail Microbus ,31.221061,29.965376
SYN_101026,Hail Microbus ,31.219651,29.964142
SYN_101027,Hail Microbus ,31.217922,29.963561
SYN_101028,Hail Microbus ,31.216213,29.962907
SYN_101029,Hail Microbus ,31.214512,29.962229
SYN_101030,Hail Microbus ,31.212866,29.961398
SYN_101031,Hail Microbus ,31.211794,29.959805
SYN_101032,Hail Microbus ,31.211405,29.957766
SYN_101033,Hail Microbus ,31.211969,29.955791
SYN_101034,Hail Microbus ,31.212161,29.953963
SYN_101035,Hail Microbus ,31.212747,29.951974
SYN_101036,Hail Microbus ,31.213333,29.949986
SYN_101037,Hail Microbus ,31.213919,29.947998
SYN_101038,Hail Microbus ,31.214662,29.946175
SYN_101039,Hail Microbus ,31.214266,29.944612
SYN_101040,Hail Microbus ,31.213480,29.942720
SYN_101041,Hail Microbus ,31.212694,29.940829
SYN_101042,Hail Microbus ,31.211809,29.939011
SYN_101043,Hail Microbus ,31.210778,29.937288
SYN_101044,Hail Microbus ,31.209746,29.935565
SYN_101045,Hail Microbus ,31.208821,29.933807
SYN_101046,Hail Microbus ,31.208502,29.931843
SYN_101047,Hail Microbus ,31.208011,29.929867
SYN_101048,Hail Microbus ,31.207212,29.928279
SYN_101049,Hail Microbus ,31.206180,29.926558
SYN_101050,Hail Microbus ,31.205371,29.924680
SYN_101051,Hail Microbus ,31.204601,29.922780
SYN_101052,Hail Microbus ,31.203835,29.920878
SYN_101053,Hail Microbus ,31.203072,29.918973
SYN_101054,Hail Microbus ,31.202351,29.917047
SYN_101055,Hail Microbus ,31.201624,29.915128
SYN_101056,Hail Microbus ,31.202392,29.913402
SYN_101057,Hail Microbus ,31.202279,29.911348
SYN_101058,Hail Microbus ,31.202630,29.909769
SYN_101059,Hail Microbus ,31.201817,29.907894
SYN_101060,Hail Microbus ,31.203161,29.907016
SYN_101061,Hail Microbus ,31.203940,29.905924
SYN_101062,Hail Microbus ,31.203104,29.904062
SYN_101063,Hail Microbus ,31.202370,29.902257
SYN_101064,Hail Microbus ,31.201345,29.900531
SYN_101065,Hail Microbus ,31.200262,29.898895
SYN_101066,Hail Microbus ,31.199835,29.896867
SYN_101067,Hail Microbus ,31.199722,29.894769
SYN_101068,Hail Microbus ,31.235819,29.965138
SYN_101069,Hail Microbus ,31.237101,29.964221
SYN_101070,Hail Microbus ,31.238408,29.962867
SYN_101071,Hail Microbus ,31.239784,29.962670
SYN_101072,Hail Microbus ,31.241169,29.964012
SYN_101073,Hail Microbus ,31.242342,29.965188
SYN_101074,Hail Microbus ,31.241581,29.963545
SYN_101075,Hail Microbus ,31.242448,29.962123
SYN_101076,Hail Microbus ,31.243121,29.962653
SYN_101077,Hail Microbus ,31.242191,29.960859
SYN_101078,Hail Microbus ,31.240913,29.959404
SYN_101079,Hail Microbus ,31.241179,29.957462
SYN_101080,Hail Microbus ,31.240237,29.955741
SYN_101081,Hail Microbus ,31.239107,29.954111
SYN_101082,Hail Microbus ,31.237536,29.953119
SYN_101083,Hail Microbus ,31.236779,29.951270
SYN_101084,Hail Microbus ,31.235814,29.949558
SYN_101085,Hail Microbus ,31.234634,29.947971
SYN_101086,Hail Microbus ,31.233334,29.946523
SYN_101087,Hail Microbus ,31.231892,29.945268
SYN_101088,Hail Microbus ,31.230528,29.943897
SYN_101089,Hail Microbus ,31.229163,29.942526
SYN_101090,Hail Microbus ,31.227851,29.941103
SYN_101091,Hail Microbus ,31.227514,29.939057
SYN_101092,Hail Microbus ,31.226546,29.937302
SYN_101093,Hail Microbus ,31.225267,29.935828
SYN_101094,Hail Microbus ,31.224005,29.934331
SYN_101095,Hail Microbus ,31.222766,29.932806
SYN_101096,Hail Microbus ,31.221576,29.931229
SYN_101097,Hail Microbus ,31.220382,29.929660
SYN_101098,Hail Microbus ,31.219391,29.927908
SYN_101099,Hail Microbus ,31.218267,29.926267
SYN_101100,Hail Microbus ,31.217145,29.924623
SYN_101101,Hail Microbus ,31.216165,29.922871
SYN_101102,Hail Microbus ,31.215085,29.921199
SYN_101103,Hail Microbus ,31.214240,29.919343
SYN_101104,Hail Microbus ,31.213073,29.917762
SYN_101105,Hail Microbus ,31.211951,29.916138
SYN_101106,Hail Microbus ,31.211360,29.914152
SYN_101107,Hail Microbus ,31.210574,29.912272
SYN_101108,Hail Microbus ,31.210116,29.910269
SYN_101109,Hail Microbus ,31.209594,29.908271
SYN_101110,Hail Microbus ,31.208325,29.906890
SYN_101111,Hail Microbus ,31.206796,29.905785
SYN_101112,Hail Microbus ,31.205354,29.904528
SYN_101113,Hail Microbus ,31.204025,29.903113
SYN_101114,Hail Microbus ,31.202799,29.901576
SYN_101115,Hail Microbus ,31.201784,29.899842
SYN_101116,Hail Microbus ,31.200519,29.899515
SYN_101117,Hail Microbus ,31.199911,29.897555
SYN_101118,Hail Microbus ,31.199200,29.896346
SYN_101119,Hail Microbus ,31.209494,29.962574
SYN_101120,Hail Microbus ,31.210156,29.960621
SYN_101121,Hail Microbus ,31.210751,29.958636
SYN_101122,Hail Microbus ,31.211352,29.956654
SYN_101123,Hail Microbus ,31.212129,29.955211
SYN_101124,Hail Microbus ,31.211492,29.957122
SYN_101125,Hail Microbus ,31.210615,29.956928
SYN_101126,Hail Microbus ,31.209112,29.955784
SYN_101127,Hail Microbus ,31.207822,29.954561
SYN_101128,Hail Microbus ,31.207644,29.953087
SYN_101129,Hail Microbus ,31.207126,29.951700
SYN_101130,Hail Microbus ,31.207719,29.949715
SYN_101131,Hail Microbus ,31.208395,29.947852
SYN_101132,Hail Microbus ,31.208841,29.945921
SYN_101133,Hail Microbus ,31.209727,29.944099
SYN_101134,Hail Microbus ,31.209171,29.942914
SYN_101135,Hail Microbus ,31.208043,29.941305
SYN_101136,Hail Microbus ,31.207603,29.939696
SYN_101137,Hail Microbus ,31.207329,29.937630
SYN_101138,Hail Microbus ,31.207755,29.935601
SYN_101139,Hail Microbus ,31.208812,29.934351
SYN_101140,Hail Microbus ,31.208814,29.933888
SYN_101141,Hail Microbus ,31.208528,29.931920
SYN_101142,Hail Microbus ,31.207975,29.929938
SYN_101143,Hail Microbus ,31.207253,29.928346
SYN_101144,Hail Microbus ,31.206216,29.926629
SYN_101145,Hail Microbus ,31.205402,29.924755
SYN_101146,Hail Microbus ,31.204631,29.922855
SYN_101147,Hail Microbus ,31.203865,29.920952
SYN_101148,Hail Microbus ,31.203102,29.919048
SYN_101149,Hail Microbus ,31.202379,29.917122
SYN_101150,Hail Microbus ,31.201657,29.915201
SYN_101151,Hail Microbus ,31.202344,29.913462
SYN_101152,Hail Microbus ,31.202299,29.911428
SYN_101153,Hail Microbus ,31.201866,29.909386
SYN_101154,Hail Microbus ,31.201742,29.907714
SYN_101155,Hail Microbus ,31.203333,29.906951
SYN_101156,Hail Microbus ,31.203856,29.905738
SYN_101157,Hail Microbus ,31.203020,29.903876
SYN_101158,Hail Microbus ,31.202259,29.902092
SYN_101159,Hail Microbus ,31.201247,29.900354
SYN_101160,Hail Microbus ,31.200194,29.898700
SYN_101161,Hail Microbus ,31.199824,29.896657
SYN_101162,Hail Microbus ,31.227695,29.983186
SYN_101163,Hail Microbus ,31.225902,29.983351
SYN_101164,Hail Microbus ,31.224118,29.983340
SYN_101165,Hail Microbus ,31.224768,29.981464
SYN_101166,Hail Microbus ,31.225362,29.979484
SYN_101167,Hail Microbus ,31.224562,29.977663
SYN_101168,Hail Microbus ,31.223823,29.975764
SYN_101169,Hail Microbus ,31.223448,29.973707
SYN_101170,Hail Microbus ,31.222967,29.971691
SYN_101171,Hail Microbus ,31.222448,29.969681
SYN_101172,Hail Microbus ,31.221909,29.967674
SYN_101173,Hail Microbus ,31.221237,29.965727
SYN_101174,Hail Microbus ,31.219978,29.964283
SYN_101175,Hail Microbus ,31.218258,29.963671
SYN_101176,Hail Microbus ,31.216547,29.963027
SYN_101177,Hail Microbus ,31.214834,29.962387
SYN_101178,Hail Microbus ,31.213167,29.961601
SYN_101179,Hail Microbus ,31.211871,29.960203
SYN_101180,Hail Microbus ,31.211434,29.958172
SYN_101181,Hail Microbus ,31.211808,29.956152
SYN_101182,Hail Microbus ,31.212047,29.954348
SYN_101183,Hail Microbus ,31.212633,29.952360
SYN_101184,Hail Microbus ,31.213219,29.950372
SYN_101185,Hail Microbus ,31.213805,29.948383
SYN_101186,Hail Microbus ,31.214402,29.946399
SYN_101187,Hail Microbus ,31.214452,29.944953
SYN_101188,Hail Microbus ,31.213633,29.943087
SYN_101189,Hail Microbus ,31.212847,29.941195
SYN_101190,Hail Microbus ,31.212009,29.939345
SYN_101191,Hail Microbus ,31.210978,29.937622
SYN_101192,Hail Microbus ,31.209946,29.935899
SYN_101193,Hail Microbus ,31.208915,29.934177
SYN_101194,Hail Microbus ,31.208631,29.932222
SYN_101195,Hail Microbus ,31.207993,29.930257
SYN_101196,Hail Microbus ,31.207416,29.928610
SYN_101197,Hail Microbus ,31.206363,29.926905
SYN_101198,Hail Microbus ,31.205522,29.925048
SYN_101199,Hail Microbus ,31.204749,29.923150
SYN_101200,Hail Microbus ,31.203984,29.921247
SYN_101201,Hail Microbus ,31.203219,29.919343
SYN_101202,Hail Microbus ,31.202491,29.917421
SYN_101203,Hail Microbus ,31.201788,29.915488
SYN_101204,Hail Microbus ,31.202167,29.913714
SYN_101205,Hail Microbus ,31.202364,29.911744
SYN_101206,Hail Microbus ,31.202666,29.910089
SYN_101207,Hail Microbus ,31.201980,29.908254
SYN_101208,Hail Microbus ,31.202830,29.907141
SYN_101209,Hail Microbus ,31.204102,29.906285
SYN_101210,Hail Microbus ,31.203266,29.904423
SYN_101211,Hail Microbus ,31.202593,29.902571
SYN_101212,Hail Microbus ,31.201536,29.900872
SYN_101213,Hail Microbus ,31.200392,29.899274
SYN_101214,Hail Microbus ,31.199880,29.897272
SYN_101215,Hail Microbus ,31.256690,29.996688
SYN_101216,Hail Microbus ,31.255381,29.996802
SYN_101217,Hail Microbus ,31.254226,29.995245
SYN_101218,Hail Microbus ,31.253099,29.993604
SYN_101219,Hail Microbus ,31.251973,29.991964
SYN_101220,Hail Microbus ,31.250667,29.992698
SYN_101221,Hail Microbus ,31.249894,29.991351
SYN_101222,Hail Microbus ,31.248186,29.991293
SYN_101223,Hail Microbus ,31.246656,29.991421
SYN_101224,Hail Microbus ,31.246018,29.990556
SYN_101225,Hail Microbus ,31.246376,29.992541
SYN_101226,Hail Microbus ,31.244610,29.992304
SYN_101227,Hail Microbus ,31.242819,29.992299
SYN_101228,Hail Microbus ,31.241081,29.992088
SYN_101229,Hail Microbus ,31.239506,29.992581
SYN_101230,Hail Microbus ,31.237710,29.992703
SYN_101231,Hail Microbus ,31.235915,29.992832
SYN_101232,Hail Microbus ,31.234120,29.992968
SYN_101233,Hail Microbus ,31.232325,29.993100
SYN_101234,Hail Microbus ,31.230529,29.993219
SYN_101235,Hail Microbus ,31.228733,29.993338
SYN_101236,Hail Microbus ,31.226938,29.993457
SYN_101237,Hail Microbus ,31.225142,29.993576
SYN_101238,Hail Microbus ,31.223345,29.993642
SYN_101239,Hail Microbus ,31.221548,29.993600
SYN_101240,Hail Microbus ,31.179924,29.913797
SYN_101241,Hail Microbus ,31.180834,29.915234
SYN_101242,Hail Microbus ,31.181747,29.917039
SYN_101243,Hail Microbus ,31.182688,29.918826
SYN_101244,Hail Microbus ,31.183476,29.920715
SYN_101245,Hail Microbus ,31.184287,29.922591
SYN_101246,Hail Microbus ,31.185116,29.924457
SYN_101247,Hail Microbus ,31.184824,29.925865
SYN_101248,Hail Microbus ,31.183238,29.926823
SYN_101249,Hail Microbus ,31.181605,29.927704
SYN_101250,Hail Microbus ,31.179983,29.928611
SYN_101251,Hail Microbus ,31.178371,29.929543
SYN_101252,Hail Microbus ,31.176750,29.930455
SYN_101253,Hail Microbus ,31.175126,29.931355
SYN_101254,Hail Microbus ,31.173513,29.932286
SYN_101255,Hail Microbus ,31.171892,29.933196
SYN_101256,Hail Microbus ,31.170226,29.933973
SYN_101257,Hail Microbus ,31.168550,29.934687
SYN_101258,Hail Microbus ,31.166852,29.935283
SYN_101259,Hail Microbus ,31.165225,29.934475
SYN_101260,Hail Microbus ,31.164735,29.934741
SYN_101261,Hail Microbus ,31.166033,29.936181
SYN_101262,Hail Microbus ,31.167405,29.937533
SYN_101263,Hail Microbus ,31.168793,29.938865
SYN_101264,Hail Microbus ,31.169994,29.940430
SYN_101265,Hail Microbus ,31.171306,29.941867
SYN_101266,Hail Microbus ,31.172650,29.943263
SYN_101267,Hail Microbus ,31.173799,29.944870
SYN_101268,Hail Microbus ,31.174618,29.946742
SYN_101269,Hail Microbus ,31.175438,29.948612
SYN_101270,Hail Microbus ,31.176292,29.950463
SYN_101271,Hail Microbus ,31.177144,29.952314
SYN_101272,Hail Microbus ,31.177969,29.954182
SYN_101273,Hail Microbus ,31.178826,29.956030
SYN_101274,Hail Microbus ,31.179684,29.957878
SYN_101275,Hail Microbus ,31.180521,29.959739
SYN_101276,Hail Microbus ,31.181353,29.961603
SYN_101277,Hail Microbus ,31.182165,29.963478
SYN_101278,Hail Microbus ,31.182405,29.965529
SYN_101279,Hail Microbus ,31.181596,29.967381
SYN_101280,Hail Microbus ,31.180522,29.969068
SYN_101281,Hail Microbus ,31.179448,29.970754
SYN_101282,Hail Microbus ,31.178384,29.972449
SYN_101283,Hail Microbus ,31.177489,29.974269
SYN_101284,Hail Microbus ,31.176429,29.975966
SYN_101285,Hail Microbus ,31.175363,29.977659
SYN_101286,Hail Microbus ,31.174625,29.979555
SYN_101287,Hail Microbus ,31.174706,29.981636
SYN_101288,Hail Microbus ,31.175410,29.983566
SYN_101289,Hail Microbus ,31.176197,29.985457
SYN_101290,Hail Microbus ,31.177013,29.987329
SYN_101291,Hail Microbus ,31.178169,29.988929
SYN_101292,Hail Microbus ,31.179456,29.990397
SYN_101293,Hail Microbus ,31.180733,29.991878
SYN_101294,Hail Microbus ,31.182019,29.993347
SYN_101295,Hail Microbus ,31.183320,29.994798
SYN_101296,Hail Microbus ,31.184727,29.996091
SYN_101297,Hail Microbus ,31.186490,29.996344
SYN_101298,Hail Microbus ,31.188115,29.995483
SYN_101299,Hail Microbus ,31.189835,29.994971
SYN_101300,Hail Microbus ,31.191634,29.994963
SYN_101301,Hail Microbus ,31.193432,29.994905
SYN_101302,Hail Microbus ,31.195229,29.994923
SYN_101303,Hail Microbus ,31.197027,29.994860
SYN_101304,Hail Microbus ,31.198824,29.994779
SYN_101305,Hail Microbus ,31.200620,29.994678
SYN_101306,Hail Microbus ,31.202418,29.994644
SYN_101307,Hail Microbus ,31.204216,29.994631
SYN_101308,Hail Microbus ,31.206012,29.994501
SYN_101309,Hail Microbus ,31.207807,29.994391
SYN_101310,Hail Microbus ,31.209594,29.994160
SYN_101311,Hail Microbus ,31.211371,29.993835
SYN_101312,Hail Microbus ,31.213161,29.993679
SYN_101313,Hail Microbus ,31.214938,29.994002
SYN_101314,Hail Microbus ,31.216720,29.994164
SYN_101315,Hail Microbus ,31.241287,29.986162
SYN_101316,Hail Microbus ,31.240735,29.988109
SYN_101317,Hail Microbus ,31.240809,29.990211
SYN_101318,Hail Microbus ,31.240644,29.992258
SYN_101319,Hail Microbus ,31.239012,29.992615
SYN_101320,Hail Microbus ,31.237216,29.992736
SYN_101321,Hail Microbus ,31.235421,29.992869
SYN_101322,Hail Microbus ,31.233626,29.993005
SYN_101323,Hail Microbus ,31.231831,29.993133
SYN_101324,Hail Microbus ,31.230035,29.993252
SYN_101325,Hail Microbus ,31.228239,29.993371
SYN_101326,Hail Microbus ,31.226443,29.993490
SYN_101327,Hail Microbus ,31.225060,29.994036
SYN_101328,Hail Microbus ,31.225474,29.995746
SYN_101329,Hail Microbus ,31.226231,29.996989
SYN_101330,Hail Microbus ,31.226271,29.999092
SYN_101331,Hail Microbus ,31.225413,30.000232
SYN_101332,Hail Microbus ,31.223618,30.000364
SYN_101333,Hail Microbus ,31.221823,30.000495
SYN_101334,Hail Microbus ,31.220173,30.000381
SYN_101335,Hail Microbus ,31.220207,29.998779
SYN_101336,Hail Microbus ,31.219945,29.996699
SYN_101337,Hail Microbus ,31.219554,29.994647
SYN_101338,Hail Microbus ,31.192308,29.905751
SYN_101339,Hail Microbus ,31.193140,29.907615
SYN_101340,Hail Microbus ,31.193986,29.909471
SYN_101341,Hail Microbus ,31.194813,29.911337
SYN_101342,Hail Microbus ,31.195569,29.913241
SYN_101343,Hail Microbus ,31.195849,29.915318
SYN_101344,Hail Microbus ,31.196577,29.916447
SYN_101345,Hail Microbus ,31.197199,29.917343
SYN_101346,Hail Microbus ,31.196054,29.918910
SYN_101347,Hail Microbus ,31.195234,29.920780
SYN_101348,Hail Microbus ,31.194028,29.922272
SYN_101349,Hail Microbus ,31.192539,29.923450
SYN_101350,Hail Microbus ,31.190846,29.923724
SYN_101351,Hail Microbus ,31.189069,29.923737
SYN_101352,Hail Microbus ,31.187428,29.924591
SYN_101353,Hail Microbus ,31.185793,29.925468
SYN_101354,Hail Microbus ,31.184157,29.926343
SYN_101355,Hail Microbus ,31.182519,29.927211
SYN_101356,Hail Microbus ,31.180886,29.928092
SYN_101357,Hail Microbus ,31.179273,29.929021
SYN_101358,Hail Microbus ,31.177661,29.929954
SYN_101359,Hail Microbus ,31.176029,29.930834
SYN_101360,Hail Microbus ,31.174416,29.931765
SYN_101361,Hail Microbus ,31.172803,29.932695
SYN_101362,Hail Microbus ,31.171175,29.933590
SYN_101363,Hail Microbus ,31.169457,29.934188
SYN_101364,Hail Microbus ,31.167831,29.935072
SYN_101365,Hail Microbus ,31.166082,29.935085
SYN_101366,Hail Microbus ,31.164577,29.933944
SYN_101367,Hail Microbus ,31.163103,29.932747
SYN_101368,Hail Microbus ,31.161751,29.931360
SYN_101369,Hail Microbus ,31.160401,29.929972
SYN_101370,Hail Microbus ,31.159749,29.928236
SYN_101371,Hail Microbus ,31.161252,29.928400
SYN_101372,Hail Microbus ,31.160496,29.930156
SYN_101373,Hail Microbus ,31.159233,29.931652
SYN_101374,Hail Microbus ,31.158014,29.933196
SYN_101375,Hail Microbus ,31.157017,29.934945
SYN_101376,Hail Microbus ,31.156150,29.936777
SYN_101377,Hail Microbus ,31.155973,29.938855
SYN_101378,Hail Microbus ,31.155996,29.940956
SYN_101379,Hail Microbus ,31.156019,29.943058
SYN_101380,Hail Microbus ,31.156042,29.945160
SYN_101381,Hail Microbus ,31.156065,29.947261
SYN_101382,Hail Microbus ,31.154594,29.947461
SYN_101383,Hail Microbus ,31.152812,29.947176
SYN_101384,Hail Microbus ,31.151031,29.946886
SYN_101385,Hail Microbus ,31.149250,29.946594
SYN_101386,Hail Microbus ,31.147470,29.946293
SYN_101387,Hail Microbus ,31.145689,29.945991
SYN_101388,Hail Microbus ,31.143909,29.945690
SYN_101389,Hail Microbus ,31.142129,29.945388
SYN_101390,Hail Microbus ,31.140349,29.945086
SYN_101391,Hail Microbus ,31.138570,29.944783
SYN_101392,Hail Microbus ,31.136792,29.944461
SYN_101393,Hail Microbus ,31.135015,29.944138
SYN_101394,Hail Microbus ,31.133238,29.943815
SYN_101395,Hail Microbus ,31.131460,29.943492
SYN_101396,Hail Microbus ,31.129680,29.943193
SYN_101397,Hail Microbus ,31.127901,29.942882
SYN_101398,Hail Microbus ,31.126123,29.942563
SYN_101399,Hail Microbus ,31.124346,29.942244
SYN_101400,Hail Microbus ,31.192292,29.905713
SYN_101401,Hail Microbus ,31.193123,29.907578
SYN_101402,Hail Microbus ,31.193969,29.909433
SYN_101403,Hail Microbus ,31.194797,29.911300
SYN_101404,Hail Microbus ,31.195557,29.913201
SYN_101405,Hail Microbus ,31.195843,29.915276
SYN_101406,Hail Microbus ,31.196542,29.916437
SYN_101407,Hail Microbus ,31.197228,29.917318
SYN_101408,Hail Microbus ,31.196072,29.918873
SYN_101409,Hail Microbus ,31.195249,29.920742
SYN_101410,Hail Microbus ,31.194059,29.922249
SYN_101411,Hail Microbus ,31.192569,29.923426
SYN_101412,Hail Microbus ,31.190881,29.923731
SYN_101413,Hail Microbus ,31.189104,29.923724
SYN_101414,Hail Microbus ,31.187460,29.924573
SYN_101415,Hail Microbus ,31.185826,29.925451
SYN_101416,Hail Microbus ,31.184190,29.926325
SYN_101417,Hail Microbus ,31.182552,29.927193
SYN_101418,Hail Microbus ,31.180919,29.928074
SYN_101419,Hail Microbus ,31.179305,29.929002
SYN_101420,Hail Microbus ,31.177693,29.929935
SYN_101421,Hail Microbus ,31.176061,29.930816
SYN_101422,Hail Microbus ,31.174448,29.931747
SYN_101423,Hail Microbus ,31.172836,29.932677
SYN_101424,Hail Microbus ,31.171208,29.933572
SYN_101425,Hail Microbus ,31.169491,29.934174
SYN_101426,Hail Microbus ,31.167864,29.935055
SYN_101427,Hail Microbus ,31.166117,29.935098
SYN_101428,Hail Microbus ,31.164596,29.933992
SYN_101429,Hail Microbus ,31.165253,29.935373
SYN_101430,Hail Microbus ,31.166574,29.936796
SYN_101431,Hail Microbus ,31.168006,29.938068
SYN_101432,Hail Microbus ,31.169297,29.939523
SYN_101433,Hail Microbus ,31.170539,29.941041
SYN_101434,Hail Microbus ,31.171874,29.942449
SYN_101435,Hail Microbus ,31.173186,29.943885
SYN_101436,Hail Microbus ,31.174143,29.945656
SYN_101437,Hail Microbus ,31.174961,29.947528
SYN_101438,Hail Microbus ,31.175797,29.949390
SYN_101439,Hail Microbus ,31.176650,29.951240
SYN_101440,Hail Microbus ,31.177491,29.953099
SYN_101441,Hail Microbus ,31.178328,29.954959
SYN_101442,Hail Microbus ,31.179186,29.956807
SYN_101443,Hail Microbus ,31.180038,29.958658
SYN_101444,Hail Microbus ,31.180870,29.960522
SYN_101445,Hail Microbus ,31.181698,29.962389
SYN_101446,Hail Microbus ,31.182391,29.964320
SYN_101447,Hail Microbus ,31.182169,29.966366
SYN_101448,Hail Microbus ,31.181145,29.968090
SYN_101449,Hail Microbus ,31.180071,29.969776
SYN_101450,Hail Microbus ,31.178997,29.971463
SYN_101451,Hail Microbus ,31.177988,29.973199
SYN_101452,Hail Microbus ,31.177053,29.974990
SYN_101453,Hail Microbus ,31.175978,29.976675
SYN_101454,Hail Microbus ,31.174957,29.978402
SYN_101455,Hail Microbus ,31.174564,29.980434
SYN_101456,Hail Microbus ,31.174959,29.982467
SYN_101457,Hail Microbus ,31.175741,29.984360
SYN_101458,Hail Microbus ,31.176527,29.986251
SYN_101459,Hail Microbus ,31.177454,29.988044
SYN_101460,Hail Microbus ,31.178710,29.989545
SYN_101461,Hail Microbus ,31.179995,29.991016
SYN_101462,Hail Microbus ,31.181276,29.992492
SYN_101463,Hail Microbus ,31.182556,29.993968
SYN_101464,Hail Microbus ,31.183875,29.995397
SYN_101465,Hail Microbus ,31.185451,29.996338
SYN_101466,Hail Microbus ,31.187210,29.996081
SYN_101467,Hail Microbus ,31.188806,29.995135
SYN_101468,Hail Microbus ,31.190591,29.994952
SYN_101469,Hail Microbus ,31.192389,29.994929
SYN_101470,Hail Microbus ,31.194187,29.994940
SYN_101471,Hail Microbus ,31.195985,29.994891
SYN_101472,Hail Microbus ,31.197783,29.994843
SYN_101473,Hail Microbus ,31.199579,29.994742
SYN_101474,Hail Microbus ,31.201375,29.994646
SYN_101475,Hail Microbus ,31.203174,29.994643
SYN_101476,Hail Microbus ,31.204971,29.994576
SYN_101477,Hail Microbus ,31.206767,29.994465
SYN_101478,Hail Microbus ,31.208560,29.994318
SYN_101479,Hail Microbus ,31.210341,29.994023
SYN_101480,Hail Microbus ,31.212121,29.993727
SYN_101481,Hail Microbus ,31.213909,29.993807
SYN_101482,Hail Microbus ,31.215684,29.994146
SYN_101483,Hail Microbus ,31.217422,29.994250
SYN_101484,Hail Microbus ,31.274446,30.019260
SYN_101485,Hail Microbus ,31.273160,30.020731
SYN_101486,Hail Microbus ,31.271857,30.022182
SYN_101487,Hail Microbus ,31.270577,30.023660
SYN_101488,Hail Microbus ,31.269246,30.025074
SYN_101489,Hail Microbus ,31.267801,30.026323
SYN_101490,Hail Microbus ,31.266151,30.027159
SYN_101491,Hail Microbus ,31.264492,30.027835
SYN_101492,Hail Microbus ,31.263131,30.026544
SYN_101493,Hail Microbus ,31.262559,30.024551
SYN_101494,Hail Microbus ,31.261712,30.022695
SYN_101495,Hail Microbus ,31.260807,30.020878
SYN_101496,Hail Microbus ,31.259917,30.019049
SYN_101497,Hail Microbus ,31.259007,30.017235
SYN_101498,Hail Microbus ,31.258021,30.015479
SYN_101499,Hail Microbus ,31.256724,30.014024
SYN_101500,Hail Microbus ,31.255452,30.012535
SYN_101501,Hail Microbus ,31.254163,30.011068
SYN_101502,Hail Microbus ,31.252870,30.009605
SYN_101503,Hail Microbus ,31.251596,30.008122
SYN_101504,Hail Microbus ,31.250391,30.006561
SYN_101505,Hail Microbus ,31.249216,30.004968
SYN_101506,Hail Microbus ,31.248381,30.003157
SYN_101507,Hail Microbus ,31.248113,30.001077
SYN_101508,Hail Microbus ,31.247789,29.999007
SYN_101509,Hail Microbus ,31.247450,29.996941
SYN_101510,Hail Microbus ,31.247084,29.994881
SYN_101511,Hail Microbus ,31.246775,29.992812
SYN_101512,Hail Microbus ,31.246451,29.990761
SYN_101513,Hail Microbus ,31.246252,29.991205
SYN_101514,Hail Microbus ,31.245789,29.992537
SYN_101515,Hail Microbus ,31.244013,29.992214
SYN_101516,Hail Microbus ,31.242218,29.992341
SYN_101517,Hail Microbus ,31.240598,29.992371
SYN_101518,Hail Microbus ,31.238904,29.992622
SYN_101519,Hail Microbus ,31.237108,29.992743
SYN_101520,Hail Microbus ,31.235313,29.992877
SYN_101521,Hail Microbus ,31.233518,29.993013
SYN_101522,Hail Microbus ,31.231723,29.993140
SYN_101523,Hail Microbus ,31.229927,29.993259
SYN_101524,Hail Microbus ,31.228132,29.993378
SYN_101525,Hail Microbus ,31.226336,29.993497
SYN_101526,Hail Microbus ,31.224540,29.993615
SYN_101527,Hail Microbus ,31.222743,29.993613
SYN_101528,Hail Microbus ,31.220947,29.993656
SYN_101529,Hail Microbus ,31.219195,29.945409
SYN_101530,Hail Microbus ,31.217785,29.946469
SYN_101531,Hail Microbus ,31.216055,29.945895
SYN_101532,Hail Microbus ,31.214430,29.945130
SYN_101533,Hail Microbus ,31.214080,29.946919
SYN_101534,Hail Microbus ,31.213490,29.948906
SYN_101535,Hail Microbus ,31.212901,29.950893
SYN_101536,Hail Microbus ,31.212312,29.952880
SYN_101537,Hail Microbus ,31.211763,29.954882
SYN_101538,Hail Microbus ,31.211184,29.956874
SYN_101539,Hail Microbus ,31.210592,29.958859
SYN_101540,Hail Microbus ,31.209996,29.960844
SYN_101541,Hail Microbus ,31.209246,29.962752
SYN_101542,Hail Microbus ,31.208228,29.964481
SYN_101543,Hail Microbus ,31.207202,29.966194
SYN_101544,Hail Microbus ,31.206075,29.967833
SYN_101545,Hail Microbus ,31.204941,29.969465
SYN_101546,Hail Microbus ,31.203906,29.971171
SYN_101547,Hail Microbus ,31.203614,29.973228
SYN_101548,Hail Microbus ,31.203651,29.975327
SYN_101549,Hail Microbus ,31.203736,29.977414
SYN_101550,Hail Microbus ,31.203744,29.979517
SYN_101551,Hail Microbus ,31.203735,29.981620
SYN_101552,Hail Microbus ,31.203722,29.983723
SYN_101553,Hail Microbus ,31.203700,29.985825
SYN_101554,Hail Microbus ,31.203505,29.987914
SYN_101555,Hail Microbus ,31.203471,29.990016
SYN_101556,Hail Microbus ,31.203536,29.992116
SYN_101557,Hail Microbus ,31.203566,29.994217
SYN_101558,Hail Microbus ,31.202822,29.995880
SYN_101559,Hail Microbus ,31.201026,29.995977
SYN_101560,Hail Microbus ,31.199851,29.995056
SYN_101561,Hail Microbus ,31.201531,29.994646
SYN_101562,Hail Microbus ,31.203329,29.994642
SYN_101563,Hail Microbus ,31.205126,29.994565
SYN_101564,Hail Microbus ,31.206922,29.994458
SYN_101565,Hail Microbus ,31.208716,29.994302
SYN_101566,Hail Microbus ,31.210494,29.993995
SYN_101567,Hail Microbus ,31.212276,29.993712
SYN_101568,Hail Microbus ,31.214062,29.993836
SYN_101569,Hail Microbus ,31.215820,29.994212
SYN_101570,Hail Microbus ,31.217577,29.994237
SYN_101571,Hail Microbus ,31.248121,29.980056
SYN_101572,Hail Microbus ,31.246946,29.981649
SYN_101573,Hail Microbus ,31.245751,29.982088
SYN_101574,Hail Microbus ,31.244416,29.982771
SYN_101575,Hail Microbus ,31.243119,29.984207
SYN_101576,Hail Microbus ,31.241774,29.985599
SYN_101577,Hail Microbus ,31.240792,29.987314
SYN_101578,Hail Microbus ,31.240781,29.989409
SYN_101579,Hail Microbus ,31.240841,29.991512
SYN_101580,Hail Microbus ,31.239697,29.992569
SYN_101581,Hail Microbus ,31.237901,29.992690
SYN_101582,Hail Microbus ,31.236106,29.992817
SYN_101583,Hail Microbus ,31.234311,29.992953
SYN_101584,Hail Microbus ,31.232516,29.993087
SYN_101585,Hail Microbus ,31.230720,29.993206
SYN_101586,Hail Microbus ,31.228924,29.993325
SYN_101587,Hail Microbus ,31.227128,29.993444
SYN_101588,Hail Microbus ,31.225333,29.993563
SYN_101589,Hail Microbus ,31.223536,29.993652
SYN_101590,Hail Microbus ,31.221739,29.993593
SYN_101591,Hail Microbus ,31.199819,29.933705
SYN_101592,Hail Microbus ,31.198919,29.935195
SYN_101593,Hail Microbus ,31.197218,29.934919
SYN_101594,Hail Microbus ,31.197204,29.935258
SYN_101595,Hail Microbus ,31.198978,29.935555
SYN_101596,Hail Microbus ,31.200693,29.936115
SYN_101597,Hail Microbus ,31.201803,29.937731
SYN_101598,Hail Microbus ,31.202572,29.939632
SYN_101599,Hail Microbus ,31.202881,29.941669
SYN_101600,Hail Microbus ,31.202201,29.943581
SYN_101601,Hail Microbus ,31.201115,29.945256
SYN_101602,Hail Microbus ,31.200367,29.947158
SYN_101603,Hail Microbus ,31.200049,29.949222
SYN_101604,Hail Microbus ,31.199988,29.951321
SYN_101605,Hail Microbus ,31.200919,29.953042
SYN_101606,Hail Microbus ,31.202557,29.953902
SYN_101607,Hail Microbus ,31.204153,29.954862
SYN_101608,Hail Microbus ,31.205885,29.955393
SYN_101609,Hail Microbus ,31.207605,29.955993
SYN_101610,Hail Microbus ,31.209171,29.957026
SYN_101611,Hail Microbus ,31.210627,29.958242
SYN_101612,Hail Microbus ,31.211492,29.960079
SYN_101613,Hail Microbus ,31.212573,29.961698
SYN_101614,Hail Microbus ,31.214128,29.962752
SYN_101615,Hail Microbus ,31.215831,29.963412
SYN_101616,Hail Microbus ,31.217552,29.964017
SYN_101617,Hail Microbus ,31.219259,29.964679
SYN_101618,Hail Microbus ,31.220722,29.965692
SYN_101619,Hail Microbus ,31.221325,29.967672
SYN_101620,Hail Microbus ,31.221774,29.969706
SYN_101621,Hail Microbus ,31.222131,29.971765
SYN_101622,Hail Microbus ,31.222938,29.973146
SYN_101623,Hail Microbus ,31.223138,29.975232
SYN_101624,Hail Microbus ,31.223763,29.977197
SYN_101625,Hail Microbus ,31.224509,29.979107
SYN_101626,Hail Microbus ,31.224325,29.981159
SYN_101627,Hail Microbus ,31.223728,29.983143
SYN_101628,Hail Microbus ,31.223121,29.985122
SYN_101629,Hail Microbus ,31.222347,29.987010
SYN_101630,Hail Microbus ,31.221130,29.988543
SYN_101631,Hail Microbus ,31.219998,29.990166
SYN_101632,Hail Microbus ,31.219094,29.991983
SYN_101633,Hail Microbus ,31.218399,29.993918
SYN_101634,Hail Microbus ,31.077587,29.739247
SYN_101635,Hail Microbus ,31.077509,29.741345
SYN_101636,Hail Microbus ,31.077343,29.743432
SYN_101637,Hail Microbus ,31.076842,29.745449
SYN_101638,Hail Microbus ,31.076339,29.747465
SYN_101639,Hail Microbus ,31.075836,29.749481
SYN_101640,Hail Microbus ,31.075336,29.751499
SYN_101641,Hail Microbus ,31.074842,29.753518
SYN_101642,Hail Microbus ,31.074348,29.755537
SYN_101643,Hail Microbus ,31.073854,29.757556
SYN_101644,Hail Microbus ,31.073180,29.759485
SYN_101645,Hail Microbus ,31.071904,29.760964
SYN_101646,Hail Microbus ,31.070521,29.762292
SYN_101647,Hail Microbus ,31.068816,29.762954
SYN_101648,Hail Microbus ,31.067086,29.763526
SYN_101649,Hail Microbus ,31.065358,29.764111
SYN_101650,Hail Microbus ,31.063631,29.764697
SYN_101651,Hail Microbus ,31.061930,29.764763
SYN_101652,Hail Microbus ,31.062806,29.763936
SYN_101653,Hail Microbus ,31.063500,29.765860
SYN_101654,Hail Microbus ,31.064129,29.767828
SYN_101655,Hail Microbus ,31.064758,29.769795
SYN_101656,Hail Microbus ,31.065387,29.771762
SYN_101657,Hail Microbus ,31.066015,29.773730
SYN_101658,Hail Microbus ,31.066758,29.775639
SYN_101659,Hail Microbus ,31.067749,29.777389
SYN_101660,Hail Microbus ,31.068957,29.778943
SYN_101661,Hail Microbus ,31.070207,29.780453
SYN_101662,Hail Microbus ,31.071457,29.781963
SYN_101663,Hail Microbus ,31.072707,29.783473
SYN_101664,Hail Microbus ,31.073957,29.784983
SYN_101665,Hail Microbus ,31.075264,29.786401
SYN_101666,Hail Microbus ,31.076593,29.787768
SYN_101667,Hail Microbus ,31.077850,29.789270
SYN_101668,Hail Microbus ,31.079107,29.790773
SYN_101669,Hail Microbus ,31.080364,29.792275
SYN_101670,Hail Microbus ,31.081621,29.793777
SYN_101671,Hail Microbus ,31.082878,29.795279
SYN_101672,Hail Microbus ,31.084135,29.796781
SYN_101673,Hail Microbus ,31.085392,29.798283
SYN_101674,Hail Microbus ,31.086650,29.799785
SYN_101675,Hail Microbus ,31.087907,29.801287
SYN_101676,Hail Microbus ,31.089164,29.802789
SYN_101677,Hail Microbus ,31.090421,29.804292
SYN_101678,Hail Microbus ,31.091678,29.805794
SYN_101679,Hail Microbus ,31.092935,29.807296
SYN_101680,Hail Microbus ,31.094177,29.808814
SYN_101681,Hail Microbus ,31.095428,29.810324
SYN_101682,Hail Microbus ,31.096695,29.811814
SYN_101683,Hail Microbus ,31.097946,29.813324
SYN_101684,Hail Microbus ,31.099219,29.814808
SYN_101685,Hail Microbus ,31.100503,29.816278
SYN_101686,Hail Microbus ,31.101788,29.817748
SYN_101687,Hail Microbus ,31.103073,29.819219
SYN_101688,Hail Microbus ,31.104376,29.820666
SYN_101689,Hail Microbus ,31.105689,29.822102
SYN_101690,Hail Microbus ,31.107056,29.823467
SYN_101691,Hail Microbus ,31.108507,29.824707
SYN_101692,Hail Microbus ,31.109984,29.825905
SYN_101693,Hail Microbus ,31.111462,29.827102
SYN_101694,Hail Microbus ,31.112868,29.828411
SYN_101695,Hail Microbus ,31.114334,29.829626
SYN_101696,Hail Microbus ,31.115836,29.830782
SYN_101697,Hail Microbus ,31.117338,29.831938
SYN_101698,Hail Microbus ,31.118707,29.833292
SYN_101699,Hail Microbus ,31.119812,29.834946
SYN_101700,Hail Microbus ,31.120578,29.836841
SYN_101701,Hail Microbus ,31.120964,29.838888
SYN_101702,Hail Microbus ,31.121192,29.840972
SYN_101703,Hail Microbus ,31.121420,29.843056
SYN_101704,Hail Microbus ,31.121648,29.845140
SYN_101705,Hail Microbus ,31.121875,29.847224
SYN_101706,Hail Microbus ,31.122103,29.849308
SYN_101707,Hail Microbus ,31.122331,29.851392
SYN_101708,Hail Microbus ,31.122558,29.853477
SYN_101709,Hail Microbus ,31.122799,29.855558
SYN_101710,Hail Microbus ,31.123223,29.857599
SYN_101711,Hail Microbus ,31.123867,29.859559
SYN_101712,Hail Microbus ,31.124740,29.861393
SYN_101713,Hail Microbus ,31.125813,29.863077
SYN_101714,Hail Microbus ,31.127072,29.864576
SYN_101715,Hail Microbus ,31.128482,29.865877
SYN_101716,Hail Microbus ,31.130024,29.866955
SYN_101717,Hail Microbus ,31.131675,29.867786
SYN_101718,Hail Microbus ,31.133345,29.868564
SYN_101719,Hail Microbus ,31.135015,29.869347
SYN_101720,Hail Microbus ,31.136690,29.870111
SYN_101721,Hail Microbus ,31.138365,29.870875
SYN_101722,Hail Microbus ,31.140041,29.871640
SYN_101723,Hail Microbus ,31.141716,29.872404
SYN_101724,Hail Microbus ,31.143392,29.873169
SYN_101725,Hail Microbus ,31.145067,29.873933
SYN_101726,Hail Microbus ,31.146743,29.874697
SYN_101727,Hail Microbus ,31.148412,29.875479
SYN_101728,Hail Microbus ,31.150021,29.876415
SYN_101729,Hail Microbus ,31.151507,29.877595
SYN_101730,Hail Microbus ,31.152779,29.879080
SYN_101731,Hail Microbus ,31.153996,29.880627
SYN_101732,Hail Microbus ,31.155126,29.882235
SYN_101733,Hail Microbus ,31.156334,29.883792
SYN_101734,Hail Microbus ,31.157539,29.885353
SYN_101735,Hail Microbus ,31.158743,29.886913
SYN_101736,Hail Microbus ,31.159948,29.888474
SYN_101737,Hail Microbus ,31.161169,29.890016
SYN_101738,Hail Microbus ,31.162452,29.891488
SYN_101739,Hail Microbus ,31.163407,29.893259
SYN_101740,Hail Microbus ,31.164099,29.895199
SYN_101741,Hail Microbus ,31.164763,29.897153
SYN_101742,Hail Microbus ,31.165868,29.898750
SYN_101743,Hail Microbus ,31.167479,29.899686
SYN_101744,Hail Microbus ,31.168979,29.900818
SYN_101745,Hail Microbus ,31.169912,29.902604
SYN_101746,Hail Microbus ,31.170663,29.904514
SYN_101747,Hail Microbus ,31.171415,29.906424
SYN_101748,Hail Microbus ,31.172149,29.908343
SYN_101749,Hail Microbus ,31.172808,29.910296
SYN_101750,Hail Microbus ,31.173012,29.912378
SYN_101751,Hail Microbus ,31.172736,29.914446
SYN_101752,Hail Microbus ,31.172017,29.916366
SYN_101753,Hail Microbus ,31.170879,29.917986
SYN_101754,Hail Microbus ,31.169599,29.919464
SYN_101755,Hail Microbus ,31.168330,29.920954
SYN_101756,Hail Microbus ,31.167065,29.922447
SYN_101757,Hail Microbus ,31.165799,29.923941
SYN_101758,Hail Microbus ,31.164533,29.925434
SYN_101759,Hail Microbus ,31.163258,29.926916
SYN_101760,Hail Microbus ,31.161994,29.928412
SYN_101761,Hail Microbus ,31.160720,29.929895
SYN_101762,Hail Microbus ,31.159328,29.931188
SYN_101763,Hail Microbus ,31.158395,29.929963
SYN_101764,Hail Microbus ,31.159862,29.929826
SYN_101765,Hail Microbus ,31.161189,29.931244
SYN_101766,Hail Microbus ,31.162570,29.932591
SYN_101767,Hail Microbus ,31.163921,29.933978
SYN_101768,Hail Microbus ,31.165263,29.935378
SYN_101769,Hail Microbus ,31.166583,29.936803
SYN_101770,Hail Microbus ,31.168015,29.938075
SYN_101771,Hail Microbus ,31.169305,29.939532
SYN_101772,Hail Microbus ,31.170547,29.941049
SYN_101773,Hail Microbus ,31.171883,29.942457
SYN_101774,Hail Microbus ,31.173193,29.943895
SYN_101775,Hail Microbus ,31.174148,29.945667
SYN_101776,Hail Microbus ,31.174966,29.947539
SYN_101777,Hail Microbus ,31.175802,29.949401
SYN_101778,Hail Microbus ,31.176656,29.951251
SYN_101779,Hail Microbus ,31.177496,29.953110
SYN_101780,Hail Microbus ,31.178333,29.954970
SYN_101781,Hail Microbus ,31.179191,29.956818
SYN_101782,Hail Microbus ,31.180042,29.958670
SYN_101783,Hail Microbus ,31.180870,29.960536
SYN_101784,Hail Microbus ,31.181699,29.962402
SYN_101785,Hail Microbus ,31.182393,29.964332
SYN_101786,Hail Microbus ,31.182165,29.966378
SYN_101787,Hail Microbus ,31.181138,29.968100
SYN_101788,Hail Microbus ,31.180064,29.969786
SYN_101789,Hail Microbus ,31.178991,29.971473
SYN_101790,Hail Microbus ,31.177983,29.973210
SYN_101791,Hail Microbus ,31.177047,29.975000
SYN_101792,Hail Microbus ,31.175972,29.976685
SYN_101793,Hail Microbus ,31.174952,29.978413
SYN_101794,Hail Microbus ,31.174563,29.980447
SYN_101795,Hail Microbus ,31.174963,29.982479
SYN_101796,Hail Microbus ,31.175743,29.984373
SYN_101797,Hail Microbus ,31.176529,29.986264
SYN_101798,Hail Microbus ,31.177461,29.988055
SYN_101799,Hail Microbus ,31.178717,29.989554
SYN_101800,Hail Microbus ,31.180003,29.991025
SYN_101801,Hail Microbus ,31.181284,29.992500
SYN_101802,Hail Microbus ,31.182564,29.993977
SYN_101803,Hail Microbus ,31.183883,29.995406
SYN_101804,Hail Microbus ,31.185461,29.996340
SYN_101805,Hail Microbus ,31.187220,29.996077
SYN_101806,Hail Microbus ,31.188817,29.995132
SYN_101807,Hail Microbus ,31.190602,29.994952
SYN_101808,Hail Microbus ,31.192400,29.994929
SYN_101809,Hail Microbus ,31.194198,29.994940
SYN_101810,Hail Microbus ,31.195995,29.994890
SYN_101811,Hail Microbus ,31.197794,29.994843
SYN_101812,Hail Microbus ,31.199590,29.994741
SYN_101813,Hail Microbus ,31.201386,29.994646
SYN_101814,Hail Microbus ,31.203184,29.994643
SYN_101815,Hail Microbus ,31.204981,29.994576
SYN_101816,Hail Microbus ,31.206777,29.994465
SYN_101817,Hail Microbus ,31.208571,29.994316
SYN_101818,Hail Microbus ,31.210351,29.994021
SYN_101819,Hail Microbus ,31.212131,29.993726
SYN_101820,Hail Microbus ,31.213919,29.993809
SYN_101821,Hail Microbus ,31.215695,29.994146
SYN_101822,Hail Microbus ,31.217484,29.994095
SYN_101823,Hail Microbus ,31.212330,30.022115
SYN_101824,Hail Microbus ,31.210594,30.021576
SYN_101825,Hail Microbus ,31.208930,30.020791
SYN_101826,Hail Microbus ,31.207313,30.019870
SYN_101827,Hail Microbus ,31.206132,30.018681
SYN_101828,Hail Microbus ,31.207066,30.016884
SYN_101829,Hail Microbus ,31.208140,30.015199
SYN_101830,Hail Microbus ,31.209235,30.013531
SYN_101831,Hail Microbus ,31.210282,30.011821
SYN_101832,Hail Microbus ,31.211258,30.010056
SYN_101833,Hail Microbus ,31.212241,30.008295
SYN_101834,Hail Microbus ,31.213279,30.006578
SYN_101835,Hail Microbus ,31.214352,30.004891
SYN_101836,Hail Microbus ,31.215425,30.003203
SYN_101837,Hail Microbus ,31.216443,30.001470
SYN_101838,Hail Microbus ,31.217270,29.999604
SYN_101839,Hail Microbus ,31.217858,29.997617
SYN_101840,Hail Microbus ,31.218543,29.995675
SYN_101841,Hail Microbus ,31.219147,29.993698
SYN_101842,Hail Microbus ,31.230107,29.972668
SYN_101843,Hail Microbus ,31.228680,29.973949
SYN_101844,Hail Microbus ,31.228112,29.975607
SYN_101845,Hail Microbus ,31.228306,29.977442
SYN_101846,Hail Microbus ,31.228391,29.979542
SYN_101847,Hail Microbus ,31.228517,29.981640
SYN_101848,Hail Microbus ,31.229034,29.983225
SYN_101849,Hail Microbus ,31.230828,29.983108
SYN_101850,Hail Microbus ,31.231046,29.985050
SYN_101851,Hail Microbus ,31.231009,29.987018
SYN_101852,Hail Microbus ,31.229212,29.987119
SYN_101853,Hail Microbus ,31.228979,29.987935
SYN_101854,Hail Microbus ,31.229862,29.989023
SYN_101855,Hail Microbus ,31.229962,29.991123
SYN_101856,Hail Microbus ,31.230061,29.993223
SYN_101857,Hail Microbus ,31.228286,29.993363
SYN_101858,Hail Microbus ,31.226491,29.993481
SYN_101859,Hail Microbus ,31.224695,29.993598
SYN_101860,Hail Microbus ,31.222948,29.993329
SYN_101861,Hail Microbus ,31.221351,29.992373
SYN_101862,Hail Microbus ,31.254731,29.990693
SYN_101863,Hail Microbus ,31.253681,29.988990
SYN_101864,Hail Microbus ,31.252365,29.990361
SYN_101865,Hail Microbus ,31.251044,29.991788
SYN_101866,Hail Microbus ,31.250289,29.992504
SYN_101867,Hail Microbus ,31.249247,29.991249
SYN_101868,Hail Microbus ,31.247467,29.991471
SYN_101869,Hail Microbus ,31.246397,29.990618
SYN_101870,Hail Microbus ,31.246296,29.991353
SYN_101871,Hail Microbus ,31.245657,29.992511
SYN_101872,Hail Microbus ,31.243880,29.992223
SYN_101873,Hail Microbus ,31.242084,29.992351
SYN_101874,Hail Microbus ,31.240566,29.992510
SYN_101875,Hail Microbus ,31.238771,29.992631
SYN_101876,Hail Microbus ,31.236975,29.992752
SYN_101877,Hail Microbus ,31.235180,29.992887
SYN_101878,Hail Microbus ,31.233385,29.993023
SYN_101879,Hail Microbus ,31.231590,29.993148
SYN_101880,Hail Microbus ,31.229794,29.993265
SYN_101881,Hail Microbus ,31.227998,29.993382
SYN_101882,Hail Microbus ,31.226202,29.993500
SYN_101883,Hail Microbus ,31.224406,29.993617
SYN_101884,Hail Microbus ,31.222689,29.993179
SYN_101885,Hail Microbus ,31.221086,29.992239
SYN_101886,Hail Microbus ,31.220532,29.990789
SYN_101887,Hail Microbus ,31.221603,29.989103
SYN_101888,Hail Microbus ,31.222621,29.987389
SYN_101889,Hail Microbus ,31.223348,29.985468
SYN_101890,Hail Microbus ,31.223175,29.984967
SYN_101891,Hail Microbus ,31.222435,29.986878
SYN_101892,Hail Microbus ,31.221215,29.988408
SYN_101893,Hail Microbus ,31.220073,29.990024
SYN_101894,Hail Microbus ,31.219161,29.991836
SYN_101895,Hail Microbus ,31.218446,29.993761
SYN_101896,Hail Microbus ,31.218126,29.995657
SYN_101897,Hail Microbus ,31.218852,29.993973
SYN_101898,Hail Microbus ,31.219679,29.992107
SYN_101899,Hail Microbus ,31.220599,29.990300
SYN_101900,Hail Microbus ,31.221761,29.988703
SYN_101901,Hail Microbus ,31.222721,29.986934
SYN_101902,Hail Microbus ,31.223402,29.984988
SYN_101903,Hail Microbus ,31.224038,29.983021
SYN_101904,Hail Microbus ,31.224639,29.981039
SYN_101905,Hail Microbus ,31.224721,29.978977
SYN_101906,Hail Microbus ,31.223959,29.977075
SYN_101907,Hail Microbus ,31.223216,29.975167
SYN_101908,Hail Microbus ,31.223037,29.973077
SYN_101909,Hail Microbus ,31.222748,29.971003
SYN_101910,Hail Microbus ,31.222268,29.968976
SYN_101911,Hail Microbus ,31.221701,29.966981
SYN_101912,Hail Microbus ,31.220898,29.965111
SYN_101913,Hail Microbus ,31.219384,29.964043
SYN_101914,Hail Microbus ,31.217653,29.963472
SYN_101915,Hail Microbus ,31.215944,29.962816
SYN_101916,Hail Microbus ,31.214256,29.962097
SYN_101917,Hail Microbus ,31.212638,29.961209
SYN_101918,Hail Microbus ,31.211546,29.959572
SYN_101919,Hail Microbus ,31.210879,29.957631
SYN_101920,Hail Microbus ,31.209497,29.956326
SYN_101921,Hail Microbus ,31.208053,29.955086
SYN_101922,Hail Microbus ,31.206376,29.954475
SYN_101923,Hail Microbus ,31.204678,29.953798
SYN_101924,Hail Microbus ,31.202925,29.953342
SYN_101925,Hail Microbus ,31.201197,29.952770
SYN_101926,Hail Microbus ,31.200188,29.951211
SYN_101927,Hail Microbus ,31.200256,29.949111
SYN_101928,Hail Microbus ,31.200522,29.947055
SYN_101929,Hail Microbus ,31.201324,29.945182
SYN_101930,Hail Microbus ,31.202408,29.943505
SYN_101931,Hail Microbus ,31.203021,29.941559
SYN_101932,Hail Microbus ,31.202660,29.939522
SYN_101933,Hail Microbus ,31.201907,29.937612
SYN_101934,Hail Microbus ,31.200796,29.936008
SYN_101935,Hail Microbus ,31.199080,29.935440
SYN_101936,Hail Microbus ,31.197337,29.934995
SYN_101937,Hail Microbus ,31.195919,29.933710
SYN_101938,Hail Microbus ,31.194374,29.932640
SYN_101939,Hail Microbus ,31.192964,29.931344
SYN_101940,Hail Microbus ,31.191473,29.930173
SYN_101941,Hail Microbus ,31.190844,29.928304
SYN_101942,Hail Microbus ,31.189880,29.926627
SYN_101943,Hail Microbus ,31.189256,29.924754
SYN_101944,Hail Microbus ,31.188815,29.922727
SYN_101945,Hail Microbus ,31.187634,29.921173
SYN_101946,Hail Microbus ,31.186460,29.919620
SYN_101947,Hail Microbus ,31.185164,29.918288
SYN_101948,Hail Microbus ,31.184804,29.916497
SYN_101949,Hail Microbus ,31.185532,29.914617
SYN_101950,Hail Microbus ,31.184619,29.912869
SYN_101951,Hail Microbus ,31.183246,29.911525
SYN_101952,Hail Microbus ,31.182591,29.909711
SYN_101953,Hail Microbus ,31.182527,29.907622
SYN_101954,Hail Microbus ,31.181969,29.905629
SYN_101955,Hail Microbus ,31.180989,29.903879
SYN_101956,Hail Microbus ,31.179941,29.902172
SYN_101957,Hail Microbus ,31.178799,29.900548
SYN_101958,Hail Microbus ,31.179015,29.899119
SYN_101959,Hail Microbus ,31.257391,29.990608
SYN_101960,Hail Microbus ,31.258665,29.989125
SYN_101961,Hail Microbus ,31.259971,29.987678
SYN_101962,Hail Microbus ,31.258947,29.986132
SYN_101963,Hail Microbus ,31.257680,29.985871
SYN_101964,Hail Microbus ,31.256446,29.985407
SYN_101965,Hail Microbus ,31.255022,29.984297
SYN_101966,Hail Microbus ,31.253292,29.983828
SYN_101967,Hail Microbus ,31.251761,29.982872
SYN_101968,Hail Microbus ,31.250431,29.981454
SYN_101969,Hail Microbus ,31.250578,29.979925
SYN_101970,Hail Microbus ,31.252008,29.978725
SYN_101971,Hail Microbus ,31.252625,29.976776
SYN_101972,Hail Microbus ,31.254965,29.991089
SYN_101973,Hail Microbus ,31.253916,29.989386
SYN_101974,Hail Microbus ,31.252668,29.990034
SYN_101975,Hail Microbus ,31.251346,29.991461
SYN_101976,Hail Microbus ,31.250502,29.992729
SYN_101977,Hail Microbus ,31.249657,29.991213
SYN_101978,Hail Microbus ,31.247866,29.991350
SYN_101979,Hail Microbus ,31.246563,29.991059
SYN_101980,Hail Microbus ,31.245821,29.989143
SYN_101981,Hail Microbus ,31.245029,29.987254
SYN_101982,Hail Microbus ,31.244149,29.985420
SYN_101983,Hail Microbus ,31.180625,29.914779
SYN_101984,Hail Microbus ,31.181529,29.916589
SYN_101985,Hail Microbus ,31.182468,29.918377
SYN_101986,Hail Microbus ,31.183285,29.920249
SYN_101987,Hail Microbus ,31.184086,29.922131
SYN_101988,Hail Microbus ,31.184908,29.924001
SYN_101989,Hail Microbus ,31.185226,29.925648
SYN_101990,Hail Microbus ,31.183640,29.926606
SYN_101991,Hail Microbus ,31.181984,29.927391
SYN_101992,Hail Microbus ,31.180362,29.927614
SYN_101993,Hail Microbus ,31.181055,29.929471
SYN_101994,Hail Microbus ,31.182129,29.931157
SYN_101995,Hail Microbus ,31.183293,29.932758
SYN_101996,Hail Microbus ,31.184494,29.934322
SYN_101997,Hail Microbus ,31.185761,29.935815
SYN_101998,Hail Microbus ,31.187111,29.937202
SYN_101999,Hail Microbus ,31.188529,29.938494
SYN_102000,Hail Microbus ,31.189907,29.939846
SYN_102001,Hail Microbus ,31.191268,29.941220
SYN_102002,Hail Microbus ,31.192492,29.942760
SYN_102003,Hail Microbus ,31.193493,29.944498
SYN_102004,Hail Microbus ,31.194327,29.946360
SYN_102005,Hail Microbus ,31.195162,29.948223
SYN_102006,Hail Microbus ,31.195924,29.950125
SYN_102007,Hail Microbus ,31.196645,29.952049
SYN_102008,Hail Microbus ,31.197465,29.953902
SYN_102009,Hail Microbus ,31.198704,29.955422
SYN_102010,Hail Microbus ,31.199606,29.957238
SYN_102011,Hail Microbus ,31.200417,29.959116
SYN_102012,Hail Microbus ,31.201214,29.961001
SYN_102013,Hail Microbus ,31.202028,29.962876
SYN_102014,Hail Microbus ,31.202854,29.964743
SYN_102015,Hail Microbus ,31.203613,29.966650
SYN_102016,Hail Microbus ,31.203913,29.968702
SYN_102017,Hail Microbus ,31.203913,29.970804
SYN_102018,Hail Microbus ,31.203726,29.972891
SYN_102019,Hail Microbus ,31.203718,29.974994
SYN_102020,Hail Microbus ,31.203733,29.977096
SYN_102021,Hail Microbus ,31.203745,29.979199
SYN_102022,Hail Microbus ,31.203736,29.981302
SYN_102023,Hail Microbus ,31.203725,29.983405
SYN_102024,Hail Microbus ,31.203704,29.985508
SYN_102025,Hail Microbus ,31.203519,29.987596
SYN_102026,Hail Microbus ,31.203467,29.989698
SYN_102027,Hail Microbus ,31.203515,29.991799
SYN_102028,Hail Microbus ,31.203570,29.993900
SYN_102029,Hail Microbus ,31.203085,29.995810
SYN_102030,Hail Microbus ,31.201297,29.995966
SYN_102031,Hail Microbus ,31.199785,29.995361
SYN_102032,Hail Microbus ,31.201259,29.994646
SYN_102033,Hail Microbus ,31.203058,29.994643
SYN_102034,Hail Microbus ,31.204855,29.994585
SYN_102035,Hail Microbus ,31.206651,29.994470
SYN_102036,Hail Microbus ,31.208445,29.994329
SYN_102037,Hail Microbus ,31.210226,29.994044
SYN_102038,Hail Microbus ,31.212005,29.993739
SYN_102039,Hail Microbus ,31.213794,29.993785
SYN_102040,Hail Microbus ,31.215569,29.994122
SYN_102041,Hail Microbus ,31.217357,29.994104
SYN_102042,Hail Microbus ,31.219150,29.993939
SYN_102043,Hail Microbus ,31.220945,29.993796
SYN_102044,Hail Microbus ,31.222069,29.994630
SYN_102045,Hail Microbus ,31.222162,29.996730
SYN_102046,Hail Microbus ,31.222960,29.998589
SYN_102047,Hail Microbus ,31.224199,29.999889
SYN_102048,Hail Microbus ,31.225996,29.999778
SYN_102049,Hail Microbus ,31.227792,29.999667
SYN_102050,Hail Microbus ,31.229588,29.999556
SYN_102051,Hail Microbus ,31.231384,29.999445
SYN_102052,Hail Microbus ,31.233180,29.999334
SYN_102053,Hail Microbus ,31.234976,29.999215
SYN_102054,Hail Microbus ,31.236771,29.999079
SYN_102055,Hail Microbus ,31.238567,29.998981
SYN_102056,Hail Microbus ,31.240364,29.998882
SYN_102057,Hail Microbus ,31.241181,29.997745
SYN_102058,Hail Microbus ,31.241094,29.995644
SYN_102059,Hail Microbus ,31.241003,29.993543
SYN_102060,Hail Microbus ,31.242215,29.992445
SYN_102061,Hail Microbus ,31.244009,29.992307
SYN_102062,Hail Microbus ,31.245779,29.992672
SYN_102063,Hail Microbus ,31.245128,29.992404
SYN_102064,Hail Microbus ,31.243836,29.991421
SYN_102065,Hail Microbus ,31.243180,29.989463
SYN_102066,Hail Microbus ,31.243086,29.987797
SYN_102067,Hail Microbus ,31.192329,29.905804
SYN_102068,Hail Microbus ,31.193164,29.907666
SYN_102069,Hail Microbus ,31.194009,29.909522
SYN_102070,Hail Microbus ,31.194836,29.911389
SYN_102071,Hail Microbus ,31.195577,29.913298
SYN_102072,Hail Microbus ,31.195857,29.915375
SYN_102073,Hail Microbus ,31.196625,29.916463
SYN_102074,Hail Microbus ,31.197159,29.917377
SYN_102075,Hail Microbus ,31.196030,29.918961
SYN_102076,Hail Microbus ,31.195212,29.920832
SYN_102077,Hail Microbus ,31.193986,29.922302
SYN_102078,Hail Microbus ,31.192498,29.923483
SYN_102079,Hail Microbus ,31.190797,29.923715
SYN_102080,Hail Microbus ,31.189022,29.923755
SYN_102081,Hail Microbus ,31.187383,29.924615
SYN_102082,Hail Microbus ,31.185746,29.925489
SYN_102083,Hail Microbus ,31.184109,29.926358
SYN_102084,Hail Microbus ,31.182453,29.927141
SYN_102085,Hail Microbus ,31.180742,29.927258
SYN_102086,Hail Microbus ,31.180751,29.928986
SYN_102087,Hail Microbus ,31.181832,29.930667
SYN_102088,Hail Microbus ,31.182952,29.932308
SYN_102089,Hail Microbus ,31.184144,29.933883
SYN_102090,Hail Microbus ,31.185395,29.935392
SYN_102091,Hail Microbus ,31.186711,29.936824
SYN_102092,Hail Microbus ,31.188131,29.938113
SYN_102093,Hail Microbus ,31.189515,29.939457
SYN_102094,Hail Microbus ,31.190879,29.940826
SYN_102095,Hail Microbus ,31.192149,29.942312
SYN_102096,Hail Microbus ,31.193254,29.943965
SYN_102097,Hail Microbus ,31.194092,29.945825
SYN_102098,Hail Microbus ,31.194930,29.947686
SYN_102099,Hail Microbus ,31.195743,29.949560
SYN_102100,Hail Microbus ,31.196552,29.951436
SYN_102101,Hail Microbus ,31.197260,29.953361
SYN_102102,Hail Microbus ,31.198438,29.954938
SYN_102103,Hail Microbus ,31.199413,29.956693
SYN_102104,Hail Microbus ,31.200255,29.958551
SYN_102105,Hail Microbus ,31.201083,29.960418
SYN_102106,Hail Microbus ,31.201895,29.962294
SYN_102107,Hail Microbus ,31.202614,29.964210
SYN_102108,Hail Microbus ,31.203395,29.966104
SYN_102109,Hail Microbus ,31.203907,29.968100
SYN_102110,Hail Microbus ,31.203913,29.970202
SYN_102111,Hail Microbus ,31.203767,29.972291
SYN_102112,Hail Microbus ,31.203714,29.974391
SYN_102113,Hail Microbus ,31.203729,29.976494
SYN_102114,Hail Microbus ,31.203743,29.978597
SYN_102115,Hail Microbus ,31.203739,29.980700
SYN_102116,Hail Microbus ,31.203730,29.982803
SYN_102117,Hail Microbus ,31.203710,29.984905
SYN_102118,Hail Microbus ,31.203593,29.987001
SYN_102119,Hail Microbus ,31.203471,29.989096
SYN_102120,Hail Microbus ,31.203484,29.991198
SYN_102121,Hail Microbus ,31.203576,29.993298
SYN_102122,Hail Microbus ,31.203418,29.995376
SYN_102123,Hail Microbus ,31.201812,29.995945
SYN_102124,Hail Microbus ,31.200033,29.995860
SYN_102125,Hail Microbus ,31.200744,29.994667
SYN_102126,Hail Microbus ,31.202542,29.994644
SYN_102127,Hail Microbus ,31.204341,29.994622
SYN_102128,Hail Microbus ,31.206136,29.994495
SYN_102129,Hail Microbus ,31.207931,29.994378
SYN_102130,Hail Microbus ,31.209717,29.994137
SYN_102131,Hail Microbus ,31.211494,29.993812
SYN_102132,Hail Microbus ,31.213285,29.993697
SYN_102133,Hail Microbus ,31.215061,29.994026
SYN_102134,Hail Microbus ,31.216844,29.994151
SYN_102135,Hail Microbus ,31.218637,29.993986
SYN_102136,Hail Microbus ,31.220431,29.993837
SYN_102137,Hail Microbus ,31.222042,29.994029
SYN_102138,Hail Microbus ,31.222136,29.996129
SYN_102139,Hail Microbus ,31.222696,29.998071
SYN_102140,Hail Microbus ,31.223699,29.999791
SYN_102141,Hail Microbus ,31.225481,29.999810
SYN_102142,Hail Microbus ,31.227277,29.999699
SYN_102143,Hail Microbus ,31.229073,29.999588
SYN_102144,Hail Microbus ,31.230870,29.999477
SYN_102145,Hail Microbus ,31.232666,29.999366
SYN_102146,Hail Microbus ,31.234462,29.999255
SYN_102147,Hail Microbus ,31.236257,29.999114
SYN_102148,Hail Microbus ,31.238053,29.999009
SYN_102149,Hail Microbus ,31.239850,29.998910
SYN_102150,Hail Microbus ,31.241193,29.998345
SYN_102151,Hail Microbus ,31.241120,29.996246
SYN_102152,Hail Microbus ,31.241029,29.994145
SYN_102153,Hail Microbus ,31.241701,29.992488
SYN_102154,Hail Microbus ,31.243495,29.992338
SYN_102155,Hail Microbus ,31.245272,29.992561
SYN_102156,Hail Microbus ,31.245636,29.992506
SYN_102157,Hail Microbus ,31.243992,29.991995
SYN_102158,Hail Microbus ,31.243379,29.990019
SYN_102159,Hail Microbus ,31.242683,29.988079
SYN_102160,Hail Microbus ,31.243996,29.987061
SYN_102161,Hail Microbus ,31.278436,30.016365
SYN_102162,Hail Microbus ,31.277055,30.016819
SYN_102163,Hail Microbus ,31.275587,30.017961
SYN_102164,Hail Microbus ,31.274299,30.019430
SYN_102165,Hail Microbus ,31.273010,30.020898
SYN_102166,Hail Microbus ,31.271711,30.022352
SYN_102167,Hail Microbus ,31.270428,30.023827
SYN_102168,Hail Microbus ,31.269084,30.025225
SYN_102169,Hail Microbus ,31.267620,30.026441
SYN_102170,Hail Microbus ,31.265961,30.027252
SYN_102171,Hail Microbus ,31.264305,30.027734
SYN_102172,Hail Microbus ,31.263054,30.026320
SYN_102173,Hail Microbus ,31.262467,30.024334
SYN_102174,Hail Microbus ,31.261612,30.022484
SYN_102175,Hail Microbus ,31.260705,30.020668
SYN_102176,Hail Microbus ,31.259815,30.018839
SYN_102177,Hail Microbus ,31.258899,30.017028
SYN_102178,Hail Microbus ,31.257880,30.015303
SYN_102179,Hail Microbus ,31.256578,30.013853
SYN_102180,Hail Microbus ,31.255306,30.012364
SYN_102181,Hail Microbus ,31.254015,30.010900
SYN_102182,Hail Microbus ,31.252722,30.009437
SYN_102183,Hail Microbus ,31.251459,30.007941
SYN_102184,Hail Microbus ,31.250251,30.006383
SYN_102185,Hail Microbus ,31.249070,30.004797
SYN_102186,Hail Microbus ,31.248352,30.002917
SYN_102187,Hail Microbus ,31.248076,30.000839
SYN_102188,Hail Microbus ,31.247750,29.998770
SYN_102189,Hail Microbus ,31.247411,29.996704
SYN_102190,Hail Microbus ,31.247037,29.994646
SYN_102191,Hail Microbus ,31.246756,29.992572
SYN_102192,Hail Microbus ,31.246368,29.990540
SYN_102193,Hail Microbus ,31.245618,29.988628
SYN_102194,Hail Microbus ,31.244859,29.986722
SYN_102195,Hail Microbus ,31.243948,29.984912
SYN_102196,Hail Microbus ,31.221136,29.943739
SYN_102197,Hail Microbus ,31.222459,29.945164
SYN_102198,Hail Microbus ,31.223882,29.946443
SYN_102199,Hail Microbus ,31.225242,29.947803
SYN_102200,Hail Microbus ,31.226330,29.949477
SYN_102201,Hail Microbus ,31.227417,29.951153
SYN_102202,Hail Microbus ,31.228513,29.952820
SYN_102203,Hail Microbus ,31.229390,29.954653
SYN_102204,Hail Microbus ,31.230348,29.956423
SYN_102205,Hail Microbus ,31.231412,29.958113
SYN_102206,Hail Microbus ,31.232281,29.959955
SYN_102207,Hail Microbus ,31.232828,29.961956
SYN_102208,Hail Microbus ,31.233295,29.963986
SYN_102209,Hail Microbus ,31.233845,29.965978
SYN_102210,Hail Microbus ,31.234760,29.967779
SYN_102211,Hail Microbus ,31.235502,29.969695
SYN_102212,Hail Microbus ,31.236347,29.971551
SYN_102213,Hail Microbus ,31.237202,29.973403
SYN_102214,Hail Microbus ,31.238056,29.975254
SYN_102215,Hail Microbus ,31.238894,29.977115
SYN_102216,Hail Microbus ,31.239999,29.978749
SYN_102217,Hail Microbus ,31.240824,29.980618
SYN_102218,Hail Microbus ,31.241281,29.982202
SYN_102219,Hail Microbus ,31.242584,29.983650
SYN_102220,Hail Microbus ,31.241103,29.995939
SYN_102221,Hail Microbus ,31.241016,29.993838
SYN_102222,Hail Microbus ,31.240968,29.992065
SYN_102223,Hail Microbus ,31.239391,29.992589
SYN_102224,Hail Microbus ,31.237595,29.992710
SYN_102225,Hail Microbus ,31.235800,29.992840
SYN_102226,Hail Microbus ,31.234005,29.992976
SYN_102227,Hail Microbus ,31.232210,29.993108
SYN_102228,Hail Microbus ,31.230414,29.993227
SYN_102229,Hail Microbus ,31.228619,29.993346
SYN_102230,Hail Microbus ,31.226823,29.993465
SYN_102231,Hail Microbus ,31.225027,29.993584
SYN_102232,Hail Microbus ,31.223231,29.993637
SYN_102233,Hail Microbus ,31.221434,29.993611
SYN_102234,Hail Microbus ,31.219641,29.993778
SYN_102235,Hail Microbus ,31.217848,29.993945
SYN_102236,Hail Microbus ,31.216054,29.994091
SYN_102237,Hail Microbus ,31.214276,29.993775
SYN_102238,Hail Microbus ,31.212491,29.993595
SYN_102239,Hail Microbus ,31.210705,29.993832
SYN_102240,Hail Microbus ,31.208930,29.994168
SYN_102241,Hail Microbus ,31.207141,29.994316
SYN_102242,Hail Microbus ,31.205345,29.994373
SYN_102243,Hail Microbus ,31.203671,29.994328
SYN_102244,Hail Microbus ,31.203693,29.992226
SYN_102245,Hail Microbus ,31.203715,29.990123
SYN_102246,Hail Microbus ,31.203752,29.988020
SYN_102247,Hail Microbus ,31.203796,29.985918
SYN_102248,Hail Microbus ,31.203816,29.983815
SYN_102249,Hail Microbus ,31.203836,29.981713
SYN_102250,Hail Microbus ,31.203857,29.979610
SYN_102251,Hail Microbus ,31.203882,29.977507
SYN_102252,Hail Microbus ,31.203911,29.975405
SYN_102253,Hail Microbus ,31.203902,29.973302
SYN_102254,Hail Microbus ,31.204033,29.971207
SYN_102255,Hail Microbus ,31.204013,29.969106
SYN_102256,Hail Microbus ,31.203890,29.967019
SYN_102257,Hail Microbus ,31.203171,29.965092
SYN_102258,Hail Microbus ,31.202418,29.963183
SYN_102259,Hail Microbus ,31.201620,29.961299
SYN_102260,Hail Microbus ,31.200792,29.959432
SYN_102261,Hail Microbus ,31.199965,29.957567
SYN_102262,Hail Microbus ,31.199055,29.955754
SYN_102263,Hail Microbus ,31.197997,29.954055
SYN_102264,Hail Microbus ,31.197099,29.952248
SYN_102265,Hail Microbus ,31.196348,29.950338
SYN_102266,Hail Microbus ,31.195462,29.948508
SYN_102267,Hail Microbus ,31.194585,29.946672
SYN_102268,Hail Microbus ,31.193750,29.944810
SYN_102269,Hail Microbus ,31.192814,29.943022
SYN_102270,Hail Microbus ,31.191615,29.941455
SYN_102271,Hail Microbus ,31.190279,29.940049
SYN_102272,Hail Microbus ,31.188939,29.938648
SYN_102273,Hail Microbus ,31.187498,29.937391
SYN_102274,Hail Microbus ,31.186112,29.936053
SYN_102275,Hail Microbus ,31.184843,29.934564
SYN_102276,Hail Microbus ,31.183627,29.933015
SYN_102277,Hail Microbus ,31.182475,29.931402
SYN_102278,Hail Microbus ,31.181708,29.929510
SYN_102279,Hail Microbus ,31.180929,29.927622
SYN_102280,Hail Microbus ,31.179874,29.925920
SYN_102281,Hail Microbus ,31.179023,29.924073
SYN_102282,Hail Microbus ,31.178265,29.922168
SYN_102283,Hail Microbus ,31.177506,29.920263
SYN_102284,Hail Microbus ,31.176735,29.918363
SYN_102285,Hail Microbus ,31.175981,29.916455
SYN_102286,Hail Microbus ,31.175223,29.914549
SYN_102287,Hail Microbus ,31.174448,29.912652
SYN_102288,Hail Microbus ,31.173691,29.911314
SYN_102289,Hail Microbus ,31.173129,29.909335
SYN_102290,Hail Microbus ,31.172379,29.907424
SYN_102291,Hail Microbus ,31.171630,29.905513
SYN_102292,Hail Microbus ,31.170865,29.903611
SYN_102293,Hail Microbus ,31.170097,29.901712
SYN_102294,Hail Microbus ,31.169376,29.899786
SYN_102295,Hail Microbus ,31.168645,29.897865
SYN_102296,Hail Microbus ,31.167914,29.895945
SYN_102297,Hail Microbus ,31.167286,29.893983
SYN_102298,Hail Microbus ,31.166673,29.892016
SYN_102299,Hail Microbus ,31.165077,29.891176
SYN_102300,Hail Microbus ,31.163431,29.890351
SYN_102301,Hail Microbus ,31.161885,29.889275
SYN_102302,Hail Microbus ,31.160401,29.888094
SYN_102303,Hail Microbus ,31.159108,29.886637
SYN_102304,Hail Microbus ,31.157933,29.885044
SYN_102305,Hail Microbus ,31.156759,29.883452
SYN_102306,Hail Microbus ,31.155585,29.881860
SYN_102307,Hail Microbus ,31.154293,29.880440
SYN_102308,Hail Microbus ,31.153095,29.878871
SYN_102309,Hail Microbus ,31.151778,29.877440
SYN_102310,Hail Microbus ,31.150317,29.876227
SYN_102311,Hail Microbus ,31.148695,29.875322
SYN_102312,Hail Microbus ,31.147026,29.874538
SYN_102313,Hail Microbus ,31.145351,29.873773
SYN_102314,Hail Microbus ,31.143676,29.873008
SYN_102315,Hail Microbus ,31.142000,29.872243
SYN_102316,Hail Microbus ,31.140325,29.871479
SYN_102317,Hail Microbus ,31.138650,29.870714
SYN_102318,Hail Microbus ,31.136975,29.869949
SYN_102319,Hail Microbus ,31.135299,29.869184
SYN_102320,Hail Microbus ,31.133624,29.868419
SYN_102321,Hail Microbus ,31.131949,29.867654
SYN_102322,Hail Microbus ,31.130297,29.866824
SYN_102323,Hail Microbus ,31.128743,29.865768
SYN_102324,Hail Microbus ,31.127312,29.864499
SYN_102325,Hail Microbus ,31.126049,29.863006
SYN_102326,Hail Microbus ,31.124965,29.861332
SYN_102327,Hail Microbus ,31.124086,29.859500
SYN_102328,Hail Microbus ,31.123426,29.857548
SYN_102329,Hail Microbus ,31.123022,29.855503
SYN_102330,Hail Microbus ,31.122791,29.853419
SYN_102331,Hail Microbus ,31.122559,29.851336
SYN_102332,Hail Microbus ,31.122328,29.849252
SYN_102333,Hail Microbus ,31.122104,29.847167
SYN_102334,Hail Microbus ,31.121881,29.845082
SYN_102335,Hail Microbus ,31.121658,29.842998
SYN_102336,Hail Microbus ,31.121435,29.840913
SYN_102337,Hail Microbus ,31.121206,29.838829
SYN_102338,Hail Microbus ,31.120795,29.836787
SYN_102339,Hail Microbus ,31.120060,29.834873
SYN_102340,Hail Microbus ,31.119297,29.832984
SYN_102341,Hail Microbus ,31.117975,29.831580
SYN_102342,Hail Microbus ,31.116486,29.830401
SYN_102343,Hail Microbus ,31.114992,29.829232
SYN_102344,Hail Microbus ,31.113498,29.828062
SYN_102345,Hail Microbus ,31.112031,29.826858
SYN_102346,Hail Microbus ,31.112161,29.824990
SYN_102347,Hail Microbus ,31.113508,29.823600
SYN_102348,Hail Microbus ,31.114848,29.822203
SYN_102349,Hail Microbus ,31.116210,29.820830
SYN_102350,Hail Microbus ,31.117569,29.819454
SYN_102351,Hail Microbus ,31.118924,29.818071
SYN_102352,Hail Microbus ,31.120313,29.816742
SYN_102353,Hail Microbus ,31.121635,29.815319
SYN_102354,Hail Microbus ,31.122940,29.813873
SYN_102355,Hail Microbus ,31.124326,29.812544
SYN_102356,Hail Microbus ,31.125695,29.811187
SYN_102357,Hail Microbus ,31.126924,29.811950
SYN_102358,Hail Microbus ,31.128073,29.813566
SYN_102359,Hail Microbus ,31.128381,29.813404
SYN_102360,Hail Microbus ,31.127096,29.811955
SYN_102361,Hail Microbus ,31.125970,29.810317
SYN_102362,Hail Microbus ,31.124811,29.808713
SYN_102363,Hail Microbus ,31.123534,29.807233
SYN_102364,Hail Microbus ,31.122309,29.805696
SYN_102365,Hail Microbus ,31.121243,29.804005
SYN_102366,Hail Microbus ,31.120236,29.802264
SYN_102367,Hail Microbus ,31.119163,29.800579
SYN_102368,Hail Microbus ,31.118105,29.798887
SYN_102369,Hail Microbus ,31.117194,29.797090
SYN_102370,Hail Microbus ,31.115915,29.795618
SYN_102371,Hail Microbus ,31.114646,29.794131
SYN_102372,Hail Microbus ,31.113443,29.792569
SYN_102373,Hail Microbus ,31.112259,29.790989
SYN_102374,Hail Microbus ,31.111134,29.789350
SYN_102375,Hail Microbus ,31.110052,29.787672
SYN_102376,Hail Microbus ,31.108977,29.785988
SYN_102377,Hail Microbus ,31.107902,29.784304
SYN_102378,Hail Microbus ,31.106814,29.782631
SYN_102379,Hail Microbus ,31.105697,29.780984
SYN_102380,Hail Microbus ,31.104559,29.779357
SYN_102381,Hail Microbus ,31.103306,29.777853
SYN_102382,Hail Microbus ,31.102157,29.776243
SYN_102383,Hail Microbus ,31.101197,29.774467
SYN_102384,Hail Microbus ,31.100132,29.772779
SYN_102385,Hail Microbus ,31.099368,29.771087
SYN_102386,Hail Microbus ,31.176077,29.916343
SYN_102387,Hail Microbus ,31.175263,29.914646
SYN_102388,Hail Microbus ,31.174482,29.912752
SYN_102389,Hail Microbus ,31.173692,29.911422
SYN_102390,Hail Microbus ,31.173168,29.909433
SYN_102391,Hail Microbus ,31.172418,29.907522
SYN_102392,Hail Microbus ,31.171668,29.905611
SYN_102393,Hail Microbus ,31.170907,29.903707
SYN_102394,Hail Microbus ,31.170133,29.901811
SYN_102395,Hail Microbus ,31.169414,29.899884
SYN_102396,Hail Microbus ,31.168683,29.897963
SYN_102397,Hail Microbus ,31.167951,29.896043
SYN_102398,Hail Microbus ,31.167324,29.894082
SYN_102399,Hail Microbus ,31.166718,29.892109
SYN_102400,Hail Microbus ,31.165165,29.891207
SYN_102401,Hail Microbus ,31.163510,29.890406
SYN_102402,Hail Microbus ,31.161965,29.889330
SYN_102403,Hail Microbus ,31.160472,29.888163
SYN_102404,Hail Microbus ,31.159168,29.886718
SYN_102405,Hail Microbus ,31.157994,29.885125
SYN_102406,Hail Microbus ,31.156821,29.883532
SYN_102407,Hail Microbus ,31.155647,29.881939
SYN_102408,Hail Microbus ,31.154474,29.880346
SYN_102409,Hail Microbus ,31.153301,29.878753
SYN_102410,Hail Microbus ,31.152121,29.877167
SYN_102411,Hail Microbus ,31.150932,29.875590
SYN_102412,Hail Microbus ,31.149745,29.874011
SYN_102413,Hail Microbus ,31.148568,29.872422
SYN_102414,Hail Microbus ,31.147390,29.870833
SYN_102415,Hail Microbus ,31.146221,29.869236
SYN_102416,Hail Microbus ,31.145047,29.867644
SYN_102417,Hail Microbus ,31.143869,29.866056
SYN_102418,Hail Microbus ,31.142699,29.864460
SYN_102419,Hail Microbus ,31.141529,29.862864
SYN_102420,Hail Microbus ,31.140367,29.861260
SYN_102421,Hail Microbus ,31.139206,29.859655
SYN_102422,Hail Microbus ,31.138038,29.858057
SYN_102423,Hail Microbus ,31.136933,29.856402
SYN_102424,Hail Microbus ,31.136104,29.854540
SYN_102425,Hail Microbus ,31.135349,29.852633
SYN_102426,Hail Microbus ,31.134594,29.850726
SYN_102427,Hail Microbus ,31.133842,29.848817
SYN_102428,Hail Microbus ,31.133104,29.846900
SYN_102429,Hail Microbus ,31.132416,29.844959
SYN_102430,Hail Microbus ,31.131628,29.843077
SYN_102431,Hail Microbus ,31.130469,29.841479
SYN_102432,Hail Microbus ,31.129024,29.840232
SYN_102433,Hail Microbus ,31.127524,29.839072
SYN_102434,Hail Microbus ,31.126025,29.837912
SYN_102435,Hail Microbus ,31.124525,29.836751
SYN_102436,Hail Microbus ,31.123026,29.835591
SYN_102437,Hail Microbus ,31.121526,29.834431
SYN_102438,Hail Microbus ,31.120038,29.833251
SYN_102439,Hail Microbus ,31.118560,29.832054
SYN_102440,Hail Microbus ,31.117078,29.830864
SYN_102441,Hail Microbus ,31.115584,29.829694
SYN_102442,Hail Microbus ,31.114089,29.828525
SYN_102443,Hail Microbus ,31.112595,29.827355
SYN_102444,Hail Microbus ,31.111783,29.825672
SYN_102445,Hail Microbus ,31.112983,29.824159
SYN_102446,Hail Microbus ,31.114309,29.822746
SYN_102447,Hail Microbus ,31.115671,29.821373
SYN_102448,Hail Microbus ,31.117033,29.820001
SYN_102449,Hail Microbus ,31.118388,29.818619
SYN_102450,Hail Microbus ,31.119779,29.817291
SYN_102451,Hail Microbus ,31.121112,29.815882
SYN_102452,Hail Microbus ,31.122427,29.814448
SYN_102453,Hail Microbus ,31.123739,29.813014
SYN_102454,Hail Microbus ,31.125172,29.811751
SYN_102455,Hail Microbus ,31.126462,29.811318
SYN_102456,Hail Microbus ,31.127630,29.812915
SYN_102457,Hail Microbus ,31.128792,29.814001
SYN_102458,Hail Microbus ,31.127558,29.812588
SYN_102459,Hail Microbus ,31.126414,29.810966
SYN_102460,Hail Microbus ,31.125292,29.809325
SYN_102461,Hail Microbus ,31.124040,29.807818
SYN_102462,Hail Microbus ,31.122775,29.806324
SYN_102463,Hail Microbus ,31.121642,29.804694
SYN_102464,Hail Microbus ,31.120635,29.802953
SYN_102465,Hail Microbus ,31.119598,29.801238
SYN_102466,Hail Microbus ,31.118484,29.799588
SYN_102467,Hail Microbus ,31.117627,29.797751
SYN_102468,Hail Microbus ,31.116435,29.796186
SYN_102469,Hail Microbus ,31.115138,29.794732
SYN_102470,Hail Microbus ,31.113921,29.793185
SYN_102471,Hail Microbus ,31.112710,29.791633
SYN_102472,Hail Microbus ,31.111578,29.789999
SYN_102473,Hail Microbus ,31.110477,29.788339
SYN_102474,Hail Microbus ,31.109402,29.786654
SYN_102475,Hail Microbus ,31.108327,29.784970
SYN_102476,Hail Microbus ,31.107246,29.783291
SYN_102477,Hail Microbus ,31.106144,29.781631
SYN_102478,Hail Microbus ,31.105014,29.779997
SYN_102479,Hail Microbus ,31.103822,29.778427
SYN_102480,Hail Microbus ,31.102575,29.776915
SYN_102481,Hail Microbus ,31.101570,29.775175
SYN_102482,Hail Microbus ,31.191208,29.902146
SYN_102483,Hail Microbus ,31.189832,29.900871
SYN_102484,Hail Microbus ,31.189104,29.898949
SYN_102485,Hail Microbus ,31.188422,29.897004
SYN_102486,Hail Microbus ,31.187672,29.895092
SYN_102487,Hail Microbus ,31.186923,29.893181
SYN_102488,Hail Microbus ,31.186162,29.891276
SYN_102489,Hail Microbus ,31.185414,29.889364
SYN_102490,Hail Microbus ,31.184654,29.887460
SYN_102491,Hail Microbus ,31.183459,29.886354
SYN_102492,Hail Microbus ,31.182031,29.885301
SYN_102493,Hail Microbus ,31.181296,29.883387
SYN_102494,Hail Microbus ,31.179979,29.882067
SYN_102495,Hail Microbus ,31.178414,29.881033
SYN_102496,Hail Microbus ,31.177135,29.879602
SYN_102497,Hail Microbus ,31.176054,29.877921
SYN_102498,Hail Microbus ,31.174817,29.876404
SYN_102499,Hail Microbus ,31.173488,29.874987
SYN_102500,Hail Microbus ,31.172156,29.873576
SYN_102501,Hail Microbus ,31.170831,29.872154
SYN_102502,Hail Microbus ,31.169506,29.870732
SYN_102503,Hail Microbus ,31.168221,29.869261
SYN_102504,Hail Microbus ,31.166938,29.867788
SYN_102505,Hail Microbus ,31.165655,29.866315
SYN_102506,Hail Microbus ,31.164526,29.864697
SYN_102507,Hail Microbus ,31.163730,29.862812
SYN_102508,Hail Microbus ,31.162944,29.860921
SYN_102509,Hail Microbus ,31.161918,29.859220
SYN_102510,Hail Microbus ,31.160674,29.857702
SYN_102511,Hail Microbus ,31.159442,29.856170
SYN_102512,Hail Microbus ,31.158207,29.854643
SYN_102513,Hail Microbus ,31.156962,29.853126
SYN_102514,Hail Microbus ,31.155723,29.851602
SYN_102515,Hail Microbus ,31.154488,29.850074
SYN_102516,Hail Microbus ,31.153324,29.848479
SYN_102517,Hail Microbus ,31.153888,29.846885
SYN_102518,Hail Microbus ,31.153815,29.845082
SYN_102519,Hail Microbus ,31.152774,29.843374
SYN_102520,Hail Microbus ,31.151397,29.842023
SYN_102521,Hail Microbus ,31.149800,29.841129
SYN_102522,Hail Microbus ,31.148505,29.839702
SYN_102523,Hail Microbus ,31.146853,29.838887
SYN_102524,Hail Microbus ,31.145313,29.837811
SYN_102525,Hail Microbus ,31.144519,29.835942
SYN_102526,Hail Microbus ,31.143728,29.834059
SYN_102527,Hail Microbus ,31.142526,29.832498
SYN_102528,Hail Microbus ,31.141314,29.830945
SYN_102529,Hail Microbus ,31.140090,29.829405
SYN_102530,Hail Microbus ,31.138873,29.827858
SYN_102531,Hail Microbus ,31.137985,29.826066
SYN_102532,Hail Microbus ,31.137343,29.824110
SYN_102533,Hail Microbus ,31.136356,29.822353
SYN_102534,Hail Microbus ,31.135872,29.820362
SYN_102535,Hail Microbus ,31.135678,29.818298
SYN_102536,Hail Microbus ,31.134918,29.816394
SYN_102537,Hail Microbus ,31.134217,29.814459
SYN_102538,Hail Microbus ,31.133313,29.813117
SYN_102539,Hail Microbus ,31.131749,29.814124
SYN_102540,Hail Microbus ,31.130275,29.812940
SYN_102541,Hail Microbus ,31.128954,29.813644
SYN_102542,Hail Microbus ,31.127506,29.812518
SYN_102543,Hail Microbus ,31.126365,29.810894
SYN_102544,Hail Microbus ,31.125241,29.809254
SYN_102545,Hail Microbus ,31.123983,29.807753
SYN_102546,Hail Microbus ,31.122723,29.806255
SYN_102547,Hail Microbus ,31.121597,29.804618
SYN_102548,Hail Microbus ,31.120591,29.802876
SYN_102549,Hail Microbus ,31.119549,29.801164
SYN_102550,Hail Microbus ,31.118434,29.799516
SYN_102551,Hail Microbus ,31.117582,29.797675
SYN_102552,Hail Microbus ,31.116378,29.796123
SYN_102553,Hail Microbus ,31.115081,29.794667
SYN_102554,Hail Microbus ,31.113869,29.793116
SYN_102555,Hail Microbus ,31.112659,29.791561
SYN_102556,Hail Microbus ,31.111529,29.789927
SYN_102557,Hail Microbus ,31.110430,29.788265
SYN_102558,Hail Microbus ,31.109355,29.786580
SYN_102559,Hail Microbus ,31.108280,29.784896
SYN_102560,Hail Microbus ,31.107198,29.783218
SYN_102561,Hail Microbus ,31.106095,29.781559
SYN_102562,Hail Microbus ,31.104965,29.779925
SYN_102563,Hail Microbus ,31.103764,29.778363
SYN_102564,Hail Microbus ,31.102526,29.776842
SYN_102565,Hail Microbus ,31.101530,29.775095
SYN_102566,Hail Microbus ,31.100539,29.773345
SYN_102567,Hail Microbus ,31.219347,29.944768
SYN_102568,Hail Microbus ,31.218281,29.946356
SYN_102569,Hail Microbus ,31.216608,29.946078
SYN_102570,Hail Microbus ,31.214923,29.945379
SYN_102571,Hail Microbus ,31.213684,29.946055
SYN_102572,Hail Microbus ,31.212049,29.946901
SYN_102573,Hail Microbus ,31.210389,29.947701
SYN_102574,Hail Microbus ,31.208605,29.947663
SYN_102575,Hail Microbus ,31.206879,29.947412
SYN_102576,Hail Microbus ,31.205635,29.947751
SYN_102577,Hail Microbus ,31.204566,29.949434
SYN_102578,Hail Microbus ,31.204175,29.951482
SYN_102579,Hail Microbus ,31.203681,29.953474
SYN_102580,Hail Microbus ,31.201952,29.953056
SYN_102581,Hail Microbus ,31.200402,29.952098
SYN_102582,Hail Microbus ,31.199565,29.952004
SYN_102583,Hail Microbus ,31.197946,29.952890
SYN_102584,Hail Microbus ,31.196855,29.951606
SYN_102585,Hail Microbus ,31.196049,29.949728
SYN_102586,Hail Microbus ,31.195169,29.947895
SYN_102587,Hail Microbus ,31.194306,29.946050
SYN_102588,Hail Microbus ,31.193471,29.944188
SYN_102589,Hail Microbus ,31.192424,29.942486
SYN_102590,Hail Microbus ,31.191183,29.940967
SYN_102591,Hail Microbus ,31.189832,29.939579
SYN_102592,Hail Microbus ,31.188465,29.938217
SYN_102593,Hail Microbus ,31.187021,29.936963
SYN_102594,Hail Microbus ,31.185684,29.935560
SYN_102595,Hail Microbus ,31.184425,29.934059
SYN_102596,Hail Microbus ,31.183249,29.932470
SYN_102597,Hail Microbus ,31.182156,29.930809
SYN_102598,Hail Microbus ,31.181488,29.928857
SYN_102599,Hail Microbus ,31.180586,29.927045
SYN_102600,Hail Microbus ,31.179548,29.925332
SYN_102601,Hail Microbus ,31.178758,29.923444
SYN_102602,Hail Microbus ,31.178010,29.921532
SYN_102603,Hail Microbus ,31.177247,29.919629
SYN_102604,Hail Microbus ,31.176478,29.917728
SYN_102605,Hail Microbus ,31.175744,29.915809
SYN_102606,Hail Microbus ,31.174962,29.913916
SYN_102607,Hail Microbus ,31.174231,29.911997
SYN_102608,Hail Microbus ,31.173590,29.910626
SYN_102609,Hail Microbus ,31.172879,29.908697
SYN_102610,Hail Microbus ,31.172129,29.906786
SYN_102611,Hail Microbus ,31.171379,29.904875
SYN_102612,Hail Microbus ,31.170592,29.902985
SYN_102613,Hail Microbus ,31.169863,29.901065
SYN_102614,Hail Microbus ,31.169132,29.899144
SYN_102615,Hail Microbus ,31.168401,29.897223
SYN_102616,Hail Microbus ,31.167733,29.895277
SYN_102617,Hail Microbus ,31.167041,29.893342
SYN_102618,Hail Microbus ,31.166227,29.891564
SYN_102619,Hail Microbus ,31.164502,29.890972
SYN_102620,Hail Microbus ,31.162914,29.889991
SYN_102621,Hail Microbus ,31.161369,29.888915
SYN_102622,Hail Microbus ,31.159949,29.887632
SYN_102623,Hail Microbus ,31.158715,29.886105
SYN_102624,Hail Microbus ,31.157541,29.884513
SYN_102625,Hail Microbus ,31.156367,29.882920
SYN_102626,Hail Microbus ,31.155110,29.881457
SYN_102627,Hail Microbus ,31.153893,29.879916
SYN_102628,Hail Microbus ,31.152655,29.878393
SYN_102629,Hail Microbus ,31.151328,29.876976
SYN_102630,Hail Microbus ,31.149782,29.875909
SYN_102631,Hail Microbus ,31.148142,29.875047
SYN_102632,Hail Microbus ,31.146467,29.874283
SYN_102633,Hail Microbus ,31.144791,29.873518
SYN_102634,Hail Microbus ,31.143116,29.872753
SYN_102635,Hail Microbus ,31.141441,29.871988
SYN_102636,Hail Microbus ,31.139765,29.871223
SYN_102637,Hail Microbus ,31.138090,29.870458
SYN_102638,Hail Microbus ,31.136415,29.869693
SYN_102639,Hail Microbus ,31.134740,29.868929
SYN_102640,Hail Microbus ,31.133064,29.868164
SYN_102641,Hail Microbus ,31.131389,29.867399
SYN_102642,Hail Microbus ,31.129766,29.866495
SYN_102643,Hail Microbus ,31.128251,29.865366
SYN_102644,Hail Microbus ,31.126870,29.864023
SYN_102645,Hail Microbus ,31.125663,29.862468
SYN_102646,Hail Microbus ,31.124651,29.860733
SYN_102647,Hail Microbus ,31.123844,29.858858
SYN_102648,Hail Microbus ,31.123261,29.856873
SYN_102649,Hail Microbus ,31.122945,29.854807
SYN_102650,Hail Microbus ,31.122713,29.852723
SYN_102651,Hail Microbus ,31.122482,29.850640
SYN_102652,Hail Microbus ,31.122252,29.848556
SYN_102653,Hail Microbus ,31.122029,29.846471
SYN_102654,Hail Microbus ,31.121806,29.844386
SYN_102655,Hail Microbus ,31.121583,29.842301
SYN_102656,Hail Microbus ,31.121360,29.840216
SYN_102657,Hail Microbus ,31.121105,29.838137
SYN_102658,Hail Microbus ,31.120586,29.836129
SYN_102659,Hail Microbus ,31.119815,29.834241
SYN_102660,Hail Microbus ,31.118885,29.832482
SYN_102661,Hail Microbus ,31.117481,29.831180
SYN_102662,Hail Microbus ,31.115987,29.830010
SYN_102663,Hail Microbus ,31.114493,29.828841
SYN_102664,Hail Microbus ,31.112999,29.827671
SYN_102665,Hail Microbus ,31.111775,29.826233
SYN_102666,Hail Microbus ,31.112615,29.824531
SYN_102667,Hail Microbus ,31.113941,29.823116
SYN_102668,Hail Microbus ,31.115303,29.821744
SYN_102669,Hail Microbus ,31.116665,29.820372
SYN_102670,Hail Microbus ,31.118022,29.818992
SYN_102671,Hail Microbus ,31.119382,29.817619
SYN_102672,Hail Microbus ,31.120755,29.816267
SYN_102673,Hail Microbus ,31.122076,29.814841
SYN_102674,Hail Microbus ,31.123374,29.813387
SYN_102675,Hail Microbus ,31.124815,29.812136
SYN_102676,Hail Microbus ,31.126146,29.810886
SYN_102677,Hail Microbus ,31.127314,29.812484
SYN_102678,Hail Microbus ,31.128446,29.814116
SYN_102679,Hail Microbus ,31.127893,29.812997
SYN_102680,Hail Microbus ,31.126719,29.811408
SYN_102681,Hail Microbus ,31.125601,29.809763
SYN_102682,Hail Microbus ,31.124385,29.808217
SYN_102683,Hail Microbus ,31.123108,29.806738
SYN_102684,Hail Microbus ,31.121939,29.805143
SYN_102685,Hail Microbus ,31.120907,29.803423
SYN_102686,Hail Microbus ,31.119894,29.801687
SYN_102687,Hail Microbus ,31.118790,29.800029
SYN_102688,Hail Microbus ,31.117870,29.798241
SYN_102689,Hail Microbus ,31.116790,29.796574
SYN_102690,Hail Microbus ,31.115485,29.795129
SYN_102691,Hail Microbus ,31.114245,29.793608
SYN_102692,Hail Microbus ,31.113036,29.792053
SYN_102693,Hail Microbus ,31.111881,29.790443
SYN_102694,Hail Microbus ,31.110768,29.788794
SYN_102695,Hail Microbus ,31.109693,29.787109
SYN_102696,Hail Microbus ,31.108618,29.785425
SYN_102697,Hail Microbus ,31.107541,29.783743
SYN_102698,Hail Microbus ,31.106449,29.782073
SYN_102699,Hail Microbus ,31.105320,29.780438
SYN_102700,Hail Microbus ,31.104164,29.778829
SYN_102701,Hail Microbus ,31.102891,29.777346
SYN_102702,Hail Microbus ,31.101827,29.775657
SYN_102703,Hail Microbus ,31.100876,29.773874
SYN_102704,Hail Microbus ,31.099726,29.772261
SYN_102705,Hail Microbus ,31.241114,29.996205
SYN_102706,Hail Microbus ,31.241027,29.994104
SYN_102707,Hail Microbus ,31.241179,29.992153
SYN_102708,Hail Microbus ,31.239618,29.992574
SYN_102709,Hail Microbus ,31.237823,29.992695
SYN_102710,Hail Microbus ,31.236027,29.992823
SYN_102711,Hail Microbus ,31.234233,29.992959
SYN_102712,Hail Microbus ,31.232437,29.993093
SYN_102713,Hail Microbus ,31.230642,29.993212
SYN_102714,Hail Microbus ,31.228846,29.993331
SYN_102715,Hail Microbus ,31.227050,29.993450
SYN_102716,Hail Microbus ,31.225254,29.993568
SYN_102717,Hail Microbus ,31.223458,29.993648
SYN_102718,Hail Microbus ,31.221661,29.993595
SYN_102719,Hail Microbus ,31.219867,29.993757
SYN_102720,Hail Microbus ,31.218075,29.993924
SYN_102721,Hail Microbus ,31.216281,29.994084
SYN_102722,Hail Microbus ,31.214501,29.993818
SYN_102723,Hail Microbus ,31.212718,29.993576
SYN_102724,Hail Microbus ,31.210930,29.993795
SYN_102725,Hail Microbus ,31.209156,29.994135
SYN_102726,Hail Microbus ,31.207366,29.994334
SYN_102727,Hail Microbus ,31.205571,29.994462
SYN_102728,Hail Microbus ,31.203775,29.994567
SYN_102729,Hail Microbus ,31.201976,29.994563
SYN_102730,Hail Microbus ,31.200178,29.994615
SYN_102731,Hail Microbus ,31.198380,29.994602
SYN_102732,Hail Microbus ,31.196582,29.994626
SYN_102733,Hail Microbus ,31.194784,29.994685
SYN_102734,Hail Microbus ,31.192986,29.994743
SYN_102735,Hail Microbus ,31.191189,29.994814
SYN_102736,Hail Microbus ,31.189390,29.994859
SYN_102737,Hail Microbus ,31.187728,29.995581
SYN_102738,Hail Microbus ,31.186061,29.996257
SYN_102739,Hail Microbus ,31.184360,29.995682
SYN_102740,Hail Microbus ,31.183027,29.994275
SYN_102741,Hail Microbus ,31.181741,29.992804
SYN_102742,Hail Microbus ,31.180454,29.991337
SYN_102743,Hail Microbus ,31.179174,29.989860
SYN_102744,Hail Microbus ,31.177894,29.988383
SYN_102745,Hail Microbus ,31.176874,29.986664
SYN_102746,Hail Microbus ,31.176078,29.984778
SYN_102747,Hail Microbus ,31.175286,29.982891
SYN_102748,Hail Microbus ,31.174734,29.980904
SYN_102749,Hail Microbus ,31.174954,29.978840
SYN_102750,Hail Microbus ,31.175911,29.977070
SYN_102751,Hail Microbus ,31.176991,29.975389
SYN_102752,Hail Microbus ,31.177957,29.973620
SYN_102753,Hail Microbus ,31.178928,29.971855
SYN_102754,Hail Microbus ,31.179997,29.970165
SYN_102755,Hail Microbus ,31.181066,29.968474
SYN_102756,Hail Microbus ,31.182117,29.966769
SYN_102757,Hail Microbus ,31.182547,29.964765
SYN_102758,Hail Microbus ,31.181988,29.962786
SYN_102759,Hail Microbus ,31.181167,29.960916
SYN_102760,Hail Microbus ,31.180333,29.959053
SYN_102761,Hail Microbus ,31.179482,29.957202
SYN_102762,Hail Microbus ,31.178675,29.955323
SYN_102763,Hail Microbus ,31.177896,29.953428
SYN_102764,Hail Microbus ,31.177031,29.951585
SYN_102765,Hail Microbus ,31.176191,29.949726
SYN_102766,Hail Microbus ,31.175302,29.947899
SYN_102767,Hail Microbus ,31.174449,29.946049
SYN_102768,Hail Microbus ,31.173568,29.944221
SYN_102769,Hail Microbus ,31.172329,29.942707
SYN_102770,Hail Microbus ,31.170985,29.941310
SYN_102771,Hail Microbus ,31.169705,29.939837
SYN_102772,Hail Microbus ,31.168482,29.938300
SYN_102773,Hail Microbus ,31.167069,29.937000
SYN_102774,Hail Microbus ,31.167958,29.935639
SYN_102775,Hail Microbus ,31.169578,29.934727
SYN_102776,Hail Microbus ,31.171193,29.933800
SYN_102777,Hail Microbus ,31.172812,29.932884
SYN_102778,Hail Microbus ,31.174434,29.931975
SYN_102779,Hail Microbus ,31.176056,29.931067
SYN_102780,Hail Microbus ,31.177662,29.930125
SYN_102781,Hail Microbus ,31.179284,29.929216
SYN_102782,Hail Microbus ,31.180905,29.928304
SYN_102783,Hail Microbus ,31.182508,29.927353
SYN_102784,Hail Microbus ,31.184132,29.926450
SYN_102785,Hail Microbus ,31.185766,29.925572
SYN_102786,Hail Microbus ,31.187401,29.924694
SYN_102787,Hail Microbus ,31.189043,29.923841
SYN_102788,Hail Microbus ,31.190818,29.923813
SYN_102789,Hail Microbus ,31.192531,29.923602
SYN_102790,Hail Microbus ,31.194047,29.922471
SYN_102791,Hail Microbus ,31.195295,29.921012
SYN_102792,Hail Microbus ,31.196117,29.919142
SYN_102793,Hail Microbus ,31.197293,29.917607
SYN_102794,Hail Microbus ,31.198841,29.916587
SYN_102795,Hail Microbus ,31.200629,29.916480
SYN_102796,Hail Microbus ,31.200737,29.916131
SYN_102797,Hail Microbus ,31.198951,29.916181
SYN_102798,Hail Microbus ,31.197259,29.915495
SYN_102799,Hail Microbus ,31.196524,29.913646
SYN_102800,Hail Microbus ,31.195881,29.911682
SYN_102801,Hail Microbus ,31.195199,29.909737
SYN_102802,Hail Microbus ,31.194486,29.907807
SYN_102803,Hail Microbus ,31.193772,29.905877
SYN_102804,Hail Microbus ,31.193302,29.904010
SYN_102805,Hail Microbus ,31.192600,29.903186
SYN_102806,Hail Microbus ,31.179733,29.913931
SYN_102807,Hail Microbus ,31.180729,29.915004
SYN_102808,Hail Microbus ,31.181635,29.916814
SYN_102809,Hail Microbus ,31.182577,29.918600
SYN_102810,Hail Microbus ,31.183379,29.920479
SYN_102811,Hail Microbus ,31.184186,29.922359
SYN_102812,Hail Microbus ,31.185011,29.924227
SYN_102813,Hail Microbus ,31.185027,29.925755
SYN_102814,Hail Microbus ,31.183441,29.926713
SYN_102815,Hail Microbus ,31.181776,29.927464
SYN_102816,Hail Microbus ,31.180330,29.927865
SYN_102817,Hail Microbus ,31.181444,29.929143
SYN_102818,Hail Microbus ,31.182417,29.927504
SYN_102819,Hail Microbus ,31.184002,29.926527
SYN_102820,Hail Microbus ,31.185634,29.925643
SYN_102821,Hail Microbus ,31.187268,29.924765
SYN_102822,Hail Microbus ,31.188905,29.923894
SYN_102823,Hail Microbus ,31.190675,29.923785
SYN_102824,Hail Microbus ,31.192404,29.923685
SYN_102825,Hail Microbus ,31.193925,29.922563
SYN_102826,Hail Microbus ,31.195230,29.921164
SYN_102827,Hail Microbus ,31.196045,29.919290
SYN_102828,Hail Microbus ,31.197103,29.917635
SYN_102829,Hail Microbus ,31.198646,29.916571
SYN_102830,Hail Microbus ,31.200430,29.916464
SYN_102831,Hail Microbus ,31.200921,29.916080
SYN_102832,Hail Microbus ,31.199139,29.916203
SYN_102833,Hail Microbus ,31.197439,29.915562
SYN_102834,Hail Microbus ,31.196591,29.913853
SYN_102835,Hail Microbus ,31.195949,29.911889
SYN_102836,Hail Microbus ,31.195274,29.909940
SYN_102837,Hail Microbus ,31.194561,29.908010
SYN_102838,Hail Microbus ,31.193847,29.906080
SYN_102839,Hail Microbus ,31.193177,29.904140
SYN_102840,Hail Microbus ,31.192775,29.903103
SYN_102841,Hail Microbus ,31.269125,30.004280
SYN_102842,Hail Microbus ,31.267753,30.002920
SYN_102843,Hail Microbus ,31.266895,30.001364
SYN_102844,Hail Microbus ,31.268031,29.999826
SYN_102845,Hail Microbus ,31.266876,29.999437
SYN_102846,Hail Microbus ,31.265661,29.997904
SYN_102847,Hail Microbus ,31.264476,29.996323
SYN_102848,Hail Microbus ,31.263291,29.994740
SYN_102849,Hail Microbus ,31.262203,29.993081
SYN_102850,Hail Microbus ,31.260985,29.991542
SYN_102851,Hail Microbus ,31.259843,29.989917
SYN_102852,Hail Microbus ,31.258626,29.988368
SYN_102853,Hail Microbus ,31.257441,29.986785
SYN_102854,Hail Microbus ,31.256281,29.985177
SYN_102855,Hail Microbus ,31.254776,29.984237
SYN_102856,Hail Microbus ,31.253036,29.983816
SYN_102857,Hail Microbus ,31.251570,29.982671
SYN_102858,Hail Microbus ,31.250243,29.981251
SYN_102859,Hail Microbus ,31.248857,29.979953
SYN_102860,Hail Microbus ,31.247705,29.978344
SYN_102861,Hail Microbus ,31.246720,29.976587
SYN_102862,Hail Microbus ,31.245950,29.974686
SYN_102863,Hail Microbus ,31.245161,29.972796
SYN_102864,Hail Microbus ,31.244130,29.971078
SYN_102865,Hail Microbus ,31.243013,29.969429
SYN_102866,Hail Microbus ,31.241862,29.967813
SYN_102867,Hail Microbus ,31.240712,29.966201
SYN_102868,Hail Microbus ,31.239764,29.964420
SYN_102869,Hail Microbus ,31.238624,29.962794
SYN_102870,Hail Microbus ,31.237270,29.961436
SYN_102871,Hail Microbus ,31.235837,29.960166
SYN_102872,Hail Microbus ,31.234444,29.958835
SYN_102873,Hail Microbus ,31.233045,29.957513
SYN_102874,Hail Microbus ,31.231659,29.956173
SYN_102875,Hail Microbus ,31.230317,29.954774
SYN_102876,Hail Microbus ,31.229041,29.953292
SYN_102877,Hail Microbus ,31.227868,29.951704
SYN_102878,Hail Microbus ,31.226791,29.950020
SYN_102879,Hail Microbus ,31.225714,29.948335
SYN_102880,Hail Microbus ,31.224468,29.946844
SYN_102881,Hail Microbus ,31.223012,29.945610
SYN_102882,Hail Microbus ,31.221684,29.944191
SYN_102883,Hail Microbus ,31.220361,29.942767
SYN_102884,Hail Microbus ,31.219053,29.941324
SYN_102885,Hail Microbus ,31.217754,29.939868
SYN_102886,Hail Microbus ,31.216453,29.938416
SYN_102887,Hail Microbus ,31.215117,29.937008
SYN_102888,Hail Microbus ,31.213781,29.935600
SYN_102889,Hail Microbus ,31.212445,29.934192
SYN_102890,Hail Microbus ,31.211109,29.932784
SYN_102891,Hail Microbus ,31.209774,29.931374
SYN_102892,Hail Microbus ,31.208446,29.929956
SYN_102893,Hail Microbus ,31.207277,29.928386
SYN_102894,Hail Microbus ,31.206238,29.926671
SYN_102895,Hail Microbus ,31.205420,29.924799
SYN_102896,Hail Microbus ,31.204649,29.922899
SYN_102897,Hail Microbus ,31.203884,29.920996
SYN_102898,Hail Microbus ,31.203120,29.919092
SYN_102899,Hail Microbus ,31.202396,29.917167
SYN_102900,Hail Microbus ,31.201676,29.915244
SYN_102901,Hail Microbus ,31.201170,29.915037
SYN_102902,Hail Microbus ,31.200451,29.916212
SYN_102903,Hail Microbus ,31.198665,29.916111
SYN_102904,Hail Microbus ,31.197061,29.915288
SYN_102905,Hail Microbus ,31.196418,29.913324
SYN_102906,Hail Microbus ,31.195776,29.911360
SYN_102907,Hail Microbus ,31.195082,29.909421
SYN_102908,Hail Microbus ,31.194368,29.907491
SYN_102909,Hail Microbus ,31.193654,29.905561
SYN_102910,Hail Microbus ,31.202232,29.877732
SYN_102911,Hail Microbus ,31.202357,29.879731
SYN_102912,Hail Microbus ,31.201058,29.881185
SYN_102913,Hail Microbus ,31.199666,29.881174
SYN_102914,Hail Microbus ,31.198391,29.882651
SYN_102915,Hail Microbus ,31.196853,29.883737
SYN_102916,Hail Microbus ,31.195233,29.884585
SYN_102917,Hail Microbus ,31.193512,29.885185
SYN_102918,Hail Microbus ,31.191759,29.885455
SYN_102919,Hail Microbus ,31.190462,29.885939
SYN_102920,Hail Microbus ,31.188900,29.886233
SYN_102921,Hail Microbus ,31.188342,29.888231
SYN_102922,Hail Microbus ,31.188724,29.890178
SYN_102923,Hail Microbus ,31.189508,29.892071
SYN_102924,Hail Microbus ,31.190259,29.893980
SYN_102925,Hail Microbus ,31.191066,29.895855
SYN_102926,Hail Microbus ,31.191778,29.897785
SYN_102927,Hail Microbus ,31.192509,29.899706
SYN_102928,Hail Microbus ,31.192156,29.901168
SYN_102929,Hail Microbus ,31.219527,29.944477
SYN_102930,Hail Microbus ,31.218518,29.946112
SYN_102931,Hail Microbus ,31.216912,29.946179
SYN_102932,Hail Microbus ,31.215192,29.945567
SYN_102933,Hail Microbus ,31.213968,29.945895
SYN_102934,Hail Microbus ,31.212335,29.946744
SYN_102935,Hail Microbus ,31.210691,29.947592
SYN_102936,Hail Microbus ,31.208917,29.947711
SYN_102937,Hail Microbus ,31.207192,29.947460
SYN_102938,Hail Microbus ,31.205802,29.947438
SYN_102939,Hail Microbus ,31.204714,29.949109
SYN_102940,Hail Microbus ,31.204240,29.951121
SYN_102941,Hail Microbus ,31.203844,29.953172
SYN_102942,Hail Microbus ,31.202258,29.953146
SYN_102943,Hail Microbus ,31.200597,29.952387
SYN_102944,Hail Microbus ,31.199722,29.951689
SYN_102945,Hail Microbus ,31.198239,29.952751
SYN_102946,Hail Microbus ,31.196983,29.951944
SYN_102947,Hail Microbus ,31.196209,29.950047
SYN_102948,Hail Microbus ,31.195323,29.948217
SYN_102949,Hail Microbus ,31.194453,29.946377
SYN_102950,Hail Microbus ,31.193618,29.944515
SYN_102951,Hail Microbus ,31.192629,29.942768
SYN_102952,Hail Microbus ,31.191415,29.941217
SYN_102953,Hail Microbus ,31.190063,29.939831
SYN_102954,Hail Microbus ,31.188717,29.938440
SYN_102955,Hail Microbus ,31.187271,29.937190
SYN_102956,Hail Microbus ,31.185909,29.935819
SYN_102957,Hail Microbus ,31.184645,29.934324
SYN_102958,Hail Microbus ,31.183448,29.932757
SYN_102959,Hail Microbus ,31.182309,29.931131
SYN_102960,Hail Microbus ,31.181604,29.929200
SYN_102961,Hail Microbus ,31.180767,29.927348
SYN_102962,Hail Microbus ,31.179709,29.925649
SYN_102963,Hail Microbus ,31.178892,29.923777
SYN_102964,Hail Microbus ,31.178144,29.921866
SYN_102965,Hail Microbus ,31.177384,29.919961
SYN_102966,Hail Microbus ,31.176613,29.918062
SYN_102967,Hail Microbus ,31.176007,29.916206
SYN_102968,Hail Microbus ,31.319511,30.062568
SYN_102969,Hail Microbus ,31.318800,30.063935
SYN_102970,Hail Microbus ,31.318563,30.066016
SYN_102971,Hail Microbus ,31.316838,30.066553
SYN_102972,Hail Microbus ,31.316215,30.067863
SYN_102973,Hail Microbus ,31.316066,30.069574
SYN_102974,Hail Microbus ,31.314268,30.069607
SYN_102975,Hail Microbus ,31.312469,30.069641
SYN_102976,Hail Microbus ,31.310761,30.070225
SYN_102977,Hail Microbus ,31.309151,30.071164
SYN_102978,Hail Microbus ,31.307525,30.072064
SYN_102979,Hail Microbus ,31.305983,30.071717
SYN_102980,Hail Microbus ,31.304774,30.070319
SYN_102981,Hail Microbus ,31.303083,30.069689
SYN_102982,Hail Microbus ,31.301464,30.070580
SYN_102983,Hail Microbus ,31.299881,30.071577
SYN_102984,Hail Microbus ,31.298582,30.070827
SYN_102985,Hail Microbus ,31.297739,30.068967
SYN_102986,Hail Microbus ,31.296367,30.067681
SYN_102987,Hail Microbus ,31.294669,30.067031
SYN_102988,Hail Microbus ,31.292893,30.067197
SYN_102989,Hail Microbus ,31.291239,30.068020
SYN_102990,Hail Microbus ,31.289602,30.068892
SYN_102991,Hail Microbus ,31.287986,30.069816
SYN_102992,Hail Microbus ,31.286358,30.070711
SYN_102993,Hail Microbus ,31.284685,30.071478
SYN_102994,Hail Microbus ,31.282917,30.071845
SYN_102995,Hail Microbus ,31.281124,30.071780
SYN_102996,Hail Microbus ,31.279371,30.071321
SYN_102997,Hail Microbus ,31.277656,30.070687
SYN_102998,Hail Microbus ,31.275923,30.070141
SYN_102999,Hail Microbus ,31.274129,30.070034
SYN_103000,Hail Microbus ,31.272332,30.070117
SYN_103001,Hail Microbus ,31.270534,30.070169
SYN_103002,Hail Microbus ,31.268737,30.070245
SYN_103003,Hail Microbus ,31.266939,30.070322
SYN_103004,Hail Microbus ,31.265145,30.070463
SYN_103005,Hail Microbus ,31.263350,30.070598
SYN_103006,Hail Microbus ,31.261620,30.071112
SYN_103007,Hail Microbus ,31.260002,30.072010
SYN_103008,Hail Microbus ,31.258219,30.072081
SYN_103009,Hail Microbus ,31.256497,30.071476
SYN_103010,Hail Microbus ,31.254786,30.070830
SYN_103011,Hail Microbus ,31.253069,30.070201
SYN_103012,Hail Microbus ,31.251353,30.069572
SYN_103013,Hail Microbus ,31.249638,30.068936
SYN_103014,Hail Microbus ,31.247927,30.068290
SYN_103015,Hail Microbus ,31.246215,30.067644
SYN_103016,Hail Microbus ,31.244502,30.067002
SYN_103017,Hail Microbus ,31.242785,30.066376
SYN_103018,Hail Microbus ,31.241070,30.065742
SYN_103019,Hail Microbus ,31.239356,30.065104
SYN_103020,Hail Microbus ,31.237642,30.064465
SYN_103021,Hail Microbus ,31.235929,30.063825
SYN_103022,Hail Microbus ,31.234216,30.063182
SYN_103023,Hail Microbus ,31.232504,30.062539
SYN_103024,Hail Microbus ,31.230792,30.061895
SYN_103025,Hail Microbus ,31.229079,30.061252
SYN_103026,Hail Microbus ,31.227367,30.060609
SYN_103027,Hail Microbus ,31.225654,30.059966
SYN_103028,Hail Microbus ,31.223942,30.059322
SYN_103029,Hail Microbus ,31.222229,30.058679
SYN_103030,Hail Microbus ,31.220517,30.058036
SYN_103031,Hail Microbus ,31.218804,30.057393
SYN_103032,Hail Microbus ,31.217092,30.056749
SYN_103033,Hail Microbus ,31.215379,30.056106
SYN_103034,Hail Microbus ,31.213667,30.055463
SYN_103035,Hail Microbus ,31.211954,30.054820
SYN_103036,Hail Microbus ,31.210229,30.054225
SYN_103037,Hail Microbus ,31.208507,30.053620
SYN_103038,Hail Microbus ,31.206835,30.052853
SYN_103039,Hail Microbus ,31.205336,30.051697
SYN_103040,Hail Microbus ,31.204121,30.050155
SYN_103041,Hail Microbus ,31.203215,30.048341
SYN_103042,Hail Microbus ,31.202142,30.046663
SYN_103043,Hail Microbus ,31.200730,30.045369
SYN_103044,Hail Microbus ,31.199064,30.044603
SYN_103045,Hail Microbus ,31.197283,30.044339
SYN_103046,Hail Microbus ,31.196601,30.042881
SYN_103047,Hail Microbus ,31.196879,30.040819
SYN_103048,Hail Microbus ,31.197461,30.038839
SYN_103049,Hail Microbus ,31.196640,30.038812
SYN_103050,Hail Microbus ,31.197371,30.036891
SYN_103051,Hail Microbus ,31.198138,30.034989
SYN_103052,Hail Microbus ,31.197154,30.033813
SYN_103053,Hail Microbus ,31.196346,30.032534
SYN_103054,Hail Microbus ,31.197146,30.030650
SYN_103055,Hail Microbus ,31.197942,30.028765
SYN_103056,Hail Microbus ,31.198735,30.026877
SYN_103057,Hail Microbus ,31.199528,30.024990
SYN_103058,Hail Microbus ,31.200321,30.023102
SYN_103059,Hail Microbus ,31.201114,30.021215
SYN_103060,Hail Microbus ,31.201899,30.019323
SYN_103061,Hail Microbus ,31.202561,30.017369
SYN_103062,Hail Microbus ,31.203041,30.015344
SYN_103063,Hail Microbus ,31.203350,30.013273
SYN_103064,Hail Microbus ,31.203479,30.011177
SYN_103065,Hail Microbus ,31.203507,30.009075
SYN_103066,Hail Microbus ,31.203528,30.006972
SYN_103067,Hail Microbus ,31.203549,30.004869
SYN_103068,Hail Microbus ,31.203570,30.002766
SYN_103069,Hail Microbus ,31.203591,30.000664
SYN_103070,Hail Microbus ,31.203616,29.998561
SYN_103071,Hail Microbus ,31.203672,29.996459
SYN_103072,Hail Microbus ,31.203666,29.994357
SYN_103073,Hail Microbus ,31.203690,29.992254
SYN_103074,Hail Microbus ,31.203714,29.990152
SYN_103075,Hail Microbus ,31.203752,29.988049
SYN_103076,Hail Microbus ,31.203796,29.985947
SYN_103077,Hail Microbus ,31.203816,29.983844
SYN_103078,Hail Microbus ,31.203836,29.981741
SYN_103079,Hail Microbus ,31.203857,29.979639
SYN_103080,Hail Microbus ,31.203882,29.977536
SYN_103081,Hail Microbus ,31.203911,29.975434
SYN_103082,Hail Microbus ,31.203902,29.973331
SYN_103083,Hail Microbus ,31.204032,29.971236
SYN_103084,Hail Microbus ,31.204012,29.969135
SYN_103085,Hail Microbus ,31.203897,29.967046
SYN_103086,Hail Microbus ,31.203181,29.965118
SYN_103087,Hail Microbus ,31.202429,29.963208
SYN_103088,Hail Microbus ,31.201631,29.961324
SYN_103089,Hail Microbus ,31.200803,29.959457
SYN_103090,Hail Microbus ,31.199979,29.957590
SYN_103091,Hail Microbus ,31.199068,29.955778
SYN_103092,Hail Microbus ,31.198012,29.954078
SYN_103093,Hail Microbus ,31.197109,29.952274
SYN_103094,Hail Microbus ,31.196359,29.950363
SYN_103095,Hail Microbus ,31.195474,29.948533
SYN_103096,Hail Microbus ,31.194597,29.946698
SYN_103097,Hail Microbus ,31.193761,29.944835
SYN_103098,Hail Microbus ,31.192830,29.943043
SYN_103099,Hail Microbus ,31.191632,29.941476
SYN_103100,Hail Microbus ,31.190297,29.940068
SYN_103101,Hail Microbus ,31.188962,29.938660
SYN_103102,Hail Microbus ,31.187518,29.937407
SYN_103103,Hail Microbus ,31.186130,29.936074
SYN_103104,Hail Microbus ,31.184860,29.934585
SYN_103105,Hail Microbus ,31.183647,29.933035
SYN_103106,Hail Microbus ,31.182566,29.931365
SYN_103107,Hail Microbus ,31.181780,29.929484
SYN_103108,Hail Microbus ,31.182054,29.927621
SYN_103109,Hail Microbus ,31.183676,29.926723
SYN_103110,Hail Microbus ,31.185301,29.925822
SYN_103111,Hail Microbus ,31.186935,29.924944
SYN_103112,Hail Microbus ,31.188570,29.924066
SYN_103113,Hail Microbus ,31.190313,29.923714
SYN_103114,Hail Microbus ,31.192079,29.923881
SYN_103115,Hail Microbus ,31.193616,29.922795
SYN_103116,Hail Microbus ,31.195041,29.921530
SYN_103117,Hail Microbus ,31.195870,29.919667
SYN_103118,Hail Microbus ,31.196812,29.917895
SYN_103119,Hail Microbus ,31.198309,29.916740
SYN_103120,Hail Microbus ,31.200066,29.916505
SYN_103121,Hail Microbus ,31.201279,29.915985
SYN_103122,Hail Microbus ,31.199506,29.916228
SYN_103123,Hail Microbus ,31.197789,29.915691
SYN_103124,Hail Microbus ,31.196723,29.914254
SYN_103125,Hail Microbus ,31.196080,29.912290
SYN_103126,Hail Microbus ,31.195420,29.910334
SYN_103127,Hail Microbus ,31.194706,29.908404
SYN_103128,Hail Microbus ,31.193993,29.906474
SYN_103129,Hail Microbus ,31.193279,29.904544
SYN_103130,Hail Microbus ,31.193126,29.902993
SYN_103131,Hail Microbus ,31.019447,29.794755
SYN_103132,Hail Microbus ,31.021083,29.793939
SYN_103133,Hail Microbus ,31.022800,29.793314
SYN_103134,Hail Microbus ,31.024505,29.792649
SYN_103135,Hail Microbus ,31.026085,29.791656
SYN_103136,Hail Microbus ,31.027481,29.790336
SYN_103137,Hail Microbus ,31.028829,29.788947
SYN_103138,Hail Microbus ,31.030152,29.787526
SYN_103139,Hail Microbus ,31.031493,29.786126
SYN_103140,Hail Microbus ,31.032831,29.784724
SYN_103141,Hail Microbus ,31.034309,29.783537
SYN_103142,Hail Microbus ,31.035991,29.782812
SYN_103143,Hail Microbus ,31.037770,29.782507
SYN_103144,Hail Microbus ,31.039562,29.782325
SYN_103145,Hail Microbus ,31.041358,29.782226
SYN_103146,Hail Microbus ,31.043139,29.782423
SYN_103147,Hail Microbus ,31.044724,29.783387
SYN_103148,Hail Microbus ,31.045846,29.785004
SYN_103149,Hail Microbus ,31.046734,29.786830
SYN_103150,Hail Microbus ,31.047621,29.788657
SYN_103151,Hail Microbus ,31.048507,29.790484
SYN_103152,Hail Microbus ,31.049381,29.792318
SYN_103153,Hail Microbus ,31.050256,29.794153
SYN_103154,Hail Microbus ,31.051130,29.795988
SYN_103155,Hail Microbus ,31.052005,29.797822
SYN_103156,Hail Microbus ,31.052901,29.799642
SYN_103157,Hail Microbus ,31.053944,29.801351
SYN_103158,Hail Microbus ,31.055111,29.802946
SYN_103159,Hail Microbus ,31.056370,29.804446
SYN_103160,Hail Microbus ,31.057615,29.805961
SYN_103161,Hail Microbus ,31.058862,29.807474
SYN_103162,Hail Microbus ,31.060071,29.809029
SYN_103163,Hail Microbus ,31.061279,29.810584
SYN_103164,Hail Microbus ,31.062509,29.812116
SYN_103165,Hail Microbus ,31.063592,29.813790
SYN_103166,Hail Microbus ,31.064538,29.815576
SYN_103167,Hail Microbus ,31.065456,29.817381
SYN_103168,Hail Microbus ,31.066374,29.819187
SYN_103169,Hail Microbus ,31.067308,29.820981
SYN_103170,Hail Microbus ,31.068224,29.822789
SYN_103171,Hail Microbus ,31.069139,29.824597
SYN_103172,Hail Microbus ,31.070054,29.826404
SYN_103173,Hail Microbus ,31.070970,29.828212
SYN_103174,Hail Microbus ,31.071885,29.830020
SYN_103175,Hail Microbus ,31.072800,29.831827
SYN_103176,Hail Microbus ,31.073712,29.833637
SYN_103177,Hail Microbus ,31.074617,29.835452
SYN_103178,Hail Microbus ,31.075522,29.837267
SYN_103179,Hail Microbus ,31.076478,29.839045
SYN_103180,Hail Microbus ,31.077613,29.840673
SYN_103181,Hail Microbus ,31.078873,29.842168
SYN_103182,Hail Microbus ,31.080133,29.843667
SYN_103183,Hail Microbus ,31.081406,29.845150
SYN_103184,Hail Microbus ,31.082715,29.846589
SYN_103185,Hail Microbus ,31.083994,29.848066
SYN_103186,Hail Microbus ,31.085269,29.849548
SYN_103187,Hail Microbus ,31.086599,29.850958
SYN_103188,Hail Microbus ,31.088172,29.851967
SYN_103189,Hail Microbus ,31.089888,29.852592
SYN_103190,Hail Microbus ,31.091617,29.853170
SYN_103191,Hail Microbus ,31.093351,29.853731
SYN_103192,Hail Microbus ,31.095084,29.854292
SYN_103193,Hail Microbus ,31.096809,29.854887
SYN_103194,Hail Microbus ,31.098439,29.855754
SYN_103195,Hail Microbus ,31.099774,29.857146
SYN_103196,Hail Microbus ,31.100870,29.858812
SYN_103197,Hail Microbus ,31.101966,29.860478
SYN_103198,Hail Microbus ,31.103043,29.862160
SYN_103199,Hail Microbus ,31.104071,29.863884
SYN_103200,Hail Microbus ,31.104910,29.865737
SYN_103201,Hail Microbus ,31.105531,29.867709
SYN_103202,Hail Microbus ,31.106160,29.869677
SYN_103203,Hail Microbus ,31.106808,29.871636
SYN_103204,Hail Microbus ,31.107434,29.873606
SYN_103205,Hail Microbus ,31.108119,29.875545
SYN_103206,Hail Microbus ,31.109102,29.877300
SYN_103207,Hail Microbus ,31.110304,29.878858
SYN_103208,Hail Microbus ,31.111586,29.880332
SYN_103209,Hail Microbus ,31.112867,29.881807
SYN_103210,Hail Microbus ,31.114148,29.883281
SYN_103211,Hail Microbus ,31.115495,29.884671
SYN_103212,Hail Microbus ,31.116768,29.886155
SYN_103213,Hail Microbus ,31.118041,29.887639
SYN_103214,Hail Microbus ,31.119314,29.889123
SYN_103215,Hail Microbus ,31.120554,29.890645
SYN_103216,Hail Microbus ,31.121757,29.892206
SYN_103217,Hail Microbus ,31.123105,29.893584
SYN_103218,Hail Microbus ,31.124683,29.894590
SYN_103219,Hail Microbus ,31.126285,29.895543
SYN_103220,Hail Microbus ,31.127740,29.896765
SYN_103221,Hail Microbus ,31.129092,29.898151
SYN_103222,Hail Microbus ,31.130445,29.899536
SYN_103223,Hail Microbus ,31.131797,29.900921
SYN_103224,Hail Microbus ,31.133149,29.902307
SYN_103225,Hail Microbus ,31.134502,29.903692
SYN_103226,Hail Microbus ,31.135854,29.905078
SYN_103227,Hail Microbus ,31.137207,29.906463
SYN_103228,Hail Microbus ,31.138559,29.907849
SYN_103229,Hail Microbus ,31.139911,29.909234
SYN_103230,Hail Microbus ,31.141264,29.910619
SYN_103231,Hail Microbus ,31.142616,29.912005
SYN_103232,Hail Microbus ,31.143968,29.913390
SYN_103233,Hail Microbus ,31.145321,29.914776
SYN_103234,Hail Microbus ,31.146673,29.916161
SYN_103235,Hail Microbus ,31.148021,29.917553
SYN_103236,Hail Microbus ,31.149347,29.918973
SYN_103237,Hail Microbus ,31.150697,29.920359
SYN_103238,Hail Microbus ,31.152075,29.921710
SYN_103239,Hail Microbus ,31.153423,29.923102
SYN_103240,Hail Microbus ,31.154736,29.924537
SYN_103241,Hail Microbus ,31.156090,29.925921
SYN_103242,Hail Microbus ,31.157443,29.927306
SYN_103243,Hail Microbus ,31.158789,29.928700
SYN_103244,Hail Microbus ,31.160123,29.930109
SYN_103245,Hail Microbus ,31.161463,29.931511
SYN_103246,Hail Microbus ,31.162844,29.932858
SYN_103247,Hail Microbus ,31.164187,29.934256
SYN_103248,Hail Microbus ,31.165529,29.935655
SYN_103249,Hail Microbus ,31.167060,29.936138
SYN_103250,Hail Microbus ,31.168684,29.935235
SYN_103251,Hail Microbus ,31.170300,29.934313
SYN_103252,Hail Microbus ,31.171915,29.933387
SYN_103253,Hail Microbus ,31.173537,29.932478
SYN_103254,Hail Microbus ,31.175159,29.931569
SYN_103255,Hail Microbus ,31.176781,29.930660
SYN_103256,Hail Microbus ,31.178387,29.929718
SYN_103257,Hail Microbus ,31.180009,29.928809
SYN_103258,Hail Microbus ,31.181617,29.927868
SYN_103259,Hail Microbus ,31.183239,29.926960
SYN_103260,Hail Microbus ,31.184863,29.926057
SYN_103261,Hail Microbus ,31.186497,29.925179
SYN_103262,Hail Microbus ,31.188131,29.924302
SYN_103263,Hail Microbus ,31.189832,29.923685
SYN_103264,Hail Microbus ,31.191611,29.923967
SYN_103265,Hail Microbus ,31.193211,29.923100
SYN_103266,Hail Microbus ,31.194707,29.921934
SYN_103267,Hail Microbus ,31.195654,29.920171
SYN_103268,Hail Microbus ,31.196499,29.918315
SYN_103269,Hail Microbus ,31.197887,29.917009
SYN_103270,Hail Microbus ,31.199548,29.916392
SYN_103271,Hail Microbus ,31.201323,29.916152
SYN_103272,Hail Microbus ,31.203026,29.915483
SYN_103273,Hail Microbus ,31.204712,29.914751
SYN_103274,Hail Microbus ,31.206393,29.914005
SYN_103275,Hail Microbus ,31.207177,29.913506
SYN_103276,Hail Microbus ,31.205503,29.914274
SYN_103277,Hail Microbus ,31.203813,29.914960
SYN_103278,Hail Microbus ,31.202122,29.915651
SYN_103279,Hail Microbus ,31.200986,29.914216
SYN_103280,Hail Microbus ,31.200251,29.912297
SYN_103281,Hail Microbus ,31.199510,29.910381
SYN_103282,Hail Microbus ,31.198777,29.908461
SYN_103283,Hail Microbus ,31.198036,29.906545
SYN_103284,Hail Microbus ,31.197296,29.904628
SYN_103285,Hail Microbus ,31.196567,29.902706
SYN_103286,Hail Microbus ,31.195649,29.901322
SYN_103287,Hail Microbus ,31.193974,29.902087
SYN_103288,Hail Microbus ,31.201169,29.931781
SYN_103289,Hail Microbus ,31.200593,29.929797
SYN_103290,Hail Microbus ,31.200004,29.927813
SYN_103291,Hail Microbus ,31.199889,29.925722
SYN_103292,Hail Microbus ,31.199921,29.923620
SYN_103293,Hail Microbus ,31.199996,29.921519
SYN_103294,Hail Microbus ,31.200093,29.919419
SYN_103295,Hail Microbus ,31.199758,29.918337
SYN_103296,Hail Microbus ,31.198307,29.917102
SYN_103297,Hail Microbus ,31.197087,29.916045
SYN_103298,Hail Microbus ,31.196656,29.914052
SYN_103299,Hail Microbus ,31.196014,29.912088
SYN_103300,Hail Microbus ,31.195347,29.910135
SYN_103301,Hail Microbus ,31.194633,29.908205
SYN_103302,Hail Microbus ,31.193920,29.906275
SYN_103303,Hail Microbus ,31.193206,29.904345
SYN_103304,Hail Microbus ,31.192944,29.903024
SYN_103305,Hail Microbus ,31.077763,29.736110
SYN_103306,Hail Microbus ,31.077631,29.738205
SYN_103307,Hail Microbus ,31.077550,29.740303
SYN_103308,Hail Microbus ,31.077469,29.742400
SYN_103309,Hail Microbus ,31.077092,29.744446
SYN_103310,Hail Microbus ,31.076589,29.746463
SYN_103311,Hail Microbus ,31.076086,29.748479
SYN_103312,Hail Microbus ,31.075583,29.750495
SYN_103313,Hail Microbus ,31.075088,29.752514
SYN_103314,Hail Microbus ,31.074594,29.754533
SYN_103315,Hail Microbus ,31.074100,29.756552
SYN_103316,Hail Microbus ,31.073595,29.758568
SYN_103317,Hail Microbus ,31.072549,29.760240
SYN_103318,Hail Microbus ,31.071251,29.761694
SYN_103319,Hail Microbus ,31.069673,29.762655
SYN_103320,Hail Microbus ,31.067945,29.763236
SYN_103321,Hail Microbus ,31.066217,29.763820
SYN_103322,Hail Microbus ,31.064490,29.764406
SYN_103323,Hail Microbus ,31.062762,29.764991
SYN_103324,Hail Microbus ,31.062009,29.763824
SYN_103325,Hail Microbus ,31.063181,29.764885
SYN_103326,Hail Microbus ,31.063817,29.766849
SYN_103327,Hail Microbus ,31.064445,29.768816
SYN_103328,Hail Microbus ,31.065074,29.770784
SYN_103329,Hail Microbus ,31.065703,29.772751
SYN_103330,Hail Microbus ,31.066358,29.774706
SYN_103331,Hail Microbus ,31.067225,29.776543
SYN_103332,Hail Microbus ,31.068337,29.778191
SYN_103333,Hail Microbus ,31.069586,29.779702
SYN_103334,Hail Microbus ,31.070836,29.781212
SYN_103335,Hail Microbus ,31.072086,29.782722
SYN_103336,Hail Microbus ,31.073336,29.784232
SYN_103337,Hail Microbus ,31.074586,29.785742
SYN_103338,Hail Microbus ,31.075968,29.787021
SYN_103339,Hail Microbus ,31.077225,29.788523
SYN_103340,Hail Microbus ,31.078482,29.790025
SYN_103341,Hail Microbus ,31.079739,29.791528
SYN_103342,Hail Microbus ,31.080996,29.793030
SYN_103343,Hail Microbus ,31.082253,29.794532
SYN_103344,Hail Microbus ,31.083510,29.796034
SYN_103345,Hail Microbus ,31.084767,29.797536
SYN_103346,Hail Microbus ,31.086024,29.799038
SYN_103347,Hail Microbus ,31.087281,29.800540
SYN_103348,Hail Microbus ,31.088539,29.802042
SYN_103349,Hail Microbus ,31.089796,29.803545
SYN_103350,Hail Microbus ,31.091053,29.805047
SYN_103351,Hail Microbus ,31.092310,29.806549
SYN_103352,Hail Microbus ,31.093561,29.808057
SYN_103353,Hail Microbus ,31.094804,29.809576
SYN_103354,Hail Microbus ,31.096061,29.811078
SYN_103355,Hail Microbus ,31.097325,29.812572
SYN_103356,Hail Microbus ,31.098580,29.814077
SYN_103357,Hail Microbus ,31.099865,29.815547
SYN_103358,Hail Microbus ,31.101149,29.817017
SYN_103359,Hail Microbus ,31.102434,29.818487
SYN_103360,Hail Microbus ,31.103620,29.820033
SYN_103361,Hail Microbus ,31.104817,29.821562
SYN_103362,Hail Microbus ,31.106182,29.822930
SYN_103363,Hail Microbus ,31.107581,29.824250
SYN_103364,Hail Microbus ,31.109055,29.825452
SYN_103365,Hail Microbus ,31.110469,29.826744
SYN_103366,Hail Microbus ,31.111728,29.828244
SYN_103367,Hail Microbus ,31.112983,29.829749
SYN_103368,Hail Microbus ,31.114302,29.831172
SYN_103369,Hail Microbus ,31.115881,29.832158
SYN_103370,Hail Microbus ,31.117620,29.832688
SYN_103371,Hail Microbus ,31.119357,29.833230
SYN_103372,Hail Microbus ,31.120940,29.834212
SYN_103373,Hail Microbus ,31.122453,29.835350
SYN_103374,Hail Microbus ,31.123962,29.836492
SYN_103375,Hail Microbus ,31.125462,29.837651
SYN_103376,Hail Microbus ,31.126963,29.838810
SYN_103377,Hail Microbus ,31.128463,29.839968
SYN_103378,Hail Microbus ,31.129948,29.841153
SYN_103379,Hail Microbus ,31.131209,29.842643
SYN_103380,Hail Microbus ,31.132115,29.844452
SYN_103381,Hail Microbus ,31.132796,29.846396
SYN_103382,Hail Microbus ,31.133531,29.848313
SYN_103383,Hail Microbus ,31.134280,29.850224
SYN_103384,Hail Microbus ,31.135028,29.852135
SYN_103385,Hail Microbus ,31.135777,29.854046
SYN_103386,Hail Microbus ,31.136549,29.855943
SYN_103387,Hail Microbus ,31.137585,29.857655
SYN_103388,Hail Microbus ,31.138757,29.859249
SYN_103389,Hail Microbus ,31.139918,29.860853
SYN_103390,Hail Microbus ,31.141080,29.862458
SYN_103391,Hail Microbus ,31.142250,29.864054
SYN_103392,Hail Microbus ,31.143423,29.865647
SYN_103393,Hail Microbus ,31.144597,29.867240
SYN_103394,Hail Microbus ,31.145770,29.868833
SYN_103395,Hail Microbus ,31.146943,29.870425
SYN_103396,Hail Microbus ,31.148117,29.872018
SYN_103397,Hail Microbus ,31.149290,29.873611
SYN_103398,Hail Microbus ,31.150363,29.875288
SYN_103399,Hail Microbus ,31.151163,29.877164
SYN_103400,Hail Microbus ,31.152056,29.878967
SYN_103401,Hail Microbus ,31.153384,29.880382
SYN_103402,Hail Microbus ,31.154728,29.881778
SYN_103403,Hail Microbus ,31.155960,29.883307
SYN_103404,Hail Microbus ,31.157165,29.884868
SYN_103405,Hail Microbus ,31.158370,29.886429
SYN_103406,Hail Microbus ,31.159574,29.887990
SYN_103407,Hail Microbus ,31.160779,29.889551
SYN_103408,Hail Microbus ,31.162075,29.891007
SYN_103409,Hail Microbus ,31.163151,29.892681
SYN_103410,Hail Microbus ,31.163894,29.894593
SYN_103411,Hail Microbus ,31.164557,29.896547
SYN_103412,Hail Microbus ,31.165425,29.898355
SYN_103413,Hail Microbus ,31.167021,29.899247
SYN_103414,Hail Microbus ,31.168596,29.900256
SYN_103415,Hail Microbus ,31.169713,29.901870
SYN_103416,Hail Microbus ,31.170468,29.903778
SYN_103417,Hail Microbus ,31.171222,29.905686
SYN_103418,Hail Microbus ,31.172095,29.906683
SYN_103419,Hail Microbus ,31.171341,29.904775
SYN_103420,Hail Microbus ,31.170549,29.902888
SYN_103421,Hail Microbus ,31.169825,29.900964
SYN_103422,Hail Microbus ,31.169094,29.899044
SYN_103423,Hail Microbus ,31.168363,29.897123
SYN_103424,Hail Microbus ,31.167713,29.895170
SYN_103425,Hail Microbus ,31.166938,29.893280
SYN_103426,Hail Microbus ,31.166971,29.891308
SYN_103427,Hail Microbus ,31.167899,29.889507
SYN_103428,Hail Microbus ,31.168827,29.887707
SYN_103429,Hail Microbus ,31.169882,29.886010
SYN_103430,Hail Microbus ,31.171124,29.884492
SYN_103431,Hail Microbus ,31.172675,29.883906
SYN_103432,Hail Microbus ,31.174268,29.884878
SYN_103433,Hail Microbus ,31.175828,29.884776
SYN_103434,Hail Microbus ,31.177305,29.883577
SYN_103435,Hail Microbus ,31.178762,29.882346
SYN_103436,Hail Microbus ,31.180425,29.882594
SYN_103437,Hail Microbus ,31.181427,29.884223
SYN_103438,Hail Microbus ,31.182319,29.886041
SYN_103439,Hail Microbus ,31.183526,29.887471
SYN_103440,Hail Microbus ,31.184571,29.889164
SYN_103441,Hail Microbus ,31.185344,29.891062
SYN_103442,Hail Microbus ,31.185993,29.893021
SYN_103443,Hail Microbus ,31.186754,29.894926
SYN_103444,Hail Microbus ,31.187551,29.896811
SYN_103445,Hail Microbus ,31.188345,29.898692
SYN_103446,Hail Microbus ,31.189462,29.898135
SYN_103447,Hail Microbus ,31.190186,29.899914
SYN_103448,Hail Microbus ,31.191795,29.899114
SYN_103449,Hail Microbus ,31.192744,29.900345
SYN_103450,Hail Microbus ,31.193452,29.902278
SYN_103451,Hail Microbus ,31.192212,29.903373
SYN_103452,Hail Microbus ,31.262334,30.008776
SYN_103453,Hail Microbus ,31.263338,30.007031
SYN_103454,Hail Microbus ,31.264385,30.005320
SYN_103455,Hail Microbus ,31.265398,30.003585
SYN_103456,Hail Microbus ,31.266428,30.001868
SYN_103457,Hail Microbus ,31.267565,30.000241
SYN_103458,Hail Microbus ,31.267330,29.999871
SYN_103459,Hail Microbus ,31.266050,29.998403
SYN_103460,Hail Microbus ,31.264873,29.996827
SYN_103461,Hail Microbus ,31.263676,29.995257
SYN_103462,Hail Microbus ,31.262514,29.993654
SYN_103463,Hail Microbus ,31.261356,29.992074
SYN_103464,Hail Microbus ,31.260219,29.990443
SYN_103465,Hail Microbus ,31.259017,29.988880
SYN_103466,Hail Microbus ,31.257820,29.987309
SYN_103467,Hail Microbus ,31.256659,29.985702
SYN_103468,Hail Microbus ,31.255341,29.984381
SYN_103469,Hail Microbus ,31.253622,29.983843
SYN_103470,Hail Microbus ,31.252009,29.983126
SYN_103471,Hail Microbus ,31.250674,29.981717
SYN_103472,Hail Microbus ,31.249287,29.980393
SYN_103473,Hail Microbus ,31.248090,29.978860
SYN_103474,Hail Microbus ,31.247011,29.977183
SYN_103475,Hail Microbus ,31.246223,29.975361
SYN_103476,Hail Microbus ,31.245453,29.973460
SYN_103477,Hail Microbus ,31.244527,29.971663
SYN_103478,Hail Microbus ,31.243410,29.970014
SYN_103479,Hail Microbus ,31.242274,29.968383
SYN_103480,Hail Microbus ,31.241087,29.966804
SYN_103481,Hail Microbus ,31.240150,29.965014
SYN_103482,Hail Microbus ,31.239018,29.963381
SYN_103483,Hail Microbus ,31.237790,29.961870
SYN_103484,Hail Microbus ,31.236335,29.960632
SYN_103485,Hail Microbus ,31.234938,29.959307
SYN_103486,Hail Microbus ,31.233543,29.957981
SYN_103487,Hail Microbus ,31.232144,29.956658
SYN_103488,Hail Microbus ,31.230776,29.955293
SYN_103489,Hail Microbus ,31.229494,29.953818
SYN_103490,Hail Microbus ,31.228250,29.952303
SYN_103491,Hail Microbus ,31.227173,29.950618
SYN_103492,Hail Microbus ,31.226097,29.948933
SYN_103493,Hail Microbus ,31.224979,29.947292
SYN_103494,Hail Microbus ,31.223529,29.946048
SYN_103495,Hail Microbus ,31.222154,29.944696
SYN_103496,Hail Microbus ,31.220831,29.943273
SYN_103497,Hail Microbus ,31.219514,29.941840
SYN_103498,Hail Microbus ,31.218215,29.940385
SYN_103499,Hail Microbus ,31.216917,29.938930
SYN_103500,Hail Microbus ,31.215592,29.937508
SYN_103501,Hail Microbus ,31.214255,29.936100
SYN_103502,Hail Microbus ,31.212919,29.934692
SYN_103503,Hail Microbus ,31.211583,29.933284
SYN_103504,Hail Microbus ,31.210247,29.931876
SYN_103505,Hail Microbus ,31.208918,29.930460
SYN_103506,Hail Microbus ,31.207651,29.928991
SYN_103507,Hail Microbus ,31.206598,29.927286
SYN_103508,Hail Microbus ,31.205695,29.925472
SYN_103509,Hail Microbus ,31.204920,29.923575
SYN_103510,Hail Microbus ,31.204156,29.921671
SYN_103511,Hail Microbus ,31.203391,29.919768
SYN_103512,Hail Microbus ,31.202651,29.917851
SYN_103513,Hail Microbus ,31.201966,29.915909
SYN_103514,Hail Microbus ,31.200988,29.914354
SYN_103515,Hail Microbus ,31.201071,29.916038
SYN_103516,Hail Microbus ,31.199293,29.916213
SYN_103517,Hail Microbus ,31.197586,29.915616
SYN_103518,Hail Microbus ,31.196647,29.914021
SYN_103519,Hail Microbus ,31.196004,29.912057
SYN_103520,Hail Microbus ,31.195335,29.910106
SYN_103521,Hail Microbus ,31.194620,29.908177
SYN_103522,Hail Microbus ,31.194663,29.906607
SYN_103523,Hail Microbus ,31.116040,29.796048
SYN_103524,Hail Microbus ,31.117312,29.797520
SYN_103525,Hail Microbus ,31.118176,29.799351
SYN_103526,Hail Microbus ,31.119262,29.801025
SYN_103527,Hail Microbus ,31.120328,29.802717
SYN_103528,Hail Microbus ,31.121325,29.804466
SYN_103529,Hail Microbus ,31.122418,29.806131
SYN_103530,Hail Microbus ,31.123659,29.807650
SYN_103531,Hail Microbus ,31.124858,29.809216
SYN_103532,Hail Microbus ,31.126064,29.810775
SYN_103533,Hail Microbus ,31.127233,29.812372
SYN_103534,Hail Microbus ,31.128368,29.814001
SYN_103535,Hail Microbus ,31.129319,29.815781
SYN_103536,Hail Microbus ,31.130183,29.817623
SYN_103537,Hail Microbus ,31.131483,29.819065
SYN_103538,Hail Microbus ,31.132844,29.820439
SYN_103539,Hail Microbus ,31.134195,29.821825
SYN_103540,Hail Microbus ,31.135205,29.823561
SYN_103541,Hail Microbus ,31.136439,29.825052
SYN_103542,Hail Microbus ,31.137747,29.826491
SYN_103543,Hail Microbus ,31.138902,29.828102
SYN_103544,Hail Microbus ,31.140105,29.829664
SYN_103545,Hail Microbus ,31.141347,29.831184
SYN_103546,Hail Microbus ,31.142556,29.832740
SYN_103547,Hail Microbus ,31.143732,29.834327
SYN_103548,Hail Microbus ,31.144481,29.836235
SYN_103549,Hail Microbus ,31.144744,29.838058
SYN_103550,Hail Microbus ,31.146342,29.839008
SYN_103551,Hail Microbus ,31.148042,29.839680
SYN_103552,Hail Microbus ,31.149433,29.840961
SYN_103553,Hail Microbus ,31.150615,29.842538
SYN_103554,Hail Microbus ,31.151742,29.844162
SYN_103555,Hail Microbus ,31.152337,29.846133
SYN_103556,Hail Microbus ,31.152926,29.848102
SYN_103557,Hail Microbus ,31.154080,29.849709
SYN_103558,Hail Microbus ,31.155312,29.851240
SYN_103559,Hail Microbus ,31.156534,29.852781
SYN_103560,Hail Microbus ,31.157785,29.854292
SYN_103561,Hail Microbus ,31.159027,29.855812
SYN_103562,Hail Microbus ,31.160260,29.857343
SYN_103563,Hail Microbus ,31.161499,29.858866
SYN_103564,Hail Microbus ,31.162620,29.860493
SYN_103565,Hail Microbus ,31.163407,29.862382
SYN_103566,Hail Microbus ,31.164214,29.864261
SYN_103567,Hail Microbus ,31.165233,29.865970
SYN_103568,Hail Microbus ,31.166517,29.867442
SYN_103569,Hail Microbus ,31.167788,29.868930
SYN_103570,Hail Microbus ,31.169053,29.870424
SYN_103571,Hail Microbus ,31.170374,29.871851
SYN_103572,Hail Microbus ,31.171702,29.873268
SYN_103573,Hail Microbus ,31.173026,29.874691
SYN_103574,Hail Microbus ,31.174349,29.876115
SYN_103575,Hail Microbus ,31.175649,29.877566
SYN_103576,Hail Microbus ,31.176743,29.879234
SYN_103577,Hail Microbus ,31.177835,29.880903
SYN_103578,Hail Microbus ,31.179091,29.882191
SYN_103579,Hail Microbus ,31.180745,29.882793
SYN_103580,Hail Microbus ,31.181572,29.884612
SYN_103581,Hail Microbus ,31.182552,29.886362
SYN_103582,Hail Microbus ,31.183755,29.887799
SYN_103583,Hail Microbus ,31.184728,29.889546
SYN_103584,Hail Microbus ,31.185465,29.891461
SYN_103585,Hail Microbus ,31.186146,29.893405
SYN_103586,Hail Microbus ,31.186907,29.895310
SYN_103587,Hail Microbus ,31.187711,29.897191
SYN_103588,Hail Microbus ,31.188681,29.898534
SYN_103589,Hail Microbus ,31.189592,29.898530
SYN_103590,Hail Microbus ,31.190273,29.900476
SYN_103591,Hail Microbus ,31.191835,29.899853
SYN_103592,Hail Microbus ,31.192892,29.900745
SYN_103593,Hail Microbus ,31.091390,29.757766
SYN_103594,Hail Microbus ,31.092315,29.759567
SYN_103595,Hail Microbus ,31.093069,29.761467
SYN_103596,Hail Microbus ,31.093626,29.763464
SYN_103597,Hail Microbus ,31.094280,29.765414
SYN_103598,Hail Microbus ,31.095314,29.767132
SYN_103599,Hail Microbus ,31.096464,29.768743
SYN_103600,Hail Microbus ,31.097749,29.770212
SYN_103601,Hail Microbus ,31.099020,29.771698
SYN_103602,Hail Microbus ,31.100266,29.773210
SYN_103603,Hail Microbus ,31.101303,29.774923
SYN_103604,Hail Microbus ,31.102281,29.776685
SYN_103605,Hail Microbus ,31.103494,29.778232
SYN_103606,Hail Microbus ,31.104719,29.779766
SYN_103607,Hail Microbus ,31.105834,29.781414
SYN_103608,Hail Microbus ,31.106948,29.783063
SYN_103609,Hail Microbus ,31.108033,29.784739
SYN_103610,Hail Microbus ,31.109031,29.786484
SYN_103611,Hail Microbus ,31.110118,29.788149
SYN_103612,Hail Microbus ,31.111273,29.789758
SYN_103613,Hail Microbus ,31.112389,29.791406
SYN_103614,Hail Microbus ,31.113534,29.793025
SYN_103615,Hail Microbus ,31.114797,29.794518
SYN_103616,Hail Microbus ,31.116034,29.796041
SYN_103617,Hail Microbus ,31.117302,29.797517
SYN_103618,Hail Microbus ,31.118171,29.799344
SYN_103619,Hail Microbus ,31.119258,29.801018
SYN_103620,Hail Microbus ,31.120324,29.802710
SYN_103621,Hail Microbus ,31.121321,29.804458
SYN_103622,Hail Microbus ,31.122413,29.806124
SYN_103623,Hail Microbus ,31.123654,29.807644
SYN_103624,Hail Microbus ,31.124853,29.809209
SYN_103625,Hail Microbus ,31.126058,29.810768
SYN_103626,Hail Microbus ,31.127228,29.812365
SYN_103627,Hail Microbus ,31.128363,29.813994
SYN_103628,Hail Microbus ,31.129315,29.815774
SYN_103629,Hail Microbus ,31.130178,29.817616
SYN_103630,Hail Microbus ,31.131477,29.819059
SYN_103631,Hail Microbus ,31.132838,29.820433
SYN_103632,Hail Microbus ,31.134190,29.821818
SYN_103633,Hail Microbus ,31.135201,29.823553
SYN_103634,Hail Microbus ,31.136432,29.825047
SYN_103635,Hail Microbus ,31.137742,29.826485
SYN_103636,Hail Microbus ,31.138897,29.828095
SYN_103637,Hail Microbus ,31.140100,29.829657
SYN_103638,Hail Microbus ,31.141341,29.831177
SYN_103639,Hail Microbus ,31.142551,29.832733
SYN_103640,Hail Microbus ,31.143727,29.834320
SYN_103641,Hail Microbus ,31.144478,29.836227
SYN_103642,Hail Microbus ,31.144068,29.837484
SYN_103643,Hail Microbus ,31.145577,29.838615
SYN_103644,Hail Microbus ,31.147236,29.839424
SYN_103645,Hail Microbus ,31.148858,29.840252
SYN_103646,Hail Microbus ,31.150095,29.841777
SYN_103647,Hail Microbus ,31.151284,29.843348
SYN_103648,Hail Microbus ,31.152130,29.845188
SYN_103649,Hail Microbus ,31.152572,29.847224
SYN_103650,Hail Microbus ,31.153501,29.849004
SYN_103651,Hail Microbus ,31.154746,29.850521
SYN_103652,Hail Microbus ,31.155963,29.852068
SYN_103653,Hail Microbus ,31.157204,29.853590
SYN_103654,Hail Microbus ,31.158455,29.855100
SYN_103655,Hail Microbus ,31.159687,29.856631
SYN_103656,Hail Microbus ,31.160920,29.858162
SYN_103657,Hail Microbus ,31.162165,29.859678
SYN_103658,Hail Microbus ,31.163032,29.861509
SYN_103659,Hail Microbus ,31.163839,29.863388
SYN_103660,Hail Microbus ,31.164670,29.865250
SYN_103661,Hail Microbus ,31.165920,29.866758
SYN_103662,Hail Microbus ,31.167199,29.868236
SYN_103663,Hail Microbus ,31.168465,29.869730
SYN_103664,Hail Microbus ,31.169754,29.871195
SYN_103665,Hail Microbus ,31.171087,29.872606
SYN_103666,Hail Microbus ,31.172411,29.874030
SYN_103667,Hail Microbus ,31.173734,29.875454
SYN_103668,Hail Microbus ,31.175057,29.876877
SYN_103669,Hail Microbus ,31.176234,29.878459
SYN_103670,Hail Microbus ,31.177332,29.880123
SYN_103671,Hail Microbus ,31.177769,29.880552
SYN_103672,Hail Microbus ,31.176673,29.878884
SYN_103673,Hail Microbus ,31.175572,29.877223
SYN_103674,Hail Microbus ,31.174249,29.875799
SYN_103675,Hail Microbus ,31.172925,29.874377
SYN_103676,Hail Microbus ,31.172739,29.874382
SYN_103677,Hail Microbus ,31.174062,29.875806
SYN_103678,Hail Microbus ,31.175385,29.877230
SYN_103679,Hail Microbus ,31.176505,29.878872
SYN_103680,Hail Microbus ,31.177598,29.880541
SYN_103681,Hail Microbus ,31.178720,29.882183
SYN_103682,Hail Microbus ,31.180400,29.882578
SYN_103683,Hail Microbus ,31.181416,29.884193
SYN_103684,Hail Microbus ,31.182303,29.886014
SYN_103685,Hail Microbus ,31.183508,29.887445
SYN_103686,Hail Microbus ,31.184561,29.889133
SYN_103687,Hail Microbus ,31.185335,29.891031
SYN_103688,Hail Microbus ,31.185981,29.892991
SYN_103689,Hail Microbus ,31.186742,29.894896
SYN_103690,Hail Microbus ,31.187539,29.896781
SYN_103691,Hail Microbus ,31.188330,29.898669
SYN_103692,Hail Microbus ,31.189453,29.898103
SYN_103693,Hail Microbus ,31.190118,29.900056
SYN_103694,Hail Microbus ,31.191507,29.900025
SYN_103695,Hail Microbus ,31.192750,29.900360
SYN_103696,Hail Microbus ,31.193459,29.902293
SYN_103697,Hail Microbus ,31.243171,29.998714
SYN_103698,Hail Microbus ,31.244964,29.998561
SYN_103699,Hail Microbus ,31.246758,29.998417
SYN_103700,Hail Microbus ,31.247584,29.999842
SYN_103701,Hail Microbus ,31.248024,30.000484
SYN_103702,Hail Microbus ,31.247692,29.998416
SYN_103703,Hail Microbus ,31.247349,29.996351
SYN_103704,Hail Microbus ,31.246966,29.994295
SYN_103705,Hail Microbus ,31.246727,29.992213
SYN_103706,Hail Microbus ,31.246243,29.990211
SYN_103707,Hail Microbus ,31.245487,29.988302
SYN_103708,Hail Microbus ,31.246479,29.987068
SYN_103709,Hail Microbus ,31.248118,29.986277
SYN_103710,Hail Microbus ,31.247621,29.984560
SYN_103711,Hail Microbus ,31.247705,29.983504
SYN_103712,Hail Microbus ,31.248763,29.982307
SYN_103713,Hail Microbus ,31.281514,30.013552
SYN_103714,Hail Microbus ,31.282056,30.011545
SYN_103715,Hail Microbus ,31.281038,30.010293
SYN_103716,Hail Microbus ,31.279538,30.009148
SYN_103717,Hail Microbus ,31.278298,30.007624
SYN_103718,Hail Microbus ,31.277500,30.005758
SYN_103719,Hail Microbus ,31.277345,30.003669
SYN_103720,Hail Microbus ,31.275930,30.002545
SYN_103721,Hail Microbus ,31.274389,30.001488
SYN_103722,Hail Microbus ,31.272964,30.000205
SYN_103723,Hail Microbus ,31.271655,29.998772
SYN_103724,Hail Microbus ,31.270887,29.996873
SYN_103725,Hail Microbus ,31.270860,29.994823
SYN_103726,Hail Microbus ,31.270038,29.993016
SYN_103727,Hail Microbus ,31.270049,29.990920
SYN_103728,Hail Microbus ,31.270157,29.988827
SYN_103729,Hail Microbus ,31.269303,29.987106
SYN_103730,Hail Microbus ,31.267605,29.987118
SYN_103731,Hail Microbus ,31.265878,29.987294
SYN_103732,Hail Microbus ,31.264222,29.986476
SYN_103733,Hail Microbus ,31.262864,29.985112
SYN_103734,Hail Microbus ,31.261943,29.983348
SYN_103735,Hail Microbus ,31.260817,29.981782
SYN_103736,Hail Microbus ,31.259237,29.980835
SYN_103737,Hail Microbus ,31.257831,29.979538
SYN_103738,Hail Microbus ,31.256466,29.978214
SYN_103739,Hail Microbus ,31.255272,29.976659
SYN_103740,Hail Microbus ,31.254699,29.974701
SYN_103741,Hail Microbus ,31.253769,29.972994
SYN_103742,Hail Microbus ,31.252311,29.971774
SYN_103743,Hail Microbus ,31.251094,29.970226
SYN_103744,Hail Microbus ,31.249604,29.969063
SYN_103745,Hail Microbus ,31.248257,29.967672
SYN_103746,Hail Microbus ,31.247013,29.966188
SYN_103747,Hail Microbus ,31.245443,29.965161
SYN_103748,Hail Microbus ,31.244161,29.963714
SYN_103749,Hail Microbus ,31.242881,29.962243
SYN_103750,Hail Microbus ,31.241911,29.960484
SYN_103751,Hail Microbus ,31.240763,29.958941
SYN_103752,Hail Microbus ,31.241104,29.956982
SYN_103753,Hail Microbus ,31.239978,29.955345
SYN_103754,Hail Microbus ,31.238749,29.953843
SYN_103755,Hail Microbus ,31.237249,29.952751
SYN_103756,Hail Microbus ,31.236688,29.950786
SYN_103757,Hail Microbus ,31.235534,29.949182
SYN_103758,Hail Microbus ,31.234354,29.947594
SYN_103759,Hail Microbus ,31.232995,29.946221
SYN_103760,Hail Microbus ,31.231568,29.944943
SYN_103761,Hail Microbus ,31.230204,29.943572
SYN_103762,Hail Microbus ,31.228840,29.942201
SYN_103763,Hail Microbus ,31.227776,29.940616
SYN_103764,Hail Microbus ,31.227344,29.938600
SYN_103765,Hail Microbus ,31.226264,29.936929
SYN_103766,Hail Microbus ,31.224963,29.935480
SYN_103767,Hail Microbus ,31.223707,29.933973
SYN_103768,Hail Microbus ,31.222484,29.932432
SYN_103769,Hail Microbus ,31.221294,29.930854
SYN_103770,Hail Microbus ,31.220138,29.929251
SYN_103771,Hail Microbus ,31.219139,29.927506
SYN_103772,Hail Microbus ,31.217996,29.925882
SYN_103773,Hail Microbus ,31.216895,29.924220
SYN_103774,Hail Microbus ,31.215865,29.922517
SYN_103775,Hail Microbus ,31.214875,29.920765
SYN_103776,Hail Microbus ,31.214021,29.918918
SYN_103777,Hail Microbus ,31.212775,29.917404
SYN_103778,Hail Microbus ,31.211806,29.915669
SYN_103779,Hail Microbus ,31.211227,29.913679
SYN_103780,Hail Microbus ,31.210361,29.911840
SYN_103781,Hail Microbus ,31.209846,29.910395
SYN_103782,Hail Microbus ,31.209845,29.912275
SYN_103783,Hail Microbus ,31.208172,29.913044
SYN_103784,Hail Microbus ,31.206500,29.913822
SYN_103785,Hail Microbus ,31.204825,29.914585
SYN_103786,Hail Microbus ,31.203147,29.915342
SYN_103787,Hail Microbus ,31.201444,29.916012
SYN_103788,Hail Microbus ,31.199675,29.916318
SYN_103789,Hail Microbus ,31.197987,29.916826
SYN_103790,Hail Microbus ,31.196535,29.918062
SYN_103791,Hail Microbus ,31.195611,29.919857
SYN_103792,Hail Microbus ,31.194740,29.921680
SYN_103793,Hail Microbus ,31.193258,29.922867
SYN_103794,Hail Microbus ,31.191710,29.923884
SYN_103795,Hail Microbus ,31.189931,29.923590
SYN_103796,Hail Microbus ,31.188221,29.924159
SYN_103797,Hail Microbus ,31.186588,29.925042
SYN_103798,Hail Microbus ,31.184951,29.925911
SYN_103799,Hail Microbus ,31.183311,29.926771
SYN_103800,Hail Microbus ,31.181606,29.927298
SYN_103801,Hail Microbus ,31.180156,29.926188
SYN_103802,Hail Microbus ,31.179217,29.924408
SYN_103803,Hail Microbus ,31.178409,29.922535
SYN_103804,Hail Microbus ,31.177660,29.920624
SYN_103805,Hail Microbus ,31.176883,29.918728
SYN_103806,Hail Microbus ,31.177165,29.917240
SYN_103807,Hail Microbus ,31.178751,29.916248
SYN_103808,Hail Microbus ,31.204987,29.877756
SYN_103809,Hail Microbus ,31.206492,29.878855
SYN_103810,Hail Microbus ,31.208250,29.879286
SYN_103811,Hail Microbus ,31.209913,29.879436
SYN_103812,Hail Microbus ,31.209975,29.881522
SYN_103813,Hail Microbus ,31.208608,29.882532
SYN_103814,Hail Microbus ,31.206945,29.883333
SYN_103815,Hail Microbus ,31.205366,29.884336
SYN_103816,Hail Microbus ,31.203882,29.885521
SYN_103817,Hail Microbus ,31.202531,29.886907
SYN_103818,Hail Microbus ,31.201469,29.888593
SYN_103819,Hail Microbus ,31.200773,29.890527
SYN_103820,Hail Microbus ,31.200382,29.892576
SYN_103821,Hail Microbus ,31.200322,29.894673
SYN_103822,Hail Microbus ,31.200574,29.896752
SYN_103823,Hail Microbus ,31.201142,29.898742
SYN_103824,Hail Microbus ,31.202036,29.900557
SYN_103825,Hail Microbus ,31.203123,29.902229
SYN_103826,Hail Microbus ,31.204370,29.903743
SYN_103827,Hail Microbus ,31.205740,29.905105
SYN_103828,Hail Microbus ,31.207204,29.906320
SYN_103829,Hail Microbus ,31.207446,29.907624
SYN_103830,Hail Microbus ,31.206244,29.909188
SYN_103831,Hail Microbus ,31.205041,29.910752
SYN_103832,Hail Microbus ,31.203848,29.912325
SYN_103833,Hail Microbus ,31.204550,29.914170
SYN_103834,Hail Microbus ,31.203477,29.915194
SYN_103835,Hail Microbus ,31.201788,29.915913
SYN_103836,Hail Microbus ,31.200029,29.916324
SYN_103837,Hail Microbus ,31.198280,29.916594
SYN_103838,Hail Microbus ,31.196802,29.917791
SYN_103839,Hail Microbus ,31.195779,29.919493
SYN_103840,Hail Microbus ,31.194974,29.921372
SYN_103841,Hail Microbus ,31.193549,29.922631
SYN_103842,Hail Microbus ,31.192049,29.923786
SYN_103843,Hail Microbus ,31.190284,29.923617
SYN_103844,Hail Microbus ,31.188542,29.923985
SYN_103845,Hail Microbus ,31.186911,29.924870
SYN_103846,Hail Microbus ,31.185273,29.925740
SYN_103847,Hail Microbus ,31.183636,29.926610
SYN_103848,Hail Microbus ,31.181955,29.927306
SYN_103849,Hail Microbus ,31.180393,29.926496
SYN_103850,Hail Microbus ,31.179379,29.924776
SYN_103851,Hail Microbus ,31.178553,29.922913
SYN_103852,Hail Microbus ,31.177810,29.920999
SYN_103853,Hail Microbus ,31.177034,29.919102
SYN_103854,Hail Microbus ,31.176851,29.917432
SYN_103855,Hail Microbus ,31.178442,29.916451
SYN_103856,Hail Microbus ,31.019275,29.794823
SYN_103857,Hail Microbus ,31.020910,29.794004
SYN_103858,Hail Microbus ,31.022626,29.793376
SYN_103859,Hail Microbus ,31.024335,29.792724
SYN_103860,Hail Microbus ,31.025932,29.791771
SYN_103861,Hail Microbus ,31.027346,29.790478
SYN_103862,Hail Microbus ,31.028696,29.789091
SYN_103863,Hail Microbus ,31.030017,29.787667
SYN_103864,Hail Microbus ,31.031358,29.786267
SYN_103865,Hail Microbus ,31.032690,29.784858
SYN_103866,Hail Microbus ,31.034150,29.783641
SYN_103867,Hail Microbus ,31.035815,29.782862
SYN_103868,Hail Microbus ,31.037590,29.782532
SYN_103869,Hail Microbus ,31.039380,29.782335
SYN_103870,Hail Microbus ,31.041177,29.782236
SYN_103871,Hail Microbus ,31.042963,29.782369
SYN_103872,Hail Microbus ,31.044579,29.783258
SYN_103873,Hail Microbus ,31.045757,29.784820
SYN_103874,Hail Microbus ,31.046644,29.786646
SYN_103875,Hail Microbus ,31.047531,29.788472
SYN_103876,Hail Microbus ,31.048418,29.790299
SYN_103877,Hail Microbus ,31.049293,29.792133
SYN_103878,Hail Microbus ,31.050167,29.793968
SYN_103879,Hail Microbus ,31.051042,29.795802
SYN_103880,Hail Microbus ,31.051916,29.797637
SYN_103881,Hail Microbus ,31.052807,29.799460
SYN_103882,Hail Microbus ,31.053835,29.801182
SYN_103883,Hail Microbus ,31.054984,29.802795
SYN_103884,Hail Microbus ,31.056243,29.804295
SYN_103885,Hail Microbus ,31.057487,29.805810
SYN_103886,Hail Microbus ,31.058738,29.807319
SYN_103887,Hail Microbus ,31.059949,29.808872
SYN_103888,Hail Microbus ,31.061157,29.810428
SYN_103889,Hail Microbus ,31.062387,29.811959
SYN_103890,Hail Microbus ,31.063492,29.813613
SYN_103891,Hail Microbus ,31.064446,29.815393
SYN_103892,Hail Microbus ,31.065364,29.817199
SYN_103893,Hail Microbus ,31.066281,29.819005
SYN_103894,Hail Microbus ,31.067216,29.820799
SYN_103895,Hail Microbus ,31.068131,29.822606
SYN_103896,Hail Microbus ,31.069047,29.824414
SYN_103897,Hail Microbus ,31.069962,29.826222
SYN_103898,Hail Microbus ,31.070877,29.828029
SYN_103899,Hail Microbus ,31.071793,29.829837
SYN_103900,Hail Microbus ,31.072708,29.831645
SYN_103901,Hail Microbus ,31.073620,29.833455
SYN_103902,Hail Microbus ,31.074527,29.835268
SYN_103903,Hail Microbus ,31.075430,29.837084
SYN_103904,Hail Microbus ,31.076373,29.838872
SYN_103905,Hail Microbus ,31.077496,29.840511
SYN_103906,Hail Microbus ,31.078738,29.842026
SYN_103907,Hail Microbus ,31.080007,29.843514
SYN_103908,Hail Microbus ,31.081273,29.845005
SYN_103909,Hail Microbus ,31.082583,29.846444
SYN_103910,Hail Microbus ,31.083865,29.847917
SYN_103911,Hail Microbus ,31.085140,29.849399
SYN_103912,Hail Microbus ,31.086455,29.850829
SYN_103913,Hail Microbus ,31.088003,29.851889
SYN_103914,Hail Microbus ,31.089714,29.852532
SYN_103915,Hail Microbus ,31.091442,29.853113
SYN_103916,Hail Microbus ,31.093176,29.853674
SYN_103917,Hail Microbus ,31.094909,29.854235
SYN_103918,Hail Microbus ,31.096636,29.854822
SYN_103919,Hail Microbus ,31.098287,29.855638
SYN_103920,Hail Microbus ,31.099657,29.856984
SYN_103921,Hail Microbus ,31.100759,29.858644
SYN_103922,Hail Microbus ,31.101855,29.860310
SYN_103923,Hail Microbus ,31.102935,29.861990
SYN_103924,Hail Microbus ,31.103972,29.863706
SYN_103925,Hail Microbus ,31.104842,29.865540
SYN_103926,Hail Microbus ,31.105469,29.867509
SYN_103927,Hail Microbus ,31.106094,29.869479
SYN_103928,Hail Microbus ,31.106743,29.871438
SYN_103929,Hail Microbus ,31.107371,29.873407
SYN_103930,Hail Microbus ,31.108036,29.875356
SYN_103931,Hail Microbus ,31.108993,29.877131
SYN_103932,Hail Microbus ,31.110175,29.878709
SYN_103933,Hail Microbus ,31.111456,29.880184
SYN_103934,Hail Microbus ,31.112738,29.881658
SYN_103935,Hail Microbus ,31.114019,29.883132
SYN_103936,Hail Microbus ,31.115366,29.884521
SYN_103937,Hail Microbus ,31.116639,29.886005
SYN_103938,Hail Microbus ,31.117912,29.887489
SYN_103939,Hail Microbus ,31.119185,29.888974
SYN_103940,Hail Microbus ,31.120433,29.890486
SYN_103941,Hail Microbus ,31.121632,29.892052
SYN_103942,Hail Microbus ,31.122951,29.893472
SYN_103943,Hail Microbus ,31.124520,29.894496
SYN_103944,Hail Microbus ,31.126126,29.895440
SYN_103945,Hail Microbus ,31.127603,29.896625
SYN_103946,Hail Microbus ,31.128956,29.898011
SYN_103947,Hail Microbus ,31.130308,29.899396
SYN_103948,Hail Microbus ,31.131661,29.900782
SYN_103949,Hail Microbus ,31.133013,29.902167
SYN_103950,Hail Microbus ,31.134365,29.903552
SYN_103951,Hail Microbus ,31.135718,29.904938
SYN_103952,Hail Microbus ,31.137070,29.906323
SYN_103953,Hail Microbus ,31.138422,29.907709
SYN_103954,Hail Microbus ,31.139775,29.909094
SYN_103955,Hail Microbus ,31.141127,29.910480
SYN_103956,Hail Microbus ,31.142480,29.911865
SYN_103957,Hail Microbus ,31.143832,29.913250
SYN_103958,Hail Microbus ,31.145184,29.914636
SYN_103959,Hail Microbus ,31.146537,29.916021
SYN_103960,Hail Microbus ,31.147886,29.917411
SYN_103961,Hail Microbus ,31.149215,29.918827
SYN_103962,Hail Microbus ,31.150558,29.920224
SYN_103963,Hail Microbus ,31.151937,29.921572
SYN_103964,Hail Microbus ,31.153288,29.922960
SYN_103965,Hail Microbus ,31.154600,29.924397
SYN_103966,Hail Microbus ,31.155953,29.925781
SYN_103967,Hail Microbus ,31.157306,29.927166
SYN_103968,Hail Microbus ,31.158653,29.928559
SYN_103969,Hail Microbus ,31.159990,29.929965
SYN_103970,Hail Microbus ,31.161323,29.931375
SYN_103971,Hail Microbus ,31.162704,29.932722
SYN_103972,Hail Microbus ,31.164051,29.934114
SYN_103973,Hail Microbus ,31.165394,29.935514
SYN_103974,Hail Microbus ,31.166896,29.936230
SYN_103975,Hail Microbus ,31.168520,29.935326
SYN_103976,Hail Microbus ,31.170137,29.934406
SYN_103977,Hail Microbus ,31.171752,29.933480
SYN_103978,Hail Microbus ,31.173372,29.932566
SYN_103979,Hail Microbus ,31.174992,29.931653
SYN_103980,Hail Microbus ,31.176616,29.930750
SYN_103981,Hail Microbus ,31.178261,29.929919
SYN_103982,Hail Microbus ,31.179915,29.929119
SYN_103983,Hail Microbus ,31.181348,29.928717
SYN_103984,Hail Microbus ,31.180499,29.926899
SYN_103985,Hail Microbus ,31.179476,29.925175
SYN_103986,Hail Microbus ,31.178695,29.923281
SYN_103987,Hail Microbus ,31.177945,29.921371
SYN_103988,Hail Microbus ,31.177181,29.919468
SYN_103989,Hail Microbus ,31.176414,29.917567
SYN_103990,Hail Microbus ,31.175864,29.915697
SYN_103991,Hail Microbus ,31.177265,29.914484
SYN_103992,Hail Microbus ,31.077582,29.739399
SYN_103993,Hail Microbus ,31.077503,29.741497
SYN_103994,Hail Microbus ,31.077309,29.743578
SYN_103995,Hail Microbus ,31.076806,29.745594
SYN_103996,Hail Microbus ,31.076303,29.747610
SYN_103997,Hail Microbus ,31.075800,29.749627
SYN_103998,Hail Microbus ,31.075301,29.751644
SYN_103999,Hail Microbus ,31.074807,29.753663
SYN_104000,Hail Microbus ,31.074312,29.755683
SYN_104001,Hail Microbus ,31.073818,29.757702
SYN_104002,Hail Microbus ,31.073095,29.759599
SYN_104003,Hail Microbus ,31.071810,29.761068
SYN_104004,Hail Microbus ,31.070404,29.762357
SYN_104005,Hail Microbus ,31.068691,29.762994
SYN_104006,Hail Microbus ,31.066961,29.763568
SYN_104007,Hail Microbus ,31.065234,29.764154
SYN_104008,Hail Microbus ,31.063506,29.764739
SYN_104009,Hail Microbus ,31.061858,29.764638
SYN_104010,Hail Microbus ,31.062895,29.764047
SYN_104011,Hail Microbus ,31.063546,29.766002
SYN_104012,Hail Microbus ,31.064175,29.767969
SYN_104013,Hail Microbus ,31.064803,29.769937
SYN_104014,Hail Microbus ,31.065432,29.771904
SYN_104015,Hail Microbus ,31.066061,29.773871
SYN_104016,Hail Microbus ,31.066820,29.775773
SYN_104017,Hail Microbus ,31.067832,29.777505
SYN_104018,Hail Microbus ,31.069047,29.779052
SYN_104019,Hail Microbus ,31.070297,29.780562
SYN_104020,Hail Microbus ,31.071547,29.782072
SYN_104021,Hail Microbus ,31.072797,29.783582
SYN_104022,Hail Microbus ,31.074047,29.785093
SYN_104023,Hail Microbus ,31.075296,29.786603
SYN_104024,Hail Microbus ,31.076554,29.788104
SYN_104025,Hail Microbus ,31.077817,29.789599
SYN_104026,Hail Microbus ,31.079080,29.791094
SYN_104027,Hail Microbus ,31.080343,29.792590
SYN_104028,Hail Microbus ,31.081606,29.794085
SYN_104029,Hail Microbus ,31.082869,29.795580
SYN_104030,Hail Microbus ,31.084127,29.797081
SYN_104031,Hail Microbus ,31.085384,29.798584
SYN_104032,Hail Microbus ,31.086641,29.800086
SYN_104033,Hail Microbus ,31.087898,29.801588
SYN_104034,Hail Microbus ,31.089155,29.803091
SYN_104035,Hail Microbus ,31.090411,29.804593
SYN_104036,Hail Microbus ,31.091668,29.806096
SYN_104037,Hail Microbus ,31.092925,29.807598
SYN_104038,Hail Microbus ,31.094179,29.809105
SYN_104039,Hail Microbus ,31.095432,29.810611
SYN_104040,Hail Microbus ,31.096685,29.812118
SYN_104041,Hail Microbus ,31.097946,29.813616
SYN_104042,Hail Microbus ,31.099210,29.815110
SYN_104043,Hail Microbus ,31.100496,29.816579
SYN_104044,Hail Microbus ,31.101782,29.818047
SYN_104045,Hail Microbus ,31.103032,29.819556
SYN_104046,Hail Microbus ,31.104300,29.821043
SYN_104047,Hail Microbus ,31.105665,29.822412
SYN_104048,Hail Microbus ,31.107044,29.823760
SYN_104049,Hail Microbus ,31.108488,29.825010
SYN_104050,Hail Microbus ,31.109960,29.826215
SYN_104051,Hail Microbus ,31.111255,29.827672
SYN_104052,Hail Microbus ,31.112505,29.829182
SYN_104053,Hail Microbus ,31.113771,29.830673
SYN_104054,Hail Microbus ,31.115254,29.831848
SYN_104055,Hail Microbus ,31.116957,29.832504
SYN_104056,Hail Microbus ,31.118704,29.833003
SYN_104057,Hail Microbus ,31.120367,29.833783
SYN_104058,Hail Microbus ,31.121880,29.834919
SYN_104059,Hail Microbus ,31.123392,29.836056
SYN_104060,Hail Microbus ,31.124894,29.837212
SYN_104061,Hail Microbus ,31.126394,29.838371
SYN_104062,Hail Microbus ,31.127895,29.839529
SYN_104063,Hail Microbus ,31.129395,29.840688
SYN_104064,Hail Microbus ,31.130767,29.842037
SYN_104065,Hail Microbus ,31.131816,29.843737
SYN_104066,Hail Microbus ,31.132526,29.845664
SYN_104067,Hail Microbus ,31.133247,29.847589
SYN_104068,Hail Microbus ,31.133996,29.849500
SYN_104069,Hail Microbus ,31.134744,29.851411
SYN_104070,Hail Microbus ,31.135493,29.853321
SYN_104071,Hail Microbus ,31.136242,29.855232
SYN_104072,Hail Microbus ,31.137153,29.857039
SYN_104073,Hail Microbus ,31.138315,29.858643
SYN_104074,Hail Microbus ,31.139478,29.860245
SYN_104075,Hail Microbus ,31.140640,29.861850
SYN_104076,Hail Microbus ,31.141805,29.863451
SYN_104077,Hail Microbus ,31.142979,29.865043
SYN_104078,Hail Microbus ,31.144152,29.866636
SYN_104079,Hail Microbus ,31.145325,29.868229
SYN_104080,Hail Microbus ,31.146499,29.869822
SYN_104081,Hail Microbus ,31.147672,29.871415
SYN_104082,Hail Microbus ,31.148845,29.873007
SYN_104083,Hail Microbus ,31.149984,29.874628
SYN_104084,Hail Microbus ,31.150907,29.876427
SYN_104085,Hail Microbus ,31.151644,29.878334
SYN_104086,Hail Microbus ,31.152869,29.879860
SYN_104087,Hail Microbus ,31.154228,29.881237
SYN_104088,Hail Microbus ,31.155504,29.882716
SYN_104089,Hail Microbus ,31.156709,29.884277
SYN_104090,Hail Microbus ,31.157913,29.885838
SYN_104091,Hail Microbus ,31.159118,29.887399
SYN_104092,Hail Microbus ,31.160322,29.888959
SYN_104093,Hail Microbus ,31.161577,29.890462
SYN_104094,Hail Microbus ,31.162789,29.892006
SYN_104095,Hail Microbus ,31.163639,29.893854
SYN_104096,Hail Microbus ,31.164306,29.895806
SYN_104097,Hail Microbus ,31.164988,29.897749
SYN_104098,Hail Microbus ,31.166415,29.898882
SYN_104099,Hail Microbus ,31.168014,29.899844
SYN_104100,Hail Microbus ,31.169382,29.901177
SYN_104101,Hail Microbus ,31.170182,29.903055
SYN_104102,Hail Microbus ,31.170936,29.904963
SYN_104103,Hail Microbus ,31.171691,29.906871
SYN_104104,Hail Microbus ,31.172427,29.908789
SYN_104105,Hail Microbus ,31.173014,29.910768
SYN_104106,Hail Microbus ,31.173134,29.912861
SYN_104107,Hail Microbus ,31.172699,29.914888
SYN_104108,Hail Microbus ,31.173128,29.914193
SYN_104109,Hail Microbus ,31.173586,29.912161
SYN_104110,Hail Microbus ,31.174385,29.913005
SYN_104111,Hail Microbus ,31.175226,29.914863
SYN_104112,Hail Microbus ,31.175981,29.916771
SYN_104113,Hail Microbus ,31.176713,29.918691
SYN_104114,Hail Microbus ,31.177106,29.919279
SYN_104115,Hail Microbus ,31.205008,29.877783
SYN_104116,Hail Microbus ,31.206522,29.878865
SYN_104117,Hail Microbus ,31.207931,29.879232
SYN_104118,Hail Microbus ,31.209720,29.879179
SYN_104119,Hail Microbus ,31.209989,29.881146
SYN_104120,Hail Microbus ,31.208908,29.882395
SYN_104121,Hail Microbus ,31.207240,29.883181
SYN_104122,Hail Microbus ,31.205642,29.884142
SYN_104123,Hail Microbus ,31.204140,29.885296
SYN_104124,Hail Microbus ,31.202761,29.886642
SYN_104125,Hail Microbus ,31.201628,29.888265
SYN_104126,Hail Microbus ,31.200874,29.890169
SYN_104127,Hail Microbus ,31.200430,29.892204
SYN_104128,Hail Microbus ,31.200302,29.894297
SYN_104129,Hail Microbus ,31.200506,29.896383
SYN_104130,Hail Microbus ,31.201013,29.898396
SYN_104131,Hail Microbus ,31.201861,29.900240
SYN_104132,Hail Microbus ,31.202915,29.901940
SYN_104133,Hail Microbus ,31.204140,29.903478
SYN_104134,Hail Microbus ,31.205489,29.904868
SYN_104135,Hail Microbus ,31.206929,29.906123
SYN_104136,Hail Microbus ,31.207662,29.907343
SYN_104137,Hail Microbus ,31.206459,29.908907
SYN_104138,Hail Microbus ,31.205257,29.910471
SYN_104139,Hail Microbus ,31.204061,29.912042
SYN_104140,Hail Microbus ,31.204401,29.913836
SYN_104141,Hail Microbus ,31.203764,29.914984
SYN_104142,Hail Microbus ,31.202070,29.915642
SYN_104143,Hail Microbus ,31.200959,29.914452
SYN_104144,Hail Microbus ,31.201808,29.916294
SYN_104145,Hail Microbus ,31.201032,29.917821
SYN_104146,Hail Microbus ,31.199727,29.918853
SYN_104147,Hail Microbus ,31.200034,29.920695
SYN_104148,Hail Microbus ,31.199960,29.922796
SYN_104149,Hail Microbus ,31.199918,29.924898
SYN_104150,Hail Microbus ,31.199174,29.926520
SYN_104151,Hail Microbus ,31.197455,29.927132
SYN_104152,Hail Microbus ,31.195865,29.928105
SYN_104153,Hail Microbus ,31.196336,29.929821
SYN_104154,Hail Microbus ,31.197428,29.931491
SYN_104155,Hail Microbus ,31.198629,29.933019
SYN_104156,Hail Microbus ,31.115708,29.795625
SYN_104157,Hail Microbus ,31.117006,29.797071
SYN_104158,Hail Microbus ,31.117918,29.798864
SYN_104159,Hail Microbus ,31.118966,29.800568
SYN_104160,Hail Microbus ,31.120039,29.802254
SYN_104161,Hail Microbus ,31.121064,29.803980
SYN_104162,Hail Microbus ,31.122096,29.805698
SYN_104163,Hail Microbus ,31.123316,29.807241
SYN_104164,Hail Microbus ,31.124521,29.808799
SYN_104165,Hail Microbus ,31.125735,29.810349
SYN_104166,Hail Microbus ,31.124866,29.811842
SYN_104167,Hail Microbus ,31.123418,29.813082
SYN_104168,Hail Microbus ,31.122091,29.814500
SYN_104169,Hail Microbus ,31.120754,29.815906
SYN_104170,Hail Microbus ,31.119441,29.817339
SYN_104171,Hail Microbus ,31.118104,29.818742
SYN_104172,Hail Microbus ,31.116746,29.820120
SYN_104173,Hail Microbus ,31.115381,29.821488
SYN_104174,Hail Microbus ,31.114016,29.822856
SYN_104175,Hail Microbus ,31.112659,29.824234
SYN_104176,Hail Microbus ,31.111280,29.825583
SYN_104177,Hail Microbus ,31.109842,29.826842
SYN_104178,Hail Microbus ,31.108828,29.825993
SYN_104179,Hail Microbus ,31.110318,29.826575
SYN_104180,Hail Microbus ,31.111786,29.827636
SYN_104181,Hail Microbus ,31.113264,29.828753
SYN_104182,Hail Microbus ,31.114745,29.829943
SYN_104183,Hail Microbus ,31.116247,29.831098
SYN_104184,Hail Microbus ,31.117739,29.832271
SYN_104185,Hail Microbus ,31.119036,29.833721
SYN_104186,Hail Microbus ,31.120057,29.835445
SYN_104187,Hail Microbus ,31.120727,29.837389
SYN_104188,Hail Microbus ,31.121027,29.839459
SYN_104189,Hail Microbus ,31.121255,29.841543
SYN_104190,Hail Microbus ,31.121482,29.843627
SYN_104191,Hail Microbus ,31.121710,29.845711
SYN_104192,Hail Microbus ,31.121938,29.847795
SYN_104193,Hail Microbus ,31.122165,29.849879
SYN_104194,Hail Microbus ,31.122393,29.851963
SYN_104195,Hail Microbus ,31.122621,29.854048
SYN_104196,Hail Microbus ,31.122895,29.856123
SYN_104197,Hail Microbus ,31.123382,29.858143
SYN_104198,Hail Microbus ,31.124091,29.860071
SYN_104199,Hail Microbus ,31.125013,29.861872
SYN_104200,Hail Microbus ,31.126146,29.863502
SYN_104201,Hail Microbus ,31.127442,29.864955
SYN_104202,Hail Microbus ,31.128892,29.866196
SYN_104203,Hail Microbus ,31.130468,29.867205
SYN_104204,Hail Microbus ,31.132136,29.867988
SYN_104205,Hail Microbus ,31.133802,29.868781
SYN_104206,Hail Microbus ,31.135474,29.869556
SYN_104207,Hail Microbus ,31.137149,29.870320
SYN_104208,Hail Microbus ,31.138824,29.871085
SYN_104209,Hail Microbus ,31.140500,29.871849
SYN_104210,Hail Microbus ,31.142175,29.872614
SYN_104211,Hail Microbus ,31.143851,29.873378
SYN_104212,Hail Microbus ,31.145526,29.874142
SYN_104213,Hail Microbus ,31.147202,29.874907
SYN_104214,Hail Microbus ,31.148861,29.875715
SYN_104215,Hail Microbus ,31.150442,29.876714
SYN_104216,Hail Microbus ,31.151867,29.877988
SYN_104217,Hail Microbus ,31.153121,29.879494
SYN_104218,Hail Microbus ,31.154296,29.881081
SYN_104219,Hail Microbus ,31.155460,29.882658
SYN_104220,Hail Microbus ,31.156664,29.884219
SYN_104221,Hail Microbus ,31.157869,29.885780
SYN_104222,Hail Microbus ,31.159073,29.887341
SYN_104223,Hail Microbus ,31.160278,29.888902
SYN_104224,Hail Microbus ,31.161529,29.890409
SYN_104225,Hail Microbus ,31.162752,29.891942
SYN_104226,Hail Microbus ,31.163612,29.893783
SYN_104227,Hail Microbus ,31.164281,29.895734
SYN_104228,Hail Microbus ,31.164953,29.897683
SYN_104229,Hail Microbus ,31.166354,29.898854
SYN_104230,Hail Microbus ,31.167955,29.899809
SYN_104231,Hail Microbus ,31.169343,29.901113
SYN_104232,Hail Microbus ,31.170151,29.902986
SYN_104233,Hail Microbus ,31.170907,29.904894
SYN_104234,Hail Microbus ,31.171663,29.906801
SYN_104235,Hail Microbus ,31.172400,29.908719
SYN_104236,Hail Microbus ,31.173003,29.910692
SYN_104237,Hail Microbus ,31.173141,29.912784
SYN_104238,Hail Microbus ,31.172723,29.914816
SYN_104239,Hail Microbus ,31.173109,29.914267
SYN_104240,Hail Microbus ,31.173575,29.912237
SYN_104241,Hail Microbus ,31.174357,29.912935
SYN_104242,Hail Microbus ,31.175195,29.914794
SYN_104243,Hail Microbus ,31.175953,29.916701
SYN_104244,Hail Microbus ,31.176687,29.918620
SYN_104245,Hail Microbus ,31.177133,29.919349
SYN_104246,Hail Microbus ,31.176368,29.917447
SYN_104247,Hail Microbus ,31.175884,29.915568
SYN_104248,Hail Microbus ,31.177364,29.914421
SYN_104249,Hail Microbus ,31.211339,29.914076
SYN_104250,Hail Microbus ,31.210539,29.912203
SYN_104251,Hail Microbus ,31.210033,29.910209
SYN_104252,Hail Microbus ,31.210114,29.912026
SYN_104253,Hail Microbus ,31.208503,29.912886
SYN_104254,Hail Microbus ,31.206834,29.913670
SYN_104255,Hail Microbus ,31.205158,29.914433
SYN_104256,Hail Microbus ,31.203481,29.915192
SYN_104257,Hail Microbus ,31.201792,29.915912
SYN_104258,Hail Microbus ,31.200033,29.916324
SYN_104259,Hail Microbus ,31.198283,29.916590
SYN_104260,Hail Microbus ,31.196805,29.917788
SYN_104261,Hail Microbus ,31.195781,29.919488
SYN_104262,Hail Microbus ,31.194976,29.921367
SYN_104263,Hail Microbus ,31.193553,29.922628
SYN_104264,Hail Microbus ,31.192053,29.923783
SYN_104265,Hail Microbus ,31.190288,29.923618
SYN_104266,Hail Microbus ,31.188546,29.923983
SYN_104267,Hail Microbus ,31.186915,29.924868
SYN_104268,Hail Microbus ,31.185277,29.925738
SYN_104269,Hail Microbus ,31.183640,29.926608
SYN_104270,Hail Microbus ,31.181959,29.927305
SYN_104271,Hail Microbus ,31.180396,29.926500
SYN_104272,Hail Microbus ,31.179381,29.924781
SYN_104273,Hail Microbus ,31.178555,29.922917
SYN_104274,Hail Microbus ,31.177812,29.921003
SYN_104275,Hail Microbus ,31.177036,29.919107
SYN_104276,Hail Microbus ,31.176847,29.917433
SYN_104277,Hail Microbus ,30.882799,29.499430
SYN_104278,Hail Microbus ,30.881485,29.500856
SYN_104279,Hail Microbus ,30.880406,29.499700
SYN_104280,Hail Microbus ,30.879891,29.498792
SYN_104281,Hail Microbus ,30.880884,29.500540
SYN_104282,Hail Microbus ,30.881824,29.502325
SYN_104283,Hail Microbus ,30.882702,29.504154
SYN_104284,Hail Microbus ,30.883580,29.505983
SYN_104285,Hail Microbus ,30.884464,29.507809
SYN_104286,Hail Microbus ,30.885359,29.509627
SYN_104287,Hail Microbus ,30.886254,29.511444
SYN_104288,Hail Microbus ,30.887149,29.513262
SYN_104289,Hail Microbus ,30.888045,29.515080
SYN_104290,Hail Microbus ,30.888934,29.516902
SYN_104291,Hail Microbus ,30.889823,29.518724
SYN_104292,Hail Microbus ,30.890712,29.520546
SYN_104293,Hail Microbus ,30.891601,29.522368
SYN_104294,Hail Microbus ,30.892490,29.524190
SYN_104295,Hail Microbus ,30.893379,29.526012
SYN_104296,Hail Microbus ,30.894154,29.527899
SYN_104297,Hail Microbus ,30.894596,29.529928
SYN_104298,Hail Microbus ,30.894726,29.532017
SYN_104299,Hail Microbus ,30.894809,29.534111
SYN_104300,Hail Microbus ,30.894875,29.536205
SYN_104301,Hail Microbus ,30.894863,29.538301
SYN_104302,Hail Microbus ,30.894810,29.540396
SYN_104303,Hail Microbus ,30.894759,29.542491
SYN_104304,Hail Microbus ,30.895617,29.543481
SYN_104305,Hail Microbus ,30.895842,29.545557
SYN_104306,Hail Microbus ,30.897354,29.545625
SYN_104307,Hail Microbus ,30.899088,29.545067
SYN_104308,Hail Microbus ,30.900821,29.544510
SYN_104309,Hail Microbus ,30.902266,29.545302
SYN_104310,Hail Microbus ,30.903453,29.546877
SYN_104311,Hail Microbus ,30.904609,29.548482
SYN_104312,Hail Microbus ,30.905711,29.550139
SYN_104313,Hail Microbus ,30.906794,29.551812
SYN_104314,Hail Microbus ,30.907878,29.553485
SYN_104315,Hail Microbus ,30.908986,29.555137
SYN_104316,Hail Microbus ,30.910109,29.556774
SYN_104317,Hail Microbus ,30.911233,29.558411
SYN_104318,Hail Microbus ,30.912344,29.560059
SYN_104319,Hail Microbus ,30.913360,29.561788
SYN_104320,Hail Microbus ,30.914302,29.563573
SYN_104321,Hail Microbus ,30.915286,29.565328
SYN_104322,Hail Microbus ,30.916259,29.567091
SYN_104323,Hail Microbus ,30.917241,29.568848
SYN_104324,Hail Microbus ,30.918235,29.570595
SYN_104325,Hail Microbus ,30.919277,29.572304
SYN_104326,Hail Microbus ,30.920274,29.574048
SYN_104327,Hail Microbus ,30.921152,29.575878
SYN_104328,Hail Microbus ,30.921890,29.577789
SYN_104329,Hail Microbus ,30.922618,29.579707
SYN_104330,Hail Microbus ,30.923345,29.581624
SYN_104331,Hail Microbus ,30.924073,29.583542
SYN_104332,Hail Microbus ,30.924976,29.584714
SYN_104333,Hail Microbus ,30.926720,29.584201
SYN_104334,Hail Microbus ,30.928466,29.583697
SYN_104335,Hail Microbus ,30.930212,29.583193
SYN_104336,Hail Microbus ,30.931959,29.582698
SYN_104337,Hail Microbus ,30.933744,29.582677
SYN_104338,Hail Microbus ,30.935398,29.583458
SYN_104339,Hail Microbus ,30.936630,29.584968
SYN_104340,Hail Microbus ,30.937643,29.586701
SYN_104341,Hail Microbus ,30.938717,29.588383
SYN_104342,Hail Microbus ,30.939809,29.590049
SYN_104343,Hail Microbus ,30.940902,29.591715
SYN_104344,Hail Microbus ,30.941995,29.593380
SYN_104345,Hail Microbus ,30.943088,29.595046
SYN_104346,Hail Microbus ,30.944181,29.596711
SYN_104347,Hail Microbus ,30.945250,29.598397
SYN_104348,Hail Microbus ,30.946143,29.600216
SYN_104349,Hail Microbus ,30.946949,29.602091
SYN_104350,Hail Microbus ,30.947718,29.603987
SYN_104351,Hail Microbus ,30.948514,29.605867
SYN_104352,Hail Microbus ,30.949339,29.607731
SYN_104353,Hail Microbus ,30.950170,29.609591
SYN_104354,Hail Microbus ,30.951048,29.611420
SYN_104355,Hail Microbus ,30.952010,29.613192
SYN_104356,Hail Microbus ,30.952988,29.614952
SYN_104357,Hail Microbus ,30.953967,29.616712
SYN_104358,Hail Microbus ,30.954934,29.618480
SYN_104359,Hail Microbus ,30.955825,29.620302
SYN_104360,Hail Microbus ,30.956682,29.622145
SYN_104361,Hail Microbus ,30.957583,29.623960
SYN_104362,Hail Microbus ,30.958520,29.625750
SYN_104363,Hail Microbus ,30.959503,29.627507
SYN_104364,Hail Microbus ,30.960486,29.629263
SYN_104365,Hail Microbus ,30.961469,29.631020
SYN_104366,Hail Microbus ,30.962333,29.632857
SYN_104367,Hail Microbus ,30.963107,29.634751
SYN_104368,Hail Microbus ,30.963877,29.636646
SYN_104369,Hail Microbus ,30.964647,29.638542
SYN_104370,Hail Microbus ,30.965409,29.640442
SYN_104371,Hail Microbus ,30.966171,29.642343
SYN_104372,Hail Microbus ,30.966997,29.644205
SYN_104373,Hail Microbus ,30.967927,29.646000
SYN_104374,Hail Microbus ,30.968858,29.647795
SYN_104375,Hail Microbus ,30.969786,29.649592
SYN_104376,Hail Microbus ,30.970726,29.651380
SYN_104377,Hail Microbus ,30.971654,29.653177
SYN_104378,Hail Microbus ,30.972567,29.654984
SYN_104379,Hail Microbus ,30.973360,29.656867
SYN_104380,Hail Microbus ,30.974131,29.658762
SYN_104381,Hail Microbus ,30.974842,29.660687
SYN_104382,Hail Microbus ,30.975664,29.662339
SYN_104383,Hail Microbus ,30.976423,29.664241
SYN_104384,Hail Microbus ,30.977179,29.666144
SYN_104385,Hail Microbus ,30.977918,29.668057
SYN_104386,Hail Microbus ,30.978677,29.669958
SYN_104387,Hail Microbus ,30.979383,29.671887
SYN_104388,Hail Microbus ,30.979996,29.673859
SYN_104389,Hail Microbus ,30.980605,29.675833
SYN_104390,Hail Microbus ,30.981214,29.677807
SYN_104391,Hail Microbus ,30.981816,29.679784
SYN_104392,Hail Microbus ,30.982412,29.681763
SYN_104393,Hail Microbus ,30.983029,29.683734
SYN_104394,Hail Microbus ,30.983638,29.685708
SYN_104395,Hail Microbus ,30.984241,29.687684
SYN_104396,Hail Microbus ,30.984844,29.689661
SYN_104397,Hail Microbus ,30.985529,29.691599
SYN_104398,Hail Microbus ,30.986353,29.693463
SYN_104399,Hail Microbus ,30.987185,29.695324
SYN_104400,Hail Microbus ,30.988016,29.697185
SYN_104401,Hail Microbus ,30.988847,29.699045
SYN_104402,Hail Microbus ,30.989679,29.700906
SYN_104403,Hail Microbus ,30.990510,29.702766
SYN_104404,Hail Microbus ,30.991341,29.704627
SYN_104405,Hail Microbus ,30.992173,29.706487
SYN_104406,Hail Microbus ,30.993004,29.708348
SYN_104407,Hail Microbus ,30.993829,29.710212
SYN_104408,Hail Microbus ,30.994662,29.712071
SYN_104409,Hail Microbus ,30.995530,29.713909
SYN_104410,Hail Microbus ,30.996398,29.715747
SYN_104411,Hail Microbus ,30.997246,29.717597
SYN_104412,Hail Microbus ,30.998068,29.719463
SYN_104413,Hail Microbus ,30.998940,29.721298
SYN_104414,Hail Microbus ,30.999912,29.723062
SYN_104415,Hail Microbus ,31.000907,29.724810
SYN_104416,Hail Microbus ,31.001902,29.726558
SYN_104417,Hail Microbus ,31.002898,29.728306
SYN_104418,Hail Microbus ,31.003893,29.730054
SYN_104419,Hail Microbus ,31.004888,29.731802
SYN_104420,Hail Microbus ,31.005849,29.733576
SYN_104421,Hail Microbus ,31.006644,29.735455
SYN_104422,Hail Microbus ,31.007360,29.737380
SYN_104423,Hail Microbus ,31.008078,29.739305
SYN_104424,Hail Microbus ,31.008830,29.741211
SYN_104425,Hail Microbus ,31.009588,29.743114
SYN_104426,Hail Microbus ,31.010354,29.745013
SYN_104427,Hail Microbus ,31.010960,29.746987
SYN_104428,Hail Microbus ,31.011539,29.748974
SYN_104429,Hail Microbus ,31.012075,29.750977
SYN_104430,Hail Microbus ,31.012786,29.752899
SYN_104431,Hail Microbus ,31.013877,29.754566
SYN_104432,Hail Microbus ,31.015007,29.756198
SYN_104433,Hail Microbus ,31.016163,29.757806
SYN_104434,Hail Microbus ,31.017308,29.759425
SYN_104435,Hail Microbus ,31.018453,29.761043
SYN_104436,Hail Microbus ,31.019598,29.762662
SYN_104437,Hail Microbus ,31.020691,29.764327
SYN_104438,Hail Microbus ,31.021619,29.766124
SYN_104439,Hail Microbus ,31.022390,29.768019
SYN_104440,Hail Microbus ,31.023193,29.769897
SYN_104441,Hail Microbus ,31.024095,29.771713
SYN_104442,Hail Microbus ,31.024997,29.773529
SYN_104443,Hail Microbus ,31.025899,29.775345
SYN_104444,Hail Microbus ,31.026801,29.777161
SYN_104445,Hail Microbus ,31.027702,29.778976
SYN_104446,Hail Microbus ,31.028634,29.780771
SYN_104447,Hail Microbus ,31.029749,29.782413
SYN_104448,Hail Microbus ,31.031073,29.783833
SYN_104449,Hail Microbus ,31.031525,29.785603
SYN_104450,Hail Microbus ,31.030180,29.786997
SYN_104451,Hail Microbus ,31.030597,29.787062
SYN_104452,Hail Microbus ,31.031927,29.785650
SYN_104453,Hail Microbus ,31.033294,29.784287
SYN_104454,Hail Microbus ,31.034849,29.783245
SYN_104455,Hail Microbus ,31.036578,29.782693
SYN_104456,Hail Microbus ,31.038362,29.782429
SYN_104457,Hail Microbus ,31.040157,29.782292
SYN_104458,Hail Microbus ,31.041954,29.782216
SYN_104459,Hail Microbus ,31.043697,29.782664
SYN_104460,Hail Microbus ,31.045162,29.783857
SYN_104461,Hail Microbus ,31.046147,29.785605
SYN_104462,Hail Microbus ,31.047030,29.787434
SYN_104463,Hail Microbus ,31.047913,29.789263
SYN_104464,Hail Microbus ,31.048796,29.791092
SYN_104465,Hail Microbus ,31.049675,29.792923
SYN_104466,Hail Microbus ,31.050548,29.794759
SYN_104467,Hail Microbus ,31.051422,29.796594
SYN_104468,Hail Microbus ,31.052295,29.798430
SYN_104469,Hail Microbus ,31.053230,29.800222
SYN_104470,Hail Microbus ,31.054307,29.801903
SYN_104471,Hail Microbus ,31.055528,29.803443
SYN_104472,Hail Microbus ,31.056787,29.804943
SYN_104473,Hail Microbus ,31.058034,29.806455
SYN_104474,Hail Microbus ,31.059263,29.807989
SYN_104475,Hail Microbus ,31.060471,29.809544
SYN_104476,Hail Microbus ,31.061690,29.811088
SYN_104477,Hail Microbus ,31.062885,29.812655
SYN_104478,Hail Microbus ,31.063909,29.814379
SYN_104479,Hail Microbus ,31.064842,29.816174
SYN_104480,Hail Microbus ,31.065760,29.817980
SYN_104481,Hail Microbus ,31.066684,29.819781
SYN_104482,Hail Microbus ,31.067612,29.821580
SYN_104483,Hail Microbus ,31.068527,29.823388
SYN_104484,Hail Microbus ,31.069442,29.825196
SYN_104485,Hail Microbus ,31.070358,29.827003
SYN_104486,Hail Microbus ,31.071273,29.828811
SYN_104487,Hail Microbus ,31.072188,29.830619
SYN_104488,Hail Microbus ,31.073103,29.832427
SYN_104489,Hail Microbus ,31.074014,29.834237
SYN_104490,Hail Microbus ,31.074913,29.836056
SYN_104491,Hail Microbus ,31.075826,29.837866
SYN_104492,Hail Microbus ,31.076838,29.839599
SYN_104493,Hail Microbus ,31.078012,29.841188
SYN_104494,Hail Microbus ,31.079294,29.842661
SYN_104495,Hail Microbus ,31.080547,29.844167
SYN_104496,Hail Microbus ,31.081839,29.845627
SYN_104497,Hail Microbus ,31.083142,29.847076
SYN_104498,Hail Microbus ,31.084416,29.848557
SYN_104499,Hail Microbus ,31.085691,29.850039
SYN_104500,Hail Microbus ,31.087097,29.851340
SYN_104501,Hail Microbus ,31.088735,29.852193
SYN_104502,Hail Microbus ,31.090460,29.852790
SYN_104503,Hail Microbus ,31.092192,29.853355
SYN_104504,Hail Microbus ,31.093925,29.853917
SYN_104505,Hail Microbus ,31.095658,29.854478
SYN_104506,Hail Microbus ,31.097370,29.855118
SYN_104507,Hail Microbus ,31.098925,29.856156
SYN_104508,Hail Microbus ,31.100137,29.857698
SYN_104509,Hail Microbus ,31.101233,29.859364
SYN_104510,Hail Microbus ,31.102325,29.861033
SYN_104511,Hail Microbus ,31.103393,29.862724
SYN_104512,Hail Microbus ,31.104384,29.864476
SYN_104513,Hail Microbus ,31.105119,29.866389
SYN_104514,Hail Microbus ,31.105735,29.868363
SYN_104515,Hail Microbus ,31.106375,29.870326
SYN_104516,Hail Microbus ,31.107017,29.872288
SYN_104517,Hail Microbus ,31.107641,29.874258
SYN_104518,Hail Microbus ,31.108418,29.876147
SYN_104519,Hail Microbus ,31.109494,29.877824
SYN_104520,Hail Microbus ,31.110729,29.879346
SYN_104521,Hail Microbus ,31.112010,29.880821
SYN_104522,Hail Microbus ,31.113291,29.882295
SYN_104523,Hail Microbus ,31.114596,29.883740
SYN_104524,Hail Microbus ,31.115917,29.885163
SYN_104525,Hail Microbus ,31.117190,29.886647
SYN_104526,Hail Microbus ,31.118463,29.888131
SYN_104527,Hail Microbus ,31.119736,29.889615
SYN_104528,Hail Microbus ,31.120948,29.891166
SYN_104529,Hail Microbus ,31.122167,29.892710
SYN_104530,Hail Microbus ,31.123620,29.893935
SYN_104531,Hail Microbus ,31.125211,29.894912
SYN_104532,Hail Microbus ,31.126805,29.895882
SYN_104533,Hail Microbus ,31.128188,29.897224
SYN_104534,Hail Microbus ,31.129540,29.898610
SYN_104535,Hail Microbus ,31.130893,29.899995
SYN_104536,Hail Microbus ,31.132245,29.901380
SYN_104537,Hail Microbus ,31.133598,29.902766
SYN_104538,Hail Microbus ,31.134950,29.904151
SYN_104539,Hail Microbus ,31.136302,29.905537
SYN_104540,Hail Microbus ,31.137655,29.906922
SYN_104541,Hail Microbus ,31.139007,29.908308
SYN_104542,Hail Microbus ,31.140359,29.909693
SYN_104543,Hail Microbus ,31.141712,29.911078
SYN_104544,Hail Microbus ,31.143064,29.912464
SYN_104545,Hail Microbus ,31.144417,29.913849
SYN_104546,Hail Microbus ,31.145769,29.915235
SYN_104547,Hail Microbus ,31.147121,29.916620
SYN_104548,Hail Microbus ,31.148464,29.918019
SYN_104549,Hail Microbus ,31.149779,29.919452
SYN_104550,Hail Microbus ,31.151155,29.920804
SYN_104551,Hail Microbus ,31.152528,29.922163
SYN_104552,Hail Microbus ,31.153855,29.923581
SYN_104553,Hail Microbus ,31.155185,29.924996
SYN_104554,Hail Microbus ,31.156538,29.926380
SYN_104555,Hail Microbus ,31.157891,29.927764
SYN_104556,Hail Microbus ,31.159234,29.929163
SYN_104557,Hail Microbus ,31.160561,29.930582
SYN_104558,Hail Microbus ,31.161920,29.931957
SYN_104559,Hail Microbus ,31.163290,29.933320
SYN_104560,Hail Microbus ,31.164632,29.934719
SYN_104561,Hail Microbus ,31.165974,29.936119
SYN_104562,Hail Microbus ,31.167598,29.935839
SYN_104563,Hail Microbus ,31.169221,29.934932
SYN_104564,Hail Microbus ,31.170835,29.934006
SYN_104565,Hail Microbus ,31.172452,29.933084
SYN_104566,Hail Microbus ,31.174072,29.932171
SYN_104567,Hail Microbus ,31.175692,29.931259
SYN_104568,Hail Microbus ,31.177336,29.930425
SYN_104569,Hail Microbus ,31.178965,29.929534
SYN_104570,Hail Microbus ,31.180665,29.929307
SYN_104571,Hail Microbus ,31.181074,29.927885
SYN_104572,Hail Microbus ,31.180037,29.926169
SYN_104573,Hail Microbus ,31.179138,29.924356
SYN_104574,Hail Microbus ,31.178377,29.922452
SYN_104575,Hail Microbus ,31.177628,29.920542
SYN_104576,Hail Microbus ,31.176849,29.918647
SYN_104577,Hail Microbus ,31.176092,29.916740
SYN_104578,Hail Microbus ,31.176370,29.915061
SYN_104579,Hail Microbus ,31.318819,30.062208
SYN_104580,Hail Microbus ,31.317171,30.061371
SYN_104581,Hail Microbus ,31.315468,30.060695
SYN_104582,Hail Microbus ,31.313721,30.060196
SYN_104583,Hail Microbus ,31.311970,30.059714
SYN_104584,Hail Microbus ,31.310220,30.059231
SYN_104585,Hail Microbus ,31.308468,30.058750
SYN_104586,Hail Microbus ,31.306716,30.058278
SYN_104587,Hail Microbus ,31.304963,30.057805
SYN_104588,Hail Microbus ,31.303210,30.057333
SYN_104589,Hail Microbus ,31.301450,30.056905
SYN_104590,Hail Microbus ,31.299686,30.056493
SYN_104591,Hail Microbus ,31.297975,30.055850
SYN_104592,Hail Microbus ,31.296312,30.055051
SYN_104593,Hail Microbus ,31.294767,30.053979
SYN_104594,Hail Microbus ,31.293281,30.052793
SYN_104595,Hail Microbus ,31.291795,30.051953
SYN_104596,Hail Microbus ,31.290609,30.050375
SYN_104597,Hail Microbus ,31.289455,30.048761
SYN_104598,Hail Microbus ,31.288335,30.047114
SYN_104599,Hail Microbus ,31.287221,30.045462
SYN_104600,Hail Microbus ,31.286174,30.043753
SYN_104601,Hail Microbus ,31.285298,30.041916
SYN_104602,Hail Microbus ,31.284648,30.039955
SYN_104603,Hail Microbus ,31.284273,30.037898
SYN_104604,Hail Microbus ,31.284074,30.035808
SYN_104605,Hail Microbus ,31.283955,30.033708
SYN_104606,Hail Microbus ,31.283806,30.031610
SYN_104607,Hail Microbus ,31.283687,30.029510
SYN_104608,Hail Microbus ,31.283503,30.027420
SYN_104609,Hail Microbus ,31.283362,30.025322
SYN_104610,Hail Microbus ,31.283126,30.023239
SYN_104611,Hail Microbus ,31.282647,30.021211
SYN_104612,Hail Microbus ,31.281921,30.019288
SYN_104613,Hail Microbus ,31.281112,30.017417
SYN_104614,Hail Microbus ,31.280353,30.015666
SYN_104615,Hail Microbus ,31.281386,30.014014
SYN_104616,Hail Microbus ,31.281934,30.012010
SYN_104617,Hail Microbus ,31.281722,30.012050
SYN_104618,Hail Microbus ,31.280205,30.012225
SYN_104619,Hail Microbus ,31.077794,29.734982
SYN_104620,Hail Microbus ,31.077698,29.737075
SYN_104621,Hail Microbus ,31.077594,29.739171
SYN_104622,Hail Microbus ,31.077513,29.741269
SYN_104623,Hail Microbus ,31.077357,29.743357
SYN_104624,Hail Microbus ,31.076860,29.745375
SYN_104625,Hail Microbus ,31.076357,29.747391
SYN_104626,Hail Microbus ,31.075854,29.749408
SYN_104627,Hail Microbus ,31.075354,29.751425
SYN_104628,Hail Microbus ,31.074860,29.753444
SYN_104629,Hail Microbus ,31.074366,29.755463
SYN_104630,Hail Microbus ,31.073872,29.757483
SYN_104631,Hail Microbus ,31.073221,29.759425
SYN_104632,Hail Microbus ,31.071951,29.760910
SYN_104633,Hail Microbus ,31.070580,29.762259
SYN_104634,Hail Microbus ,31.068879,29.762933
SYN_104635,Hail Microbus ,31.067149,29.763505
SYN_104636,Hail Microbus ,31.065421,29.764090
SYN_104637,Hail Microbus ,31.063694,29.764675
SYN_104638,Hail Microbus ,31.061977,29.764816
SYN_104639,Hail Microbus ,31.062762,29.763879
SYN_104640,Hail Microbus ,31.063477,29.765788
SYN_104641,Hail Microbus ,31.064106,29.767755
SYN_104642,Hail Microbus ,31.064735,29.769723
SYN_104643,Hail Microbus ,31.065363,29.771690
SYN_104644,Hail Microbus ,31.065992,29.773657
SYN_104645,Hail Microbus ,31.066727,29.775571
SYN_104646,Hail Microbus ,31.067709,29.777328
SYN_104647,Hail Microbus ,31.068912,29.778888
SYN_104648,Hail Microbus ,31.070162,29.780398
SYN_104649,Hail Microbus ,31.071412,29.781907
SYN_104650,Hail Microbus ,31.072661,29.783417
SYN_104651,Hail Microbus ,31.073911,29.784927
SYN_104652,Hail Microbus ,31.075217,29.786348
SYN_104653,Hail Microbus ,31.076547,29.787713
SYN_104654,Hail Microbus ,31.077804,29.789215
SYN_104655,Hail Microbus ,31.079061,29.790717
SYN_104656,Hail Microbus ,31.080318,29.792220
SYN_104657,Hail Microbus ,31.081575,29.793722
SYN_104658,Hail Microbus ,31.082832,29.795224
SYN_104659,Hail Microbus ,31.084089,29.796726
SYN_104660,Hail Microbus ,31.085346,29.798228
SYN_104661,Hail Microbus ,31.086603,29.799730
SYN_104662,Hail Microbus ,31.087861,29.801232
SYN_104663,Hail Microbus ,31.089118,29.802734
SYN_104664,Hail Microbus ,31.090375,29.804237
SYN_104665,Hail Microbus ,31.091632,29.805739
SYN_104666,Hail Microbus ,31.092889,29.807241
SYN_104667,Hail Microbus ,31.094132,29.808759
SYN_104668,Hail Microbus ,31.095382,29.810269
SYN_104669,Hail Microbus ,31.096649,29.811760
SYN_104670,Hail Microbus ,31.097900,29.813269
SYN_104671,Hail Microbus ,31.099172,29.814754
SYN_104672,Hail Microbus ,31.100456,29.816224
SYN_104673,Hail Microbus ,31.101741,29.817694
SYN_104674,Hail Microbus ,31.103026,29.819165
SYN_104675,Hail Microbus ,31.104328,29.820613
SYN_104676,Hail Microbus ,31.105641,29.822049
SYN_104677,Hail Microbus ,31.107004,29.823418
SYN_104678,Hail Microbus ,31.108452,29.824664
SYN_104679,Hail Microbus ,31.109930,29.825861
SYN_104680,Hail Microbus ,31.111408,29.827058
SYN_104681,Hail Microbus ,31.112815,29.828365
SYN_104682,Hail Microbus ,31.114279,29.829584
SYN_104683,Hail Microbus ,31.115781,29.830740
SYN_104684,Hail Microbus ,31.117283,29.831895
SYN_104685,Hail Microbus ,31.118662,29.833236
SYN_104686,Hail Microbus ,31.119775,29.834881
SYN_104687,Hail Microbus ,31.120558,29.836767
SYN_104688,Hail Microbus ,31.120956,29.838811
SYN_104689,Hail Microbus ,31.121184,29.840895
SYN_104690,Hail Microbus ,31.121411,29.842980
SYN_104691,Hail Microbus ,31.121639,29.845064
SYN_104692,Hail Microbus ,31.121867,29.847148
SYN_104693,Hail Microbus ,31.122095,29.849232
SYN_104694,Hail Microbus ,31.122322,29.851316
SYN_104695,Hail Microbus ,31.122550,29.853400
SYN_104696,Hail Microbus ,31.122786,29.855483
SYN_104697,Hail Microbus ,31.123205,29.857525
SYN_104698,Hail Microbus ,31.123839,29.859489
SYN_104699,Hail Microbus ,31.124706,29.861328
SYN_104700,Hail Microbus ,31.125772,29.863018
SYN_104701,Hail Microbus ,31.127023,29.864524
SYN_104702,Hail Microbus ,31.128428,29.865833
SYN_104703,Hail Microbus ,31.129965,29.866921
SYN_104704,Hail Microbus ,31.131613,29.867761
SYN_104705,Hail Microbus ,31.133284,29.868535
SYN_104706,Hail Microbus ,31.134953,29.869319
SYN_104707,Hail Microbus ,31.136629,29.870083
SYN_104708,Hail Microbus ,31.138304,29.870847
SYN_104709,Hail Microbus ,31.139979,29.871612
SYN_104710,Hail Microbus ,31.141655,29.872376
SYN_104711,Hail Microbus ,31.143330,29.873141
SYN_104712,Hail Microbus ,31.145006,29.873905
SYN_104713,Hail Microbus ,31.146681,29.874669
SYN_104714,Hail Microbus ,31.148352,29.875447
SYN_104715,Hail Microbus ,31.149963,29.876379
SYN_104716,Hail Microbus ,31.151458,29.877543
SYN_104717,Hail Microbus ,31.152733,29.879025
SYN_104718,Hail Microbus ,31.153952,29.880569
SYN_104719,Hail Microbus ,31.155079,29.882181
SYN_104720,Hail Microbus ,31.156290,29.883735
SYN_104721,Hail Microbus ,31.157495,29.885295
SYN_104722,Hail Microbus ,31.158699,29.886856
SYN_104723,Hail Microbus ,31.159904,29.888417
SYN_104724,Hail Microbus ,31.161121,29.889963
SYN_104725,Hail Microbus ,31.162407,29.891431
SYN_104726,Hail Microbus ,31.163380,29.893189
SYN_104727,Hail Microbus ,31.164075,29.895127
SYN_104728,Hail Microbus ,31.164738,29.897081
SYN_104729,Hail Microbus ,31.165812,29.898709
SYN_104730,Hail Microbus ,31.167459,29.899510
SYN_104731,Hail Microbus ,31.168971,29.900628
SYN_104732,Hail Microbus ,31.169916,29.902394
SYN_104733,Hail Microbus ,31.170672,29.904301
SYN_104734,Hail Microbus ,31.171428,29.906209
SYN_104735,Hail Microbus ,31.172172,29.908123
SYN_104736,Hail Microbus ,31.172861,29.910061
SYN_104737,Hail Microbus ,31.173136,29.912131
SYN_104738,Hail Microbus ,31.172927,29.914208
SYN_104739,Hail Microbus ,31.172932,29.914885
SYN_104740,Hail Microbus ,31.173453,29.912875
SYN_104741,Hail Microbus ,31.174118,29.912345
SYN_104742,Hail Microbus ,31.174931,29.914219
SYN_104743,Hail Microbus ,31.175719,29.916108
SYN_104744,Hail Microbus ,31.176462,29.918022
SYN_104745,Hail Microbus ,31.177109,29.919979
SYN_104746,Hail Microbus ,31.177953,29.921832
SYN_104747,Hail Microbus ,31.178713,29.923737
SYN_104748,Hail Microbus ,31.179515,29.925616
SYN_104749,Hail Microbus ,31.180160,29.927568
SYN_104750,Hail Microbus ,31.181162,29.929199
SYN_104751,Hail Microbus ,31.182164,29.927664
SYN_104752,Hail Microbus ,31.183745,29.926682
SYN_104753,Hail Microbus ,31.185371,29.925784
SYN_104754,Hail Microbus ,31.187005,29.924906
SYN_104755,Hail Microbus ,31.188640,29.924029
SYN_104756,Hail Microbus ,31.190389,29.923729
SYN_104757,Hail Microbus ,31.192150,29.923848
SYN_104758,Hail Microbus ,31.193681,29.922746
SYN_104759,Hail Microbus ,31.195089,29.921460
SYN_104760,Hail Microbus ,31.195906,29.919587
SYN_104761,Hail Microbus ,31.196873,29.917840
SYN_104762,Hail Microbus ,31.198347,29.916639
SYN_104763,Hail Microbus ,31.200107,29.916412
SYN_104764,Hail Microbus ,31.201865,29.915990
SYN_104765,Hail Microbus ,31.203549,29.915252
SYN_104766,Hail Microbus ,31.205236,29.914525
SYN_104767,Hail Microbus ,31.206917,29.913774
SYN_104768,Hail Microbus ,31.208592,29.913009
SYN_104769,Hail Microbus ,31.210270,29.912257
SYN_104770,Hail Microbus ,31.211150,29.914021
SYN_104771,Hail Microbus ,31.211721,29.916015
SYN_104772,Hail Microbus ,31.212760,29.917704
SYN_104773,Hail Microbus ,31.213834,29.919382
SYN_104774,Hail Microbus ,31.214836,29.921124
SYN_104775,Hail Microbus ,31.215911,29.922802
SYN_104776,Hail Microbus ,31.216907,29.924540
SYN_104777,Hail Microbus ,31.218001,29.926207
SYN_104778,Hail Microbus ,31.219129,29.927844
SYN_104779,Hail Microbus ,31.219969,29.929700
SYN_104780,Hail Microbus ,31.221215,29.931209
SYN_104781,Hail Microbus ,31.222454,29.932733
SYN_104782,Hail Microbus ,31.223676,29.934277
SYN_104783,Hail Microbus ,31.224898,29.935820
SYN_104784,Hail Microbus ,31.226137,29.937344
SYN_104785,Hail Microbus ,31.227251,29.938960
SYN_104786,Hail Microbus ,31.227516,29.941021
SYN_104787,Hail Microbus ,31.226120,29.941729
SYN_104788,Hail Microbus ,31.224325,29.941861
SYN_104789,Hail Microbus ,31.222530,29.941994
SYN_104790,Hail Microbus ,31.220735,29.942126
SYN_104791,Hail Microbus ,31.219195,29.941483
SYN_104792,Hail Microbus ,31.217897,29.940028
SYN_104793,Hail Microbus ,31.216598,29.938573
SYN_104794,Hail Microbus ,31.215955,29.939637
SYN_104795,Hail Microbus ,31.217351,29.940924
SYN_104796,Hail Microbus ,31.218498,29.942544
SYN_104797,Hail Microbus ,31.019528,29.794723
SYN_104798,Hail Microbus ,31.021164,29.793908
SYN_104799,Hail Microbus ,31.022882,29.793285
SYN_104800,Hail Microbus ,31.024583,29.792607
SYN_104801,Hail Microbus ,31.026155,29.791599
SYN_104802,Hail Microbus ,31.027545,29.790270
SYN_104803,Hail Microbus ,31.028892,29.788880
SYN_104804,Hail Microbus ,31.030216,29.787459
SYN_104805,Hail Microbus ,31.031555,29.786058
SYN_104806,Hail Microbus ,31.032899,29.784664
SYN_104807,Hail Microbus ,31.034383,29.783489
SYN_104808,Hail Microbus ,31.036129,29.783022
SYN_104809,Hail Microbus ,31.037888,29.782646
SYN_104810,Hail Microbus ,31.039130,29.781153
SYN_104811,Hail Microbus ,31.040255,29.779516
SYN_104812,Hail Microbus ,31.041403,29.777900
SYN_104813,Hail Microbus ,31.042745,29.776514
SYN_104814,Hail Microbus ,31.044341,29.775548
SYN_104815,Hail Microbus ,31.045950,29.774608
SYN_104816,Hail Microbus ,31.047568,29.773691
SYN_104817,Hail Microbus ,31.049186,29.772773
SYN_104818,Hail Microbus ,31.050803,29.771856
SYN_104819,Hail Microbus ,31.052421,29.770939
SYN_104820,Hail Microbus ,31.054039,29.770021
SYN_104821,Hail Microbus ,31.055657,29.769104
SYN_104822,Hail Microbus ,31.057266,29.768165
SYN_104823,Hail Microbus ,31.058859,29.767192
SYN_104824,Hail Microbus ,31.060446,29.766204
SYN_104825,Hail Microbus ,31.062112,29.765418
SYN_104826,Hail Microbus ,31.063834,29.764811
SYN_104827,Hail Microbus ,31.065561,29.764225
SYN_104828,Hail Microbus ,31.067288,29.763640
SYN_104829,Hail Microbus ,31.069013,29.763046
SYN_104830,Hail Microbus ,31.070710,29.762362
SYN_104831,Hail Microbus ,31.072066,29.760990
SYN_104832,Hail Microbus ,31.073335,29.759504
SYN_104833,Hail Microbus ,31.073993,29.757567
SYN_104834,Hail Microbus ,31.074494,29.755550
SYN_104835,Hail Microbus ,31.075009,29.753538
SYN_104836,Hail Microbus ,31.075503,29.751518
SYN_104837,Hail Microbus ,31.075999,29.749500
SYN_104838,Hail Microbus ,31.076500,29.747483
SYN_104839,Hail Microbus ,31.076998,29.745465
SYN_104840,Hail Microbus ,31.077486,29.743444
SYN_104841,Hail Microbus ,31.077674,29.741359
SYN_104842,Hail Microbus ,31.077785,29.739263
SYN_104843,Hail Microbus ,31.077876,29.737165
SYN_104844,Hail Microbus ,31.201401,29.899408
SYN_104845,Hail Microbus ,31.202383,29.901166
SYN_104846,Hail Microbus ,31.203544,29.902770
SYN_104847,Hail Microbus ,31.204836,29.904232
SYN_104848,Hail Microbus ,31.206228,29.905563
SYN_104849,Hail Microbus ,31.207739,29.906702
SYN_104850,Hail Microbus ,31.207027,29.908168
SYN_104851,Hail Microbus ,31.205825,29.909732
SYN_104852,Hail Microbus ,31.204625,29.911298
SYN_104853,Hail Microbus ,31.204008,29.912955
SYN_104854,Hail Microbus ,31.204571,29.914700
SYN_104855,Hail Microbus ,31.202893,29.915457
SYN_104856,Hail Microbus ,31.201180,29.916088
SYN_104857,Hail Microbus ,31.199403,29.916301
SYN_104858,Hail Microbus ,31.197761,29.917004
SYN_104859,Hail Microbus ,31.196354,29.918298
SYN_104860,Hail Microbus ,31.195494,29.920144
SYN_104861,Hail Microbus ,31.194532,29.921886
SYN_104862,Hail Microbus ,31.193034,29.923048
SYN_104863,Hail Microbus ,31.191441,29.923837
SYN_104864,Hail Microbus ,31.189659,29.923602
SYN_104865,Hail Microbus ,31.187974,29.924294
SYN_104866,Hail Microbus ,31.186341,29.925173
SYN_104867,Hail Microbus ,31.184703,29.926043
SYN_104868,Hail Microbus ,31.183041,29.926803
SYN_104869,Hail Microbus ,31.181342,29.927221
SYN_104870,Hail Microbus ,31.179974,29.925952
SYN_104871,Hail Microbus ,31.179096,29.924123
SYN_104872,Hail Microbus ,31.178296,29.922245
SYN_104873,Hail Microbus ,31.177539,29.920339
SYN_104874,Hail Microbus ,31.176767,29.918441
SYN_104875,Hail Microbus ,31.176011,29.916533
SYN_104876,Hail Microbus ,31.175255,29.914626
SYN_104877,Hail Microbus ,31.174475,29.912732
SYN_104878,Hail Microbus ,31.173692,29.911400
SYN_104879,Hail Microbus ,31.173160,29.909413
SYN_104880,Hail Microbus ,31.172410,29.907502
SYN_104881,Hail Microbus ,31.171660,29.905591
SYN_104882,Hail Microbus ,31.170898,29.903687
SYN_104883,Hail Microbus ,31.170126,29.901791
SYN_104884,Hail Microbus ,31.169406,29.899864
SYN_104885,Hail Microbus ,31.168675,29.897943
SYN_104886,Hail Microbus ,31.167944,29.896023
SYN_104887,Hail Microbus ,31.167316,29.894062
SYN_104888,Hail Microbus ,31.166710,29.892090
SYN_104889,Hail Microbus ,31.165147,29.891201
SYN_104890,Hail Microbus ,31.163494,29.890395
SYN_104891,Hail Microbus ,31.161949,29.889319
SYN_104892,Hail Microbus ,31.160457,29.888150
SYN_104893,Hail Microbus ,31.159155,29.886702
SYN_104894,Hail Microbus ,31.157981,29.885109
SYN_104895,Hail Microbus ,31.156807,29.883517
SYN_104896,Hail Microbus ,31.155633,29.881925
SYN_104897,Hail Microbus ,31.154342,29.880504
SYN_104898,Hail Microbus ,31.153144,29.878935
SYN_104899,Hail Microbus ,31.151831,29.877499
SYN_104900,Hail Microbus ,31.150381,29.876269
SYN_104901,Hail Microbus ,31.148762,29.875356
SYN_104902,Hail Microbus ,31.147095,29.874569
SYN_104903,Hail Microbus ,31.145419,29.873804
SYN_104904,Hail Microbus ,31.143744,29.873040
SYN_104905,Hail Microbus ,31.142069,29.872275
SYN_104906,Hail Microbus ,31.140393,29.871510
SYN_104907,Hail Microbus ,31.138718,29.870745
SYN_104908,Hail Microbus ,31.137043,29.869980
SYN_104909,Hail Microbus ,31.135368,29.869215
SYN_104910,Hail Microbus ,31.133692,29.868450
SYN_104911,Hail Microbus ,31.132017,29.867685
SYN_104912,Hail Microbus ,31.130364,29.866860
SYN_104913,Hail Microbus ,31.128803,29.865817
SYN_104914,Hail Microbus ,31.127366,29.864556
SYN_104915,Hail Microbus ,31.126096,29.863072
SYN_104916,Hail Microbus ,31.125003,29.861405
SYN_104917,Hail Microbus ,31.124120,29.859576
SYN_104918,Hail Microbus ,31.123447,29.857630
SYN_104919,Hail Microbus ,31.123032,29.855588
SYN_104920,Hail Microbus ,31.122800,29.853504
SYN_104921,Hail Microbus ,31.122569,29.851421
SYN_104922,Hail Microbus ,31.122337,29.849337
SYN_104923,Hail Microbus ,31.122113,29.847252
SYN_104924,Hail Microbus ,31.121890,29.845168
SYN_104925,Hail Microbus ,31.121667,29.843083
SYN_104926,Hail Microbus ,31.121444,29.840998
SYN_104927,Hail Microbus ,31.121217,29.838914
SYN_104928,Hail Microbus ,31.120820,29.836868
SYN_104929,Hail Microbus ,31.120097,29.834948
SYN_104930,Hail Microbus ,31.119121,29.833186
SYN_104931,Hail Microbus ,31.117835,29.831725
SYN_104932,Hail Microbus ,31.116345,29.830550
SYN_104933,Hail Microbus ,31.114834,29.829410
SYN_104934,Hail Microbus ,31.113337,29.828245
SYN_104935,Hail Microbus ,31.111830,29.827098
SYN_104936,Hail Microbus ,31.110356,29.825896
SYN_104937,Hail Microbus ,31.108861,29.824729
SYN_104938,Hail Microbus ,31.107412,29.823484
SYN_104939,Hail Microbus ,31.106004,29.822179
SYN_104940,Hail Microbus ,31.104709,29.820721
SYN_104941,Hail Microbus ,31.103420,29.819256
SYN_104942,Hail Microbus ,31.102135,29.817786
SYN_104943,Hail Microbus ,31.100850,29.816315
SYN_104944,Hail Microbus ,31.099566,29.814845
SYN_104945,Hail Microbus ,31.098285,29.813370
SYN_104946,Hail Microbus ,31.097025,29.811871
SYN_104947,Hail Microbus ,31.095765,29.810373
SYN_104948,Hail Microbus ,31.094504,29.808874
SYN_104949,Hail Microbus ,31.093244,29.807375
SYN_104950,Hail Microbus ,31.091989,29.805871
SYN_104951,Hail Microbus ,31.090733,29.804367
SYN_104952,Hail Microbus ,31.089478,29.802863
SYN_104953,Hail Microbus ,31.088223,29.801359
SYN_104954,Hail Microbus ,31.086967,29.799855
SYN_104955,Hail Microbus ,31.085712,29.798351
SYN_104956,Hail Microbus ,31.084456,29.796847
SYN_104957,Hail Microbus ,31.083202,29.795342
SYN_104958,Hail Microbus ,31.081950,29.793834
SYN_104959,Hail Microbus ,31.080699,29.792325
SYN_104960,Hail Microbus ,31.079447,29.790817
SYN_104961,Hail Microbus ,31.078195,29.789309
SYN_104962,Hail Microbus ,31.076944,29.787801
SYN_104963,Hail Microbus ,31.075760,29.786233
SYN_104964,Hail Microbus ,31.074596,29.784662
SYN_104965,Hail Microbus ,31.073332,29.783168
SYN_104966,Hail Microbus ,31.072068,29.781674
SYN_104967,Hail Microbus ,31.070804,29.780180
SYN_104968,Hail Microbus ,31.069540,29.778686
SYN_104969,Hail Microbus ,31.068341,29.777124
SYN_104970,Hail Microbus ,31.067332,29.775388
SYN_104971,Hail Microbus ,31.066534,29.773508
SYN_104972,Hail Microbus ,31.066067,29.771497
SYN_104973,Hail Microbus ,31.065800,29.769422
SYN_104974,Hail Microbus ,31.065343,29.767393
SYN_104975,Hail Microbus ,31.065319,29.765378
SYN_104976,Hail Microbus ,31.066602,29.764082
SYN_104977,Hail Microbus ,31.068226,29.763320
SYN_104978,Hail Microbus ,31.069950,29.762721
SYN_104979,Hail Microbus ,31.071472,29.761653
SYN_104980,Hail Microbus ,31.072764,29.760192
SYN_104981,Hail Microbus ,31.073761,29.758487
SYN_104982,Hail Microbus ,31.074266,29.756471
SYN_104983,Hail Microbus ,31.074772,29.754456
SYN_104984,Hail Microbus ,31.075282,29.752442
SYN_104985,Hail Microbus ,31.075777,29.750424
SYN_104986,Hail Microbus ,31.076273,29.748405
SYN_104987,Hail Microbus ,31.076768,29.746386
SYN_104988,Hail Microbus ,31.077264,29.744367
SYN_104989,Hail Microbus ,31.077622,29.742316
SYN_104990,Hail Microbus ,31.077735,29.740220
SYN_104991,Hail Microbus ,31.077833,29.738123
SYN_104992,Hail Microbus ,31.281586,30.013296
SYN_104993,Hail Microbus ,31.282123,30.011287
SYN_104994,Hail Microbus ,31.280834,30.010165
SYN_104995,Hail Microbus ,31.279384,30.008948
SYN_104996,Hail Microbus ,31.278146,30.007422
SYN_104997,Hail Microbus ,31.277438,30.005498
SYN_104998,Hail Microbus ,31.277265,30.003418
SYN_104999,Hail Microbus ,31.275715,30.002447
SYN_105000,Hail Microbus ,31.274202,30.001329
SYN_105001,Hail Microbus ,31.272789,30.000030
SYN_105002,Hail Microbus ,31.271536,29.998542
SYN_105003,Hail Microbus ,31.270798,29.996624
SYN_105004,Hail Microbus ,31.270851,29.994554
SYN_105005,Hail Microbus ,31.269998,29.992753
SYN_105006,Hail Microbus ,31.270041,29.990650
SYN_105007,Hail Microbus ,31.270152,29.988558
SYN_105008,Hail Microbus ,31.269091,29.987000
SYN_105009,Hail Microbus ,31.267412,29.987264
SYN_105010,Hail Microbus ,31.265664,29.987193
SYN_105011,Hail Microbus ,31.264025,29.986338
SYN_105012,Hail Microbus ,31.262705,29.984917
SYN_105013,Hail Microbus ,31.261862,29.983095
SYN_105014,Hail Microbus ,31.260605,29.981680
SYN_105015,Hail Microbus ,31.259043,29.980691
SYN_105016,Hail Microbus ,31.257695,29.979320
SYN_105017,Hail Microbus ,31.256287,29.978044
SYN_105018,Hail Microbus ,31.255165,29.976420
SYN_105019,Hail Microbus ,31.254661,29.974435
SYN_105020,Hail Microbus ,31.253574,29.972851
SYN_105021,Hail Microbus ,31.252148,29.971583
SYN_105022,Hail Microbus ,31.250925,29.970043
SYN_105023,Hail Microbus ,31.249415,29.968908
SYN_105024,Hail Microbus ,31.248103,29.967472
SYN_105025,Hail Microbus ,31.246811,29.966057
SYN_105026,Hail Microbus ,31.245242,29.965029
SYN_105027,Hail Microbus ,31.244004,29.963517
SYN_105028,Hail Microbus ,31.242753,29.962019
SYN_105029,Hail Microbus ,31.241737,29.960309
SYN_105030,Hail Microbus ,31.240749,29.958673
SYN_105031,Hail Microbus ,31.240973,29.956762
SYN_105032,Hail Microbus ,31.239839,29.955130
SYN_105033,Hail Microbus ,31.238535,29.953743
SYN_105034,Hail Microbus ,31.237117,29.952531
SYN_105035,Hail Microbus ,31.236565,29.950560
SYN_105036,Hail Microbus ,31.235383,29.948978
SYN_105037,Hail Microbus ,31.234197,29.947397
SYN_105038,Hail Microbus ,31.232812,29.946057
SYN_105039,Hail Microbus ,31.231393,29.944767
SYN_105040,Hail Microbus ,31.230029,29.943396
SYN_105041,Hail Microbus ,31.228665,29.942025
SYN_105042,Hail Microbus ,31.227754,29.940348
SYN_105043,Hail Microbus ,31.227237,29.938361
SYN_105044,Hail Microbus ,31.226104,29.936734
SYN_105045,Hail Microbus ,31.224802,29.935287
SYN_105046,Hail Microbus ,31.223549,29.933778
SYN_105047,Hail Microbus ,31.222331,29.932229
SYN_105048,Hail Microbus ,31.221141,29.930652
SYN_105049,Hail Microbus ,31.220001,29.929035
SYN_105050,Hail Microbus ,31.218992,29.927298
SYN_105051,Hail Microbus ,31.217849,29.925673
SYN_105052,Hail Microbus ,31.216783,29.923984
SYN_105053,Hail Microbus ,31.215718,29.922309
SYN_105054,Hail Microbus ,31.214767,29.920527
SYN_105055,Hail Microbus ,31.213880,29.918705
SYN_105056,Hail Microbus ,31.212617,29.917208
SYN_105057,Hail Microbus ,31.211728,29.915416
SYN_105058,Hail Microbus ,31.211142,29.913428
SYN_105059,Hail Microbus ,31.210285,29.911586
SYN_105060,Hail Microbus ,31.210010,29.909512
SYN_105061,Hail Microbus ,31.209281,29.907598
SYN_105062,Hail Microbus ,31.207757,29.906504
SYN_105063,Hail Microbus ,31.206258,29.905344
SYN_105064,Hail Microbus ,31.204859,29.904023
SYN_105065,Hail Microbus ,31.203558,29.902572
SYN_105066,Hail Microbus ,31.202405,29.900961
SYN_105067,Hail Microbus ,31.201476,29.899163
SYN_105068,Hail Microbus ,31.200823,29.897208
SYN_105069,Hail Microbus ,31.200499,29.895144
SYN_105070,Hail Microbus ,31.200488,29.893046
SYN_105071,Hail Microbus ,31.200801,29.890978
SYN_105072,Hail Microbus ,31.201436,29.889016
SYN_105073,Hail Microbus ,31.202442,29.887282
SYN_105074,Hail Microbus ,31.203747,29.885837
SYN_105075,Hail Microbus ,31.205189,29.884584
SYN_105076,Hail Microbus ,31.206752,29.883546
SYN_105077,Hail Microbus ,31.208411,29.882740
SYN_105078,Hail Microbus ,31.210034,29.882029
SYN_105079,Hail Microbus ,31.209999,29.879948
SYN_105080,Hail Microbus ,31.208749,29.879163
SYN_105081,Hail Microbus ,31.206972,29.878884
SYN_105082,Hail Microbus ,31.205367,29.877974
SYN_105083,Hail Microbus ,31.204320,29.876289
SYN_105084,Hail Microbus ,31.213186,29.993590
SYN_105085,Hail Microbus ,31.211395,29.993730
SYN_105086,Hail Microbus ,31.209621,29.994069
SYN_105087,Hail Microbus ,31.207834,29.994301
SYN_105088,Hail Microbus ,31.206038,29.994428
SYN_105089,Hail Microbus ,31.204243,29.994556
SYN_105090,Hail Microbus ,31.202445,29.994564
SYN_105091,Hail Microbus ,31.200647,29.994599
SYN_105092,Hail Microbus ,31.198849,29.994601
SYN_105093,Hail Microbus ,31.197050,29.994607
SYN_105094,Hail Microbus ,31.195252,29.994672
SYN_105095,Hail Microbus ,31.193454,29.994721
SYN_105096,Hail Microbus ,31.191657,29.994807
SYN_105097,Hail Microbus ,31.189859,29.994841
SYN_105098,Hail Microbus ,31.188131,29.995302
SYN_105099,Hail Microbus ,31.186528,29.996213
SYN_105100,Hail Microbus ,31.184771,29.995941
SYN_105101,Hail Microbus ,31.183362,29.994658
SYN_105102,Hail Microbus ,31.182075,29.993188
SYN_105103,Hail Microbus ,31.180786,29.991723
SYN_105104,Hail Microbus ,31.179505,29.990248
SYN_105105,Hail Microbus ,31.178226,29.988769
SYN_105106,Hail Microbus ,31.177086,29.987152
SYN_105107,Hail Microbus ,31.176288,29.985268
SYN_105108,Hail Microbus ,31.175493,29.983382
SYN_105109,Hail Microbus ,31.174813,29.981443
SYN_105110,Hail Microbus ,31.174809,29.979360
SYN_105111,Hail Microbus ,31.175629,29.977507
SYN_105112,Hail Microbus ,31.176710,29.975827
SYN_105113,Hail Microbus ,31.177737,29.974104
SYN_105114,Hail Microbus ,31.178649,29.972296
SYN_105115,Hail Microbus ,31.179718,29.970605
SYN_105116,Hail Microbus ,31.180787,29.968915
SYN_105117,Hail Microbus ,31.181857,29.967224
SYN_105118,Hail Microbus ,31.182536,29.965310
SYN_105119,Hail Microbus ,31.182200,29.963275
SYN_105120,Hail Microbus ,31.181384,29.961401
SYN_105121,Hail Microbus ,31.180551,29.959538
SYN_105122,Hail Microbus ,31.179705,29.957683
SYN_105123,Hail Microbus ,31.178883,29.955813
SYN_105124,Hail Microbus ,31.178106,29.953918
SYN_105125,Hail Microbus ,31.177256,29.952065
SYN_105126,Hail Microbus ,31.176414,29.950208
SYN_105127,Hail Microbus ,31.175543,29.948368
SYN_105128,Hail Microbus ,31.174669,29.946532
SYN_105129,Hail Microbus ,31.173835,29.944671
SYN_105130,Hail Microbus ,31.172679,29.943071
SYN_105131,Hail Microbus ,31.171335,29.941674
SYN_105132,Hail Microbus ,31.170015,29.940248
SYN_105133,Hail Microbus ,31.168821,29.938677
SYN_105134,Hail Microbus ,31.167433,29.937344
SYN_105135,Hail Microbus ,31.167535,29.935874
SYN_105136,Hail Microbus ,31.169119,29.934910
SYN_105137,Hail Microbus ,31.167791,29.935093
SYN_105138,Hail Microbus ,31.166042,29.935064
SYN_105139,Hail Microbus ,31.164542,29.933913
SYN_105140,Hail Microbus ,31.163075,29.932707
SYN_105141,Hail Microbus ,31.161721,29.931323
SYN_105142,Hail Microbus ,31.160367,29.929939
SYN_105143,Hail Microbus ,31.159014,29.928555
SYN_105144,Hail Microbus ,31.157660,29.927171
SYN_105145,Hail Microbus ,31.156306,29.925787
SYN_105146,Hail Microbus ,31.154955,29.924400
SYN_105147,Hail Microbus ,31.153664,29.922936
SYN_105148,Hail Microbus ,31.152317,29.921544
SYN_105149,Hail Microbus ,31.150960,29.920165
SYN_105150,Hail Microbus ,31.149588,29.918806
SYN_105151,Hail Microbus ,31.148235,29.917422
SYN_105152,Hail Microbus ,31.146881,29.916038
SYN_105153,Hail Microbus ,31.145527,29.914654
SYN_105154,Hail Microbus ,31.144174,29.913271
SYN_105155,Hail Microbus ,31.142820,29.911887
SYN_105156,Hail Microbus ,31.141466,29.910503
SYN_105157,Hail Microbus ,31.140113,29.909120
SYN_105158,Hail Microbus ,31.138759,29.907736
SYN_105159,Hail Microbus ,31.137405,29.906352
SYN_105160,Hail Microbus ,31.136052,29.904968
SYN_105161,Hail Microbus ,31.134698,29.903585
SYN_105162,Hail Microbus ,31.133344,29.902201
SYN_105163,Hail Microbus ,31.131991,29.900817
SYN_105164,Hail Microbus ,31.130637,29.899434
SYN_105165,Hail Microbus ,31.129283,29.898050
SYN_105166,Hail Microbus ,31.127930,29.896666
SYN_105167,Hail Microbus ,31.126483,29.895428
SYN_105168,Hail Microbus ,31.124902,29.894427
SYN_105169,Hail Microbus ,31.123331,29.893406
SYN_105170,Hail Microbus ,31.121968,29.892044
SYN_105171,Hail Microbus ,31.120697,29.890557
SYN_105172,Hail Microbus ,31.119462,29.889031
SYN_105173,Hail Microbus ,31.118188,29.887549
SYN_105174,Hail Microbus ,31.116913,29.886066
SYN_105175,Hail Microbus ,31.115639,29.884584
SYN_105176,Hail Microbus ,31.114322,29.883155
SYN_105177,Hail Microbus ,31.113053,29.881666
SYN_105178,Hail Microbus ,31.111784,29.880177
SYN_105179,Hail Microbus ,31.110515,29.878688
SYN_105180,Hail Microbus ,31.109274,29.877170
SYN_105181,Hail Microbus ,31.108334,29.875384
SYN_105182,Hail Microbus ,31.107648,29.873442
SYN_105183,Hail Microbus ,31.106984,29.871490
SYN_105184,Hail Microbus ,31.106374,29.869514
SYN_105185,Hail Microbus ,31.105765,29.867538
SYN_105186,Hail Microbus ,31.105117,29.865579
SYN_105187,Hail Microbus ,31.104258,29.863736
SYN_105188,Hail Microbus ,31.103196,29.862042
SYN_105189,Hail Microbus ,31.102123,29.860356
SYN_105190,Hail Microbus ,31.101025,29.858693
SYN_105191,Hail Microbus ,31.099936,29.857021
SYN_105192,Hail Microbus ,31.098624,29.855601
SYN_105193,Hail Microbus ,31.096986,29.854750
SYN_105194,Hail Microbus ,31.095268,29.854129
SYN_105195,Hail Microbus ,31.093533,29.853577
SYN_105196,Hail Microbus ,31.091793,29.853046
SYN_105197,Hail Microbus ,31.090058,29.852490
SYN_105198,Hail Microbus ,31.088341,29.851869
SYN_105199,Hail Microbus ,31.086778,29.850839
SYN_105200,Hail Microbus ,31.085443,29.849435
SYN_105201,Hail Microbus ,31.084165,29.847958
SYN_105202,Hail Microbus ,31.082898,29.846467
SYN_105203,Hail Microbus ,31.081631,29.844976
SYN_105204,Hail Microbus ,31.080352,29.843500
SYN_105205,Hail Microbus ,31.079074,29.842022
SYN_105206,Hail Microbus ,31.077829,29.840507
SYN_105207,Hail Microbus ,31.076649,29.838926
SYN_105208,Hail Microbus ,31.075700,29.837143
SYN_105209,Hail Microbus ,31.074784,29.835336
SYN_105210,Hail Microbus ,31.073868,29.833529
SYN_105211,Hail Microbus ,31.072952,29.831722
SYN_105212,Hail Microbus ,31.072036,29.829914
SYN_105213,Hail Microbus ,31.071121,29.828107
SYN_105214,Hail Microbus ,31.070205,29.826300
SYN_105215,Hail Microbus ,31.069289,29.824492
SYN_105216,Hail Microbus ,31.068390,29.822673
SYN_105217,Hail Microbus ,31.067460,29.820876
SYN_105218,Hail Microbus ,31.066536,29.819074
SYN_105219,Hail Microbus ,31.065622,29.817266
SYN_105220,Hail Microbus ,31.064708,29.815457
SYN_105221,Hail Microbus ,31.063790,29.813652
SYN_105222,Hail Microbus ,31.062825,29.811880
SYN_105223,Hail Microbus ,31.061705,29.810240
SYN_105224,Hail Microbus ,31.060458,29.808727
SYN_105225,Hail Microbus ,31.059210,29.807215
SYN_105226,Hail Microbus ,31.057941,29.805727
SYN_105227,Hail Microbus ,31.056668,29.804244
SYN_105228,Hail Microbus ,31.055405,29.802749
SYN_105229,Hail Microbus ,31.054162,29.801232
SYN_105230,Hail Microbus ,31.053081,29.799557
SYN_105231,Hail Microbus ,31.052195,29.797730
SYN_105232,Hail Microbus ,31.051311,29.795902
SYN_105233,Hail Microbus ,31.050439,29.794066
SYN_105234,Hail Microbus ,31.049568,29.792228
SYN_105235,Hail Microbus ,31.048698,29.790391
SYN_105236,Hail Microbus ,31.047827,29.788554
SYN_105237,Hail Microbus ,31.046957,29.786717
SYN_105238,Hail Microbus ,31.046087,29.784879
SYN_105239,Hail Microbus ,31.044954,29.783262
SYN_105240,Hail Microbus ,31.043405,29.782224
SYN_105241,Hail Microbus ,31.041637,29.781920
SYN_105242,Hail Microbus ,31.039839,29.781971
SYN_105243,Hail Microbus ,31.038042,29.782060
SYN_105244,Hail Microbus ,31.036251,29.782241
SYN_105245,Hail Microbus ,31.034552,29.782903
SYN_105246,Hail Microbus ,31.033070,29.784091
SYN_105247,Hail Microbus ,31.192627,29.906487
SYN_105248,Hail Microbus ,31.193472,29.908343
SYN_105249,Hail Microbus ,31.194317,29.910199
SYN_105250,Hail Microbus ,31.195148,29.912064
SYN_105251,Hail Microbus ,31.195679,29.914056
SYN_105252,Hail Microbus ,31.195901,29.916135
SYN_105253,Hail Microbus ,31.197251,29.916695
SYN_105254,Hail Microbus ,31.198904,29.916575
SYN_105255,Hail Microbus ,31.200691,29.916464
SYN_105256,Hail Microbus ,31.202111,29.916989
SYN_105257,Hail Microbus ,31.202852,29.918906
SYN_105258,Hail Microbus ,31.203605,29.920815
SYN_105259,Hail Microbus ,31.204364,29.922722
SYN_105260,Hail Microbus ,31.205139,29.924620
SYN_105261,Hail Microbus ,31.205957,29.926489
SYN_105262,Hail Microbus ,31.207002,29.928199
SYN_105263,Hail Microbus ,31.208100,29.929813
SYN_105264,Hail Microbus ,31.209468,29.931169
SYN_105265,Hail Microbus ,31.210799,29.932584
SYN_105266,Hail Microbus ,31.212130,29.933999
SYN_105267,Hail Microbus ,31.213466,29.935407
SYN_105268,Hail Microbus ,31.214806,29.936810
SYN_105269,Hail Microbus ,31.216146,29.938213
SYN_105270,Hail Microbus ,31.217457,29.939652
SYN_105271,Hail Microbus ,31.218758,29.941104
SYN_105272,Hail Microbus ,31.220060,29.942556
SYN_105273,Hail Microbus ,31.221372,29.943994
SYN_105274,Hail Microbus ,31.222695,29.945418
SYN_105275,Hail Microbus ,31.224141,29.946666
SYN_105276,Hail Microbus ,31.225436,29.948102
SYN_105277,Hail Microbus ,31.226524,29.949777
SYN_105278,Hail Microbus ,31.227609,29.951455
SYN_105279,Hail Microbus ,31.228740,29.953086
SYN_105280,Hail Microbus ,31.230021,29.954561
SYN_105281,Hail Microbus ,31.231339,29.955992
SYN_105282,Hail Microbus ,31.232725,29.957331
SYN_105283,Hail Microbus ,31.234128,29.958648
SYN_105284,Hail Microbus ,31.235519,29.959981
SYN_105285,Hail Microbus ,31.236931,29.961284
SYN_105286,Hail Microbus ,31.238358,29.962562
SYN_105287,Hail Microbus ,31.239504,29.964183
SYN_105288,Hail Microbus ,31.240510,29.965919
SYN_105289,Hail Microbus ,31.241609,29.967574
SYN_105290,Hail Microbus ,31.242746,29.969203
SYN_105291,Hail Microbus ,31.243888,29.970828
SYN_105292,Hail Microbus ,31.244964,29.972511
SYN_105293,Hail Microbus ,31.245775,29.974388
SYN_105294,Hail Microbus ,31.246554,29.976284
SYN_105295,Hail Microbus ,31.247451,29.978104
SYN_105296,Hail Microbus ,31.248619,29.979694
SYN_105297,Hail Microbus ,31.249684,29.981390
SYN_105298,Hail Microbus ,31.250716,29.983113
SYN_105299,Hail Microbus ,31.251741,29.984841
SYN_105300,Hail Microbus ,31.252780,29.986550
SYN_105301,Hail Microbus ,31.254296,29.985557
SYN_105302,Hail Microbus ,31.255805,29.984770
SYN_105303,Hail Microbus ,31.257019,29.986315
SYN_105304,Hail Microbus ,31.258206,29.987896
SYN_105305,Hail Microbus ,31.259406,29.989463
SYN_105306,Hail Microbus ,31.260553,29.991083
SYN_105307,Hail Microbus ,31.261709,29.992695
SYN_105308,Hail Microbus ,31.192020,29.906713
SYN_105309,Hail Microbus ,31.191856,29.908806
SYN_105310,Hail Microbus ,31.191692,29.910900
SYN_105311,Hail Microbus ,31.191526,29.912994
SYN_105312,Hail Microbus ,31.191346,29.915086
SYN_105313,Hail Microbus ,31.191166,29.917178
SYN_105314,Hail Bus 480,31.193150,29.901455
SYN_105315,Hail Bus 480,31.193849,29.903392
SYN_105316,Hail Bus 480,31.194560,29.905323
SYN_105317,Hail Bus 480,31.195274,29.907253
SYN_105318,Hail Bus 480,31.196003,29.909175
SYN_105319,Hail Bus 480,31.196964,29.910951
SYN_105320,Hail Bus 480,31.197732,29.912849
SYN_105321,Hail Bus 480,31.198452,29.914771
SYN_105322,Hail Bus 480,31.198433,29.916402
SYN_105323,Hail Bus 480,31.196983,29.917633
SYN_105324,Hail Bus 480,31.195890,29.919262
SYN_105325,Hail Bus 480,31.195086,29.921142
SYN_105326,Hail Bus 480,31.193737,29.922484
SYN_105327,Hail Bus 480,31.192251,29.923667
SYN_105328,Hail Bus 480,31.190507,29.923659
SYN_105329,Hail Bus 480,31.188747,29.923873
SYN_105330,Hail Bus 480,31.187116,29.924760
SYN_105331,Hail Bus 480,31.185481,29.925635
SYN_105332,Hail Bus 480,31.183841,29.926499
SYN_105333,Hail Bus 480,31.182208,29.927379
SYN_105334,Hail Bus 480,31.180577,29.928266
SYN_105335,Hail Bus 480,31.178965,29.929199
SYN_105336,Hail Bus 480,31.177353,29.930132
SYN_105337,Hail Bus 480,31.175721,29.931012
SYN_105338,Hail Bus 480,31.174108,29.931943
SYN_105339,Hail Bus 480,31.172492,29.932866
SYN_105340,Hail Bus 480,31.170860,29.933749
SYN_105341,Hail Bus 480,31.169134,29.934323
SYN_105342,Hail Bus 480,31.167509,29.935209
SYN_105343,Hail Bus 480,31.165773,29.934912
SYN_105344,Hail Bus 480,31.164303,29.933702
SYN_105345,Hail Bus 480,31.162845,29.932483
SYN_105346,Hail Bus 480,31.161497,29.931091
SYN_105347,Hail Bus 480,31.160145,29.929705
SYN_105348,Hail Bus 480,31.158790,29.928322
SYN_105349,Hail Bus 480,31.157436,29.926939
SYN_105350,Hail Bus 480,31.156082,29.925556
SYN_105351,Hail Bus 480,31.154740,29.924156
SYN_105352,Hail Bus 480,31.153448,29.922695
SYN_105353,Hail Bus 480,31.152091,29.921315
SYN_105354,Hail Bus 480,31.150734,29.919935
SYN_105355,Hail Bus 480,31.149363,29.918576
SYN_105356,Hail Bus 480,31.148010,29.917192
SYN_105357,Hail Bus 480,31.146656,29.915808
SYN_105358,Hail Bus 480,31.145302,29.914424
SYN_105359,Hail Bus 480,31.143949,29.913041
SYN_105360,Hail Bus 480,31.142595,29.911657
SYN_105361,Hail Bus 480,31.141241,29.910273
SYN_105362,Hail Bus 480,31.139888,29.908890
SYN_105363,Hail Bus 480,31.138534,29.907506
SYN_105364,Hail Bus 480,31.137180,29.906122
SYN_105365,Hail Bus 480,31.135827,29.904738
SYN_105366,Hail Bus 480,31.134473,29.903355
SYN_105367,Hail Bus 480,31.133119,29.901971
SYN_105368,Hail Bus 480,31.131766,29.900587
SYN_105369,Hail Bus 480,31.130412,29.899204
SYN_105370,Hail Bus 480,31.129058,29.897820
SYN_105371,Hail Bus 480,31.127705,29.896436
SYN_105372,Hail Bus 480,31.126221,29.895261
SYN_105373,Hail Bus 480,31.124638,29.894264
SYN_105374,Hail Bus 480,31.123085,29.893207
SYN_105375,Hail Bus 480,31.121757,29.891796
SYN_105376,Hail Bus 480,31.120499,29.890296
SYN_105377,Hail Bus 480,31.119250,29.888785
SYN_105378,Hail Bus 480,31.117976,29.887302
SYN_105379,Hail Bus 480,31.116701,29.885820
SYN_105380,Hail Bus 480,31.115427,29.884337
SYN_105381,Hail Bus 480,31.114111,29.882907
SYN_105382,Hail Bus 480,31.112842,29.881418
SYN_105383,Hail Bus 480,31.111573,29.879929
SYN_105384,Hail Bus 480,31.110305,29.878440
SYN_105385,Hail Bus 480,31.109094,29.876891
SYN_105386,Hail Bus 480,31.108207,29.875068
SYN_105387,Hail Bus 480,31.107537,29.873118
SYN_105388,Hail Bus 480,31.106883,29.871162
SYN_105389,Hail Bus 480,31.106273,29.869186
SYN_105390,Hail Bus 480,31.105663,29.867209
SYN_105391,Hail Bus 480,31.104991,29.865262
SYN_105392,Hail Bus 480,31.104091,29.863447
SYN_105393,Hail Bus 480,31.103015,29.861764
SYN_105394,Hail Bus 480,31.101940,29.860080
SYN_105395,Hail Bus 480,31.100842,29.858416
SYN_105396,Hail Bus 480,31.099744,29.856753
SYN_105397,Hail Bus 480,31.098368,29.855419
SYN_105398,Hail Bus 480,31.096703,29.854636
SYN_105399,Hail Bus 480,31.094980,29.854038
SYN_105400,Hail Bus 480,31.093244,29.853488
SYN_105401,Hail Bus 480,31.091503,29.852958
SYN_105402,Hail Bus 480,31.089770,29.852396
SYN_105403,Hail Bus 480,31.088066,29.851731
SYN_105404,Hail Bus 480,31.086544,29.850622
SYN_105405,Hail Bus 480,31.085228,29.849193
SYN_105406,Hail Bus 480,31.083954,29.847710
SYN_105407,Hail Bus 480,31.082687,29.846219
SYN_105408,Hail Bus 480,31.081421,29.844728
SYN_105409,Hail Bus 480,31.080140,29.843254
SYN_105410,Hail Bus 480,31.078861,29.841777
SYN_105411,Hail Bus 480,31.077620,29.840258
SYN_105412,Hail Bus 480,31.076478,29.838640
SYN_105413,Hail Bus 480,31.075548,29.836843
SYN_105414,Hail Bus 480,31.074632,29.835036
SYN_105415,Hail Bus 480,31.073716,29.833228
SYN_105416,Hail Bus 480,31.072800,29.831421
SYN_105417,Hail Bus 480,31.071884,29.829614
SYN_105418,Hail Bus 480,31.070968,29.827806
SYN_105419,Hail Bus 480,31.070052,29.825999
SYN_105420,Hail Bus 480,31.069139,29.824190
SYN_105421,Hail Bus 480,31.068236,29.822374
SYN_105422,Hail Bus 480,31.067306,29.820577
SYN_105423,Hail Bus 480,31.066384,29.818774
SYN_105424,Hail Bus 480,31.065470,29.816965
SYN_105425,Hail Bus 480,31.064557,29.815157
SYN_105426,Hail Bus 480,31.063634,29.813354
SYN_105427,Hail Bus 480,31.062657,29.811592
SYN_105428,Hail Bus 480,31.061498,29.809988
SYN_105429,Hail Bus 480,31.060251,29.808475
SYN_105430,Hail Bus 480,31.058999,29.806968
SYN_105431,Hail Bus 480,31.057726,29.805484
SYN_105432,Hail Bus 480,31.058194,29.806649
SYN_105433,Hail Bus 480,31.059417,29.808188
SYN_105434,Hail Bus 480,31.060625,29.809744
SYN_105435,Hail Bus 480,31.061848,29.811283
SYN_105436,Hail Bus 480,31.063024,29.812869
SYN_105437,Hail Bus 480,31.064031,29.814607
SYN_105438,Hail Bus 480,31.064960,29.816405
SYN_105439,Hail Bus 480,31.065878,29.818211
SYN_105440,Hail Bus 480,31.066805,29.820010
SYN_105441,Hail Bus 480,31.067729,29.821812
SYN_105442,Hail Bus 480,31.068644,29.823619
SYN_105443,Hail Bus 480,31.069560,29.825427
SYN_105444,Hail Bus 480,31.070475,29.827235
SYN_105445,Hail Bus 480,31.071390,29.829042
SYN_105446,Hail Bus 480,31.072305,29.830850
SYN_105447,Hail Bus 480,31.073220,29.832658
SYN_105448,Hail Bus 480,31.074131,29.834469
SYN_105449,Hail Bus 480,31.075028,29.836289
SYN_105450,Hail Bus 480,31.075943,29.838097
SYN_105451,Hail Bus 480,31.076986,29.839804
SYN_105452,Hail Bus 480,31.078173,29.841381
SYN_105453,Hail Bus 480,31.078628,29.842865
SYN_105454,Hail Bus 480,31.076881,29.843364
SYN_105455,Hail Bus 480,31.075131,29.843848
SYN_105456,Hail Bus 480,31.073345,29.843697
SYN_105457,Hail Bus 480,31.072113,29.844357
SYN_105458,Hail Bus 480,31.073459,29.845668
SYN_105459,Hail Bus 480,31.074666,29.846851
SYN_105460,Hail Bus 480,31.074193,29.848722
SYN_105461,Hail Bus 480,31.073040,29.850161
SYN_105462,Hail Microbus ,31.201583,29.899790
SYN_105463,Hail Microbus ,31.202610,29.901514
SYN_105464,Hail Microbus ,31.203803,29.903087
SYN_105465,Hail Microbus ,31.205123,29.904513
SYN_105466,Hail Microbus ,31.205243,29.906036
SYN_105467,Hail Microbus ,31.206788,29.907067
SYN_105468,Hail Microbus ,31.206866,29.908378
SYN_105469,Hail Microbus ,31.205664,29.909942
SYN_105470,Hail Microbus ,31.205134,29.911608
SYN_105471,Hail Microbus ,31.205954,29.913479
SYN_105472,Hail Microbus ,31.204934,29.914532
SYN_105473,Hail Microbus ,31.203257,29.915291
SYN_105474,Hail Microbus ,31.201559,29.915979
SYN_105475,Hail Microbus ,31.199794,29.916326
SYN_105476,Hail Microbus ,31.198085,29.916748
SYN_105477,Hail Microbus ,31.196623,29.917969
SYN_105478,Hail Microbus ,31.195664,29.919732
SYN_105479,Hail Microbus ,31.194825,29.921584
SYN_105480,Hail Microbus ,31.193356,29.922788
SYN_105481,Hail Microbus ,31.191828,29.923874
SYN_105482,Hail Microbus ,31.190050,29.923588
SYN_105483,Hail Microbus ,31.188329,29.924101
SYN_105484,Hail Microbus ,31.186696,29.924984
SYN_105485,Hail Microbus ,31.185059,29.925854
SYN_105486,Hail Microbus ,31.183421,29.926724
SYN_105487,Hail Microbus ,31.181722,29.927322
SYN_105488,Hail Microbus ,31.180231,29.926297
SYN_105489,Hail Microbus ,31.179270,29.924532
SYN_105490,Hail Microbus ,31.178457,29.922662
SYN_105491,Hail Microbus ,31.177714,29.920748
SYN_105492,Hail Microbus ,31.176934,29.918854
SYN_105493,Hail Microbus ,31.176173,29.916949
SYN_105494,Hail Microbus ,31.175425,29.915037
SYN_105495,Hail Microbus ,31.174642,29.913144
SYN_105496,Hail Microbus ,31.173815,29.911593
SYN_105497,Hail Microbus ,31.173323,29.909828
SYN_105498,Hail Microbus ,31.172573,29.907917
SYN_105499,Hail Microbus ,31.171823,29.906007
SYN_105500,Hail Microbus ,31.171073,29.904096
SYN_105501,Hail Microbus ,31.170277,29.902212
SYN_105502,Hail Microbus ,31.169565,29.900281
SYN_105503,Hail Microbus ,31.168834,29.898361
SYN_105504,Hail Microbus ,31.168103,29.896440
SYN_105505,Hail Microbus ,31.167476,29.894479
SYN_105506,Hail Microbus ,31.166811,29.892530
SYN_105507,Hail Microbus ,31.165521,29.891334
SYN_105508,Hail Microbus ,31.163831,29.890624
SYN_105509,Hail Microbus ,31.162284,29.889552
SYN_105510,Hail Microbus ,31.160768,29.888426
SYN_105511,Hail Microbus ,31.159424,29.887034
SYN_105512,Hail Microbus ,31.158236,29.885455
SYN_105513,Hail Microbus ,31.157062,29.883863
SYN_105514,Hail Microbus ,31.155888,29.882271
SYN_105515,Hail Microbus ,31.154602,29.880844
SYN_105516,Hail Microbus ,31.153404,29.879276
SYN_105517,Hail Microbus ,31.152118,29.877810
SYN_105518,Hail Microbus ,31.150716,29.876504
SYN_105519,Hail Microbus ,31.149120,29.875540
SYN_105520,Hail Microbus ,31.147459,29.874736
SYN_105521,Hail Microbus ,31.145783,29.873971
SYN_105522,Hail Microbus ,31.144108,29.873206
SYN_105523,Hail Microbus ,31.142433,29.872441
SYN_105524,Hail Microbus ,31.140758,29.871676
SYN_105525,Hail Microbus ,31.139082,29.870911
SYN_105526,Hail Microbus ,31.137407,29.870146
SYN_105527,Hail Microbus ,31.135732,29.869381
SYN_105528,Hail Microbus ,31.134056,29.868617
SYN_105529,Hail Microbus ,31.132381,29.867852
SYN_105530,Hail Microbus ,31.130719,29.867049
SYN_105531,Hail Microbus ,31.129137,29.866056
SYN_105532,Hail Microbus ,31.127667,29.864849
SYN_105533,Hail Microbus ,31.126357,29.863411
SYN_105534,Hail Microbus ,31.125229,29.861778
SYN_105535,Hail Microbus ,31.124298,29.859983
SYN_105536,Hail Microbus ,31.123577,29.858061
SYN_105537,Hail Microbus ,31.123103,29.856036
SYN_105538,Hail Microbus ,31.122850,29.853957
SYN_105539,Hail Microbus ,31.122619,29.851873
SYN_105540,Hail Microbus ,31.122387,29.849790
SYN_105541,Hail Microbus ,31.122161,29.847705
SYN_105542,Hail Microbus ,31.121938,29.845621
SYN_105543,Hail Microbus ,31.121715,29.843536
SYN_105544,Hail Microbus ,31.121492,29.841451
SYN_105545,Hail Microbus ,31.121269,29.839366
SYN_105546,Hail Microbus ,31.120930,29.837306
SYN_105547,Hail Microbus ,31.120280,29.835350
SYN_105548,Hail Microbus ,31.119516,29.833463
SYN_105549,Hail Microbus ,31.118337,29.831914
SYN_105550,Hail Microbus ,31.116872,29.830703
SYN_105551,Hail Microbus ,31.115378,29.829533
SYN_105552,Hail Microbus ,31.113884,29.828364
SYN_105553,Hail Microbus ,31.112390,29.827194
SYN_105554,Hail Microbus ,31.111869,29.825402
SYN_105555,Hail Microbus ,31.113170,29.823970
SYN_105556,Hail Microbus ,31.114497,29.822557
SYN_105557,Hail Microbus ,31.115859,29.821185
SYN_105558,Hail Microbus ,31.117220,29.819811
SYN_105559,Hail Microbus ,31.118574,29.818428
SYN_105560,Hail Microbus ,31.119971,29.817110
SYN_105561,Hail Microbus ,31.121294,29.815686
SYN_105562,Hail Microbus ,31.122605,29.814248
SYN_105563,Hail Microbus ,31.123943,29.812851
SYN_105564,Hail Microbus ,31.125354,29.811555
SYN_105565,Hail Microbus ,31.126622,29.811538
SYN_105566,Hail Microbus ,31.127785,29.813141
SYN_105567,Hail Microbus ,31.128746,29.813735
SYN_105568,Hail Microbus ,31.127397,29.812368
SYN_105569,Hail Microbus ,31.126259,29.810741
SYN_105570,Hail Microbus ,31.125131,29.809105
SYN_105571,Hail Microbus ,31.123864,29.807614
SYN_105572,Hail Microbus ,31.122613,29.806106
SYN_105573,Hail Microbus ,31.121503,29.804454
SYN_105574,Hail Microbus ,31.120496,29.802713
SYN_105575,Hail Microbus ,31.119447,29.801008
SYN_105576,Hail Microbus ,31.118337,29.799355
SYN_105577,Hail Microbus ,31.117483,29.797515
SYN_105578,Hail Microbus ,31.116255,29.795988
SYN_105579,Hail Microbus ,31.114961,29.794529
SYN_105580,Hail Microbus ,31.113756,29.792969
SYN_105581,Hail Microbus ,31.112552,29.791409
SYN_105582,Hail Microbus ,31.111424,29.789773
SYN_105583,Hail Microbus ,31.110329,29.788107
SYN_105584,Hail Microbus ,31.109254,29.786423
SYN_105585,Hail Microbus ,31.108179,29.784738
SYN_105586,Hail Microbus ,31.107095,29.783062
SYN_105587,Hail Microbus ,31.105989,29.781406
SYN_105588,Hail Microbus ,31.104858,29.779772
SYN_105589,Hail Microbus ,31.103642,29.778227
SYN_105590,Hail Microbus ,31.102423,29.776687
SYN_105591,Hail Microbus ,31.101441,29.774928
SYN_105592,Hail Microbus ,31.101571,29.773278
SYN_105593,Hail Microbus ,31.102468,29.771778
SYN_105594,Hail Microbus ,31.102940,29.770254
SYN_105595,Hail Microbus ,31.102407,29.768715
SYN_105596,Hail Microbus ,31.103224,29.767315
SYN_105597,Hail Microbus ,31.104610,29.765976
SYN_105598,Hail Microbus ,31.106004,29.764649
SYN_105599,Hail Microbus ,31.107386,29.763304
SYN_105600,Hail Microbus ,31.108772,29.761966
SYN_105601,Hail Microbus ,31.110165,29.760636
SYN_105602,Hail Microbus ,31.111508,29.759259
SYN_105603,Hail Bus 739,31.262296,30.008842
SYN_105604,Hail Bus 739,31.263300,30.007095
SYN_105605,Hail Bus 739,31.264345,30.005383
SYN_105606,Hail Bus 739,31.265364,30.003653
SYN_105607,Hail Bus 739,31.266387,30.001930
SYN_105608,Hail Bus 739,31.267518,30.000296
SYN_105609,Hail Bus 739,31.268959,29.999042
SYN_105610,Hail Bus 739,31.270414,29.997805
SYN_105611,Hail Bus 739,31.271162,29.996167
SYN_105612,Hail Bus 739,31.270715,29.994143
SYN_105613,Hail Bus 739,31.270014,29.992306
SYN_105614,Hail Bus 739,31.270049,29.990205
SYN_105615,Hail Bus 739,31.270065,29.988123
SYN_105616,Hail Bus 739,31.268719,29.986895
SYN_105617,Hail Bus 739,31.267045,29.987379
SYN_105618,Hail Bus 739,31.265309,29.987025
SYN_105619,Hail Bus 739,31.263715,29.986075
SYN_105620,Hail Bus 739,31.262446,29.984587
SYN_105621,Hail Bus 739,31.261688,29.982698
SYN_105622,Hail Bus 739,31.260237,29.981558
SYN_105623,Hail Bus 739,31.258733,29.980428
SYN_105624,Hail Bus 739,31.257453,29.978974
SYN_105625,Hail Bus 739,31.256013,29.977732
SYN_105626,Hail Bus 739,31.254985,29.976024
SYN_105627,Hail Bus 739,31.254558,29.974005
SYN_105628,Hail Bus 739,31.253250,29.972612
SYN_105629,Hail Bus 739,31.251894,29.971248
SYN_105630,Hail Bus 739,31.250624,29.969766
SYN_105631,Hail Bus 739,31.249131,29.968607
SYN_105632,Hail Bus 739,31.247886,29.967104
SYN_105633,Hail Bus 739,31.246477,29.965838
SYN_105634,Hail Bus 739,31.244937,29.964759
SYN_105635,Hail Bus 739,31.243733,29.963201
SYN_105636,Hail Bus 739,31.242574,29.961623
SYN_105637,Hail Bus 739,31.241428,29.960044
SYN_105638,Hail Bus 739,31.240823,29.958236
SYN_105639,Hail Bus 739,31.240726,29.956420
SYN_105640,Hail Bus 739,31.239607,29.954774
SYN_105641,Hail Bus 739,31.238177,29.953583
SYN_105642,Hail Bus 739,31.236944,29.952132
SYN_105643,Hail Bus 739,31.236304,29.950233
SYN_105644,Hail Bus 739,31.235131,29.948640
SYN_105645,Hail Bus 739,31.233908,29.947104
SYN_105646,Hail Bus 739,31.232507,29.945785
SYN_105647,Hail Bus 739,31.231103,29.944476
SYN_105648,Hail Bus 739,31.229739,29.943105
SYN_105649,Hail Bus 739,31.228375,29.941734
SYN_105650,Hail Bus 739,31.227718,29.939902
SYN_105651,Hail Bus 739,31.227026,29.937988
SYN_105652,Hail Bus 739,31.225840,29.936410
SYN_105653,Hail Bus 739,31.224534,29.934966
SYN_105654,Hail Bus 739,31.223285,29.933452
SYN_105655,Hail Bus 739,31.222078,29.931894
SYN_105656,Hail Bus 739,31.220888,29.930317
SYN_105657,Hail Bus 739,31.219779,29.928670
SYN_105658,Hail Bus 739,31.218749,29.926952
SYN_105659,Hail Bus 739,31.217606,29.925328
SYN_105660,Hail Bus 739,31.216598,29.923592
SYN_105661,Hail Bus 739,31.215499,29.921942
SYN_105662,Hail Bus 739,31.214586,29.920132
SYN_105663,Hail Bus 739,31.213611,29.918387
SYN_105664,Hail Bus 739,31.212355,29.916882
SYN_105665,Hail Bus 739,31.211598,29.914994
SYN_105666,Hail Bus 739,31.210960,29.913035
SYN_105667,Hail Bus 739,31.210200,29.911150
SYN_105668,Hail Bus 739,31.209934,29.911102
SYN_105669,Hail Bus 739,31.209273,29.912533
SYN_105670,Hail Bus 739,31.207604,29.913315
SYN_105671,Hail Bus 739,31.205929,29.914082
SYN_105672,Hail Bus 739,31.204239,29.914772
SYN_105673,Hail Bus 739,31.202557,29.915516
SYN_105674,Hail Bus 739,31.201312,29.914491
SYN_105675,Hail Bus 739,31.201420,29.915807
SYN_105676,Hail Bus 739,31.199712,29.916242
SYN_105677,Hail Bus 739,31.197986,29.915763
SYN_105678,Hail Bus 739,31.196796,29.914479
SYN_105679,Hail Bus 739,31.196154,29.912515
SYN_105680,Hail Bus 739,31.195502,29.910556
SYN_105681,Hail Bus 739,31.194787,29.908626
SYN_105682,Hail Bus 739,31.194072,29.906697
SYN_105683,Hail Bus 739,31.193357,29.904767
SYN_105684,Hail Tomnaya ,31.241088,29.995529
SYN_105685,Hail Tomnaya ,31.241000,29.993428
SYN_105686,Hail Tomnaya ,31.240663,29.992232
SYN_105687,Hail Tomnaya ,31.240171,29.991130
SYN_105688,Hail Tomnaya ,31.240074,29.989029
SYN_105689,Hail Tomnaya ,31.240414,29.987381
SYN_105690,Hail Tomnaya ,31.240548,29.985524
SYN_105691,Hail Tomnaya ,31.240447,29.983424
SYN_105692,Hail Tomnaya ,31.241174,29.982217
SYN_105693,Hail Tomnaya ,31.219611,29.992711
SYN_105694,Hail Tomnaya ,31.220491,29.990877
SYN_105695,Hail Tomnaya ,31.221549,29.989180
SYN_105696,Hail Tomnaya ,31.222645,29.987515
SYN_105697,Hail Tomnaya ,31.223405,29.985614
SYN_105698,Hail Tomnaya ,31.223952,29.983640
SYN_105699,Hail Tomnaya ,31.225719,29.983486
SYN_105700,Hail Tomnaya ,31.227514,29.983338
SYN_105701,Hail Tomnaya ,31.229309,29.983209
SYN_105702,Hail Tomnaya ,31.231100,29.983069
SYN_105703,Hail Tomnaya ,31.232897,29.982956
SYN_105704,Hail Tomnaya ,31.234693,29.982866
SYN_105705,Hail Tomnaya ,31.236484,29.982676
SYN_105706,Hail Tomnaya ,31.238278,29.982531
SYN_105707,Hail Tomnaya ,31.240073,29.982387
SYN_105708,Hail Tomnaya ,31.241638,29.982636
SYN_105709,Hail Bus 735,31.194721,29.905757
SYN_105710,Hail Bus 735,31.195434,29.907687
SYN_105711,Hail Bus 735,31.196221,29.909572
SYN_105712,Hail Bus 735,31.197170,29.911358
SYN_105713,Hail Bus 735,31.198765,29.910574
SYN_105714,Hail Bus 735,31.200404,29.909707
SYN_105715,Hail Bus 735,31.201593,29.908686
SYN_105716,Hail Bus 735,31.202254,29.907372
SYN_105717,Hail Bus 735,31.203962,29.906713
SYN_105718,Hail Bus 735,31.205668,29.906047
SYN_105719,Hail Bus 735,31.207309,29.906395
SYN_105720,Hail Bus 735,31.208877,29.907422
SYN_105721,Hail Bus 735,31.209673,29.909233
SYN_105722,Hail Bus 735,31.209979,29.911304
SYN_105723,Hail Bus 735,31.210827,29.913146
SYN_105724,Hail Bus 735,31.211457,29.915110
SYN_105725,Hail Bus 735,31.212213,29.916992
SYN_105726,Hail Bus 735,31.213392,29.918579
SYN_105727,Hail Bus 735,31.214417,29.920303
SYN_105728,Hail Bus 735,31.215380,29.922077
SYN_105729,Hail Bus 735,31.216497,29.923713
SYN_105730,Hail Bus 735,31.217479,29.925470
SYN_105731,Hail Bus 735,31.218626,29.927090
SYN_105732,Hail Bus 735,31.219575,29.928862
SYN_105733,Hail Bus 735,31.220653,29.930514
SYN_105734,Hail Bus 735,31.221898,29.932031
SYN_105735,Hail Bus 735,31.223120,29.933574
SYN_105736,Hail Bus 735,31.224342,29.935118
SYN_105737,Hail Bus 735,31.225573,29.936651
SYN_105738,Hail Bus 735,31.226826,29.938159
SYN_105739,Hail Bus 735,31.227587,29.940010
SYN_105740,Hail Bus 735,31.228197,29.941866
SYN_105741,Hail Bus 735,31.229594,29.943190
SYN_105742,Hail Bus 735,31.230962,29.944556
SYN_105743,Hail Bus 735,31.232337,29.945911
SYN_105744,Hail Bus 735,31.233685,29.947276
SYN_105745,Hail Bus 735,31.233745,29.949318
SYN_105746,Hail Bus 735,31.235095,29.950421
SYN_105747,Hail Bus 735,31.236587,29.950849
SYN_105748,Hail Bus 735,31.236950,29.952899
SYN_105749,Hail Bus 735,31.238422,29.953848
SYN_105750,Hail Bus 735,31.239727,29.955216
SYN_105751,Hail Bus 735,31.240859,29.956851
SYN_105752,Hail Bus 735,31.240564,29.958720
SYN_105753,Hail Bus 735,31.241565,29.960349
SYN_105754,Hail Bus 735,31.242547,29.962065
SYN_105755,Hail Bus 735,31.243680,29.963651
SYN_105756,Hail Bus 735,31.245005,29.965057
SYN_105757,Hail Bus 735,31.246556,29.966120
SYN_105758,Hail Bus 735,31.247874,29.967478
SYN_105759,Hail Bus 735,31.249108,29.968998
SYN_105760,Hail Bus 735,31.250669,29.970030
SYN_105761,Hail Bus 735,31.251906,29.971550
SYN_105762,Hail Bus 735,31.253280,29.972885
SYN_105763,Hail Bus 735,31.254451,29.974383
SYN_105764,Hail Bus 735,31.254856,29.976400
SYN_105765,Hail Bus 735,31.256075,29.977942
SYN_105766,Hail Bus 735,31.257509,29.979190
SYN_105767,Hail Bus 735,31.258719,29.980728
SYN_105768,Hail Bus 735,31.260294,29.981699
SYN_105769,Hail Bus 735,31.261688,29.982909
SYN_105770,Hail Bus 735,31.262460,29.984789
SYN_105771,Hail Bus 735,31.263755,29.986245
SYN_105772,Hail Bus 735,31.265352,29.987191
SYN_105773,Hail Bus 735,31.267095,29.987468
SYN_105774,Hail Bus 735,31.268768,29.987028
SYN_105775,Hail Bus 735,31.269917,29.988519
SYN_105776,Hail Bus 735,31.269961,29.990603
SYN_105777,Hail Bus 735,31.269914,29.992705
SYN_105778,Hail Bus 735,31.270732,29.994517
SYN_105779,Hail Bus 735,31.270684,29.996578
SYN_105780,Hail Bus 735,31.269905,29.998048
SYN_105781,Hail Bus 735,31.268451,29.999287
SYN_105782,Hail Bus 735,31.267115,30.000660
SYN_105783,Hail Bus 735,31.266032,30.002340
SYN_105784,Hail Bus 735,31.264993,30.004055
SYN_105785,Hail Bus 735,31.263897,30.005723
SYN_105786,Hail Bus 735,31.262878,30.007457
SYN_105787,Hail Bus 735,31.261870,30.009199
SYN_105788,Hail Bus 243,31.218976,29.945640
SYN_105789,Hail Bus 243,31.217500,29.946374
SYN_105790,Hail Bus 243,31.215769,29.945800
SYN_105791,Hail Bus 243,31.214177,29.945302
SYN_105792,Hail Bus 243,31.213982,29.947247
SYN_105793,Hail Bus 243,31.213393,29.949234
SYN_105794,Hail Bus 243,31.212804,29.951221
SYN_105795,Hail Bus 243,31.212214,29.953208
SYN_105796,Hail Bus 243,31.211667,29.955211
SYN_105797,Hail Bus 243,31.211089,29.957203
SYN_105798,Hail Bus 243,31.210494,29.959187
SYN_105799,Hail Bus 243,31.209891,29.961169
SYN_105800,Hail Bus 243,31.209097,29.963052
SYN_105801,Hail Bus 243,31.208044,29.964753
SYN_105802,Hail Bus 243,31.207016,29.966465
SYN_105803,Hail Bus 243,31.205888,29.968103
SYN_105804,Hail Bus 243,31.204753,29.969734
SYN_105805,Hail Bus 243,31.203798,29.971495
SYN_105806,Hail Bus 243,31.203613,29.973576
SYN_105807,Hail Bus 243,31.203726,29.975659
SYN_105808,Hail Bus 243,31.203738,29.977761
SYN_105809,Hail Bus 243,31.203742,29.979864
SYN_105810,Hail Bus 243,31.203733,29.981967
SYN_105811,Hail Bus 243,31.203718,29.984070
SYN_105812,Hail Bus 243,31.203682,29.986172
SYN_105813,Hail Bus 243,31.203492,29.988261
SYN_105814,Hail Bus 243,31.203475,29.990363
SYN_105815,Hail Bus 243,31.203560,29.992462
SYN_105816,Hail Bus 243,31.203557,29.994565
SYN_105817,Hail Bus 243,31.202526,29.995900
SYN_105818,Hail Bus 243,31.200729,29.995989
SYN_105819,Hail Bus 243,31.200051,29.994805
SYN_105820,Hail Bus 243,31.201828,29.994645
SYN_105821,Hail Bus 243,31.203626,29.994642
SYN_105822,Hail Bus 243,31.205423,29.994544
SYN_105823,Hail Bus 243,31.207219,29.994444
SYN_105824,Hail Bus 243,31.209011,29.994267
SYN_105825,Hail Bus 243,31.210788,29.993941
SYN_105826,Hail Bus 243,31.212572,29.993682
SYN_105827,Hail Bus 243,31.214356,29.993892
SYN_105828,Hail Bus 243,31.216131,29.994217
SYN_105829,Hail Tomnaya ,31.211061,30.021743
SYN_105830,Hail Tomnaya ,31.209370,30.021041
SYN_105831,Hail Tomnaya ,31.207753,30.020120
SYN_105832,Hail Tomnaya ,31.206158,30.019153
SYN_105833,Hail Tomnaya ,31.206802,30.017364
SYN_105834,Hail Tomnaya ,31.207838,30.015648
SYN_105835,Hail Tomnaya ,31.208946,30.013991
SYN_105836,Hail Tomnaya ,31.209999,30.012286
SYN_105837,Hail Tomnaya ,31.210994,30.010537
SYN_105838,Hail Tomnaya ,31.211972,30.008771
SYN_105839,Hail Tomnaya ,31.212988,30.007037
SYN_105840,Hail Tomnaya ,31.214061,30.005349
SYN_105841,Hail Tomnaya ,31.215134,30.003661
SYN_105842,Hail Tomnaya ,31.216184,30.001955
SYN_105843,Hail Tomnaya ,31.217061,30.000120
SYN_105844,Hail Tomnaya ,31.217693,29.998154
SYN_105845,Hail Tomnaya ,31.218378,29.996212
SYN_105846,Hail Tomnaya ,31.218954,29.994222
SYN_105847,Hail Tomnaya ,31.219784,29.992360
SYN_105848,Hail Tomnaya ,31.220677,29.990535
SYN_105849,Hail Tomnaya ,31.221768,29.988866
SYN_105850,Hail Tomnaya ,31.222825,29.987168
SYN_105851,Hail Tomnaya ,31.223531,29.985236
SYN_105852,Hail Tomnaya ,31.224269,29.983511
SYN_105853,Hail Tomnaya ,31.226065,29.983457
SYN_105854,Hail Tomnaya ,31.227859,29.983310
SYN_105855,Hail Tomnaya ,31.229655,29.983190
SYN_105856,Hail Tomnaya ,31.231447,29.983047
SYN_105857,Hail Tomnaya ,31.233243,29.982939
SYN_105858,Hail Tomnaya ,31.235038,29.982834
SYN_105859,Hail Tomnaya ,31.236830,29.982648
SYN_105860,Hail Tomnaya ,31.238624,29.982504
SYN_105861,Hail Tomnaya ,31.240414,29.982319
SYN_105862,Hail Tomnaya ,31.241833,29.982957
SYN_105863,Hail Tomnaya ,31.225868,29.983473
SYN_105864,Hail Tomnaya ,31.227662,29.983326
SYN_105865,Hail Tomnaya ,31.229457,29.983201
SYN_105866,Hail Tomnaya ,31.231249,29.983059
SYN_105867,Hail Tomnaya ,31.233045,29.982946
SYN_105868,Hail Tomnaya ,31.234841,29.982849
SYN_105869,Hail Tomnaya ,31.236632,29.982664
SYN_105870,Hail Tomnaya ,31.238427,29.982520
SYN_105871,Hail Tomnaya ,31.240220,29.982363
SYN_105872,Hail Tomnaya ,31.241742,29.982760
SYN_105873,Hail Tomnaya ,31.080014,29.737925
SYN_105874,Hail Tomnaya ,31.081211,29.739493
SYN_105875,Hail Tomnaya ,31.082367,29.741098
SYN_105876,Hail Tomnaya ,31.083373,29.742839
SYN_105877,Hail Tomnaya ,31.084380,29.744579
SYN_105878,Hail Tomnaya ,31.085387,29.746320
SYN_105879,Hail Tomnaya ,31.086348,29.748094
SYN_105880,Hail Tomnaya ,31.087258,29.749905
SYN_105881,Hail Tomnaya ,31.088153,29.751727
SYN_105882,Hail Tomnaya ,31.089111,29.753503
SYN_105883,Hail Tomnaya ,31.090094,29.755261
SYN_105884,Hail Tomnaya ,31.091020,29.757062
SYN_105885,Hail Tomnaya ,31.091959,29.758853
SYN_105886,Hail Tomnaya ,31.092822,29.760694
SYN_105887,Hail Tomnaya ,31.093407,29.762679
SYN_105888,Hail Tomnaya ,31.093972,29.764673
SYN_105889,Hail Tomnaya ,31.094892,29.766469
SYN_105890,Hail Tomnaya ,31.095982,29.768139
SYN_105891,Hail Tomnaya ,31.097252,29.769624
SYN_105892,Hail Tomnaya ,31.098518,29.771116
SYN_105893,Hail Bus 409,30.999750,29.786842
SYN_105894,Hail Bus 409,31.001260,29.785702
SYN_105895,Hail Bus 409,31.002371,29.786906
SYN_105896,Hail Bus 409,31.003436,29.788595
SYN_105897,Hail Bus 409,31.004593,29.790202
SYN_105898,Hail Bus 409,31.005807,29.791750
SYN_105899,Hail Bus 409,31.007025,29.793294
SYN_105900,Hail Bus 409,31.008241,29.794840
SYN_105901,Hail Bus 409,31.009451,29.796393
SYN_105902,Hail Bus 409,31.010651,29.797954
SYN_105903,Hail Bus 409,31.010233,29.799798
SYN_105904,Hail Bus 409,31.008823,29.801100
SYN_105905,Hail Bus 409,31.007413,29.802403
SYN_105906,Hail Bus 409,31.005988,29.803683
SYN_105907,Hail Bus 409,31.004531,29.804913
SYN_105908,Hail Bus 409,31.002959,29.805930
SYN_105909,Hail Bus 409,31.001299,29.806735
SYN_105910,Hail Bus 409,30.999606,29.807442
SYN_105911,Hail Bus 409,30.997902,29.808112
SYN_105912,Hail Bus 409,30.998503,29.808209
SYN_105913,Hail Bus 409,31.000185,29.807467
SYN_105914,Hail Bus 409,31.001863,29.806713
SYN_105915,Hail Bus 409,31.003512,29.805877
SYN_105916,Hail Bus 409,31.005039,29.804773
SYN_105917,Hail Bus 409,31.006485,29.803527
SYN_105918,Hail Bus 409,31.007907,29.802242
SYN_105919,Hail Bus 409,31.009320,29.800943
SYN_105920,Hail Bus 409,31.010720,29.799626
SYN_105921,Hail Bus 409,31.012100,29.798280
SYN_105922,Hail Bus 409,31.013505,29.796976
SYN_105923,Hail Bus 409,31.015187,29.796243
SYN_105924,Hail Bus 409,31.016896,29.795588
SYN_105925,Hail Bus 409,31.018598,29.794908
SYN_105926,Hail Bus 409,31.020302,29.794236
SYN_105927,Hail Bus 409,31.022014,29.793593
SYN_105928,Hail Bus 409,31.023732,29.792974
SYN_105929,Hail Bus 409,31.025392,29.792170
SYN_105930,Hail Bus 409,31.026866,29.790971
SYN_105931,Hail Bus 409,31.028217,29.789586
SYN_105932,Hail Bus 409,31.029547,29.788173
SYN_105933,Hail Bus 409,31.030881,29.786765
SYN_105934,Hail Bus 409,31.032205,29.785345
SYN_105935,Hail Bus 409,31.033604,29.784029
SYN_105936,Hail Bus 409,31.035208,29.783096
SYN_105937,Hail Bus 409,31.036954,29.782621
SYN_105938,Hail Bus 409,31.038742,29.782392
SYN_105939,Hail Bus 409,31.040537,29.782271
SYN_105940,Hail Bus 409,31.042334,29.782237
SYN_105941,Hail Bus 409,31.044040,29.782859
SYN_105942,Hail Bus 409,31.045411,29.784193
SYN_105943,Hail Bus 409,31.046328,29.785996
SYN_105944,Hail Bus 409,31.047216,29.787822
SYN_105945,Hail Bus 409,31.048103,29.789649
SYN_105946,Hail Bus 409,31.048982,29.791480
SYN_105947,Hail Bus 409,31.049856,29.793315
SYN_105948,Hail Bus 409,31.050731,29.795150
SYN_105949,Hail Bus 409,31.051605,29.796984
SYN_105950,Hail Bus 409,31.052480,29.798819
SYN_105951,Hail Bus 409,31.053450,29.800585
SYN_105952,Hail Bus 409,31.054559,29.802236
SYN_105953,Hail Bus 409,31.055795,29.803761
SYN_105954,Hail Bus 409,31.057048,29.805268
SYN_105955,Hail Bus 409,31.058298,29.806776
SYN_105956,Hail Bus 409,31.059519,29.808319
SYN_105957,Hail Bus 409,31.060727,29.809874
SYN_105958,Hail Bus 409,31.061952,29.811411
SYN_105959,Hail Bus 409,31.063115,29.813009
SYN_105960,Hail Bus 409,31.064111,29.814757
SYN_105961,Hail Bus 409,31.065037,29.816556
SYN_105962,Hail Bus 409,31.065955,29.818362
SYN_105963,Hail Bus 409,31.066884,29.820160
SYN_105964,Hail Bus 409,31.067806,29.821963
SYN_105965,Hail Bus 409,31.068721,29.823771
SYN_105966,Hail Bus 409,31.069636,29.825579
SYN_105967,Hail Bus 409,31.070552,29.827386
SYN_105968,Hail Bus 409,31.071467,29.829194
SYN_105969,Hail Bus 409,31.072382,29.831002
SYN_105970,Hail Bus 409,31.073296,29.832810
SYN_105971,Hail Bus 409,31.074207,29.834621
SYN_105972,Hail Bus 409,31.075104,29.836441
SYN_105973,Hail Bus 409,31.076020,29.838249
SYN_105974,Hail Bus 409,31.077083,29.839939
SYN_105975,Hail Bus 409,31.078278,29.841507
SYN_105976,Hail Bus 409,31.079562,29.842977
SYN_105977,Hail Bus 409,31.080812,29.844487
SYN_105978,Hail Bus 409,31.082117,29.845932
SYN_105979,Hail Bus 409,31.083412,29.847390
SYN_105980,Hail Bus 409,31.084686,29.848871
SYN_105981,Hail Bus 409,31.085970,29.850342
SYN_105982,Hail Bus 409,31.087432,29.851553
SYN_105983,Hail Bus 409,31.089101,29.852319
SYN_105984,Hail Bus 409,31.090826,29.852913
SYN_105985,Hail Bus 409,31.092559,29.853474
SYN_105986,Hail Bus 409,31.094292,29.854035
SYN_105987,Hail Bus 409,31.096026,29.854597
SYN_105988,Hail Bus 409,31.097722,29.855290
SYN_105989,Hail Bus 409,31.099214,29.856446
SYN_105990,Hail Bus 409,31.100370,29.858051
SYN_105991,Hail Bus 409,31.101465,29.859717
SYN_105992,Hail Bus 409,31.102553,29.861390
SYN_105993,Hail Bus 409,31.103615,29.863085
SYN_105994,Hail Bus 409,31.104565,29.864867
SYN_105995,Hail Bus 409,31.105250,29.866807
SYN_105996,Hail Bus 409,31.105865,29.868781
SYN_105997,Hail Bus 409,31.106512,29.870741
SYN_105998,Hail Bus 409,31.107149,29.872706
SYN_105999,Hail Bus 409,31.107773,29.874676
SYN_106000,Hail Bus 409,31.108618,29.876526
SYN_106001,Hail Bus 409,31.109730,29.878174
SYN_106002,Hail Bus 409,31.111000,29.879659
SYN_106003,Hail Bus 409,31.112282,29.881133
SYN_106004,Hail Bus 409,31.113563,29.882608
SYN_106005,Hail Bus 409,31.114889,29.884024
SYN_106006,Hail Bus 409,31.116186,29.885477
SYN_106007,Hail Bus 409,31.117459,29.886961
SYN_106008,Hail Bus 409,31.118733,29.888446
SYN_106009,Hail Bus 409,31.120006,29.889930
SYN_106010,Hail Bus 409,31.121201,29.891500
SYN_106011,Hail Bus 409,31.122447,29.893013
SYN_106012,Hail Bus 409,31.123953,29.894150
SYN_106013,Hail Bus 409,31.125558,29.895096
SYN_106014,Hail Bus 409,31.127107,29.896153
SYN_106015,Hail Bus 409,31.128475,29.897518
SYN_106016,Hail Bus 409,31.129827,29.898903
SYN_106017,Hail Bus 409,31.131179,29.900289
SYN_106018,Hail Bus 409,31.132532,29.901674
SYN_106019,Hail Bus 409,31.133884,29.903059
SYN_106020,Hail Bus 409,31.135236,29.904445
SYN_106021,Hail Bus 409,31.136589,29.905830
SYN_106022,Hail Bus 409,31.137941,29.907216
SYN_106023,Hail Bus 409,31.139294,29.908601
SYN_106024,Hail Bus 409,31.140646,29.909987
SYN_106025,Hail Bus 409,31.141998,29.911372
SYN_106026,Hail Bus 409,31.143351,29.912757
SYN_106027,Hail Bus 409,31.144703,29.914143
SYN_106028,Hail Bus 409,31.146055,29.915528
SYN_106029,Hail Bus 409,31.147408,29.916914
SYN_106030,Hail Bus 409,31.148747,29.918317
SYN_106031,Hail Bus 409,31.150066,29.919745
SYN_106032,Hail Bus 409,31.151448,29.921089
SYN_106033,Hail Bus 409,31.152813,29.922459
SYN_106034,Hail Bus 409,31.154129,29.923891
SYN_106035,Hail Bus 409,31.155471,29.925289
SYN_106036,Hail Bus 409,31.156825,29.926673
SYN_106037,Hail Bus 409,31.158176,29.928061
SYN_106038,Hail Bus 409,31.159518,29.929460
SYN_106039,Hail Bus 409,31.160840,29.930885
SYN_106040,Hail Bus 409,31.162213,29.932243
SYN_106041,Hail Bus 409,31.163574,29.933616
SYN_106042,Hail Bus 409,31.164916,29.935016
SYN_106043,Hail Bus 409,31.166285,29.936359
SYN_106044,Hail Bus 409,31.167942,29.935647
SYN_106045,Hail Bus 409,31.169563,29.934736
SYN_106046,Hail Bus 409,31.171177,29.933809
SYN_106047,Hail Bus 409,31.172796,29.932893
SYN_106048,Hail Bus 409,31.174418,29.931984
SYN_106049,Hail Bus 409,31.176040,29.931075
SYN_106050,Hail Bus 409,31.177647,29.930134
SYN_106051,Hail Bus 409,31.179268,29.929224
SYN_106052,Hail Bus 409,31.180889,29.928314
SYN_106053,Hail Bus 409,31.182492,29.927361
SYN_106054,Hail Bus 409,31.184116,29.926459
SYN_106055,Hail Bus 409,31.185750,29.925580
SYN_106056,Hail Bus 409,31.187385,29.924703
SYN_106057,Hail Bus 409,31.189027,29.923848
SYN_106058,Hail Bus 409,31.190801,29.923809
SYN_106059,Hail Bus 409,31.192516,29.923612
SYN_106060,Hail Bus 409,31.194032,29.922482
SYN_106061,Hail Bus 409,31.195287,29.921030
SYN_106062,Hail Bus 409,31.196106,29.919159
SYN_106063,Hail Bus 409,31.197205,29.917545
SYN_106064,Hail Bus 409,31.198769,29.916530
SYN_106065,Hail Bus 409,31.200557,29.916440
SYN_106066,Hail Bus 409,31.200797,29.916115
SYN_106067,Hail Bus 409,31.199011,29.916191
SYN_106068,Hail Bus 409,31.197317,29.915517
SYN_106069,Hail Bus 409,31.196546,29.913713
SYN_106070,Hail Bus 409,31.195903,29.911749
SYN_106071,Hail Bus 409,31.195223,29.909803
SYN_106072,Hail Bus 409,31.194508,29.907873
SYN_106073,Hail Bus 409,31.193793,29.905944
SYN_106074,Hail Bus 733,31.207491,29.883051
SYN_106075,Hail Bus 733,31.205878,29.883977
SYN_106076,Hail Bus 733,31.204361,29.885105
SYN_106077,Hail Bus 733,31.202957,29.886417
SYN_106078,Hail Bus 733,31.201778,29.887996
SYN_106079,Hail Bus 733,31.200972,29.889869
SYN_106080,Hail Bus 733,31.200476,29.891887
SYN_106081,Hail Bus 733,31.200296,29.893975
SYN_106082,Hail Bus 733,31.200455,29.896067
SYN_106083,Hail Bus 733,31.200910,29.898098
SYN_106084,Hail Bus 733,31.201704,29.899977
SYN_106085,Hail Bus 733,31.202737,29.901695
SYN_106086,Hail Bus 733,31.203944,29.903253
SYN_106087,Hail Bus 733,31.205275,29.904666
SYN_106088,Hail Bus 733,31.206695,29.905955
SYN_106089,Hail Bus 733,31.208243,29.907023
SYN_106090,Hail Bus 733,31.209503,29.908416
SYN_106091,Hail Bus 733,31.209840,29.910478
SYN_106092,Hail Bus 733,31.210447,29.912430
SYN_106093,Hail Bus 733,31.211232,29.914309
SYN_106094,Hail Bus 733,31.211809,29.916301
SYN_106095,Hail Bus 733,31.212934,29.917929
SYN_106096,Hail Bus 733,31.213985,29.919628
SYN_106097,Hail Bus 733,31.214975,29.921380
SYN_106098,Hail Bus 733,31.216085,29.923027
SYN_106099,Hail Bus 733,31.217054,29.924790
SYN_106100,Hail Bus 733,31.218166,29.926441
SYN_106101,Hail Bus 733,31.219262,29.928104
SYN_106102,Hail Bus 733,31.220125,29.929942
SYN_106103,Hail Bus 733,31.221398,29.931424
SYN_106104,Hail Bus 733,31.222630,29.932956
SYN_106105,Hail Bus 733,31.223852,29.934499
SYN_106106,Hail Bus 733,31.225076,29.936040
SYN_106107,Hail Bus 733,31.226319,29.937560
SYN_106108,Hail Bus 733,31.227413,29.939210
SYN_106109,Hail Bus 733,31.227715,29.941253
SYN_106110,Hail Bus 733,31.229035,29.942659
SYN_106111,Hail Bus 733,31.230409,29.944015
SYN_106112,Hail Bus 733,31.231785,29.945370
SYN_106113,Hail Bus 733,31.233199,29.946668
SYN_106114,Hail Bus 733,31.233652,29.948492
SYN_106115,Hail Bus 733,31.234404,29.950286
SYN_106116,Hail Bus 733,31.236112,29.950250
SYN_106117,Hail Bus 733,31.236736,29.952094
SYN_106118,Hail Bus 733,31.237712,29.953702
SYN_106119,Hail Bus 733,31.239300,29.954537
SYN_106120,Hail Bus 733,31.240400,29.956200
SYN_106121,Hail Bus 733,31.240787,29.957937
SYN_106122,Hail Bus 733,31.240985,29.959851
SYN_106123,Hail Bus 733,31.242269,29.961288
SYN_106124,Hail Bus 733,31.243120,29.963125
SYN_106125,Hail Bus 733,31.244494,29.964466
SYN_106126,Hail Bus 733,31.245929,29.965702
SYN_106127,Hail Bus 733,31.247466,29.966788
SYN_106128,Hail Bus 733,31.248577,29.968429
SYN_106129,Hail Bus 733,31.250052,29.969597
SYN_106130,Hail Bus 733,31.249796,29.971043
SYN_106131,Hail Bus 733,31.248600,29.972612
SYN_106132,Hail Bus 733,31.247218,29.973954
SYN_106133,Hail Bus 733,31.246160,29.975341
SYN_106134,Hail Bus 733,31.246971,29.977218
SYN_106135,Hail Bus 733,31.247496,29.978968
SYN_106136,Hail Bus 733,31.246321,29.980561
SYN_106137,Hail Bus 733,31.245082,29.982083
SYN_106138,Hail Bus 733,31.243724,29.983463
SYN_106139,Hail Bus 733,31.242440,29.984910
SYN_106140,Hail Bus 733,31.241149,29.986367
SYN_106141,Hail Bus 733,31.240744,29.988370
SYN_106142,Hail Bus 733,31.240818,29.990472
SYN_106143,Hail Bus 733,31.240580,29.992504
SYN_106144,Hail Bus 733,31.240964,29.994506
SYN_106145,Hail Bus 733,31.241070,29.996606
SYN_106146,Hail Bus 759,31.206732,29.908559
SYN_106147,Hail Bus 759,31.205533,29.910126
SYN_106148,Hail Bus 759,31.204333,29.911692
SYN_106149,Hail Bus 759,31.204214,29.913417
SYN_106150,Hail Bus 759,31.204155,29.914888
SYN_106151,Hail Bus 759,31.202477,29.915645
SYN_106152,Hail Bus 759,31.200747,29.916212
SYN_106153,Hail Bus 759,31.198959,29.916316
SYN_106154,Hail Bus 759,31.197392,29.917295
SYN_106155,Hail Bus 759,31.196135,29.918752
SYN_106156,Hail Bus 759,31.195301,29.920614
SYN_106157,Hail Bus 759,31.194162,29.922174
SYN_106158,Hail Bus 759,31.192668,29.923345
SYN_106159,Hail Bus 759,31.191001,29.923753
SYN_106160,Hail Bus 759,31.189220,29.923684
SYN_106161,Hail Bus 759,31.187570,29.924513
SYN_106162,Hail Bus 759,31.185935,29.925389
SYN_106163,Hail Bus 759,31.184297,29.926258
SYN_106164,Hail Bus 759,31.182620,29.926967
SYN_106165,Hail Bus 759,31.180913,29.927082
SYN_106166,Hail Bus 759,31.179714,29.925530
SYN_106167,Hail Bus 759,31.178898,29.923656
SYN_106168,Hail Bus 759,31.178107,29.921774
SYN_106169,Hail Bus 759,31.177346,29.919870
SYN_106170,Hail Bus 759,31.176580,29.917968
SYN_106171,Hail Tomnaya ,31.221847,29.993845
SYN_106172,Hail Tomnaya ,31.222123,29.995782
SYN_106173,Hail Tomnaya ,31.222545,29.997773
SYN_106174,Hail Tomnaya ,31.223468,29.999578
SYN_106175,Hail Tomnaya ,31.225185,29.999828
SYN_106176,Hail Tomnaya ,31.226981,29.999717
SYN_106177,Hail Tomnaya ,31.228777,29.999606
SYN_106178,Hail Tomnaya ,31.230573,29.999495
SYN_106179,Hail Tomnaya ,31.232370,29.999384
SYN_106180,Hail Tomnaya ,31.234166,29.999273
SYN_106181,Hail Tomnaya ,31.235961,29.999137
SYN_106182,Hail Tomnaya ,31.237757,29.999025
SYN_106183,Hail Tomnaya ,31.239553,29.998926
SYN_106184,Hail Tomnaya ,31.241350,29.998827
SYN_106185,Hail Tomnaya ,31.243146,29.998716
SYN_106186,Hail Tomnaya ,31.244939,29.998564
SYN_106187,Hail Tomnaya ,31.246733,29.998418
SYN_106188,Hail Tomnaya ,31.247579,29.999813
SYN_106189,Hail Tomnaya ,31.248026,30.000513
SYN_106190,Hail Tomnaya ,31.247692,29.998446
SYN_106191,Hail Tomnaya ,31.247354,29.996380
SYN_106192,Hail Tomnaya ,31.246972,29.994324
SYN_106193,Hail Tomnaya ,31.246729,29.992243
SYN_106194,Hail Tomnaya ,31.246253,29.990238
SYN_106195,Hail Tomnaya ,31.245493,29.988331
SYN_106196,Hail Tomnaya ,31.246294,29.987010
SYN_106197,Hail Tomnaya ,31.247968,29.986287
SYN_106198,Hail Tomnaya ,31.249630,29.985590
SYN_106199,Hail Tomnaya ,31.251202,29.984737
SYN_106200,Hail Tomnaya ,31.250203,29.982988
SYN_106201,Hail Tomnaya ,31.209557,29.940328
SYN_106202,Hail Tomnaya ,31.211333,29.939993
SYN_106203,Hail Tomnaya ,31.212949,29.939667
SYN_106204,Hail Tomnaya ,31.214723,29.939323
SYN_106205,Hail Tomnaya ,31.216379,29.939916
SYN_106206,Hail Tomnaya ,31.217664,29.941365
SYN_106207,Hail Bus ,31.281594,30.013266
SYN_106208,Hail Bus ,31.282131,30.011257
SYN_106209,Hail Bus ,31.280811,30.010150
SYN_106210,Hail Bus ,31.279366,30.008924
SYN_106211,Hail Bus ,31.278129,30.007398
SYN_106212,Hail Bus ,31.277437,30.005467
SYN_106213,Hail Bus ,31.277253,30.003389
SYN_106214,Hail Bus ,31.275690,30.002436
SYN_106215,Hail Bus ,31.274181,30.001311
SYN_106216,Hail Bus ,31.272768,30.000010
SYN_106217,Hail Bus ,31.271525,29.998514
SYN_106218,Hail Bus ,31.270789,29.996594
SYN_106219,Hail Bus ,31.270849,29.994523
SYN_106220,Hail Bus ,31.269999,29.992722
SYN_106221,Hail Bus ,31.270040,29.990619
SYN_106222,Hail Bus ,31.270148,29.988527
SYN_106223,Hail Bus ,31.269065,29.986992
SYN_106224,Hail Bus ,31.267388,29.987280
SYN_106225,Hail Bus ,31.265639,29.987181
SYN_106226,Hail Bus ,31.264003,29.986319
SYN_106227,Hail Bus ,31.262686,29.984894
SYN_106228,Hail Bus ,31.261852,29.983067
SYN_106229,Hail Bus ,31.260579,29.981669
SYN_106230,Hail Bus ,31.259020,29.980674
SYN_106231,Hail Bus ,31.257679,29.979295
SYN_106232,Hail Bus ,31.256267,29.978024
SYN_106233,Hail Bus ,31.255152,29.976393
SYN_106234,Hail Bus ,31.254656,29.974404
SYN_106235,Hail Bus ,31.253551,29.972834
SYN_106236,Hail Bus ,31.252131,29.971560
SYN_106237,Hail Bus ,31.250904,29.970024
SYN_106238,Hail Bus ,31.249394,29.968889
SYN_106239,Hail Bus ,31.248086,29.967448
SYN_106240,Hail Bus ,31.246788,29.966041
SYN_106241,Hail Bus ,31.245219,29.965014
SYN_106242,Hail Bus ,31.243986,29.963494
SYN_106243,Hail Bus ,31.242741,29.961992
SYN_106244,Hail Bus ,31.241716,29.960290
SYN_106245,Hail Bus ,31.240749,29.958641
SYN_106246,Hail Bus ,31.240955,29.956739
SYN_106247,Hail Bus ,31.239822,29.955105
SYN_106248,Hail Bus ,31.238510,29.953731
SYN_106249,Hail Bus ,31.237104,29.952503
SYN_106250,Hail Bus ,31.236548,29.950536
SYN_106251,Hail Bus ,31.235365,29.948955
SYN_106252,Hail Bus ,31.234177,29.947377
SYN_106253,Hail Bus ,31.232791,29.946038
SYN_106254,Hail Bus ,31.231373,29.944747
SYN_106255,Hail Bus ,31.230009,29.943376
SYN_106256,Hail Bus ,31.228645,29.942005
SYN_106257,Hail Bus ,31.227751,29.940317
SYN_106258,Hail Bus ,31.227224,29.938334
SYN_106259,Hail Bus ,31.226086,29.936711
SYN_106260,Hail Bus ,31.224783,29.935264
SYN_106261,Hail Bus ,31.223530,29.933755
SYN_106262,Hail Bus ,31.222314,29.932206
SYN_106263,Hail Bus ,31.221124,29.930629
SYN_106264,Hail Bus ,31.219985,29.929010
SYN_106265,Hail Bus ,31.218975,29.927273
SYN_106266,Hail Bus ,31.217832,29.925649
SYN_106267,Hail Bus ,31.216770,29.923957
SYN_106268,Hail Bus ,31.215702,29.922284
SYN_106269,Hail Bus ,31.214754,29.920500
SYN_106270,Hail Bus ,31.213864,29.918680
SYN_106271,Hail Bus ,31.212599,29.917185
SYN_106272,Hail Bus ,31.211719,29.915386
SYN_106273,Hail Bus ,31.211132,29.913399
SYN_106274,Hail Bus ,31.210278,29.911556
SYN_106275,Hail Bus ,31.210003,29.909481
SYN_106276,Hail Bus ,31.209264,29.907574
SYN_106277,Hail Bus ,31.207734,29.906488
SYN_106278,Hail Bus ,31.206236,29.905326
SYN_106279,Hail Bus ,31.204839,29.904002
SYN_106280,Hail Bus ,31.203540,29.902550
SYN_106281,Hail Bus ,31.202390,29.900936
SYN_106282,Hail Bus ,31.201465,29.899135
SYN_106283,Hail Bus ,31.200816,29.897178
SYN_106284,Hail Bus ,31.200497,29.895113
SYN_106285,Hail Bus ,31.200490,29.893014
SYN_106286,Hail Bus ,31.200809,29.890948
SYN_106287,Hail Bus ,31.201449,29.888989
SYN_106288,Hail Bus ,31.202461,29.887260
SYN_106289,Hail Bus ,31.203767,29.885817
SYN_106290,Hail Bus ,31.205211,29.884566
SYN_106291,Hail Bus ,31.206775,29.883531
SYN_106292,Hail Bus ,31.208436,29.882729
SYN_106293,Hail Bus 423,31.189961,29.901148
SYN_106294,Hail Bus 423,31.189207,29.899241
SYN_106295,Hail Bus 423,31.188529,29.897293
SYN_106296,Hail Bus 423,31.187785,29.895379
SYN_106297,Hail Bus 423,31.187035,29.893468
SYN_106298,Hail Bus 423,31.186275,29.891563
SYN_106299,Hail Bus 423,31.185528,29.889650
SYN_106300,Hail Bus 423,31.184756,29.887752
SYN_106301,Hail Bus 423,31.183712,29.886466
SYN_106302,Hail Bus 423,31.182182,29.885563
SYN_106303,Hail Bus 423,31.181398,29.883679
SYN_106304,Hail Bus 423,31.180204,29.882241
SYN_106305,Hail Bus 423,31.178650,29.881187
SYN_106306,Hail Bus 423,31.177298,29.879853
SYN_106307,Hail Bus 423,31.176216,29.878174
SYN_106308,Hail Bus 423,31.175016,29.876617
SYN_106309,Hail Bus 423,31.173688,29.875200
SYN_106310,Hail Bus 423,31.172358,29.873785
SYN_106311,Hail Bus 423,31.171030,29.872367
SYN_106312,Hail Bus 423,31.169705,29.870946
SYN_106313,Hail Bus 423,31.168414,29.869482
SYN_106314,Hail Bus 423,31.167131,29.868010
SYN_106315,Hail Bus 423,31.165848,29.866537
SYN_106316,Hail Bus 423,31.164645,29.864980
SYN_106317,Hail Bus 423,31.163850,29.863095
SYN_106318,Hail Bus 423,31.163059,29.861207
SYN_106319,Hail Bus 423,31.162100,29.859453
SYN_106320,Hail Bus 423,31.160859,29.857932
SYN_106321,Hail Bus 423,31.159627,29.856400
SYN_106322,Hail Bus 423,31.158395,29.854870
SYN_106323,Hail Bus 423,31.157148,29.853355
SYN_106324,Hail Bus 423,31.155909,29.851831
SYN_106325,Hail Bus 423,31.154671,29.850306
SYN_106326,Hail Bus 423,31.153472,29.848744
SYN_106327,Hail Bus 423,31.153696,29.847107
SYN_106328,Hail Bus 423,31.153954,29.845353
SYN_106329,Hail Bus 423,31.152954,29.843609
SYN_106330,Hail Bus 423,31.151608,29.842220
SYN_106331,Hail Bus 423,31.150003,29.841334
SYN_106332,Hail Bus 423,31.148743,29.839849
SYN_106333,Hail Bus 423,31.147093,29.839030
SYN_106334,Hail Bus 423,31.145525,29.838004
SYN_106335,Hail Bus 423,31.144629,29.836230
SYN_106336,Hail Bus 423,31.143879,29.834321
SYN_106337,Hail Bus 423,31.142708,29.832731
SYN_106338,Hail Bus 423,31.141496,29.831178
SYN_106339,Hail Bus 423,31.140274,29.829636
SYN_106340,Hail Bus 423,31.139051,29.828095
SYN_106341,Hail Bus 423,31.138076,29.826363
SYN_106342,Hail Bus 423,31.137478,29.824382
SYN_106343,Hail Bus 423,31.136171,29.824431
SYN_106344,Hail Bus 423,31.135380,29.822545
SYN_106345,Hail Bus 423,31.134605,29.820648
SYN_106346,Hail Bus 423,31.133459,29.819056
SYN_106347,Hail Bus 423,31.132918,29.817073
SYN_106348,Hail Bus 423,31.132054,29.815243
SYN_106349,Hail Bus 423,31.131170,29.813689
SYN_106350,Hail Bus 423,31.129699,29.812725
SYN_106351,Hail Bus 423,31.128327,29.813363
SYN_106352,Hail Bus 423,31.127056,29.811896
SYN_106353,Hail Bus 423,31.125930,29.810257
SYN_106354,Hail Bus 423,31.124766,29.808658
SYN_106355,Hail Bus 423,31.123488,29.807180
SYN_106356,Hail Bus 423,31.122267,29.805639
SYN_106357,Hail Bus 423,31.121207,29.803942
SYN_106358,Hail Bus 423,31.120200,29.802201
SYN_106359,Hail Bus 423,31.119124,29.800519
SYN_106360,Hail Bus 423,31.118077,29.798819
SYN_106361,Hail Bus 423,31.117154,29.797031
SYN_106362,Hail Bus 423,31.115868,29.795567
SYN_106363,Hail Bus 423,31.114603,29.794075
SYN_106364,Hail Bus 423,31.113400,29.792513
SYN_106365,Hail Bus 423,31.112216,29.790933
SYN_106366,Hail Bus 423,31.111094,29.789290
SYN_106367,Hail Bus 423,31.110013,29.787612
SYN_106368,Hail Bus 423,31.108938,29.785927
SYN_106369,Hail Bus 423,31.107863,29.784243
SYN_106370,Hail Bus 423,31.106775,29.782571
SYN_106371,Hail Bus 423,31.105657,29.780925
SYN_106372,Hail Bus 423,31.104518,29.779300
SYN_106373,Hail Bus 423,31.103260,29.777801
SYN_106374,Hail Bus 423,31.102121,29.776180
SYN_106375,Hail Bus 423,31.101163,29.774403
SYN_106376,Hail Bus 423,31.100090,29.772721
SYN_106377,Hail Bus 423,31.098821,29.771235
SYN_106378,Hail Bus 423,31.097532,29.769770
SYN_106379,Hail Bus 423,31.096268,29.768277
SYN_106380,Hail Bus 423,31.095169,29.766614
SYN_106381,Hail Bus 423,31.094187,29.764859
SYN_106382,Hail Bus 423,31.093584,29.762881
SYN_106383,Hail Bus 423,31.093023,29.760885
SYN_106384,Hail Bus 423,31.092194,29.759024
SYN_106385,Hail Bus 423,31.091282,29.757214
SYN_106386,Hail Bus 423,31.090346,29.755420
SYN_106387,Hail Bus 423,31.089377,29.753651
SYN_106388,Hail Bus 423,31.088396,29.751892
SYN_106389,Hail Bus 423,31.087492,29.750076
SYN_106390,Hail Bus 423,31.086589,29.748260
SYN_106391,Hail Bus 423,31.085637,29.746479
SYN_106392,Hail Bus 423,31.084638,29.744732
SYN_106393,Hail Bus 423,31.083633,29.742990
SYN_106394,Hail Bus 423,31.082628,29.741249
SYN_106395,Hail Bus 423,31.081501,29.739617
SYN_106396,Hail Bus 423,31.080334,29.738020
SYN_106397,Hail Bus 25,31.263798,30.027418
SYN_106398,Hail Bus 25,31.262883,30.025677
SYN_106399,Hail Bus 25,31.262205,30.023735
SYN_106400,Hail Bus 25,31.261315,30.021908
SYN_106401,Hail Bus 25,31.260417,30.020084
SYN_106402,Hail Bus 25,31.259524,30.018258
SYN_106403,Hail Bus 25,31.258600,30.016453
SYN_106404,Hail Bus 25,31.257796,30.014703
SYN_106405,Hail Bus 25,31.258994,30.013152
SYN_106406,Hail Bus 25,31.260261,30.011659
SYN_106407,Hail Bus 25,31.261469,30.010100
SYN_106408,Hail Bus 25,31.262540,30.008412
SYN_106409,Hail Bus 25,31.263551,30.006673
SYN_106410,Hail Bus 25,31.264607,30.004969
SYN_106411,Hail Bus 25,31.265571,30.003199
SYN_106412,Hail Bus 25,31.266658,30.001524
SYN_106413,Hail Bus 25,31.267855,29.999969
SYN_106414,Hail Bus 25,31.269312,29.998734
SYN_106415,Hail Bus 25,31.270771,29.997505
SYN_106416,Hail Bus 25,31.271666,29.998950
SYN_106417,Hail Bus 25,31.272991,30.000369
SYN_106418,Hail Bus 25,31.274410,30.001662
SYN_106419,Hail Bus 25,31.275966,30.002690
SYN_106420,Hail Bus 25,31.277149,30.003240
SYN_106421,Hail Bus 25,31.275534,30.002365
SYN_106422,Hail Bus 25,31.274046,30.001196
SYN_106423,Hail Bus 25,31.272641,29.999884
SYN_106424,Hail Bus 25,31.271453,29.998337
SYN_106425,Hail Bus 25,31.270750,29.996405
SYN_106426,Hail Bus 25,31.270801,29.994336
SYN_106427,Hail Bus 25,31.270006,29.992526
SYN_106428,Hail Bus 25,31.270034,29.990423
SYN_106429,Hail Bus 25,31.270117,29.988335
SYN_106430,Hail Bus 25,31.268902,29.986946
SYN_106431,Hail Bus 25,31.267231,29.987344
SYN_106432,Hail Bus 25,31.265484,29.987108
SYN_106433,Hail Bus 25,31.263868,29.986204
SYN_106434,Hail Bus 25,31.262570,29.984753
SYN_106435,Hail Bus 25,31.261785,29.982887
SYN_106436,Hail Bus 25,31.260420,29.981612
SYN_106437,Hail Bus 25,31.258883,29.980561
SYN_106438,Hail Bus 25,31.257580,29.979137
SYN_106439,Hail Bus 25,31.256146,29.977889
SYN_106440,Hail Bus 25,31.255074,29.976219
SYN_106441,Hail Bus 25,31.254623,29.974213
SYN_106442,Hail Bus 25,31.253409,29.972730
SYN_106443,Hail Bus 25,31.252019,29.971413
SYN_106444,Hail Bus 25,31.250773,29.969902
SYN_106445,Hail Bus 25,31.249271,29.968756
SYN_106446,Hail Bus 25,31.247987,29.967290
SYN_106447,Hail Bus 25,31.246642,29.965946
SYN_106448,Hail Bus 25,31.245082,29.964900
SYN_106449,Hail Bus 25,31.243871,29.963351
SYN_106450,Hail Bus 25,31.242662,29.961819
SYN_106451,Hail Bus 25,31.241581,29.960174
SYN_106452,Hail Bus 25,31.240769,29.958447
SYN_106453,Hail Bus 25,31.240848,29.956589
SYN_106454,Hail Bus 25,31.239721,29.954950
SYN_106455,Hail Bus 25,31.238353,29.953662
SYN_106456,Hail Bus 25,31.237023,29.952332
SYN_106457,Hail Bus 25,31.236437,29.950389
SYN_106458,Hail Bus 25,31.235255,29.948807
SYN_106459,Hail Bus 25,31.234050,29.947248
SYN_106460,Hail Bus 25,31.232657,29.945919
SYN_106461,Hail Bus 25,31.231246,29.944619
SYN_106462,Hail Bus 25,31.229882,29.943248
SYN_106463,Hail Bus 25,31.228518,29.941877
SYN_106464,Hail Bus 25,31.227736,29.940122
SYN_106465,Hail Bus 25,31.227134,29.938169
SYN_106466,Hail Bus 25,31.225970,29.936569
SYN_106467,Hail Bus 25,31.224666,29.935124
SYN_106468,Hail Bus 25,31.223415,29.933613
SYN_106469,Hail Bus 25,31.222203,29.932059
SYN_106470,Hail Bus 25,31.221013,29.930482
SYN_106471,Hail Bus 25,31.219885,29.928852
SYN_106472,Hail Bus 25,31.218869,29.927122
SYN_106473,Hail Bus 25,31.217726,29.925498
SYN_106474,Hail Bus 25,31.216689,29.923786
SYN_106475,Hail Bus 25,31.215604,29.922125
SYN_106476,Hail Bus 25,31.214675,29.920327
SYN_106477,Hail Bus 25,31.213745,29.918542
SYN_106478,Hail Bus 25,31.212484,29.917043
SYN_106479,Hail Bus 25,31.211662,29.915202
SYN_106480,Hail Bus 25,31.211056,29.913225
SYN_106481,Hail Bus 25,31.210232,29.911367
SYN_106482,Hail Bus 25,31.209956,29.909294
SYN_106483,Hail Bus 25,31.209153,29.907428
SYN_106484,Hail Bus 25,31.207593,29.906383
SYN_106485,Hail Bus 25,31.206102,29.905207
SYN_106486,Hail Bus 25,31.204717,29.903868
SYN_106487,Hail Bus 25,31.203425,29.902407
SYN_106488,Hail Bus 25,31.202298,29.900771
SYN_106489,Hail Bus 25,31.201389,29.898960
SYN_106490,Hail Bus 25,31.200773,29.896989
SYN_106491,Hail Bus 25,31.200479,29.894918
SYN_106492,Hail Bus 25,31.200507,29.892820
SYN_106493,Hail Bus 25,31.200853,29.890759
SYN_106494,Hail Bus 25,31.201528,29.888816
SYN_106495,Hail Bus 25,31.202578,29.887120
SYN_106496,Hail Bus 25,31.203894,29.885688
SYN_106497,Hail Bus 25,31.205351,29.884458
SYN_106498,Hail Bus 25,31.206924,29.883440
SYN_106499,Hail Bus 25,31.208592,29.882658
SYN_106500,Hail Tomnaya ,31.197143,29.894191
SYN_106501,Hail Tomnaya ,31.197776,29.892250
SYN_106502,Hail Tomnaya ,31.197178,29.891513
SYN_106503,Hail Tomnaya ,31.195786,29.890818
SYN_106504,Hail Tomnaya ,31.195535,29.892533
SYN_106505,Hail Tomnaya ,31.194275,29.893904
SYN_106506,Hail Tomnaya ,31.193081,29.893575
SYN_106507,Hail Tomnaya ,31.192360,29.891649
SYN_106508,Hail Tomnaya ,31.191621,29.889768
SYN_106509,Hail Tomnaya ,31.191045,29.888436
SYN_106510,Hail Tomnaya ,31.189895,29.886871
SYN_106511,Hail Tomnaya ,31.188339,29.886148
SYN_106512,Hail Tomnaya ,31.186689,29.885323
SYN_106513,Hail Tomnaya ,31.185091,29.884358
SYN_106514,Hail Tomnaya ,31.183442,29.884029
SYN_106515,Hail Tomnaya ,31.181789,29.884804
SYN_106516,Hail Tomnaya ,31.181087,29.882872
SYN_106517,Hail Tomnaya ,31.179558,29.881776
SYN_106518,Hail Tomnaya ,31.177990,29.880746
SYN_106519,Hail Tomnaya ,31.176840,29.879144
SYN_106520,Hail Tomnaya ,31.175754,29.877469
SYN_106521,Hail Tomnaya ,31.174455,29.876018
SYN_106522,Hail Tomnaya ,31.173126,29.874601
SYN_106523,Hail Tomnaya ,31.171821,29.874185
SYN_106524,Hail Tomnaya ,31.170564,29.875284
SYN_106525,Hail Tomnaya ,31.169253,29.873844
SYN_106526,Hail Tomnaya ,31.167943,29.872404
SYN_106527,Hail Tomnaya ,31.166633,29.870964
SYN_106528,Hail Tomnaya ,31.165323,29.869523
SYN_106529,Hail Tomnaya ,31.164013,29.868083
SYN_106530,Hail Tomnaya ,31.162634,29.866752
SYN_106531,Hail Bus 10,31.201289,29.899119
SYN_106532,Hail Bus 10,31.202228,29.900905
SYN_106533,Hail Bus 10,31.203360,29.902537
SYN_106534,Hail Bus 10,31.204629,29.904026
SYN_106535,Hail Bus 10,31.206013,29.905368
SYN_106536,Hail Bus 10,31.207507,29.906536
SYN_106537,Hail Bus 10,31.207209,29.907932
SYN_106538,Hail Bus 10,31.206007,29.909496
SYN_106539,Hail Bus 10,31.204805,29.911060
SYN_106540,Hail Bus 10,31.203882,29.912674
SYN_106541,Hail Bus 10,31.204715,29.914537
SYN_106542,Hail Bus 10,31.203146,29.915343
SYN_106543,Hail Bus 10,31.201444,29.916012
SYN_106544,Hail Bus 10,31.199675,29.916318
SYN_106545,Hail Bus 10,31.197986,29.916826
SYN_106546,Hail Bus 10,31.196534,29.918062
SYN_106547,Hail Bus 10,31.195611,29.919857
SYN_106548,Hail Bus 10,31.194740,29.921680
SYN_106549,Hail Bus 10,31.193258,29.922867
SYN_106550,Hail Bus 10,31.191710,29.923883
SYN_106551,Hail Bus 10,31.189931,29.923590
SYN_106552,Hail Bus 10,31.188221,29.924159
SYN_106553,Hail Bus 10,31.186589,29.925043
SYN_106554,Hail Bus 10,31.184953,29.925917
SYN_106555,Hail Bus 10,31.183314,29.926782
SYN_106556,Hail Bus 10,31.181681,29.927663
SYN_106557,Hail Bus 10,31.180057,29.928568
SYN_106558,Hail Bus 10,31.178445,29.929500
SYN_106559,Hail Bus 10,31.176827,29.930417
SYN_106560,Hail Bus 10,31.175200,29.931312
SYN_106561,Hail Bus 10,31.173588,29.932243
SYN_106562,Hail Bus 10,31.171967,29.933155
SYN_106563,Hail Bus 10,31.170307,29.933953
SYN_106564,Hail Bus 10,31.168619,29.934632
SYN_106565,Hail Bus 10,31.166935,29.935287
SYN_106566,Hail Bus 10,31.165293,29.934530
SYN_106567,Hail Bus 10,31.164676,29.934672
SYN_106568,Hail Bus 10,31.165971,29.936117
SYN_106569,Hail Bus 10,31.167595,29.935840
SYN_106570,Hail Bus 10,31.169161,29.934849
SYN_106571,Hail Bus 10,31.167729,29.935124
SYN_106572,Hail Bus 10,31.165982,29.935030
SYN_106573,Hail Bus 10,31.164488,29.933866
SYN_106574,Hail Bus 10,31.163024,29.932655
SYN_106575,Hail Bus 10,31.161671,29.931271
SYN_106576,Hail Bus 10,31.160317,29.929887
SYN_106577,Hail Bus 10,31.158963,29.928503
SYN_106578,Hail Bus 10,31.157610,29.927119
SYN_106579,Hail Bus 10,31.156256,29.925735
SYN_106580,Hail Bus 10,31.154907,29.924345
SYN_106581,Hail Bus 10,31.153616,29.922882
SYN_106582,Hail Bus 10,31.152266,29.921493
SYN_106583,Hail Bus 10,31.150909,29.920113
SYN_106584,Hail Bus 10,31.149538,29.918754
SYN_106585,Hail Bus 10,31.148184,29.917370
SYN_106586,Hail Bus 10,31.146831,29.915987
SYN_106587,Hail Bus 10,31.145477,29.914603
SYN_106588,Hail Bus 10,31.144123,29.913219
SYN_106589,Hail Bus 10,31.142770,29.911836
SYN_106590,Hail Bus 10,31.141416,29.910452
SYN_106591,Hail Bus 10,31.140062,29.909068
SYN_106592,Hail Bus 10,31.138709,29.907684
SYN_106593,Hail Bus 10,31.137355,29.906301
SYN_106594,Hail Bus 10,31.136001,29.904917
SYN_106595,Hail Bus 10,31.134648,29.903533
SYN_106596,Hail Bus 10,31.133294,29.902150
SYN_106597,Hail Bus 10,31.131940,29.900766
SYN_106598,Hail Bus 10,31.130587,29.899382
SYN_106599,Hail Bus 10,31.129233,29.897998
SYN_106600,Hail Bus 10,31.127879,29.896615
SYN_106601,Hail Bus 10,31.126425,29.895391
SYN_106602,Hail Bus 10,31.124843,29.894391
SYN_106603,Hail Bus 10,31.123275,29.893363
SYN_106604,Hail Bus 10,31.121921,29.891988
SYN_106605,Hail Bus 10,31.120651,29.890501
SYN_106606,Hail Bus 10,31.119415,29.888976
SYN_106607,Hail Bus 10,31.118140,29.887494
SYN_106608,Hail Bus 10,31.116866,29.886011
SYN_106609,Hail Bus 10,31.115591,29.884529
SYN_106610,Hail Bus 10,31.114275,29.883100
SYN_106611,Hail Bus 10,31.113006,29.881611
SYN_106612,Hail Bus 10,31.111737,29.880122
SYN_106613,Hail Bus 10,31.110468,29.878633
SYN_106614,Hail Bus 10,31.109233,29.877108
SYN_106615,Hail Bus 10,31.108306,29.875313
SYN_106616,Hail Bus 10,31.107624,29.873370
SYN_106617,Hail Bus 10,31.106962,29.871417
SYN_106618,Hail Bus 10,31.106352,29.869441
SYN_106619,Hail Bus 10,31.105742,29.867464
SYN_106620,Hail Bus 10,31.105089,29.865508
SYN_106621,Hail Bus 10,31.104220,29.863672
SYN_106622,Hail Bus 10,31.103155,29.861980
SYN_106623,Hail Bus 10,31.102082,29.860294
SYN_106624,Hail Bus 10,31.100984,29.858631
SYN_106625,Hail Bus 10,31.099893,29.856961
SYN_106626,Hail Bus 10,31.098567,29.855560
SYN_106627,Hail Bus 10,31.096922,29.854724
SYN_106628,Hail Bus 10,31.095204,29.854109
SYN_106629,Hail Bus 10,31.093468,29.853557
SYN_106630,Hail Bus 10,31.091728,29.853026
SYN_106631,Hail Bus 10,31.089994,29.852469
SYN_106632,Hail Bus 10,31.088281,29.851834
SYN_106633,Hail Bus 10,31.086725,29.850791
SYN_106634,Hail Bus 10,31.085395,29.849381
SYN_106635,Hail Bus 10,31.084117,29.847902
SYN_106636,Hail Bus 10,31.082851,29.846411
SYN_106637,Hail Bus 10,31.081584,29.844920
SYN_106638,Hail Bus 10,31.080305,29.843444
SYN_106639,Hail Bus 10,31.079026,29.841967
SYN_106640,Hail Bus 10,31.077783,29.840451
SYN_106641,Hail Bus 10,31.076610,29.838862
SYN_106642,Hail Bus 10,31.075666,29.837076
SYN_106643,Hail Bus 10,31.074750,29.835269
SYN_106644,Hail Bus 10,31.073834,29.833461
SYN_106645,Hail Bus 10,31.072918,29.831654
SYN_106646,Hail Bus 10,31.072002,29.829847
SYN_106647,Hail Bus 10,31.071086,29.828040
SYN_106648,Hail Bus 10,31.070171,29.826232
SYN_106649,Hail Bus 10,31.069255,29.824425
SYN_106650,Hail Bus 10,31.068356,29.822606
SYN_106651,Hail Bus 10,31.067426,29.820809
SYN_106652,Hail Bus 10,31.066502,29.819007
SYN_106653,Hail Bus 10,31.065588,29.817198
SYN_106654,Hail Bus 10,31.064674,29.815390
SYN_106655,Hail Bus 10,31.063755,29.813585
SYN_106656,Hail Bus 10,31.062788,29.811816
SYN_106657,Hail Bus 10,31.061659,29.810184
SYN_106658,Hail Bus 10,31.060412,29.808670
SYN_106659,Hail Bus 10,31.059163,29.807159
SYN_106660,Hail Bus 10,31.057893,29.805672
SYN_106661,Hail Bus 10,31.056620,29.804189
SYN_106662,Hail Bus 10,31.055358,29.802693
SYN_106663,Hail Bus 10,31.054117,29.801173
SYN_106664,Hail Bus 10,31.053046,29.799490
SYN_106665,Hail Bus 10,31.052162,29.797662
SYN_106666,Hail Bus 10,31.051278,29.795834
SYN_106667,Hail Bus 10,31.050406,29.793997
SYN_106668,Hail Bus 10,31.049536,29.792160
SYN_106669,Hail Bus 10,31.048665,29.790323
SYN_106670,Hail Bus 10,31.047795,29.788485
SYN_106671,Hail Bus 10,31.046925,29.786648
SYN_106672,Hail Bus 10,31.046051,29.784813
SYN_106673,Hail Bus 10,31.044902,29.783213
SYN_106674,Hail Bus 10,31.043342,29.782199
SYN_106675,Hail Bus 10,31.041570,29.781921
SYN_106676,Hail Bus 10,31.039772,29.781972
SYN_106677,Hail Bus 10,31.037975,29.782064
SYN_106678,Hail Bus 10,31.036186,29.782257
SYN_106679,Hail Bus 10,31.034494,29.782943
SYN_106680,Hail Bus 10,31.033015,29.784136
SYN_106681,Hail Bus 10,31.031641,29.785491
SYN_106682,Hail Bus 10,31.030294,29.786881
SYN_106683,Hail Bus 10,31.028950,29.788275
SYN_106684,Hail Bus 10,31.027686,29.789767
SYN_106685,Hail Bus 10,31.026333,29.791148
SYN_106686,Hail Bus 10,31.024806,29.792241
SYN_106687,Hail Bus 10,31.023110,29.792934
SYN_106688,Hail Bus 10,31.021394,29.793566
SYN_106689,Hail Bus 10,31.019690,29.794236
SYN_106690,Hail Bus 10,31.017987,29.794911
SYN_106691,Hail Bus 10,31.016284,29.795586
SYN_106692,Hail Bus 10,31.014581,29.796261
SYN_106693,Hail Bus 10,31.012973,29.797177
SYN_106694,Hail Bus 10,31.011596,29.798524
SYN_106695,Hail Bus 10,31.010187,29.799830
SYN_106696,Hail Bus 10,31.008779,29.801135
SYN_106697,Hail Bus 10,31.007370,29.802440
SYN_106698,Hail Bus 10,31.005945,29.803720
SYN_106699,Hail Bus 10,31.004487,29.804946
SYN_106700,Hail Bus 10,31.002912,29.805959
SYN_106701,Hail Bus 10,31.001250,29.806758
SYN_106702,Hail Bus 10,30.999556,29.807461
SYN_106703,Hail Bus 10,30.997852,29.808132
SYN_106704,Hail Bus 10,30.998552,29.808187
SYN_106705,Hail Bus 10,31.000234,29.807445
SYN_106706,Hail Bus 10,31.001911,29.806686
SYN_106707,Hail Bus 10,31.003558,29.805847
SYN_106708,Hail Bus 10,31.005082,29.804737
SYN_106709,Hail Bus 10,31.006527,29.803489
SYN_106710,Hail Bus 10,31.007909,29.802527
SYN_106711,Hail Bus 10,31.008850,29.804048
SYN_106712,Hail Bus 10,31.009801,29.805807
SYN_106713,Hail Bus 455,31.190346,29.901557
SYN_106714,Hail Bus 455,31.189415,29.899811
SYN_106715,Hail Bus 455,31.188728,29.897868
SYN_106716,Hail Bus 455,31.188006,29.895943
SYN_106717,Hail Bus 455,31.187256,29.894032
SYN_106718,Hail Bus 455,31.186500,29.892124
SYN_106719,Hail Bus 455,31.185753,29.890211
SYN_106720,Hail Bus 455,31.184989,29.888308
SYN_106721,Hail Bus 455,31.184207,29.886687
SYN_106722,Hail Bus 455,31.182506,29.886051
SYN_106723,Hail Bus 455,31.181597,29.884254
SYN_106724,Hail Bus 455,31.180666,29.882546
SYN_106725,Hail Bus 455,31.179113,29.881488
SYN_106726,Hail Bus 455,31.177626,29.880341
SYN_106727,Hail Bus 455,31.176535,29.878669
SYN_106728,Hail Bus 455,31.175408,29.877035
SYN_106729,Hail Bus 455,31.174079,29.875618
SYN_106730,Hail Bus 455,31.172759,29.874191
SYN_106731,Hail Bus 455,31.171421,29.872787
SYN_106732,Hail Bus 455,31.170096,29.871365
SYN_106733,Hail Bus 455,31.168792,29.869917
SYN_106734,Hail Bus 455,31.167509,29.868444
SYN_106735,Hail Bus 455,31.166226,29.866971
SYN_106736,Hail Bus 455,31.164966,29.865473
SYN_106737,Hail Bus 455,31.164084,29.863651
SYN_106738,Hail Bus 455,31.163289,29.861766
SYN_106739,Hail Bus 455,31.162455,29.859914
SYN_106740,Hail Bus 455,31.161222,29.858383
SYN_106741,Hail Bus 455,31.159991,29.856852
SYN_106742,Hail Bus 455,31.158759,29.855320
SYN_106743,Hail Bus 455,31.157513,29.853804
SYN_106744,Hail Bus 455,31.156274,29.852280
SYN_106745,Hail Bus 455,31.155035,29.850757
SYN_106746,Hail Bus 455,31.153809,29.849219
SYN_106747,Hail Bus 455,31.153319,29.847543
SYN_106748,Hail Bus 455,31.154226,29.845885
SYN_106749,Hail Bus 455,31.153267,29.844108
SYN_106750,Hail Bus 455,31.152022,29.842607
SYN_106751,Hail Bus 455,31.150504,29.841524
SYN_106752,Hail Bus 455,31.149137,29.840257
SYN_106753,Hail Bus 455,31.147567,29.839310
SYN_106754,Hail Bus 455,31.145980,29.838321
SYN_106755,Hail Bus 455,31.144828,29.836805
SYN_106756,Hail Bus 455,31.144110,29.834878
SYN_106757,Hail Bus 455,31.143065,29.833189
SYN_106758,Hail Bus 455,31.141853,29.831636
SYN_106759,Hail Bus 455,31.140634,29.830091
SYN_106760,Hail Bus 455,31.139411,29.828550
SYN_106761,Hail Bus 455,31.138258,29.826945
SYN_106762,Hail Bus 455,31.137646,29.824969
SYN_106763,Hail Bus 455,31.136510,29.824674
SYN_106764,Hail Bus 455,31.135609,29.823104
SYN_106765,Hail Bus 455,31.134833,29.821208
SYN_106766,Hail Bus 455,31.133839,29.819488
SYN_106767,Hail Bus 455,31.133050,29.817672
SYN_106768,Hail Bus 455,31.132358,29.815752
SYN_106769,Hail Bus 455,31.131601,29.814050
SYN_106770,Hail Bus 455,31.130139,29.812826
SYN_106771,Hail Bus 455,31.128788,29.813658
SYN_106772,Hail Bus 455,31.127398,29.812369
SYN_106773,Hail Bus 455,31.126260,29.810742
SYN_106774,Hail Bus 455,31.125132,29.809106
SYN_106775,Hail Bus 455,31.123865,29.807616
SYN_106776,Hail Bus 455,31.122614,29.806107
SYN_106777,Hail Bus 455,31.121504,29.804456
SYN_106778,Hail Bus 455,31.120497,29.802715
SYN_106779,Hail Bus 455,31.119447,29.801010
SYN_106780,Hail Bus 455,31.118338,29.799357
SYN_106781,Hail Bus 455,31.117484,29.797517
SYN_106782,Hail Bus 455,31.116256,29.795990
SYN_106783,Hail Bus 455,31.115058,29.794465
SYN_106784,Hail Bus 455,31.116245,29.792894
SYN_106785,Hail Bus 455,31.117450,29.791334
SYN_106786,Hail Bus 455,31.118655,29.789774
SYN_106787,Hail Bus 455,31.119860,29.788215
SYN_106788,Hail Bus 455,31.121066,29.786655
SYN_106789,Hail Bus 455,31.122284,29.785110
SYN_106790,Hail Bus 455,31.123532,29.783601
SYN_106791,Hail Bus 455,31.125073,29.782520
SYN_106792,Hail Bus 455,31.126630,29.781469
SYN_106793,Hail Bus 455,31.128306,29.781346
SYN_106794,Hail Bus 455,31.129684,29.782680
SYN_106795,Hail Bus 455,31.131377,29.783387
SYN_106796,Hail Bus 455,31.133124,29.783863
SYN_106797,Hail Bus 455,31.134696,29.783314
SYN_106798,Hail Tomnaya ,31.217480,29.996169
SYN_106799,Hail Tomnaya ,31.216928,29.998171
SYN_106800,Hail Tomnaya ,31.216320,30.000142
SYN_106801,Hail Tomnaya ,31.215336,30.001894
SYN_106802,Hail Tomnaya ,31.214282,30.003599
SYN_106803,Hail Tomnaya ,31.213314,30.005357
SYN_106804,Hail Tomnaya ,31.212246,30.007049
SYN_106805,Hail Tomnaya ,31.211210,30.008768
SYN_106806,Hail Tomnaya ,31.210203,30.010508
SYN_106807,Hail Tomnaya ,31.209268,30.012304
SYN_106808,Hail Tomnaya ,31.208172,30.013968
SYN_106809,Hail Tomnaya ,31.207088,30.015645
SYN_106810,Hail Tomnaya ,31.206108,30.017409
SYN_106811,Hail Tomnaya ,31.205136,30.019178
SYN_106812,Hail Tomnaya ,31.204292,30.021033
SYN_106813,Hail Tomnaya ,31.203504,30.022922
SYN_106814,Hail Tomnaya ,31.203624,30.023959
SYN_106815,Hail Tomnaya ,31.204366,30.022073
SYN_106816,Hail Tomnaya ,31.205306,30.020308
SYN_106817,Hail Tomnaya ,31.206461,30.019488
SYN_106818,Hail Tomnaya ,31.208071,30.020422
SYN_106819,Hail Tomnaya ,31.209706,30.021296
SYN_106820,Hail Tomnaya ,31.211423,30.021924
SYN_106821,Hail Tomnaya ,31.213158,30.022472
SYN_106822,Hail Tomnaya ,31.217473,29.996194
SYN_106823,Hail Tomnaya ,31.216922,29.998196
SYN_106824,Hail Tomnaya ,31.216310,30.000164
SYN_106825,Hail Tomnaya ,31.215323,30.001915
SYN_106826,Hail Tomnaya ,31.214269,30.003620
SYN_106827,Hail Tomnaya ,31.213301,30.005378
SYN_106828,Hail Tomnaya ,31.212233,30.007070
SYN_106829,Hail Tomnaya ,31.211198,30.008789
SYN_106830,Hail Tomnaya ,31.210192,30.010531
SYN_106831,Hail Tomnaya ,31.209255,30.012325
SYN_106832,Hail Tomnaya ,31.208160,30.013989
SYN_106833,Hail Tomnaya ,31.207077,30.015668
SYN_106834,Hail Tomnaya ,31.206101,30.017434
SYN_106835,Hail Tomnaya ,31.205125,30.019200
SYN_106836,Hail Tomnaya ,31.204281,30.021056
SYN_106837,Hail Tomnaya ,31.203495,30.022946
SYN_106838,Hail Tomnaya ,31.202793,30.024881
SYN_106839,Hail Tomnaya ,31.202057,30.026796
SYN_106840,Hail Tomnaya ,31.201185,30.028632
SYN_106841,Hail Tomnaya ,31.200419,30.030535
SYN_106842,Hail Tomnaya ,31.199604,30.032409
SYN_106843,Hail Tomnaya ,31.198782,30.034279
SYN_106844,Hail Tomnaya ,31.197999,30.036172
SYN_106845,Hail Tomnaya ,31.197313,30.038102
SYN_106846,Hail Tomnaya ,31.198137,30.037161
SYN_106847,Hail Tomnaya ,31.198916,30.035267
SYN_106848,Hail Tomnaya ,31.199727,30.033390
SYN_106849,Hail Minibus 1,31.319809,30.062709
SYN_106850,Hail Minibus 1,31.318174,30.061833
SYN_106851,Hail Minibus 1,31.316494,30.061084
SYN_106852,Hail Minibus 1,31.314771,30.060486
SYN_106853,Hail Minibus 1,31.313020,30.060003
SYN_106854,Hail Minibus 1,31.311270,30.059520
SYN_106855,Hail Minibus 1,31.309519,30.059038
SYN_106856,Hail Minibus 1,31.307767,30.058561
SYN_106857,Hail Minibus 1,31.306014,30.058089
SYN_106858,Hail Minibus 1,31.304261,30.057616
SYN_106859,Hail Minibus 1,31.302509,30.057144
SYN_106860,Hail Minibus 1,31.300741,30.056758
SYN_106861,Hail Minibus 1,31.298996,30.056258
SYN_106862,Hail Minibus 1,31.297298,30.055564
SYN_106863,Hail Minibus 1,31.295678,30.054654
SYN_106864,Hail Minibus 1,31.294161,30.053524
SYN_106865,Hail Minibus 1,31.292694,30.052306
SYN_106866,Hail Minibus 1,31.291345,30.051297
SYN_106867,Hail Minibus 1,31.290138,30.049739
SYN_106868,Hail Minibus 1,31.289003,30.048106
SYN_106869,Hail Minibus 1,31.287889,30.046453
SYN_106870,Hail Minibus 1,31.286776,30.044800
SYN_106871,Hail Minibus 1,31.285808,30.043029
SYN_106872,Hail Minibus 1,31.285020,30.041140
SYN_106873,Hail Minibus 1,31.284488,30.039134
SYN_106874,Hail Minibus 1,31.284162,30.037066
SYN_106875,Hail Minibus 1,31.284026,30.034967
SYN_106876,Hail Minibus 1,31.283895,30.032868
SYN_106877,Hail Minibus 1,31.283759,30.030770
SYN_106878,Hail Minibus 1,31.283638,30.028670
SYN_106879,Hail Minibus 1,31.283447,30.026580
SYN_106880,Hail Minibus 1,31.283306,30.024482
SYN_106881,Hail Minibus 1,31.282935,30.022427
SYN_106882,Hail Minibus 1,31.282379,30.020431
SYN_106883,Hail Minibus 1,31.281641,30.018512
SYN_106884,Hail Minibus 1,31.280699,30.016728
SYN_106885,Hail Minibus 1,31.280893,30.015111
SYN_106886,Hail Minibus 1,31.281609,30.013214
SYN_106887,Hail Minibus 1,31.282145,30.011205
SYN_106888,Hail Minibus 1,31.280769,30.010124
SYN_106889,Hail Minibus 1,31.279334,30.008884
SYN_106890,Hail Minibus 1,31.278100,30.007355
SYN_106891,Hail Minibus 1,31.277435,30.005412
SYN_106892,Hail Minibus 1,31.277233,30.003339
SYN_106893,Hail Minibus 1,31.275646,30.002416
SYN_106894,Hail Minibus 1,31.274143,30.001278
SYN_106895,Hail Minibus 1,31.272732,29.999975
SYN_106896,Hail Minibus 1,31.271504,29.998464
SYN_106897,Hail Minibus 1,31.270775,29.996542
SYN_106898,Hail Minibus 1,31.270838,29.994469
SYN_106899,Hail Minibus 1,31.270001,29.992667
SYN_106900,Hail Minibus 1,31.270038,29.990564
SYN_106901,Hail Minibus 1,31.270142,29.988472
SYN_106902,Hail Minibus 1,31.269019,29.986980
SYN_106903,Hail Minibus 1,31.267346,29.987302
SYN_106904,Hail Minibus 1,31.265596,29.987161
SYN_106905,Hail Minibus 1,31.263965,29.986287
SYN_106906,Hail Minibus 1,31.262654,29.984854
SYN_106907,Hail Minibus 1,31.261834,29.983016
SYN_106908,Hail Minibus 1,31.260535,29.981650
SYN_106909,Hail Minibus 1,31.258980,29.980644
SYN_106910,Hail Minibus 1,31.257651,29.979250
SYN_106911,Hail Minibus 1,31.256232,29.977987
SYN_106912,Hail Minibus 1,31.255130,29.976344
SYN_106913,Hail Minibus 1,31.254648,29.974350
SYN_106914,Hail Minibus 1,31.253511,29.972805
SYN_106915,Hail Minibus 1,31.252099,29.971518
SYN_106916,Hail Minibus 1,31.250867,29.969990
SYN_106917,Hail Minibus 1,31.249360,29.968851
SYN_106918,Hail Minibus 1,31.248057,29.967405
SYN_106919,Hail Minibus 1,31.246747,29.966014
SYN_106920,Hail Minibus 1,31.245180,29.964982
SYN_106921,Hail Minibus 1,31.243953,29.963454
SYN_106922,Hail Minibus 1,31.242719,29.961943
SYN_106923,Hail Minibus 1,31.241678,29.960258
SYN_106924,Hail Minibus 1,31.240753,29.958587
SYN_106925,Hail Minibus 1,31.240925,29.956696
SYN_106926,Hail Minibus 1,31.239794,29.955062
SYN_106927,Hail Minibus 1,31.238466,29.953712
SYN_106928,Hail Minibus 1,31.237081,29.952455
SYN_106929,Hail Minibus 1,31.236517,29.950495
SYN_106930,Hail Minibus 1,31.235334,29.948913
SYN_106931,Hail Minibus 1,31.234141,29.947341
SYN_106932,Hail Minibus 1,31.232753,29.946005
SYN_106933,Hail Minibus 1,31.231337,29.944711
SYN_106934,Hail Minibus 1,31.229973,29.943340
SYN_106935,Hail Minibus 1,31.228609,29.941969
SYN_106936,Hail Minibus 1,31.227747,29.940262
SYN_106937,Hail Minibus 1,31.227202,29.938285
SYN_106938,Hail Minibus 1,31.226053,29.936671
SYN_106939,Hail Minibus 1,31.224750,29.935225
SYN_106940,Hail Minibus 1,31.223498,29.933715
SYN_106941,Hail Minibus 1,31.222283,29.932165
SYN_106942,Hail Minibus 1,31.221093,29.930588
SYN_106943,Hail Minibus 1,31.219957,29.928965
SYN_106944,Hail Minibus 1,31.218945,29.927231
SYN_106945,Hail Minibus 1,31.217803,29.925607
SYN_106946,Hail Minibus 1,31.216747,29.923909
SYN_106947,Hail Minibus 1,31.215675,29.922239
SYN_106948,Hail Minibus 1,31.214732,29.920451
SYN_106949,Hail Minibus 1,31.213831,29.918641
SYN_106950,Hail Minibus 1,31.212567,29.917145
SYN_106951,Hail Minibus 1,31.211703,29.915334
SYN_106952,Hail Minibus 1,31.211114,29.913348
SYN_106953,Hail Minibus 1,31.210265,29.911503
SYN_106954,Hail Minibus 1,31.209880,29.910746
SYN_106955,Hail Minibus 1,31.209561,29.912403
SYN_106956,Hail Minibus 1,31.207890,29.913179
SYN_106957,Hail Minibus 1,31.206217,29.913951
SYN_106958,Hail Minibus 1,31.204529,29.914644
SYN_106959,Hail Minibus 1,31.202846,29.915388
SYN_106960,Hail Minibus 1,31.201473,29.914799
SYN_106961,Hail Minibus 1,31.201386,29.915475
SYN_106962,Hail Minibus 1,31.200021,29.916250
SYN_106963,Hail Minibus 1,31.198270,29.915905
SYN_106964,Hail Minibus 1,31.196907,29.914817
SYN_106965,Hail Minibus 1,31.196264,29.912853
SYN_106966,Hail Minibus 1,31.195622,29.910889
SYN_106967,Hail Minibus 1,31.194910,29.908958
SYN_106968,Hail Minibus 1,31.194195,29.907029
SYN_106969,Hail Minibus 1,31.193480,29.905099
SYN_106970,Hail Minibus 20,31.263124,30.026525
SYN_106971,Hail Minibus 20,31.262551,30.024532
SYN_106972,Hail Minibus 20,31.261704,30.022677
SYN_106973,Hail Minibus 20,31.260796,30.020861
SYN_106974,Hail Minibus 20,31.259904,30.019034
SYN_106975,Hail Minibus 20,31.259001,30.017214
SYN_106976,Hail Minibus 20,31.258009,30.015463
SYN_106977,Hail Minibus 20,31.258455,30.013787
SYN_106978,Hail Minibus 20,31.259723,30.012294
SYN_106979,Hail Minibus 20,31.260952,30.010759
SYN_106980,Hail Minibus 20,31.262112,30.009153
SYN_106981,Hail Minibus 20,31.263114,30.007406
SYN_106982,Hail Minibus 20,31.264152,30.005688
SYN_106983,Hail Minibus 20,31.265202,30.003982
SYN_106984,Hail Minibus 20,31.266188,30.002229
SYN_106985,Hail Minibus 20,31.267294,30.000570
SYN_106986,Hail Minibus 20,31.268699,29.999269
SYN_106987,Hail Minibus 20,31.270151,29.998027
SYN_106988,Hail Minibus 20,31.271292,29.998175
SYN_106989,Hail Minibus 20,31.272408,29.999790
SYN_106990,Hail Minibus 20,31.273801,30.001122
SYN_106991,Hail Minibus 20,31.275262,30.002341
SYN_106992,Hail Minibus 20,31.276875,30.003241
SYN_106993,Hail Minibus 20,31.276254,30.002669
SYN_106994,Hail Minibus 20,31.274665,30.001723
SYN_106995,Hail Minibus 20,31.273225,30.000464
SYN_106996,Hail Minibus 20,31.271871,29.999080
SYN_106997,Hail Minibus 20,31.271028,29.997237
SYN_106998,Hail Minibus 20,31.270793,29.995214
SYN_106999,Hail Minibus 20,31.270195,29.993365
SYN_107000,Hail Minibus 20,31.270051,29.991319
SYN_107001,Hail Minibus 20,31.270160,29.989227
SYN_107002,Hail Minibus 20,31.269583,29.987332
SYN_107003,Hail Minibus 20,31.267891,29.986901
SYN_107004,Hail Minibus 20,31.266204,29.987405
SYN_107005,Hail Minibus 20,31.264527,29.986655
SYN_107006,Hail Minibus 20,31.263100,29.985400
SYN_107007,Hail Minibus 20,31.262038,29.983731
SYN_107008,Hail Minibus 20,31.261108,29.981988
SYN_107009,Hail Minibus 20,31.259512,29.981071
SYN_107010,Hail Minibus 20,31.258061,29.979830
SYN_107011,Hail Minibus 20,31.256758,29.978419
SYN_107012,Hail Minibus 20,31.255453,29.976997
SYN_107013,Hail Minibus 20,31.254722,29.975099
SYN_107014,Hail Minibus 20,31.254037,29.973240
SYN_107015,Hail Minibus 20,31.252557,29.972050
SYN_107016,Hail Minibus 20,31.251334,29.970509
SYN_107017,Hail Minibus 20,31.249897,29.969266
SYN_107018,Hail Minibus 20,31.248508,29.967941
SYN_107019,Hail Minibus 20,31.247299,29.966404
SYN_107020,Hail Minibus 20,31.245741,29.965355
SYN_107021,Hail Minibus 20,31.244391,29.964008
SYN_107022,Hail Minibus 20,31.243102,29.962545
SYN_107023,Hail Minibus 20,31.242142,29.960777
SYN_107024,Hail Minibus 20,31.240867,29.959319
SYN_107025,Hail Minibus 20,31.241188,29.957363
SYN_107026,Hail Minibus 20,31.240185,29.955662
SYN_107027,Hail Minibus 20,31.239039,29.954050
SYN_107028,Hail Minibus 20,31.237476,29.953048
SYN_107029,Hail Minibus 20,31.236770,29.951170
SYN_107030,Hail Minibus 20,31.235758,29.949483
SYN_107031,Hail Minibus 20,31.234578,29.947895
SYN_107032,Hail Minibus 20,31.233266,29.946462
SYN_107033,Hail Minibus 20,31.231827,29.945203
SYN_107034,Hail Minibus 20,31.230463,29.943832
SYN_107035,Hail Minibus 20,31.229098,29.942461
SYN_107036,Hail Minibus 20,31.227820,29.941010
SYN_107037,Hail Minibus 20,31.227481,29.938965
SYN_107038,Hail Minibus 20,31.226491,29.937226
SYN_107039,Hail Minibus 20,31.225202,29.935763
SYN_107040,Hail Minibus 20,31.223945,29.934259
SYN_107041,Hail Minibus 20,31.222710,29.932730
SYN_107042,Hail Minibus 20,31.221520,29.931153
SYN_107043,Hail Minibus 20,31.220333,29.929578
SYN_107044,Hail Minibus 20,31.219342,29.927826
SYN_107045,Hail Minibus 20,31.218212,29.926189
SYN_107046,Hail Minibus 20,31.217094,29.924543
SYN_107047,Hail Minibus 20,31.216103,29.922801
SYN_107048,Hail Minibus 20,31.215038,29.921115
SYN_107049,Hail Minibus 20,31.214203,29.919253
SYN_107050,Hail Minibus 20,31.213012,29.917691
SYN_107051,Hail Minibus 20,31.211922,29.916044
SYN_107052,Hail Minibus 20,31.211334,29.914057
SYN_107053,Hail Minibus 20,31.210530,29.912185
SYN_107054,Hail Minibus 20,31.210025,29.910192
SYN_107055,Hail Minibus 20,31.210109,29.912046
SYN_107056,Hail Minibus 20,31.208487,29.912894
SYN_107057,Hail Minibus 20,31.206818,29.913677
SYN_107058,Hail Minibus 20,31.205142,29.914440
SYN_107059,Hail Minibus 20,31.203450,29.915121
SYN_107060,Hail Minibus 20,31.201775,29.915466
SYN_107061,Hail Minibus 20,31.201072,29.914816
SYN_107062,Hail Minibus 20,31.200658,29.916154
SYN_107063,Hail Minibus 20,31.198870,29.916168
SYN_107064,Hail Minibus 20,31.197181,29.915467
SYN_107065,Hail Minibus 20,31.196495,29.913557
SYN_107066,Hail Minibus 20,31.195852,29.911593
SYN_107067,Hail Minibus 20,31.195167,29.909650
SYN_107068,Hail Minibus 20,31.194453,29.907719
SYN_107069,Hail Minibus 20,31.193740,29.905789
SYN_107070,Hail Minibus 20,31.193376,29.903970
SYN_107071,Hail Minibus 25,31.314585,30.060435
SYN_107072,Hail Minibus 25,31.312835,30.059952
SYN_107073,Hail Minibus 25,31.311084,30.059469
SYN_107074,Hail Minibus 25,31.309333,30.058986
SYN_107075,Hail Minibus 25,31.307581,30.058511
SYN_107076,Hail Minibus 25,31.305828,30.058039
SYN_107077,Hail Minibus 25,31.304075,30.057566
SYN_107078,Hail Minibus 25,31.302323,30.057094
SYN_107079,Hail Minibus 25,31.300554,30.056711
SYN_107080,Hail Minibus 25,31.298813,30.056192
SYN_107081,Hail Minibus 25,31.297122,30.055476
SYN_107082,Hail Minibus 25,31.295517,30.054535
SYN_107083,Hail Minibus 25,31.294005,30.053394
SYN_107084,Hail Minibus 25,31.292538,30.052177
SYN_107085,Hail Minibus 25,31.291212,30.051137
SYN_107086,Hail Minibus 25,31.290014,30.049569
SYN_107087,Hail Minibus 25,31.288885,30.047931
SYN_107088,Hail Minibus 25,31.287771,30.046278
SYN_107089,Hail Minibus 25,31.286657,30.044625
SYN_107090,Hail Minibus 25,31.285716,30.042833
SYN_107091,Hail Minibus 25,31.284949,30.040932
SYN_107092,Hail Minibus 25,31.284445,30.038917
SYN_107093,Hail Minibus 25,31.284142,30.036844
SYN_107094,Hail Minibus 25,31.284014,30.034744
SYN_107095,Hail Minibus 25,31.283878,30.032646
SYN_107096,Hail Minibus 25,31.283746,30.030547
SYN_107097,Hail Minibus 25,31.283607,30.028450
SYN_107098,Hail Minibus 25,31.283432,30.026358
SYN_107099,Hail Minibus 25,31.283291,30.024259
SYN_107100,Hail Minibus 25,31.282884,30.022212
SYN_107101,Hail Minibus 25,31.282297,30.020229
SYN_107102,Hail Minibus 25,31.281567,30.018306
SYN_107103,Hail Minibus 25,31.280589,30.016545
SYN_107104,Hail Minibus 25,31.281027,30.014952
SYN_107105,Hail Minibus 25,31.281667,30.013001
SYN_107106,Hail Minibus 25,31.282155,30.010985
SYN_107107,Hail Minibus 25,31.280601,30.010019
SYN_107108,Hail Minibus 25,31.279206,30.008718
SYN_107109,Hail Minibus 25,31.278003,30.007163
SYN_107110,Hail Minibus 25,31.277428,30.005189
SYN_107111,Hail Minibus 25,31.277098,30.003182
SYN_107112,Hail Minibus 25,31.275468,30.002334
SYN_107113,Hail Minibus 25,31.273988,30.001147
SYN_107114,Hail Minibus 25,31.272587,29.999830
SYN_107115,Hail Minibus 25,31.271422,29.998262
SYN_107116,Hail Minibus 25,31.270735,29.996324
SYN_107117,Hail Minibus 25,31.270774,29.994259
SYN_107118,Hail Minibus 25,31.270009,29.992444
SYN_107119,Hail Minibus 25,31.270031,29.990341
SYN_107120,Hail Minibus 25,31.270098,29.988256
SYN_107121,Hail Minibus 25,31.268833,29.986927
SYN_107122,Hail Minibus 25,31.267162,29.987362
SYN_107123,Hail Minibus 25,31.265418,29.987077
SYN_107124,Hail Minibus 25,31.263810,29.986156
SYN_107125,Hail Minibus 25,31.262521,29.984693
SYN_107126,Hail Minibus 25,31.261750,29.982815
SYN_107127,Hail Minibus 25,31.260351,29.981591
SYN_107128,Hail Minibus 25,31.258827,29.980511
SYN_107129,Hail Minibus 25,31.257533,29.979075
SYN_107130,Hail Minibus 25,31.256096,29.977830
SYN_107131,Hail Minibus 25,31.255041,29.976146
SYN_107132,Hail Minibus 25,31.254599,29.974134
SYN_107133,Hail Minibus 25,31.253349,29.972686
SYN_107134,Hail Minibus 25,31.251972,29.971351
SYN_107135,Hail Minibus 25,31.250717,29.969851
SYN_107136,Hail Minibus 25,31.249218,29.968700
SYN_107137,Hail Minibus 25,31.247949,29.967220
SYN_107138,Hail Minibus 25,31.246580,29.965905
SYN_107139,Hail Minibus 25,31.245025,29.964852
SYN_107140,Hail Minibus 25,31.243819,29.963294
SYN_107141,Hail Minibus 25,31.242629,29.961745
SYN_107142,Hail Minibus 25,31.241523,29.960125
SYN_107143,Hail Minibus 25,31.240787,29.958367
SYN_107144,Hail Minibus 25,31.240802,29.956525
SYN_107145,Hail Minibus 25,31.239678,29.954884
SYN_107146,Hail Minibus 25,31.238287,29.953632
SYN_107147,Hail Minibus 25,31.236989,29.952259
SYN_107148,Hail Minibus 25,31.236388,29.950329
SYN_107149,Hail Minibus 25,31.235209,29.948744
SYN_107150,Hail Minibus 25,31.233997,29.947194
SYN_107151,Hail Minibus 25,31.232601,29.945869
SYN_107152,Hail Minibus 25,31.231192,29.944565
SYN_107153,Hail Minibus 25,31.229828,29.943194
SYN_107154,Hail Minibus 25,31.228464,29.941823
SYN_107155,Hail Minibus 25,31.227729,29.940039
SYN_107156,Hail Minibus 25,31.227094,29.938101
SYN_107157,Hail Minibus 25,31.225921,29.936509
SYN_107158,Hail Minibus 25,31.224616,29.935065
SYN_107159,Hail Minibus 25,31.223366,29.933552
SYN_107160,Hail Minibus 25,31.222156,29.931997
SYN_107161,Hail Minibus 25,31.220966,29.930420
SYN_107162,Hail Minibus 25,31.219843,29.928786
SYN_107163,Hail Minibus 25,31.218824,29.927058
SYN_107164,Hail Minibus 25,31.217681,29.925434
SYN_107165,Hail Minibus 25,31.216655,29.923713
SYN_107166,Hail Minibus 25,31.215564,29.922057
SYN_107167,Hail Minibus 25,31.214642,29.920254
SYN_107168,Hail Minibus 25,31.213695,29.918484
SYN_107169,Hail Minibus 25,31.212435,29.916983
SYN_107170,Hail Minibus 25,31.211638,29.915124
SYN_107171,Hail Minibus 25,31.211020,29.913154
SYN_107172,Hail Minibus 25,31.210215,29.911287
SYN_107173,Hail Minibus 25,31.209933,29.909215
SYN_107174,Hail Minibus 25,31.209091,29.907388
SYN_107175,Hail Minibus 25,31.207533,29.906339
SYN_107176,Hail Minibus 25,31.206046,29.905157
SYN_107177,Hail Minibus 25,31.204661,29.903817
SYN_107178,Hail Minibus 25,31.203376,29.902347
SYN_107179,Hail Minibus 25,31.202257,29.900704
SYN_107180,Hail Minibus 25,31.201360,29.898885
SYN_107181,Hail Minibus 25,31.200755,29.896909
SYN_107182,Hail Minibus 25,31.200473,29.894835
SYN_107183,Hail Minibus 25,31.200517,29.892737
SYN_107184,Hail Minibus 25,31.200876,29.890680
SYN_107185,Hail Minibus 25,31.201562,29.888743
SYN_107186,Hail Minibus 25,31.202625,29.887057
SYN_107187,Hail Minibus 25,31.203947,29.885633
SYN_107188,Hail Minibus 25,31.205410,29.884412
SYN_107189,Hail Minibus 25,31.206987,29.883401
SYN_107190,Hail Minibus 25,31.208659,29.882628
SYN_107191,Hail Minibus 25,31.209985,29.881735
SYN_107192,Hail Minibus 25,31.209970,29.879643
SYN_107193,Hail Minibus 25,31.208484,29.879161
SYN_107194,Hail Minibus 25,31.206719,29.878789
SYN_107195,Hail Minibus 25,31.205170,29.877767
SYN_107196,Hail Minibus 25,31.204212,29.876006
SYN_107197,Hail Minibus 25,31.203414,29.874246
SYN_107198,Hail Minibus 5,31.262269,30.008891
SYN_107199,Hail Minibus 5,31.263271,30.007144
SYN_107200,Hail Minibus 5,31.264315,30.005431
SYN_107201,Hail Minibus 5,31.265339,30.003704
SYN_107202,Hail Minibus 5,31.266356,30.001976
SYN_107203,Hail Minibus 5,31.267482,30.000337
SYN_107204,Hail Minibus 5,31.268918,29.999077
SYN_107205,Hail Minibus 5,31.270373,29.997840
SYN_107206,Hail Minibus 5,31.271174,29.996224
SYN_107207,Hail Minibus 5,31.270749,29.994186
SYN_107208,Hail Minibus 5,31.270012,29.992365
SYN_107209,Hail Minibus 5,31.270041,29.990263
SYN_107210,Hail Minibus 5,31.270079,29.988180
SYN_107211,Hail Minibus 5,31.268768,29.986908
SYN_107212,Hail Minibus 5,31.267095,29.987372
SYN_107213,Hail Minibus 5,31.265356,29.987047
SYN_107214,Hail Minibus 5,31.263756,29.986109
SYN_107215,Hail Minibus 5,31.262478,29.984633
SYN_107216,Hail Minibus 5,31.261717,29.982746
SYN_107217,Hail Minibus 5,31.260286,29.981572
SYN_107218,Hail Minibus 5,31.258773,29.980464
SYN_107219,Hail Minibus 5,31.257487,29.979017
SYN_107220,Hail Minibus 5,31.256049,29.977774
SYN_107221,Hail Minibus 5,31.255009,29.976076
SYN_107222,Hail Minibus 5,31.254577,29.974060
SYN_107223,Hail Minibus 5,31.253292,29.972644
SYN_107224,Hail Minibus 5,31.251928,29.971292
SYN_107225,Hail Minibus 5,31.250664,29.969802
SYN_107226,Hail Minibus 5,31.249169,29.968647
SYN_107227,Hail Minibus 5,31.247913,29.967154
SYN_107228,Hail Minibus 5,31.246521,29.965867
SYN_107229,Hail Minibus 5,31.244974,29.964800
SYN_107230,Hail Minibus 5,31.243770,29.963241
SYN_107231,Hail Minibus 5,31.242598,29.961676
SYN_107232,Hail Minibus 5,31.241469,29.960079
SYN_107233,Hail Minibus 5,31.240805,29.958291
SYN_107234,Hail Minibus 5,31.240759,29.956465
SYN_107235,Hail Minibus 5,31.239637,29.954821
SYN_107236,Hail Minibus 5,31.238224,29.953604
SYN_107237,Hail Minibus 5,31.236962,29.952187
SYN_107238,Hail Minibus 5,31.236340,29.950274
SYN_107239,Hail Minibus 5,31.235165,29.948685
SYN_107240,Hail Minibus 5,31.233946,29.947142
SYN_107241,Hail Minibus 5,31.232548,29.945821
SYN_107242,Hail Minibus 5,31.231141,29.944514
SYN_107243,Hail Minibus 5,31.229777,29.943143
SYN_107244,Hail Minibus 5,31.228413,29.941772
SYN_107245,Hail Minibus 5,31.227722,29.939961
SYN_107246,Hail Minibus 5,31.227055,29.938037
SYN_107247,Hail Minibus 5,31.225875,29.936452
SYN_107248,Hail Minibus 5,31.224569,29.935008
SYN_107249,Hail Minibus 5,31.223320,29.933495
SYN_107250,Hail Minibus 5,31.222112,29.931938
SYN_107251,Hail Minibus 5,31.220921,29.930361
SYN_107252,Hail Minibus 5,31.219805,29.928720
SYN_107253,Hail Minibus 5,31.218781,29.926997
SYN_107254,Hail Minibus 5,31.217638,29.925373
SYN_107255,Hail Minibus 5,31.216622,29.923644
SYN_107256,Hail Minibus 5,31.215527,29.921991
SYN_107257,Hail Minibus 5,31.214610,29.920184
SYN_107258,Hail Minibus 5,31.213647,29.918428
SYN_107259,Hail Minibus 5,31.212389,29.916925
SYN_107260,Hail Minibus 5,31.211615,29.915050
SYN_107261,Hail Minibus 5,31.210985,29.913086
SYN_107262,Hail Minibus 5,31.210208,29.911209
SYN_107263,Hail Minibus 5,31.209911,29.909141
SYN_107264,Hail Minibus 5,31.209032,29.907350
SYN_107265,Hail Minibus 5,31.207476,29.906297
SYN_107266,Hail Minibus 5,31.205992,29.905110
SYN_107267,Hail Minibus 5,31.204614,29.903761
SYN_107268,Hail Minibus 5,31.203330,29.902289
SYN_107269,Hail Minibus 5,31.202222,29.900637
SYN_107270,Hail Minibus 5,31.201332,29.898813
SYN_107271,Hail Minibus 5,31.200737,29.896833
SYN_107272,Hail Minibus 5,31.200467,29.894757
SYN_107273,Hail Minibus 5,31.200523,29.892659
SYN_107274,Hail Minibus 5,31.200895,29.890605
SYN_107275,Hail Minibus 5,31.201598,29.888676
SYN_107276,Hail Minibus 5,31.202675,29.887005
SYN_107277,Hail Minibus 5,31.203999,29.885583
SYN_107278,Hail Minibus 5,31.205467,29.884370
SYN_107279,Hail Minibus 5,31.207046,29.883364
SYN_107280,Hail Minibus 5,31.208721,29.882600
SYN_107281,Hail Minibus 5,31.209969,29.881662
SYN_107282,Hail Minibus 5,31.209949,29.879569
SYN_107283,Hail Minibus 5,31.208418,29.879160
SYN_107284,Hail Minibus 5,31.206657,29.878764
SYN_107285,Hail Minibus 5,31.205125,29.877710
SYN_107286,Hail Minibus 5,31.204184,29.875936
SYN_107287,Hail Minibus 5,31.203351,29.874226
SYN_107288,Hail Minibus 4,31.203857,29.875237
SYN_107289,Hail Minibus 4,31.204593,29.877147
SYN_107290,Hail Minibus 4,31.205885,29.878571
SYN_107291,Hail Minibus 4,31.207604,29.879163
SYN_107292,Hail Minibus 4,31.209391,29.879225
SYN_107293,Hail Minibus 4,31.210004,29.880758
SYN_107294,Hail Minibus 4,31.209217,29.882254
SYN_107295,Hail Minibus 4,31.207544,29.883024
SYN_107296,Hail Minibus 4,31.205927,29.883943
SYN_107297,Hail Minibus 4,31.204407,29.885065
SYN_107298,Hail Minibus 4,31.202999,29.886372
SYN_107299,Hail Minibus 4,31.201809,29.887940
SYN_107300,Hail Minibus 4,31.200993,29.889807
SYN_107301,Hail Minibus 4,31.200488,29.891822
SYN_107302,Hail Minibus 4,31.200296,29.893909
SYN_107303,Hail Minibus 4,31.200447,29.896001
SYN_107304,Hail Minibus 4,31.200892,29.898035
SYN_107305,Hail Minibus 4,31.201667,29.899925
SYN_107306,Hail Minibus 4,31.202700,29.901644
SYN_107307,Hail Minibus 4,31.203904,29.903206
SYN_107308,Hail Minibus 4,31.205231,29.904623
SYN_107309,Hail Minibus 4,31.206646,29.905920
SYN_107310,Hail Minibus 4,31.208192,29.906992
SYN_107311,Hail Minibus 4,31.209481,29.908354
SYN_107312,Hail Minibus 4,31.209831,29.910412
SYN_107313,Hail Minibus 4,31.210417,29.912373
SYN_107314,Hail Minibus 4,31.211214,29.914245
SYN_107315,Hail Minibus 4,31.211789,29.916238
SYN_107316,Hail Minibus 4,31.212895,29.917879
SYN_107317,Hail Minibus 4,31.213952,29.919574
SYN_107318,Hail Minibus 4,31.214945,29.921323
SYN_107319,Hail Minibus 4,31.216049,29.922975
SYN_107320,Hail Minibus 4,31.217021,29.924735
SYN_107321,Hail Minibus 4,31.218130,29.926389
SYN_107322,Hail Minibus 4,31.219236,29.928044
SYN_107323,Hail Minibus 4,31.220088,29.929890
SYN_107324,Hail Minibus 4,31.221357,29.931377
SYN_107325,Hail Minibus 4,31.222591,29.932906
SYN_107326,Hail Minibus 4,31.223813,29.934450
SYN_107327,Hail Minibus 4,31.225037,29.935992
SYN_107328,Hail Minibus 4,31.226279,29.937512
SYN_107329,Hail Minibus 4,31.227384,29.939153
SYN_107330,Hail Minibus 4,31.227689,29.941193
SYN_107331,Hail Minibus 4,31.228990,29.942617
SYN_107332,Hail Minibus 4,31.230365,29.943972
SYN_107333,Hail Minibus 4,31.231742,29.945326
SYN_107334,Hail Minibus 4,31.233153,29.946628
SYN_107335,Hail Minibus 4,31.233660,29.948425
SYN_107336,Hail Minibus 4,31.234359,29.950245
SYN_107337,Hail Minibus 4,31.236059,29.950224
SYN_107338,Hail Minibus 4,31.236722,29.952029
SYN_107339,Hail Minibus 4,31.237656,29.953689
SYN_107340,Hail Minibus 4,31.239263,29.954486
SYN_107341,Hail Minibus 4,31.240363,29.956149
SYN_107342,Hail Minibus 4,31.240820,29.957883
SYN_107343,Hail Minibus 4,31.240946,29.959801
SYN_107344,Hail Minibus 4,31.242243,29.961229
SYN_107345,Hail Minibus 4,31.243083,29.963074
SYN_107346,Hail Minibus 4,31.244458,29.964415
SYN_107347,Hail Minibus 4,31.245880,29.965669
SYN_107348,Hail Minibus 4,31.247427,29.966740
SYN_107349,Hail Minibus 4,31.248537,29.968381
SYN_107350,Hail Minibus 4,31.250001,29.969569
SYN_107351,Hail Minibus 4,31.251395,29.970864
SYN_107352,Hail Minibus 4,31.252630,29.972387
SYN_107353,Hail Minibus 4,31.254102,29.973588
SYN_107354,Hail Minibus 4,31.254551,29.975568
SYN_107355,Hail Minibus 4,31.255528,29.977294
SYN_107356,Hail Minibus 4,31.256899,29.978636
SYN_107357,Hail Minibus 4,31.258147,29.980121
SYN_107358,Hail Minibus 4,31.259603,29.981304
SYN_107359,Hail Minibus 4,31.261205,29.982202
SYN_107360,Hail Minibus 4,31.262040,29.984027
SYN_107361,Hail Minibus 4,31.263172,29.985645
SYN_107362,Hail Minibus 4,31.264632,29.986844
SYN_107363,Hail Minibus 4,31.266320,29.987539
SYN_107364,Hail Minibus 4,31.268003,29.986954
SYN_107365,Hail Minibus 4,31.269557,29.987713
SYN_107366,Hail Minibus 4,31.270026,29.989696
SYN_107367,Hail Minibus 4,31.269946,29.991794
SYN_107368,Hail Minibus 4,31.270338,29.993746
SYN_107369,Hail Minibus 4,31.270611,29.995687
SYN_107370,Hail Minibus 4,31.271093,29.997671
SYN_107371,Hail Minibus 4,31.272053,29.999422
SYN_107372,Hail Minibus 4,31.273429,30.000777
SYN_107373,Hail Minibus 4,31.274859,30.002053
SYN_107374,Hail Minibus 4,31.276485,30.002935
SYN_107375,Hail Minibus 4,31.277351,30.004635
SYN_107376,Hail Minibus 4,31.277707,30.006671
SYN_107377,Hail Minibus 4,31.278773,30.008337
SYN_107378,Hail Minibus 4,31.280062,30.009797
SYN_107379,Hail Minibus 4,31.281681,30.010703
SYN_107380,Hail Minibus 4,31.281586,30.012590
SYN_107381,Hail Minibus 4,31.280991,30.014572
SYN_107382,Hail Minibus 4,31.280324,30.016253
SYN_107383,Hail Minibus 4,31.281321,30.018004
SYN_107384,Hail Minibus 4,31.282048,30.019926
SYN_107385,Hail Minibus 4,31.282694,30.021888
SYN_107386,Hail Minibus 4,31.283061,30.023944
SYN_107387,Hail Minibus 4,31.283167,30.026044
SYN_107388,Hail Minibus 4,31.283436,30.028119
SYN_107389,Hail Minibus 4,31.283616,30.030207
SYN_107390,Hail Minibus 4,31.283732,30.032308
SYN_107391,Hail Minibus 4,31.283859,30.034407
SYN_107392,Hail Minibus 4,31.283999,30.036505
SYN_107393,Hail Minibus 4,31.284257,30.038587
SYN_107394,Hail Minibus 4,31.284733,30.040611
SYN_107395,Hail Minibus 4,31.285436,30.042545
SYN_107396,Hail Minibus 4,31.286363,30.044345
SYN_107397,Hail Minibus 4,31.287462,30.046010
SYN_107398,Hail Minibus 4,31.288586,30.047653
SYN_107399,Hail Minibus 4,31.289706,30.049300
SYN_107400,Hail Minibus 4,31.290865,30.050908
SYN_107401,Hail Minibus 4,31.292007,30.052223
SYN_107402,Hail Minibus 4,31.293508,30.053101
SYN_107403,Hail Minibus 4,31.295002,30.054271
SYN_107404,Hail Minibus 4,31.296571,30.055291
SYN_107405,Hail Minibus 4,31.298239,30.056075
SYN_107406,Hail Minibus 4,31.299966,30.056664
SYN_107407,Hail Minibus 4,31.301732,30.057056
SYN_107408,Hail Minibus 4,31.303489,30.057504
SYN_107409,Hail Minibus 4,31.305242,30.057974
SYN_107410,Hail Minibus 4,31.306996,30.058444
SYN_107411,Hail Minibus 4,31.308749,30.058914
SYN_107412,Hail Minibus 4,31.310502,30.059386
SYN_107413,Hail Minibus 4,31.312253,30.059868
SYN_107414,Hail Minibus 4,31.314003,30.060351
SYN_107415,Hail Minibus 4,31.315741,30.060889
SYN_107416,Hail Minibus 4,31.317436,30.061592
SYN_107417,Hail Minibus 4,31.319059,30.062491
SYN_107418,Hail Minibus 4,31.320723,30.063290
