trip_id,stop_id,stop_sequence,arrival_time,departure_time,timepoint
OvxARhItfijPV-_xuvfnZ-07:00:00,SYN_100000,0,07:01:39,07:01:54,0
OvxARhItfijPV-_xuvfnZ-07:00:00,SYN_100001,1,07:03:18,07:03:33,0
OvxARhItfijPV-_xuvfnZ-07:00:00,SYN_100002,2,07:04:58,07:05:13,0
OvxARhItfijPV-_xuvfnZ-07:00:00,SYN_100003,3,07:06:27,07:06:42,0
OvxARhItfijPV-_xuvfnZ-07:00:00,SYN_100004,4,07:06:55,07:07:10,0
OvxARhItfijPV-_xuvfnZ-07:00:00,SYN_100005,5,07:07:19,07:07:34,0
OvxARhItfijPV-_xuvfnZ-07:00:00,SYN_100006,6,07:07:40,07:07:55,0
OvxARhItfijPV-_xuvfnZ-07:00:00,SYN_100007,7,07:08:02,07:08:17,0
OvxARhItfijPV-_xuvfnZ-07:00:00,SYN_100008,8,07:08:24,07:08:39,0
OvxARhItfijPV-_xuvfnZ-07:00:00,SYN_100009,9,07:08:46,07:09:01,0
zivMUtHDofqSlzEUoK8F0-07:00:00,SYN_100011,0,07:00:02,07:00:17,0
zivMUtHDofqSlzEUoK8F0-07:00:00,SYN_100012,1,07:00:23,07:00:38,0
zivMUtHDofqSlzEUoK8F0-07:00:00,SYN_100013,2,07:00:44,07:00:59,0
zivMUtHDofqSlzEUoK8F0-07:00:00,SYN_100014,3,07:01:06,07:01:21,0
zivMUtHDofqSlzEUoK8F0-07:00:00,SYN_100015,4,07:01:27,07:01:42,0
zivMUtHDofqSlzEUoK8F0-07:00:00,SYN_100016,5,07:01:48,07:02:03,0
zivMUtHDofqSlzEUoK8F0-07:00:00,SYN_100017,6,07:02:10,07:02:25,0
zivMUtHDofqSlzEUoK8F0-07:00:00,SYN_100018,7,07:02:31,07:02:46,0
zivMUtHDofqSlzEUoK8F0-07:00:00,SYN_100019,8,07:02:52,07:03:07,0
zivMUtHDofqSlzEUoK8F0-07:00:00,SYN_100020,9,07:03:13,07:03:28,0
zivMUtHDofqSlzEUoK8F0-07:00:00,SYN_100021,10,07:03:35,07:03:50,0
zivMUtHDofqSlzEUoK8F0-07:00:00,SYN_100022,11,07:03:56,07:04:11,0
zivMUtHDofqSlzEUoK8F0-07:00:00,SYN_100023,12,07:04:17,07:04:32,0
zivMUtHDofqSlzEUoK8F0-07:00:00,SYN_100024,13,07:04:39,07:04:54,0
zivMUtHDofqSlzEUoK8F0-07:00:00,SYN_100025,14,07:05:00,07:05:15,0
zivMUtHDofqSlzEUoK8F0-07:00:00,SYN_100026,15,07:05:21,07:05:36,0
zivMUtHDofqSlzEUoK8F0-07:00:00,SYN_100027,16,07:05:42,07:05:57,0
zivMUtHDofqSlzEUoK8F0-07:00:00,SYN_100028,17,07:06:04,07:06:19,0
zivMUtHDofqSlzEUoK8F0-07:00:00,SYN_100029,18,07:06:25,07:06:40,0
zivMUtHDofqSlzEUoK8F0-07:00:00,SYN_100030,19,07:06:42,07:06:57,0
zivMUtHDofqSlzEUoK8F0-07:00:00,SYN_100031,20,07:06:57,07:07:12,0
zivMUtHDofqSlzEUoK8F0-07:00:00,SYN_100032,21,07:07:13,07:07:28,0
zivMUtHDofqSlzEUoK8F0-07:00:00,SYN_100033,22,07:07:28,07:07:43,0
zivMUtHDofqSlzEUoK8F0-07:00:00,SYN_100034,23,07:07:44,07:07:59,0
zivMUtHDofqSlzEUoK8F0-07:00:00,SYN_100035,24,07:07:59,07:08:14,0
zivMUtHDofqSlzEUoK8F0-07:00:00,SYN_100036,25,07:08:15,07:08:30,0
zivMUtHDofqSlzEUoK8F0-07:00:00,SYN_100037,26,07:08:31,07:08:46,0
zivMUtHDofqSlzEUoK8F0-07:00:00,SYN_100038,27,07:08:46,07:09:01,0
zivMUtHDofqSlzEUoK8F0-07:00:00,SYN_100039,28,07:09:02,07:09:17,0
zivMUtHDofqSlzEUoK8F0-07:00:00,SYN_100040,29,07:09:18,07:09:33,0
zivMUtHDofqSlzEUoK8F0-07:00:00,SYN_100041,30,07:09:35,07:09:50,0
zivMUtHDofqSlzEUoK8F0-07:00:00,SYN_100042,31,07:09:53,07:10:08,0
zivMUtHDofqSlzEUoK8F0-07:00:00,SYN_100043,32,07:10:12,07:10:27,0
zivMUtHDofqSlzEUoK8F0-07:00:00,SYN_100044,33,07:10:31,07:10:46,0
zivMUtHDofqSlzEUoK8F0-07:00:00,SYN_100045,34,07:10:50,07:11:05,0
zivMUtHDofqSlzEUoK8F0-07:00:00,SYN_100046,35,07:11:09,07:11:24,0
zivMUtHDofqSlzEUoK8F0-07:00:00,SYN_100047,36,07:11:28,07:11:43,0
zivMUtHDofqSlzEUoK8F0-07:00:00,SYN_100048,37,07:11:48,07:12:03,0
zivMUtHDofqSlzEUoK8F0-07:00:00,SYN_100049,38,07:12:07,07:12:22,0
zivMUtHDofqSlzEUoK8F0-07:00:00,SYN_100050,39,07:12:26,07:12:41,0
zivMUtHDofqSlzEUoK8F0-07:00:00,SYN_100051,40,07:12:45,07:13:00,0
zivMUtHDofqSlzEUoK8F0-07:00:00,SYN_100052,41,07:13:04,07:13:19,0
zivMUtHDofqSlzEUoK8F0-07:00:00,SYN_100053,42,07:13:23,07:13:38,0
zivMUtHDofqSlzEUoK8F0-07:00:00,SYN_100054,43,07:13:43,07:13:58,0
zivMUtHDofqSlzEUoK8F0-07:00:00,SYN_100055,44,07:14:02,07:14:17,0
zivMUtHDofqSlzEUoK8F0-07:00:00,SYN_100056,45,07:14:21,07:14:36,0
zivMUtHDofqSlzEUoK8F0-07:00:00,SYN_100057,46,07:14:40,07:14:55,0
zivMUtHDofqSlzEUoK8F0-07:00:00,SYN_100058,47,07:14:59,07:15:14,0
zivMUtHDofqSlzEUoK8F0-07:00:00,SYN_100059,48,07:15:14,07:15:29,0
zivMUtHDofqSlzEUoK8F0-07:00:00,SYN_100060,49,07:15:30,07:15:45,0
zivMUtHDofqSlzEUoK8F0-07:00:00,SYN_100061,50,07:15:46,07:16:01,0
zivMUtHDofqSlzEUoK8F0-07:00:00,SYN_100062,51,07:16:01,07:16:16,0
zivMUtHDofqSlzEUoK8F0-07:00:00,SYN_100063,52,07:16:17,07:16:32,0
zivMUtHDofqSlzEUoK8F0-07:00:00,SYN_100064,53,07:16:33,07:16:48,0
zivMUtHDofqSlzEUoK8F0-07:00:00,SYN_100065,54,07:16:48,07:17:03,0
zivMUtHDofqSlzEUoK8F0-07:00:00,SYN_100066,55,07:17:03,07:17:18,0
zivMUtHDofqSlzEUoK8F0-07:00:00,SYN_100067,56,07:17:18,07:17:33,0
zivMUtHDofqSlzEUoK8F0-07:00:00,SYN_100068,57,07:17:32,07:17:47,0
zivMUtHDofqSlzEUoK8F0-07:00:00,SYN_100069,58,07:17:47,07:18:02,0
zivMUtHDofqSlzEUoK8F0-07:00:00,SYN_100070,59,07:18:01,07:18:16,0
zivMUtHDofqSlzEUoK8F0-07:00:00,SYN_100071,60,07:18:16,07:18:31,0
zivMUtHDofqSlzEUoK8F0-07:00:00,SYN_100072,61,07:18:30,07:18:45,0
zivMUtHDofqSlzEUoK8F0-07:00:00,SYN_100073,62,07:18:45,07:19:00,0
zivMUtHDofqSlzEUoK8F0-07:00:00,SYN_100074,63,07:18:59,07:19:14,0
zivMUtHDofqSlzEUoK8F0-07:00:00,SYN_100075,64,07:19:14,07:19:29,0
zivMUtHDofqSlzEUoK8F0-07:00:00,SYN_100076,65,07:19:28,07:19:43,0
zivMUtHDofqSlzEUoK8F0-07:00:00,SYN_100077,66,07:19:43,07:19:58,0
zivMUtHDofqSlzEUoK8F0-07:00:00,SYN_100078,67,07:19:58,07:20:13,0
zivMUtHDofqSlzEUoK8F0-07:00:00,SYN_100079,68,07:20:12,07:20:27,0
zivMUtHDofqSlzEUoK8F0-07:00:00,SYN_100080,69,07:20:27,07:20:42,0
zivMUtHDofqSlzEUoK8F0-07:00:00,SYN_100081,70,07:20:41,07:20:56,0
zivMUtHDofqSlzEUoK8F0-07:00:00,SYN_100082,71,07:20:56,07:21:11,0
zivMUtHDofqSlzEUoK8F0-07:00:00,SYN_100083,72,07:21:10,07:21:25,0
zivMUtHDofqSlzEUoK8F0-07:00:00,SYN_100084,73,07:21:25,07:21:40,0
zivMUtHDofqSlzEUoK8F0-07:00:00,SYN_100085,74,07:22:17,07:22:32,0
zivMUtHDofqSlzEUoK8F0-07:00:00,SYN_100086,75,07:24:29,07:24:44,0
zivMUtHDofqSlzEUoK8F0-07:00:00,SYN_100087,76,07:24:53,07:25:08,0
zivMUtHDofqSlzEUoK8F0-07:00:00,SYN_100088,77,07:25:17,07:25:32,0
zivMUtHDofqSlzEUoK8F0-07:00:00,SYN_100089,78,07:25:42,07:25:57,0
zivMUtHDofqSlzEUoK8F0-07:00:00,SYN_100090,79,07:26:12,07:26:27,0
zivMUtHDofqSlzEUoK8F0-07:00:00,SYN_100091,80,07:26:43,07:26:58,0
zivMUtHDofqSlzEUoK8F0-07:00:00,SYN_100092,81,07:27:14,07:27:29,0
zivMUtHDofqSlzEUoK8F0-07:00:00,SYN_100093,82,07:27:46,07:28:01,0
zivMUtHDofqSlzEUoK8F0-07:00:00,SYN_100094,83,07:28:17,07:28:32,0
zivMUtHDofqSlzEUoK8F0-07:00:00,SYN_100095,84,07:28:48,07:29:03,0
zivMUtHDofqSlzEUoK8F0-07:00:00,SYN_100096,85,07:29:19,07:29:34,0
zivMUtHDofqSlzEUoK8F0-07:00:00,SYN_100097,86,07:29:51,07:30:06,0
zivMUtHDofqSlzEUoK8F0-07:00:00,SYN_100098,87,07:30:22,07:30:37,0
zivMUtHDofqSlzEUoK8F0-07:00:00,SYN_100099,88,07:30:53,07:31:08,0
zivMUtHDofqSlzEUoK8F0-07:00:00,SYN_100100,89,07:31:31,07:31:46,0
zivMUtHDofqSlzEUoK8F0-07:00:00,SYN_100101,90,07:32:14,07:32:29,0
zivMUtHDofqSlzEUoK8F0-07:00:00,SYN_100102,91,07:32:57,07:33:12,0
zivMUtHDofqSlzEUoK8F0-07:00:00,SYN_100103,92,07:33:30,07:33:45,0
zivMUtHDofqSlzEUoK8F0-07:00:00,SYN_100104,93,07:34:04,07:34:19,0
zivMUtHDofqSlzEUoK8F0-07:00:00,SYN_100105,94,07:34:37,07:34:52,0
zivMUtHDofqSlzEUoK8F0-07:00:00,SYN_100106,95,07:35:11,07:35:26,0
zivMUtHDofqSlzEUoK8F0-07:00:00,SYN_100107,96,07:35:44,07:35:59,0
zivMUtHDofqSlzEUoK8F0-07:00:00,SYN_100108,97,07:36:21,07:36:36,0
zivMUtHDofqSlzEUoK8F0-07:00:00,SYN_100109,98,07:37:03,07:37:18,0
zivMUtHDofqSlzEUoK8F0-07:00:00,SYN_100110,99,07:37:42,07:37:57,0
zivMUtHDofqSlzEUoK8F0-07:00:00,SYN_100111,100,07:38:20,07:38:35,0
zivMUtHDofqSlzEUoK8F0-07:00:00,SYN_100112,101,07:38:59,07:39:14,0
zivMUtHDofqSlzEUoK8F0-07:00:00,SYN_100113,102,07:39:25,07:39:40,0
zivMUtHDofqSlzEUoK8F0-07:00:00,SYN_100114,103,07:39:51,07:40:06,0
zivMUtHDofqSlzEUoK8F0-07:00:00,SYN_100115,104,07:40:16,07:40:31,0
zivMUtHDofqSlzEUoK8F0-07:00:00,SYN_100116,105,07:41:21,07:41:36,0
zivMUtHDofqSlzEUoK8F0-07:00:00,SYN_100117,106,07:43:31,07:43:46,0
zivMUtHDofqSlzEUoK8F0-07:00:00,SYN_100118,107,07:44:15,07:44:30,0
zivMUtHDofqSlzEUoK8F0-07:00:00,SYN_100119,108,07:46:32,07:46:47,0
zivMUtHDofqSlzEUoK8F0-07:00:00,SYN_100120,109,07:49:19,07:49:34,0
zivMUtHDofqSlzEUoK8F0-07:00:00,SYN_100121,110,07:50:36,07:50:51,0
zivMUtHDofqSlzEUoK8F0-07:00:00,SYN_100122,111,07:52:13,07:52:28,0
zivMUtHDofqSlzEUoK8F0-07:00:00,SYN_100123,112,07:53:12,07:53:27,0
zivMUtHDofqSlzEUoK8F0-07:00:00,SYN_100124,113,07:54:01,07:54:16,0
zivMUtHDofqSlzEUoK8F0-07:00:00,SYN_100125,114,07:54:44,07:54:59,0
zivMUtHDofqSlzEUoK8F0-07:00:00,SYN_100126,115,07:55:27,07:55:42,0
zivMUtHDofqSlzEUoK8F0-07:00:00,SYN_100127,116,07:56:15,07:56:30,0
zivMUtHDofqSlzEUoK8F0-07:00:00,SYN_100128,117,07:57:05,07:57:20,0
zivMUtHDofqSlzEUoK8F0-07:00:00,SYN_100129,118,07:57:55,07:58:10,0
Wq0wtD2-ddsT-JtVfCc3g-07:00:00,SYN_100130,0,07:00:42,07:00:57,0
Wq0wtD2-ddsT-JtVfCc3g-07:00:00,SYN_100131,1,07:01:27,07:01:42,0
Wq0wtD2-ddsT-JtVfCc3g-07:00:00,SYN_100132,2,07:02:12,07:02:27,0
Wq0wtD2-ddsT-JtVfCc3g-07:00:00,SYN_100133,3,07:02:57,07:03:12,0
Wq0wtD2-ddsT-JtVfCc3g-07:00:00,SYN_100134,4,07:03:41,07:03:56,0
Wq0wtD2-ddsT-JtVfCc3g-07:00:00,SYN_100135,5,07:04:26,07:04:41,0
Wq0wtD2-ddsT-JtVfCc3g-07:00:00,SYN_100136,6,07:05:11,07:05:26,0
Wq0wtD2-ddsT-JtVfCc3g-07:00:00,SYN_100137,7,07:05:56,07:06:11,0
Wq0wtD2-ddsT-JtVfCc3g-07:00:00,SYN_100138,8,07:06:41,07:06:56,0
Wq0wtD2-ddsT-JtVfCc3g-07:00:00,SYN_100139,9,07:07:29,07:07:44,0
Wq0wtD2-ddsT-JtVfCc3g-07:00:00,SYN_100140,10,07:08:19,07:08:34,0
Wq0wtD2-ddsT-JtVfCc3g-07:00:00,SYN_100141,11,07:09:09,07:09:24,0
Wq0wtD2-ddsT-JtVfCc3g-07:00:00,SYN_100142,12,07:09:59,07:10:14,0
Wq0wtD2-ddsT-JtVfCc3g-07:00:00,SYN_100143,13,07:10:50,07:11:05,0
Wq0wtD2-ddsT-JtVfCc3g-07:00:00,SYN_100144,14,07:11:40,07:11:55,0
Wq0wtD2-ddsT-JtVfCc3g-07:00:00,SYN_100145,15,07:12:30,07:12:45,0
Wq0wtD2-ddsT-JtVfCc3g-07:00:00,SYN_100146,16,07:13:21,07:13:36,0
Wq0wtD2-ddsT-JtVfCc3g-07:00:00,SYN_100147,17,07:14:11,07:14:26,0
Wq0wtD2-ddsT-JtVfCc3g-07:00:00,SYN_100148,18,07:15:01,07:15:16,0
Wq0wtD2-ddsT-JtVfCc3g-07:00:00,SYN_100149,19,07:15:52,07:16:07,0
Wq0wtD2-ddsT-JtVfCc3g-07:00:00,SYN_100150,20,07:16:42,07:16:57,0
Wq0wtD2-ddsT-JtVfCc3g-07:00:00,SYN_100151,21,07:17:32,07:17:47,0
Wq0wtD2-ddsT-JtVfCc3g-07:00:00,SYN_100152,22,07:18:22,07:18:37,0
Wq0wtD2-ddsT-JtVfCc3g-07:00:00,SYN_100153,23,07:19:13,07:19:28,0
Wq0wtD2-ddsT-JtVfCc3g-07:00:00,SYN_100154,24,07:20:00,07:20:15,0
Wq0wtD2-ddsT-JtVfCc3g-07:00:00,SYN_100155,25,07:20:22,07:20:37,0
Wq0wtD2-ddsT-JtVfCc3g-07:00:00,SYN_100156,26,07:20:44,07:20:59,0
Wq0wtD2-ddsT-JtVfCc3g-07:00:00,SYN_100157,27,07:21:07,07:21:22,0
Wq0wtD2-ddsT-JtVfCc3g-07:00:00,SYN_100158,28,07:21:29,07:21:44,0
Wq0wtD2-ddsT-JtVfCc3g-07:00:00,SYN_100159,29,07:21:51,07:22:06,0
Wq0wtD2-ddsT-JtVfCc3g-07:00:00,SYN_100160,30,07:22:13,07:22:28,0
Wq0wtD2-ddsT-JtVfCc3g-07:00:00,SYN_100161,31,07:22:43,07:22:58,0
Wq0wtD2-ddsT-JtVfCc3g-07:00:00,SYN_100162,32,07:23:24,07:23:39,0
Wq0wtD2-ddsT-JtVfCc3g-07:00:00,SYN_100163,33,07:24:06,07:24:21,0
Wq0wtD2-ddsT-JtVfCc3g-07:00:00,SYN_100164,34,07:24:47,07:25:02,0
Wq0wtD2-ddsT-JtVfCc3g-07:00:00,SYN_100165,35,07:25:29,07:25:44,0
Wq0wtD2-ddsT-JtVfCc3g-07:00:00,SYN_100166,36,07:26:10,07:26:25,0
Wq0wtD2-ddsT-JtVfCc3g-07:00:00,SYN_100167,37,07:26:52,07:27:07,0
Wq0wtD2-ddsT-JtVfCc3g-07:00:00,SYN_100168,38,07:27:33,07:27:48,0
Wq0wtD2-ddsT-JtVfCc3g-07:00:00,SYN_100169,39,07:28:14,07:28:29,0
Wq0wtD2-ddsT-JtVfCc3g-07:00:00,SYN_100170,40,07:28:44,07:28:59,0
Wq0wtD2-ddsT-JtVfCc3g-07:00:00,SYN_100171,41,07:29:13,07:29:28,0
Wq0wtD2-ddsT-JtVfCc3g-07:00:00,SYN_100172,42,07:29:41,07:29:56,0
Wq0wtD2-ddsT-JtVfCc3g-07:00:00,SYN_100173,43,07:30:10,07:30:25,0
Wq0wtD2-ddsT-JtVfCc3g-07:00:00,SYN_100174,44,07:30:39,07:30:54,0
Wq0wtD2-ddsT-JtVfCc3g-07:00:00,SYN_100175,45,07:31:07,07:31:22,0
Wq0wtD2-ddsT-JtVfCc3g-07:00:00,SYN_100176,46,07:31:36,07:31:51,0
Wq0wtD2-ddsT-JtVfCc3g-07:00:00,SYN_100177,47,07:32:04,07:32:19,0
Wq0wtD2-ddsT-JtVfCc3g-07:00:00,SYN_100178,48,07:32:33,07:32:48,0
Wq0wtD2-ddsT-JtVfCc3g-07:00:00,SYN_100179,49,07:33:01,07:33:16,0
Wq0wtD2-ddsT-JtVfCc3g-07:00:00,SYN_100180,50,07:33:30,07:33:45,0
Wq0wtD2-ddsT-JtVfCc3g-07:00:00,SYN_100181,51,07:34:33,07:34:48,0
Wq0wtD2-ddsT-JtVfCc3g-07:00:00,SYN_100182,52,07:36:38,07:36:53,0
Wq0wtD2-ddsT-JtVfCc3g-07:00:00,SYN_100183,53,07:37:02,07:37:17,0
Wq0wtD2-ddsT-JtVfCc3g-07:00:00,SYN_100184,54,07:37:26,07:37:41,0
Wq0wtD2-ddsT-JtVfCc3g-07:00:00,SYN_100185,55,07:37:51,07:38:06,0
Wq0wtD2-ddsT-JtVfCc3g-07:00:00,SYN_100186,56,07:38:22,07:38:37,0
Wq0wtD2-ddsT-JtVfCc3g-07:00:00,SYN_100187,57,07:38:53,07:39:08,0
Wq0wtD2-ddsT-JtVfCc3g-07:00:00,SYN_100188,58,07:39:25,07:39:40,0
Wq0wtD2-ddsT-JtVfCc3g-07:00:00,SYN_100189,59,07:39:56,07:40:11,0
Wq0wtD2-ddsT-JtVfCc3g-07:00:00,SYN_100190,60,07:40:27,07:40:42,0
Wq0wtD2-ddsT-JtVfCc3g-07:00:00,SYN_100191,61,07:40:58,07:41:13,0
Wq0wtD2-ddsT-JtVfCc3g-07:00:00,SYN_100192,62,07:41:29,07:41:44,0
Wq0wtD2-ddsT-JtVfCc3g-07:00:00,SYN_100193,63,07:42:01,07:42:16,0
Wq0wtD2-ddsT-JtVfCc3g-07:00:00,SYN_100194,64,07:42:32,07:42:47,0
Wq0wtD2-ddsT-JtVfCc3g-07:00:00,SYN_100195,65,07:43:03,07:43:18,0
Wq0wtD2-ddsT-JtVfCc3g-07:00:00,SYN_100196,66,07:43:43,07:43:58,0
Wq0wtD2-ddsT-JtVfCc3g-07:00:00,SYN_100197,67,07:44:26,07:44:41,0
Wq0wtD2-ddsT-JtVfCc3g-07:00:00,SYN_100198,68,07:45:07,07:45:22,0
Wq0wtD2-ddsT-JtVfCc3g-07:00:00,SYN_100199,69,07:45:40,07:45:55,0
Wq0wtD2-ddsT-JtVfCc3g-07:00:00,SYN_100200,70,07:46:14,07:46:29,0
Wq0wtD2-ddsT-JtVfCc3g-07:00:00,SYN_100201,71,07:46:48,07:47:03,0
Wq0wtD2-ddsT-JtVfCc3g-07:00:00,SYN_100202,72,07:47:21,07:47:36,0
Wq0wtD2-ddsT-JtVfCc3g-07:00:00,SYN_100203,73,07:47:55,07:48:10,0
Wq0wtD2-ddsT-JtVfCc3g-07:00:00,SYN_100204,74,07:48:33,07:48:48,0
Wq0wtD2-ddsT-JtVfCc3g-07:00:00,SYN_100205,75,07:49:14,07:49:29,0
Wq0wtD2-ddsT-JtVfCc3g-07:00:00,SYN_100206,76,07:49:53,07:50:08,0
Wq0wtD2-ddsT-JtVfCc3g-07:00:00,SYN_100207,77,07:50:31,07:50:46,0
Wq0wtD2-ddsT-JtVfCc3g-07:00:00,SYN_100208,78,07:51:10,07:51:25,0
Wq0wtD2-ddsT-JtVfCc3g-07:00:00,SYN_100209,79,07:52:03,07:52:18,0
Wq0wtD2-ddsT-JtVfCc3g-07:00:00,SYN_100210,80,07:52:56,07:53:11,0
Wq0wtD2-ddsT-JtVfCc3g-07:00:00,SYN_100211,81,07:54:15,07:54:30,0
OI7bd_u7laDmk8SxgppK0-07:00:00,SYN_100213,0,07:01:18,07:01:33,0
OI7bd_u7laDmk8SxgppK0-07:00:00,SYN_100214,1,07:02:33,07:02:48,0
OI7bd_u7laDmk8SxgppK0-07:00:00,SYN_100215,2,07:03:35,07:03:50,0
OI7bd_u7laDmk8SxgppK0-07:00:00,SYN_100216,3,07:04:36,07:04:51,0
OI7bd_u7laDmk8SxgppK0-07:00:00,SYN_100217,4,07:05:23,07:05:38,0
OI7bd_u7laDmk8SxgppK0-07:00:00,SYN_100218,5,07:06:09,07:06:24,0
OI7bd_u7laDmk8SxgppK0-07:00:00,SYN_100219,6,07:07:24,07:07:39,0
OI7bd_u7laDmk8SxgppK0-07:00:00,SYN_100220,7,07:08:18,07:08:33,0
OI7bd_u7laDmk8SxgppK0-07:00:00,SYN_100221,8,07:08:52,07:09:07,0
OI7bd_u7laDmk8SxgppK0-07:00:00,SYN_100222,9,07:09:25,07:09:40,0
OI7bd_u7laDmk8SxgppK0-07:00:00,SYN_100223,10,07:09:59,07:10:14,0
OI7bd_u7laDmk8SxgppK0-07:00:00,SYN_100224,11,07:10:31,07:10:46,0
OI7bd_u7laDmk8SxgppK0-07:00:00,SYN_100225,12,07:11:04,07:11:19,0
OI7bd_u7laDmk8SxgppK0-07:00:00,SYN_100226,13,07:11:39,07:11:54,0
OI7bd_u7laDmk8SxgppK0-07:00:00,SYN_100227,14,07:12:13,07:12:28,0
OI7bd_u7laDmk8SxgppK0-07:00:00,SYN_100228,15,07:12:47,07:13:02,0
OI7bd_u7laDmk8SxgppK0-07:00:00,SYN_100229,16,07:13:18,07:13:33,0
OI7bd_u7laDmk8SxgppK0-07:00:00,SYN_100230,17,07:13:49,07:14:04,0
OI7bd_u7laDmk8SxgppK0-07:00:00,SYN_100231,18,07:14:20,07:14:35,0
OI7bd_u7laDmk8SxgppK0-07:00:00,SYN_100232,19,07:14:51,07:15:06,0
OI7bd_u7laDmk8SxgppK0-07:00:00,SYN_100233,20,07:15:21,07:15:36,0
OI7bd_u7laDmk8SxgppK0-07:00:00,SYN_100234,21,07:16:03,07:16:18,0
OI7bd_u7laDmk8SxgppK0-07:00:00,SYN_100235,22,07:16:45,07:17:00,0
OI7bd_u7laDmk8SxgppK0-07:00:00,SYN_100236,23,07:17:28,07:17:43,0
OI7bd_u7laDmk8SxgppK0-07:00:00,SYN_100237,24,07:18:46,07:19:01,0
OI7bd_u7laDmk8SxgppK0-07:00:00,SYN_100238,25,07:20:25,07:20:40,0
OI7bd_u7laDmk8SxgppK0-07:00:00,SYN_100239,26,07:21:01,07:21:16,0
OI7bd_u7laDmk8SxgppK0-07:00:00,SYN_100240,27,07:21:31,07:21:46,0
OI7bd_u7laDmk8SxgppK0-07:00:00,SYN_100241,28,07:22:01,07:22:16,0
OI7bd_u7laDmk8SxgppK0-07:00:00,SYN_100242,29,07:22:31,07:22:46,0
OI7bd_u7laDmk8SxgppK0-07:00:00,SYN_100243,30,07:23:02,07:23:17,0
OI7bd_u7laDmk8SxgppK0-07:00:00,SYN_100244,31,07:23:37,07:23:52,0
OI7bd_u7laDmk8SxgppK0-07:00:00,SYN_100245,32,07:24:24,07:24:39,0
OI7bd_u7laDmk8SxgppK0-07:00:00,SYN_100246,33,07:25:11,07:25:26,0
OI7bd_u7laDmk8SxgppK0-07:00:00,SYN_100247,34,07:25:57,07:26:12,0
OI7bd_u7laDmk8SxgppK0-07:00:00,SYN_100248,35,07:26:40,07:26:55,0
OI7bd_u7laDmk8SxgppK0-07:00:00,SYN_100249,36,07:27:23,07:27:38,0
OI7bd_u7laDmk8SxgppK0-07:00:00,SYN_100250,37,07:28:03,07:28:18,0
OI7bd_u7laDmk8SxgppK0-07:00:00,SYN_100251,38,07:28:42,07:28:57,0
OI7bd_u7laDmk8SxgppK0-07:00:00,SYN_100252,39,07:29:21,07:29:36,0
OI7bd_u7laDmk8SxgppK0-07:00:00,SYN_100253,40,07:30:02,07:30:17,0
OI7bd_u7laDmk8SxgppK0-07:00:00,SYN_100254,41,07:30:42,07:30:57,0
OI7bd_u7laDmk8SxgppK0-07:00:00,SYN_100255,42,07:31:23,07:31:38,0
OI7bd_u7laDmk8SxgppK0-07:00:00,SYN_100256,43,07:32:04,07:32:19,0
OI7bd_u7laDmk8SxgppK0-07:00:00,SYN_100257,44,07:32:33,07:32:48,0
OI7bd_u7laDmk8SxgppK0-07:00:00,SYN_100258,45,07:33:02,07:33:17,0
OI7bd_u7laDmk8SxgppK0-07:00:00,SYN_100259,46,07:33:31,07:33:46,0
OI7bd_u7laDmk8SxgppK0-07:00:00,SYN_100260,47,07:34:00,07:34:15,0
OI7bd_u7laDmk8SxgppK0-07:00:00,SYN_100261,48,07:34:29,07:34:44,0
OI7bd_u7laDmk8SxgppK0-07:00:00,SYN_100262,49,07:34:57,07:35:12,0
OI7bd_u7laDmk8SxgppK0-07:00:00,SYN_100263,50,07:35:26,07:35:41,0
OI7bd_u7laDmk8SxgppK0-07:00:00,SYN_100264,51,07:36:07,07:36:22,0
OI7bd_u7laDmk8SxgppK0-07:00:00,SYN_100265,52,07:37:17,07:37:32,0
OI7bd_u7laDmk8SxgppK0-07:00:00,SYN_100266,53,07:38:18,07:38:33,0
OI7bd_u7laDmk8SxgppK0-07:00:00,SYN_100267,54,07:38:57,07:39:12,0
OI7bd_u7laDmk8SxgppK0-07:00:00,SYN_100268,55,07:39:33,07:39:48,0
OI7bd_u7laDmk8SxgppK0-07:00:00,SYN_100269,56,07:40:09,07:40:24,0
OI7bd_u7laDmk8SxgppK0-07:00:00,SYN_100270,57,07:40:46,07:41:01,0
OI7bd_u7laDmk8SxgppK0-07:00:00,SYN_100271,58,07:41:28,07:41:43,0
OI7bd_u7laDmk8SxgppK0-07:00:00,SYN_100272,59,07:42:10,07:42:25,0
OI7bd_u7laDmk8SxgppK0-07:00:00,SYN_100273,60,07:42:44,07:42:59,0
OI7bd_u7laDmk8SxgppK0-07:00:00,SYN_100274,61,07:43:14,07:43:29,0
OI7bd_u7laDmk8SxgppK0-07:00:00,SYN_100275,62,07:43:42,07:43:57,0
OI7bd_u7laDmk8SxgppK0-07:00:00,SYN_100276,63,07:44:10,07:44:25,0
OI7bd_u7laDmk8SxgppK0-07:00:00,SYN_100277,64,07:44:59,07:45:14,0
OI7bd_u7laDmk8SxgppK0-07:00:00,SYN_100278,65,07:45:31,07:45:46,0
OI7bd_u7laDmk8SxgppK0-07:00:00,SYN_100279,66,07:45:55,07:46:10,0
OI7bd_u7laDmk8SxgppK0-07:00:00,SYN_100280,67,07:46:19,07:46:34,0
OI7bd_u7laDmk8SxgppK0-07:00:00,SYN_100281,68,07:46:44,07:46:59,0
OI7bd_u7laDmk8SxgppK0-07:00:00,SYN_100282,69,07:47:10,07:47:25,0
OI7bd_u7laDmk8SxgppK0-07:00:00,SYN_100283,70,07:47:35,07:47:50,0
OI7bd_u7laDmk8SxgppK0-07:00:00,SYN_100284,71,07:48:01,07:48:16,0
OI7bd_u7laDmk8SxgppK0-07:00:00,SYN_100285,72,07:48:27,07:48:42,0
OI7bd_u7laDmk8SxgppK0-07:00:00,SYN_100286,73,07:48:52,07:49:07,0
OI7bd_u7laDmk8SxgppK0-07:00:00,SYN_100287,74,07:49:20,07:49:35,0
OI7bd_u7laDmk8SxgppK0-07:00:00,SYN_100288,75,07:49:54,07:50:09,0
OI7bd_u7laDmk8SxgppK0-07:00:00,SYN_100289,76,07:50:57,07:51:12,0
OI7bd_u7laDmk8SxgppK0-07:00:00,SYN_100290,77,07:52:25,07:52:40,0
OI7bd_u7laDmk8SxgppK0-07:00:00,SYN_100291,78,07:53:49,07:54:04,0
OI7bd_u7laDmk8SxgppK0-07:00:00,SYN_100292,79,07:54:40,07:54:55,0
OI7bd_u7laDmk8SxgppK0-07:00:00,SYN_100293,80,07:55:31,07:55:46,0
OI7bd_u7laDmk8SxgppK0-07:00:00,SYN_100294,81,07:56:22,07:56:37,0
OI7bd_u7laDmk8SxgppK0-07:00:00,SYN_100295,82,07:57:13,07:57:28,0
OI7bd_u7laDmk8SxgppK0-07:00:00,SYN_100296,83,07:58:04,07:58:19,0
I2ar40PiiuS-HMI9_KCLc-07:00:00,SYN_100297,0,07:00:30,07:00:45,0
I2ar40PiiuS-HMI9_KCLc-07:00:00,SYN_100298,1,07:01:22,07:01:37,0
I2ar40PiiuS-HMI9_KCLc-07:00:00,SYN_100299,2,07:02:14,07:02:29,0
I2ar40PiiuS-HMI9_KCLc-07:00:00,SYN_100300,3,07:02:59,07:03:14,0
I2ar40PiiuS-HMI9_KCLc-07:00:00,SYN_100301,4,07:03:32,07:03:47,0
I2ar40PiiuS-HMI9_KCLc-07:00:00,SYN_100302,5,07:04:05,07:04:20,0
I2ar40PiiuS-HMI9_KCLc-07:00:00,SYN_100303,6,07:04:38,07:04:53,0
I2ar40PiiuS-HMI9_KCLc-07:00:00,SYN_100304,7,07:05:12,07:05:27,0
I2ar40PiiuS-HMI9_KCLc-07:00:00,SYN_100305,8,07:05:45,07:06:00,0
I2ar40PiiuS-HMI9_KCLc-07:00:00,SYN_100306,9,07:06:22,07:06:37,0
I2ar40PiiuS-HMI9_KCLc-07:00:00,SYN_100307,10,07:07:03,07:07:18,0
I2ar40PiiuS-HMI9_KCLc-07:00:00,SYN_100308,11,07:07:42,07:07:57,0
I2ar40PiiuS-HMI9_KCLc-07:00:00,SYN_100309,12,07:08:20,07:08:35,0
I2ar40PiiuS-HMI9_KCLc-07:00:00,SYN_100310,13,07:08:59,07:09:14,0
I2ar40PiiuS-HMI9_KCLc-07:00:00,SYN_100311,14,07:09:50,07:10:05,0
I2ar40PiiuS-HMI9_KCLc-07:00:00,SYN_100312,15,07:10:43,07:10:58,0
I2ar40PiiuS-HMI9_KCLc-07:00:00,SYN_100313,16,07:11:59,07:12:14,0
I2ar40PiiuS-HMI9_KCLc-07:00:00,SYN_100314,17,07:12:39,07:12:54,0
I2ar40PiiuS-HMI9_KCLc-07:00:00,SYN_100315,18,07:13:05,07:13:20,0
I2ar40PiiuS-HMI9_KCLc-07:00:00,SYN_100316,19,07:13:31,07:13:46,0
I2ar40PiiuS-HMI9_KCLc-07:00:00,SYN_100317,20,07:13:57,07:14:12,0
I2ar40PiiuS-HMI9_KCLc-07:00:00,SYN_100318,21,07:14:23,07:14:38,0
I2ar40PiiuS-HMI9_KCLc-07:00:00,SYN_100319,22,07:17:30,07:17:45,0
I2ar40PiiuS-HMI9_KCLc-07:00:00,SYN_100320,23,07:18:23,07:18:38,0
I2ar40PiiuS-HMI9_KCLc-07:00:00,SYN_100321,24,07:19:21,07:19:36,0
I2ar40PiiuS-HMI9_KCLc-07:00:00,SYN_100322,25,07:20:18,07:20:33,0
I2ar40PiiuS-HMI9_KCLc-07:00:00,SYN_100323,26,07:20:43,07:20:58,0
I2ar40PiiuS-HMI9_KCLc-07:00:00,SYN_100324,27,07:21:07,07:21:22,0
I2ar40PiiuS-HMI9_KCLc-07:00:00,SYN_100325,28,07:21:31,07:21:46,0
7PVy-xzsAclt9bvyLn2D_-07:00:00,SYN_100329,0,07:00:24,07:00:39,0
7PVy-xzsAclt9bvyLn2D_-07:00:00,SYN_100330,1,07:00:55,07:01:10,0
7PVy-xzsAclt9bvyLn2D_-07:00:00,SYN_100331,2,07:01:27,07:01:42,0
7PVy-xzsAclt9bvyLn2D_-07:00:00,SYN_100332,3,07:01:58,07:02:13,0
7PVy-xzsAclt9bvyLn2D_-07:00:00,SYN_100333,4,07:02:30,07:02:45,0
7PVy-xzsAclt9bvyLn2D_-07:00:00,SYN_100334,5,07:03:01,07:03:16,0
7PVy-xzsAclt9bvyLn2D_-07:00:00,SYN_100335,6,07:03:32,07:03:47,0
7PVy-xzsAclt9bvyLn2D_-07:00:00,SYN_100336,7,07:04:04,07:04:19,0
7PVy-xzsAclt9bvyLn2D_-07:00:00,SYN_100337,8,07:04:35,07:04:50,0
7PVy-xzsAclt9bvyLn2D_-07:00:00,SYN_100338,9,07:05:07,07:05:22,0
7PVy-xzsAclt9bvyLn2D_-07:00:00,SYN_100339,10,07:05:45,07:06:00,0
7PVy-xzsAclt9bvyLn2D_-07:00:00,SYN_100340,11,07:06:27,07:06:42,0
7PVy-xzsAclt9bvyLn2D_-07:00:00,SYN_100341,12,07:07:10,07:07:25,0
7PVy-xzsAclt9bvyLn2D_-07:00:00,SYN_100342,13,07:07:41,07:07:56,0
7PVy-xzsAclt9bvyLn2D_-07:00:00,SYN_100343,14,07:08:11,07:08:26,0
7PVy-xzsAclt9bvyLn2D_-07:00:00,SYN_100344,15,07:08:42,07:08:57,0
7PVy-xzsAclt9bvyLn2D_-07:00:00,SYN_100345,16,07:09:13,07:09:28,0
7PVy-xzsAclt9bvyLn2D_-07:00:00,SYN_100346,17,07:09:43,07:09:58,0
7PVy-xzsAclt9bvyLn2D_-07:00:00,SYN_100347,18,07:10:14,07:10:29,0
7PVy-xzsAclt9bvyLn2D_-07:00:00,SYN_100348,19,07:10:54,07:11:09,0
7PVy-xzsAclt9bvyLn2D_-07:00:00,SYN_100349,20,07:11:35,07:11:50,0
7PVy-xzsAclt9bvyLn2D_-07:00:00,SYN_100350,21,07:12:14,07:12:29,0
7PVy-xzsAclt9bvyLn2D_-07:00:00,SYN_100351,22,07:12:52,07:13:07,0
7PVy-xzsAclt9bvyLn2D_-07:00:00,SYN_100352,23,07:13:26,07:13:41,0
7PVy-xzsAclt9bvyLn2D_-07:00:00,SYN_100353,24,07:13:51,07:14:06,0
7PVy-xzsAclt9bvyLn2D_-07:00:00,SYN_100354,25,07:14:17,07:14:32,0
7PVy-xzsAclt9bvyLn2D_-07:00:00,SYN_100355,26,07:16:26,07:16:41,0
7PVy-xzsAclt9bvyLn2D_-07:00:00,SYN_100356,27,07:17:22,07:17:37,0
7PVy-xzsAclt9bvyLn2D_-07:00:00,SYN_100357,28,07:18:05,07:18:20,0
7PVy-xzsAclt9bvyLn2D_-07:00:00,SYN_100358,29,07:19:02,07:19:17,0
7PVy-xzsAclt9bvyLn2D_-07:00:00,SYN_100359,30,07:21:52,07:22:07,0
7PVy-xzsAclt9bvyLn2D_-07:00:00,SYN_100360,31,07:22:14,07:22:29,0
7PVy-xzsAclt9bvyLn2D_-07:00:00,SYN_100361,32,07:22:36,07:22:51,0
7PVy-xzsAclt9bvyLn2D_-07:00:00,SYN_100362,33,07:22:58,07:23:13,0
7PVy-xzsAclt9bvyLn2D_-07:00:00,SYN_100363,34,07:23:20,07:23:35,0
7PVy-xzsAclt9bvyLn2D_-07:00:00,SYN_100364,35,07:23:42,07:23:57,0
7PVy-xzsAclt9bvyLn2D_-07:00:00,SYN_100365,36,07:24:04,07:24:19,0
7PVy-xzsAclt9bvyLn2D_-07:00:00,SYN_100366,37,07:24:26,07:24:41,0
7PVy-xzsAclt9bvyLn2D_-07:00:00,SYN_100367,38,07:24:48,07:25:03,0
7PVy-xzsAclt9bvyLn2D_-07:00:00,SYN_100368,39,07:25:10,07:25:25,0
7PVy-xzsAclt9bvyLn2D_-07:00:00,SYN_100369,40,07:25:32,07:25:47,0
wyt-c9kVSmo-uyx4zLFYT-07:00:00,SYN_100371,0,07:00:18,07:00:33,0
wyt-c9kVSmo-uyx4zLFYT-07:00:00,SYN_100372,1,07:00:58,07:01:13,0
wyt-c9kVSmo-uyx4zLFYT-07:00:00,SYN_100373,2,07:01:39,07:01:54,0
wyt-c9kVSmo-uyx4zLFYT-07:00:00,SYN_100374,3,07:02:19,07:02:34,0
wyt-c9kVSmo-uyx4zLFYT-07:00:00,SYN_100375,4,07:02:59,07:03:14,0
wyt-c9kVSmo-uyx4zLFYT-07:00:00,SYN_100376,5,07:03:33,07:03:48,0
wyt-c9kVSmo-uyx4zLFYT-07:00:00,SYN_100377,6,07:04:06,07:04:21,0
wyt-c9kVSmo-uyx4zLFYT-07:00:00,SYN_100378,7,07:04:41,07:04:56,0
wyt-c9kVSmo-uyx4zLFYT-07:00:00,SYN_100379,8,07:05:31,07:05:46,0
wyt-c9kVSmo-uyx4zLFYT-07:00:00,SYN_100380,9,07:06:09,07:06:24,0
wyt-c9kVSmo-uyx4zLFYT-07:00:00,SYN_100381,10,07:06:39,07:06:54,0
wyt-c9kVSmo-uyx4zLFYT-07:00:00,SYN_100382,11,07:07:02,07:07:17,0
wyt-c9kVSmo-uyx4zLFYT-07:00:00,SYN_100383,12,07:07:20,07:07:35,0
wyt-c9kVSmo-uyx4zLFYT-07:00:00,SYN_100384,13,07:07:39,07:07:54,0
wyt-c9kVSmo-uyx4zLFYT-07:00:00,SYN_100385,14,07:07:57,07:08:12,0
wyt-c9kVSmo-uyx4zLFYT-07:00:00,SYN_100386,15,07:08:15,07:08:30,0
wyt-c9kVSmo-uyx4zLFYT-07:00:00,SYN_100387,16,07:08:33,07:08:48,0
wyt-c9kVSmo-uyx4zLFYT-07:00:00,SYN_100388,17,07:08:52,07:09:07,0
wyt-c9kVSmo-uyx4zLFYT-07:00:00,SYN_100389,18,07:09:10,07:09:25,0
wyt-c9kVSmo-uyx4zLFYT-07:00:00,SYN_100390,19,07:09:36,07:09:51,0
wyt-c9kVSmo-uyx4zLFYT-07:00:00,SYN_100391,20,07:10:01,07:10:16,0
wyt-c9kVSmo-uyx4zLFYT-07:00:00,SYN_100392,21,07:10:27,07:10:42,0
wyt-c9kVSmo-uyx4zLFYT-07:00:00,SYN_100393,22,07:10:55,07:11:10,0
wyt-c9kVSmo-uyx4zLFYT-07:00:00,SYN_100394,23,07:11:24,07:11:39,0
wyt-c9kVSmo-uyx4zLFYT-07:00:00,SYN_100395,24,07:11:53,07:12:08,0
wyt-c9kVSmo-uyx4zLFYT-07:00:00,SYN_100396,25,07:12:20,07:12:35,0
wyt-c9kVSmo-uyx4zLFYT-07:00:00,SYN_100397,26,07:12:45,07:13:00,0
wyt-c9kVSmo-uyx4zLFYT-07:00:00,SYN_100398,27,07:13:09,07:13:24,0
wyt-c9kVSmo-uyx4zLFYT-07:00:00,SYN_100399,28,07:13:39,07:13:54,0
wyt-c9kVSmo-uyx4zLFYT-07:00:00,SYN_100400,29,07:14:11,07:14:26,0
wyt-c9kVSmo-uyx4zLFYT-07:00:00,SYN_100401,30,07:14:39,07:14:54,0
wyt-c9kVSmo-uyx4zLFYT-07:00:00,SYN_100402,31,07:15:02,07:15:17,0
wyt-c9kVSmo-uyx4zLFYT-07:00:00,SYN_100403,32,07:15:25,07:15:40,0
wyt-c9kVSmo-uyx4zLFYT-07:00:00,SYN_100404,33,07:15:48,07:16:03,0
wyt-c9kVSmo-uyx4zLFYT-07:00:00,SYN_100405,34,07:16:11,07:16:26,0
wyt-c9kVSmo-uyx4zLFYT-07:00:00,SYN_100406,35,07:16:34,07:16:49,0
wyt-c9kVSmo-uyx4zLFYT-07:00:00,SYN_100407,36,07:17:07,07:17:22,0
wyt-c9kVSmo-uyx4zLFYT-07:00:00,SYN_100408,37,07:17:34,07:17:49,0
wyt-c9kVSmo-uyx4zLFYT-07:00:00,SYN_100409,38,07:17:50,07:18:05,0
wyt-c9kVSmo-uyx4zLFYT-07:00:00,SYN_100410,39,07:18:06,07:18:21,0
wyt-c9kVSmo-uyx4zLFYT-07:00:00,SYN_100411,40,07:18:22,07:18:37,0
wyt-c9kVSmo-uyx4zLFYT-07:00:00,SYN_100412,41,07:18:40,07:18:55,0
wyt-c9kVSmo-uyx4zLFYT-07:00:00,SYN_100413,42,07:18:57,07:19:12,0
wyt-c9kVSmo-uyx4zLFYT-07:00:00,SYN_100414,43,07:19:15,07:19:30,0
wyt-c9kVSmo-uyx4zLFYT-07:00:00,SYN_100415,44,07:19:32,07:19:47,0
wyt-c9kVSmo-uyx4zLFYT-07:00:00,SYN_100416,45,07:19:50,07:20:05,0
wyt-c9kVSmo-uyx4zLFYT-07:00:00,SYN_100417,46,07:20:11,07:20:26,0
wyt-c9kVSmo-uyx4zLFYT-07:00:00,SYN_100418,47,07:20:33,07:20:48,0
wyt-c9kVSmo-uyx4zLFYT-07:00:00,SYN_100419,48,07:20:54,07:21:09,0
wyt-c9kVSmo-uyx4zLFYT-07:00:00,SYN_100420,49,07:21:22,07:21:37,0
wyt-c9kVSmo-uyx4zLFYT-07:00:00,SYN_100421,50,07:21:57,07:22:12,0
wyt-c9kVSmo-uyx4zLFYT-07:00:00,SYN_100422,51,07:22:27,07:22:42,0
wyt-c9kVSmo-uyx4zLFYT-07:00:00,SYN_100423,52,07:22:58,07:23:13,0
wyt-c9kVSmo-uyx4zLFYT-07:00:00,SYN_100424,53,07:23:28,07:23:43,0
wyt-c9kVSmo-uyx4zLFYT-07:00:00,SYN_100425,54,07:24:04,07:24:19,0
wyt-c9kVSmo-uyx4zLFYT-07:00:00,SYN_100426,55,07:24:50,07:25:05,0
wyt-c9kVSmo-uyx4zLFYT-07:00:00,SYN_100427,56,07:25:17,07:25:32,0
wyt-c9kVSmo-uyx4zLFYT-07:00:00,SYN_100428,57,07:25:44,07:25:59,0
wyt-c9kVSmo-uyx4zLFYT-07:00:00,SYN_100429,58,07:26:40,07:26:55,0
wyt-c9kVSmo-uyx4zLFYT-07:00:00,SYN_100430,59,07:27:43,07:27:58,0
wyt-c9kVSmo-uyx4zLFYT-07:00:00,SYN_100431,60,07:28:20,07:28:35,0
tXwMswYEHusmu2vLfRPR2-07:00:00,SYN_100445,0,07:00:52,07:01:07,0
tXwMswYEHusmu2vLfRPR2-07:00:00,SYN_100446,1,07:01:57,07:02:12,0
tXwMswYEHusmu2vLfRPR2-07:00:00,SYN_100447,2,07:03:15,07:03:30,0
tXwMswYEHusmu2vLfRPR2-07:00:00,SYN_100448,3,07:04:37,07:04:52,0
tXwMswYEHusmu2vLfRPR2-07:00:00,SYN_100449,4,07:06:00,07:06:15,0
tXwMswYEHusmu2vLfRPR2-07:00:00,SYN_100450,5,07:07:22,07:07:37,0
tXwMswYEHusmu2vLfRPR2-07:00:00,SYN_100451,6,07:08:45,07:09:00,0
tXwMswYEHusmu2vLfRPR2-07:00:00,SYN_100452,7,07:10:07,07:10:22,0
tXwMswYEHusmu2vLfRPR2-07:00:00,SYN_100453,8,07:11:30,07:11:45,0
tXwMswYEHusmu2vLfRPR2-07:00:00,SYN_100454,9,07:12:29,07:12:44,0
tXwMswYEHusmu2vLfRPR2-07:00:00,SYN_100455,10,07:12:44,07:12:59,0
tXwMswYEHusmu2vLfRPR2-07:00:00,SYN_100456,11,07:12:58,07:13:13,0
tXwMswYEHusmu2vLfRPR2-07:00:00,SYN_100457,12,07:13:13,07:13:28,0
tXwMswYEHusmu2vLfRPR2-07:00:00,SYN_100458,13,07:13:29,07:13:44,0
tXwMswYEHusmu2vLfRPR2-07:00:00,SYN_100459,14,07:13:47,07:14:02,0
tXwMswYEHusmu2vLfRPR2-07:00:00,SYN_100460,15,07:14:05,07:14:20,0
tXwMswYEHusmu2vLfRPR2-07:00:00,SYN_100461,16,07:14:24,07:14:39,0
tXwMswYEHusmu2vLfRPR2-07:00:00,SYN_100462,17,07:14:42,07:14:57,0
tXwMswYEHusmu2vLfRPR2-07:00:00,SYN_100463,18,07:15:00,07:15:15,0
tXwMswYEHusmu2vLfRPR2-07:00:00,SYN_100464,19,07:15:18,07:15:33,0
tXwMswYEHusmu2vLfRPR2-07:00:00,SYN_100465,20,07:15:37,07:15:52,0
tXwMswYEHusmu2vLfRPR2-07:00:00,SYN_100466,21,07:15:59,07:16:14,0
tXwMswYEHusmu2vLfRPR2-07:00:00,SYN_100467,22,07:16:25,07:16:40,0
tXwMswYEHusmu2vLfRPR2-07:00:00,SYN_100468,23,07:16:50,07:17:05,0
tXwMswYEHusmu2vLfRPR2-07:00:00,SYN_100469,24,07:17:16,07:17:31,0
tXwMswYEHusmu2vLfRPR2-07:00:00,SYN_100470,25,07:17:45,07:18:00,0
tXwMswYEHusmu2vLfRPR2-07:00:00,SYN_100471,26,07:18:14,07:18:29,0
tXwMswYEHusmu2vLfRPR2-07:00:00,SYN_100472,27,07:18:44,07:18:59,0
tXwMswYEHusmu2vLfRPR2-07:00:00,SYN_100473,28,07:19:08,07:19:23,0
tXwMswYEHusmu2vLfRPR2-07:00:00,SYN_100474,29,07:19:33,07:19:48,0
tXwMswYEHusmu2vLfRPR2-07:00:00,SYN_100475,30,07:20:00,07:20:15,0
tXwMswYEHusmu2vLfRPR2-07:00:00,SYN_100476,31,07:20:32,07:20:47,0
tXwMswYEHusmu2vLfRPR2-07:00:00,SYN_100477,32,07:21:03,07:21:18,0
tXwMswYEHusmu2vLfRPR2-07:00:00,SYN_100478,33,07:21:27,07:21:42,0
tXwMswYEHusmu2vLfRPR2-07:00:00,SYN_100479,34,07:21:50,07:22:05,0
tXwMswYEHusmu2vLfRPR2-07:00:00,SYN_100480,35,07:22:13,07:22:28,0
tXwMswYEHusmu2vLfRPR2-07:00:00,SYN_100481,36,07:22:36,07:22:51,0
tXwMswYEHusmu2vLfRPR2-07:00:00,SYN_100482,37,07:22:59,07:23:14,0
tXwMswYEHusmu2vLfRPR2-07:00:00,SYN_100483,38,07:23:27,07:23:42,0
tXwMswYEHusmu2vLfRPR2-07:00:00,SYN_100484,39,07:24:00,07:24:15,0
tXwMswYEHusmu2vLfRPR2-07:00:00,SYN_100485,40,07:24:18,07:24:33,0
tXwMswYEHusmu2vLfRPR2-07:00:00,SYN_100486,41,07:24:34,07:24:49,0
tXwMswYEHusmu2vLfRPR2-07:00:00,SYN_100487,42,07:24:50,07:25:05,0
tXwMswYEHusmu2vLfRPR2-07:00:00,SYN_100488,43,07:25:07,07:25:22,0
tXwMswYEHusmu2vLfRPR2-07:00:00,SYN_100489,44,07:25:24,07:25:39,0
tXwMswYEHusmu2vLfRPR2-07:00:00,SYN_100490,45,07:25:42,07:25:57,0
tXwMswYEHusmu2vLfRPR2-07:00:00,SYN_100491,46,07:25:59,07:26:14,0
tXwMswYEHusmu2vLfRPR2-07:00:00,SYN_100492,47,07:26:17,07:26:32,0
tXwMswYEHusmu2vLfRPR2-07:00:00,SYN_100493,48,07:26:36,07:26:51,0
tXwMswYEHusmu2vLfRPR2-07:00:00,SYN_100494,49,07:26:58,07:27:13,0
tXwMswYEHusmu2vLfRPR2-07:00:00,SYN_100495,50,07:27:19,07:27:34,0
tXwMswYEHusmu2vLfRPR2-07:00:00,SYN_100496,51,07:27:41,07:27:56,0
tXwMswYEHusmu2vLfRPR2-07:00:00,SYN_100497,52,07:28:16,07:28:31,0
tXwMswYEHusmu2vLfRPR2-07:00:00,SYN_100498,53,07:28:49,07:29:04,0
tXwMswYEHusmu2vLfRPR2-07:00:00,SYN_100499,54,07:29:19,07:29:34,0
tXwMswYEHusmu2vLfRPR2-07:00:00,SYN_100500,55,07:29:49,07:30:04,0
tXwMswYEHusmu2vLfRPR2-07:00:00,SYN_100501,56,07:30:20,07:30:35,0
tXwMswYEHusmu2vLfRPR2-07:00:00,SYN_100502,57,07:31:13,07:31:28,0
tXwMswYEHusmu2vLfRPR2-07:00:00,SYN_100503,58,07:31:40,07:31:55,0
tXwMswYEHusmu2vLfRPR2-07:00:00,SYN_100504,59,07:32:06,07:32:21,0
tXwMswYEHusmu2vLfRPR2-07:00:00,SYN_100505,60,07:32:43,07:32:58,0
tXwMswYEHusmu2vLfRPR2-07:00:00,SYN_100506,61,07:33:37,07:33:52,0
tXwMswYEHusmu2vLfRPR2-07:00:00,SYN_100507,62,07:34:30,07:34:45,0
tXwMswYEHusmu2vLfRPR2-07:00:00,SYN_100508,63,07:35:13,07:35:28,0
cURs_PxThe2b2znIGFxQs-07:00:00,SYN_100516,0,07:00:17,07:00:32,0
cURs_PxThe2b2znIGFxQs-07:00:00,SYN_100517,1,07:01:18,07:01:33,0
cURs_PxThe2b2znIGFxQs-07:00:00,SYN_100518,2,07:02:20,07:02:35,0
cURs_PxThe2b2znIGFxQs-07:00:00,SYN_100519,3,07:03:21,07:03:36,0
cURs_PxThe2b2znIGFxQs-07:00:00,SYN_100520,4,07:04:22,07:04:37,0
cURs_PxThe2b2znIGFxQs-07:00:00,SYN_100521,5,07:05:24,07:05:39,0
cURs_PxThe2b2znIGFxQs-07:00:00,SYN_100522,6,07:06:25,07:06:40,0
cURs_PxThe2b2znIGFxQs-07:00:00,SYN_100523,7,07:07:26,07:07:41,0
cURs_PxThe2b2znIGFxQs-07:00:00,SYN_100524,8,07:08:28,07:08:43,0
cURs_PxThe2b2znIGFxQs-07:00:00,SYN_100525,9,07:09:29,07:09:44,0
cURs_PxThe2b2znIGFxQs-07:00:00,SYN_100526,10,07:10:30,07:10:45,0
cURs_PxThe2b2znIGFxQs-07:00:00,SYN_100527,11,07:11:32,07:11:47,0
cURs_PxThe2b2znIGFxQs-07:00:00,SYN_100528,12,07:12:33,07:12:48,0
cURs_PxThe2b2znIGFxQs-07:00:00,SYN_100529,13,07:13:34,07:13:49,0
cURs_PxThe2b2znIGFxQs-07:00:00,SYN_100530,14,07:14:36,07:14:51,0
cURs_PxThe2b2znIGFxQs-07:00:00,SYN_100531,15,07:15:37,07:15:52,0
cURs_PxThe2b2znIGFxQs-07:00:00,SYN_100532,16,07:16:38,07:16:53,0
keUygmfQjUMNwNeSanmRs-07:00:00,SYN_100534,0,07:00:25,07:00:40,0
keUygmfQjUMNwNeSanmRs-07:00:00,SYN_100535,1,07:01:03,07:01:18,0
keUygmfQjUMNwNeSanmRs-07:00:00,SYN_100536,2,07:01:41,07:01:56,0
keUygmfQjUMNwNeSanmRs-07:00:00,SYN_100537,3,07:02:19,07:02:34,0
keUygmfQjUMNwNeSanmRs-07:00:00,SYN_100538,4,07:02:57,07:03:12,0
keUygmfQjUMNwNeSanmRs-07:00:00,SYN_100539,5,07:03:35,07:03:50,0
keUygmfQjUMNwNeSanmRs-07:00:00,SYN_100540,6,07:04:12,07:04:27,0
keUygmfQjUMNwNeSanmRs-07:00:00,SYN_100541,7,07:04:47,07:05:02,0
keUygmfQjUMNwNeSanmRs-07:00:00,SYN_100542,8,07:05:04,07:05:19,0
keUygmfQjUMNwNeSanmRs-07:00:00,SYN_100543,9,07:05:22,07:05:37,0
keUygmfQjUMNwNeSanmRs-07:00:00,SYN_100544,10,07:05:39,07:05:54,0
keUygmfQjUMNwNeSanmRs-07:00:00,SYN_100545,11,07:05:57,07:06:12,0
keUygmfQjUMNwNeSanmRs-07:00:00,SYN_100546,12,07:06:14,07:06:29,0
keUygmfQjUMNwNeSanmRs-07:00:00,SYN_100547,13,07:06:32,07:06:47,0
keUygmfQjUMNwNeSanmRs-07:00:00,SYN_100548,14,07:06:50,07:07:05,0
keUygmfQjUMNwNeSanmRs-07:00:00,SYN_100549,15,07:07:07,07:07:22,0
keUygmfQjUMNwNeSanmRs-07:00:00,SYN_100550,16,07:07:25,07:07:40,0
keUygmfQjUMNwNeSanmRs-07:00:00,SYN_100551,17,07:07:42,07:07:57,0
keUygmfQjUMNwNeSanmRs-07:00:00,SYN_100552,18,07:08:11,07:08:26,0
keUygmfQjUMNwNeSanmRs-07:00:00,SYN_100553,19,07:08:43,07:08:58,0
keUygmfQjUMNwNeSanmRs-07:00:00,SYN_100554,20,07:09:16,07:09:31,0
keUygmfQjUMNwNeSanmRs-07:00:00,SYN_100555,21,07:09:57,07:10:12,0
keUygmfQjUMNwNeSanmRs-07:00:00,SYN_100556,22,07:10:39,07:10:54,0
keUygmfQjUMNwNeSanmRs-07:00:00,SYN_100557,23,07:11:21,07:11:36,0
keUygmfQjUMNwNeSanmRs-07:00:00,SYN_100558,24,07:12:02,07:12:17,0
keUygmfQjUMNwNeSanmRs-07:00:00,SYN_100559,25,07:12:44,07:12:59,0
keUygmfQjUMNwNeSanmRs-07:00:00,SYN_100560,26,07:13:26,07:13:41,0
keUygmfQjUMNwNeSanmRs-07:00:00,SYN_100561,27,07:14:07,07:14:22,0
keUygmfQjUMNwNeSanmRs-07:00:00,SYN_100562,28,07:14:49,07:15:04,0
keUygmfQjUMNwNeSanmRs-07:00:00,SYN_100563,29,07:15:53,07:16:08,0
keUygmfQjUMNwNeSanmRs-07:00:00,SYN_100564,30,07:19:54,07:20:09,0
keUygmfQjUMNwNeSanmRs-07:00:00,SYN_100565,31,07:18:39,07:18:54,0
keUygmfQjUMNwNeSanmRs-07:00:00,SYN_100566,32,07:20:53,07:21:08,0
keUygmfQjUMNwNeSanmRs-07:00:00,SYN_100567,33,07:21:04,07:21:19,0
keUygmfQjUMNwNeSanmRs-07:00:00,SYN_100568,34,07:21:15,07:21:30,0
keUygmfQjUMNwNeSanmRs-07:00:00,SYN_100569,35,07:21:27,07:21:42,0
keUygmfQjUMNwNeSanmRs-07:00:00,SYN_100570,36,07:21:38,07:21:53,0
keUygmfQjUMNwNeSanmRs-07:00:00,SYN_100571,37,07:21:49,07:22:04,0
keUygmfQjUMNwNeSanmRs-07:00:00,SYN_100572,38,07:22:00,07:22:15,0
keUygmfQjUMNwNeSanmRs-07:00:00,SYN_100573,39,07:22:11,07:22:26,0
keUygmfQjUMNwNeSanmRs-07:00:00,SYN_100574,40,07:22:28,07:22:43,0
keUygmfQjUMNwNeSanmRs-07:00:00,SYN_100575,41,07:23:16,07:23:31,0
keUygmfQjUMNwNeSanmRs-07:00:00,SYN_100576,42,07:23:43,07:23:58,0
keUygmfQjUMNwNeSanmRs-07:00:00,SYN_100577,43,07:24:10,07:24:25,0
keUygmfQjUMNwNeSanmRs-07:00:00,SYN_100578,44,07:24:58,07:25:13,0
keUygmfQjUMNwNeSanmRs-07:00:00,SYN_100579,45,07:25:52,07:26:07,0
keUygmfQjUMNwNeSanmRs-07:00:00,SYN_100580,46,07:26:40,07:26:55,0
_xaRNY3_AfOnhpf5yTE3A-07:00:00,SYN_100582,0,07:00:40,07:00:55,0
_xaRNY3_AfOnhpf5yTE3A-07:00:00,SYN_100583,1,07:01:20,07:01:35,0
_xaRNY3_AfOnhpf5yTE3A-07:00:00,SYN_100584,2,07:02:00,07:02:15,0
_xaRNY3_AfOnhpf5yTE3A-07:00:00,SYN_100585,3,07:02:40,07:02:55,0
_xaRNY3_AfOnhpf5yTE3A-07:00:00,SYN_100586,4,07:03:20,07:03:35,0
_xaRNY3_AfOnhpf5yTE3A-07:00:00,SYN_100587,5,07:04:00,07:04:15,0
_xaRNY3_AfOnhpf5yTE3A-07:00:00,SYN_100588,6,07:04:22,07:04:37,0
_xaRNY3_AfOnhpf5yTE3A-07:00:00,SYN_100589,7,07:04:32,07:04:47,0
_xaRNY3_AfOnhpf5yTE3A-07:00:00,SYN_100590,8,07:04:43,07:04:58,0
_xaRNY3_AfOnhpf5yTE3A-07:00:00,SYN_100591,9,07:04:53,07:05:08,0
_xaRNY3_AfOnhpf5yTE3A-07:00:00,SYN_100592,10,07:05:04,07:05:19,0
_xaRNY3_AfOnhpf5yTE3A-07:00:00,SYN_100593,11,07:05:22,07:05:37,0
_xaRNY3_AfOnhpf5yTE3A-07:00:00,SYN_100594,12,07:05:53,07:06:08,0
_xaRNY3_AfOnhpf5yTE3A-07:00:00,SYN_100595,13,07:06:24,07:06:39,0
_xaRNY3_AfOnhpf5yTE3A-07:00:00,SYN_100596,14,07:06:57,07:07:12,0
_xaRNY3_AfOnhpf5yTE3A-07:00:00,SYN_100597,15,07:07:32,07:07:47,0
_xaRNY3_AfOnhpf5yTE3A-07:00:00,SYN_100598,16,07:08:02,07:08:17,0
_xaRNY3_AfOnhpf5yTE3A-07:00:00,SYN_100599,17,07:08:36,07:08:51,0
_xaRNY3_AfOnhpf5yTE3A-07:00:00,SYN_100600,18,07:09:27,07:09:42,0
_xaRNY3_AfOnhpf5yTE3A-07:00:00,SYN_100601,19,07:10:17,07:10:32,0
_xaRNY3_AfOnhpf5yTE3A-07:00:00,SYN_100602,20,07:11:07,07:11:22,0
_xaRNY3_AfOnhpf5yTE3A-07:00:00,SYN_100603,21,07:11:57,07:12:12,0
_xaRNY3_AfOnhpf5yTE3A-07:00:00,SYN_100604,22,07:12:32,07:12:47,0
_xaRNY3_AfOnhpf5yTE3A-07:00:00,SYN_100605,23,07:13:04,07:13:19,0
_xaRNY3_AfOnhpf5yTE3A-07:00:00,SYN_100606,24,07:13:41,07:13:56,0
_xaRNY3_AfOnhpf5yTE3A-07:00:00,SYN_100607,25,07:14:31,07:14:46,0
_xaRNY3_AfOnhpf5yTE3A-07:00:00,SYN_100608,26,07:15:07,07:15:22,0
_xaRNY3_AfOnhpf5yTE3A-07:00:00,SYN_100609,27,07:15:38,07:15:53,0
_xaRNY3_AfOnhpf5yTE3A-07:00:00,SYN_100610,28,07:16:00,07:16:15,0
_xaRNY3_AfOnhpf5yTE3A-07:00:00,SYN_100611,29,07:16:18,07:16:33,0
_xaRNY3_AfOnhpf5yTE3A-07:00:00,SYN_100612,30,07:16:36,07:16:51,0
_xaRNY3_AfOnhpf5yTE3A-07:00:00,SYN_100613,31,07:16:54,07:17:09,0
_xaRNY3_AfOnhpf5yTE3A-07:00:00,SYN_100614,32,07:17:13,07:17:28,0
_xaRNY3_AfOnhpf5yTE3A-07:00:00,SYN_100615,33,07:17:31,07:17:46,0
_xaRNY3_AfOnhpf5yTE3A-07:00:00,SYN_100616,34,07:17:49,07:18:04,0
_xaRNY3_AfOnhpf5yTE3A-07:00:00,SYN_100617,35,07:18:08,07:18:23,0
_xaRNY3_AfOnhpf5yTE3A-07:00:00,SYN_100618,36,07:18:34,07:18:49,0
_xaRNY3_AfOnhpf5yTE3A-07:00:00,SYN_100619,37,07:19:00,07:19:15,0
_xaRNY3_AfOnhpf5yTE3A-07:00:00,SYN_100620,38,07:19:25,07:19:40,0
_xaRNY3_AfOnhpf5yTE3A-07:00:00,SYN_100621,39,07:19:53,07:20:08,0
_xaRNY3_AfOnhpf5yTE3A-07:00:00,SYN_100622,40,07:20:22,07:20:37,0
_xaRNY3_AfOnhpf5yTE3A-07:00:00,SYN_100623,41,07:20:51,07:21:06,0
_xaRNY3_AfOnhpf5yTE3A-07:00:00,SYN_100624,42,07:21:18,07:21:33,0
_xaRNY3_AfOnhpf5yTE3A-07:00:00,SYN_100625,43,07:21:43,07:21:58,0
_xaRNY3_AfOnhpf5yTE3A-07:00:00,SYN_100626,44,07:22:07,07:22:22,0
_xaRNY3_AfOnhpf5yTE3A-07:00:00,SYN_100627,45,07:22:38,07:22:53,0
_xaRNY3_AfOnhpf5yTE3A-07:00:00,SYN_100628,46,07:23:10,07:23:25,0
_xaRNY3_AfOnhpf5yTE3A-07:00:00,SYN_100629,47,07:23:37,07:23:52,0
_xaRNY3_AfOnhpf5yTE3A-07:00:00,SYN_100630,48,07:24:00,07:24:15,0
_xaRNY3_AfOnhpf5yTE3A-07:00:00,SYN_100631,49,07:24:23,07:24:38,0
_xaRNY3_AfOnhpf5yTE3A-07:00:00,SYN_100632,50,07:24:46,07:25:01,0
_xaRNY3_AfOnhpf5yTE3A-07:00:00,SYN_100633,51,07:25:09,07:25:24,0
_xaRNY3_AfOnhpf5yTE3A-07:00:00,SYN_100634,52,07:25:33,07:25:48,0
_xaRNY3_AfOnhpf5yTE3A-07:00:00,SYN_100635,53,07:26:06,07:26:21,0
_xaRNY3_AfOnhpf5yTE3A-07:00:00,SYN_100636,54,07:26:31,07:26:46,0
_xaRNY3_AfOnhpf5yTE3A-07:00:00,SYN_100637,55,07:26:47,07:27:02,0
_xaRNY3_AfOnhpf5yTE3A-07:00:00,SYN_100638,56,07:27:04,07:27:19,0
_xaRNY3_AfOnhpf5yTE3A-07:00:00,SYN_100639,57,07:27:20,07:27:35,0
_xaRNY3_AfOnhpf5yTE3A-07:00:00,SYN_100640,58,07:27:37,07:27:52,0
_xaRNY3_AfOnhpf5yTE3A-07:00:00,SYN_100641,59,07:27:55,07:28:10,0
_xaRNY3_AfOnhpf5yTE3A-07:00:00,SYN_100642,60,07:28:12,07:28:27,0
_xaRNY3_AfOnhpf5yTE3A-07:00:00,SYN_100643,61,07:28:30,07:28:45,0
_xaRNY3_AfOnhpf5yTE3A-07:00:00,SYN_100644,62,07:28:47,07:29:02,0
_xaRNY3_AfOnhpf5yTE3A-07:00:00,SYN_100645,63,07:29:09,07:29:24,0
_xaRNY3_AfOnhpf5yTE3A-07:00:00,SYN_100646,64,07:29:30,07:29:45,0
_xaRNY3_AfOnhpf5yTE3A-07:00:00,SYN_100647,65,07:29:52,07:30:07,0
_xaRNY3_AfOnhpf5yTE3A-07:00:00,SYN_100648,66,07:30:21,07:30:36,0
_xaRNY3_AfOnhpf5yTE3A-07:00:00,SYN_100649,67,07:30:56,07:31:11,0
_xaRNY3_AfOnhpf5yTE3A-07:00:00,SYN_100650,68,07:31:26,07:31:41,0
_xaRNY3_AfOnhpf5yTE3A-07:00:00,SYN_100651,69,07:31:56,07:32:11,0
_xaRNY3_AfOnhpf5yTE3A-07:00:00,SYN_100652,70,07:32:27,07:32:42,0
_xaRNY3_AfOnhpf5yTE3A-07:00:00,SYN_100653,71,07:33:05,07:33:20,0
_xaRNY3_AfOnhpf5yTE3A-07:00:00,SYN_100654,72,07:33:48,07:34:03,0
_xaRNY3_AfOnhpf5yTE3A-07:00:00,SYN_100655,73,07:34:15,07:34:30,0
_xaRNY3_AfOnhpf5yTE3A-07:00:00,SYN_100656,74,07:34:42,07:34:57,0
_xaRNY3_AfOnhpf5yTE3A-07:00:00,SYN_100657,75,07:35:33,07:35:48,0
_xaRNY3_AfOnhpf5yTE3A-07:00:00,SYN_100658,76,07:36:28,07:36:43,0
_xaRNY3_AfOnhpf5yTE3A-07:00:00,SYN_100659,77,07:37:14,07:37:29,0
kKR0i-pEBtj87zRv8vRz5-07:00:00,SYN_100661,0,07:00:19,07:00:34,0
kKR0i-pEBtj87zRv8vRz5-07:00:00,SYN_100662,1,07:00:45,07:01:00,0
kKR0i-pEBtj87zRv8vRz5-07:00:00,SYN_100663,2,07:01:10,07:01:25,0
kKR0i-pEBtj87zRv8vRz5-07:00:00,SYN_100664,3,07:01:35,07:01:50,0
kKR0i-pEBtj87zRv8vRz5-07:00:00,SYN_100665,4,07:02:01,07:02:16,0
kKR0i-pEBtj87zRv8vRz5-07:00:00,SYN_100666,5,07:02:26,07:02:41,0
kKR0i-pEBtj87zRv8vRz5-07:00:00,SYN_100667,6,07:02:51,07:03:06,0
kKR0i-pEBtj87zRv8vRz5-07:00:00,SYN_100668,7,07:03:17,07:03:32,0
kKR0i-pEBtj87zRv8vRz5-07:00:00,SYN_100669,8,07:03:42,07:03:57,0
kKR0i-pEBtj87zRv8vRz5-07:00:00,SYN_100670,9,07:04:11,07:04:26,0
kKR0i-pEBtj87zRv8vRz5-07:00:00,SYN_100671,10,07:04:40,07:04:55,0
kKR0i-pEBtj87zRv8vRz5-07:00:00,SYN_100672,11,07:05:09,07:05:24,0
kKR0i-pEBtj87zRv8vRz5-07:00:00,SYN_100673,12,07:05:38,07:05:53,0
kKR0i-pEBtj87zRv8vRz5-07:00:00,SYN_100674,13,07:06:07,07:06:22,0
kKR0i-pEBtj87zRv8vRz5-07:00:00,SYN_100675,14,07:06:36,07:06:51,0
kKR0i-pEBtj87zRv8vRz5-07:00:00,SYN_100676,15,07:07:05,07:07:20,0
kKR0i-pEBtj87zRv8vRz5-07:00:00,SYN_100677,16,07:07:38,07:07:53,0
kKR0i-pEBtj87zRv8vRz5-07:00:00,SYN_100678,17,07:08:12,07:08:27,0
kKR0i-pEBtj87zRv8vRz5-07:00:00,SYN_100679,18,07:08:46,07:09:01,0
kKR0i-pEBtj87zRv8vRz5-07:00:00,SYN_100680,19,07:09:20,07:09:35,0
kKR0i-pEBtj87zRv8vRz5-07:00:00,SYN_100681,20,07:09:54,07:10:09,0
kKR0i-pEBtj87zRv8vRz5-07:00:00,SYN_100682,21,07:10:27,07:10:42,0
kKR0i-pEBtj87zRv8vRz5-07:00:00,SYN_100683,22,07:10:58,07:11:13,0
kKR0i-pEBtj87zRv8vRz5-07:00:00,SYN_100684,23,07:11:30,07:11:45,0
kKR0i-pEBtj87zRv8vRz5-07:00:00,SYN_100685,24,07:12:10,07:12:25,0
kKR0i-pEBtj87zRv8vRz5-07:00:00,SYN_100686,25,07:12:53,07:13:08,0
kKR0i-pEBtj87zRv8vRz5-07:00:00,SYN_100687,26,07:13:37,07:13:52,0
kKR0i-pEBtj87zRv8vRz5-07:00:00,SYN_100688,27,07:14:20,07:14:35,0
kKR0i-pEBtj87zRv8vRz5-07:00:00,SYN_100689,28,07:14:59,07:15:14,0
kKR0i-pEBtj87zRv8vRz5-07:00:00,SYN_100690,29,07:15:35,07:15:50,0
kKR0i-pEBtj87zRv8vRz5-07:00:00,SYN_100691,30,07:16:12,07:16:27,0
kKR0i-pEBtj87zRv8vRz5-07:00:00,SYN_100692,31,07:16:48,07:17:03,0
kKR0i-pEBtj87zRv8vRz5-07:00:00,SYN_100693,32,07:17:25,07:17:40,0
kKR0i-pEBtj87zRv8vRz5-07:00:00,SYN_100694,33,07:18:18,07:18:33,0
kKR0i-pEBtj87zRv8vRz5-07:00:00,SYN_100695,34,07:19:11,07:19:26,0
kKR0i-pEBtj87zRv8vRz5-07:00:00,SYN_100696,35,07:20:04,07:20:19,0
40rOFL2qzN26P2ty7q_b9-07:00:00,SYN_100697,0,07:00:33,07:00:48,0
40rOFL2qzN26P2ty7q_b9-07:00:00,SYN_100698,1,07:01:23,07:01:38,0
40rOFL2qzN26P2ty7q_b9-07:00:00,SYN_100699,2,07:02:14,07:02:29,0
40rOFL2qzN26P2ty7q_b9-07:00:00,SYN_100700,3,07:03:04,07:03:19,0
40rOFL2qzN26P2ty7q_b9-07:00:00,SYN_100701,4,07:03:55,07:04:10,0
40rOFL2qzN26P2ty7q_b9-07:00:00,SYN_100702,5,07:04:45,07:05:00,0
40rOFL2qzN26P2ty7q_b9-07:00:00,SYN_100703,6,07:05:36,07:05:51,0
40rOFL2qzN26P2ty7q_b9-07:00:00,SYN_100704,7,07:06:25,07:06:40,0
40rOFL2qzN26P2ty7q_b9-07:00:00,SYN_100705,8,07:07:13,07:07:28,0
40rOFL2qzN26P2ty7q_b9-07:00:00,SYN_100706,9,07:08:02,07:08:17,0
40rOFL2qzN26P2ty7q_b9-07:00:00,SYN_100707,10,07:08:50,07:09:05,0
40rOFL2qzN26P2ty7q_b9-07:00:00,SYN_100708,11,07:09:39,07:09:54,0
40rOFL2qzN26P2ty7q_b9-07:00:00,SYN_100709,12,07:10:27,07:10:42,0
40rOFL2qzN26P2ty7q_b9-07:00:00,SYN_100710,13,07:11:16,07:11:31,0
40rOFL2qzN26P2ty7q_b9-07:00:00,SYN_100711,14,07:12:00,07:12:15,0
40rOFL2qzN26P2ty7q_b9-07:00:00,SYN_100712,15,07:12:15,07:12:30,0
40rOFL2qzN26P2ty7q_b9-07:00:00,SYN_100713,16,07:12:30,07:12:45,0
40rOFL2qzN26P2ty7q_b9-07:00:00,SYN_100714,17,07:12:45,07:13:00,0
40rOFL2qzN26P2ty7q_b9-07:00:00,SYN_100715,18,07:13:00,07:13:15,0
40rOFL2qzN26P2ty7q_b9-07:00:00,SYN_100716,19,07:13:18,07:13:33,0
40rOFL2qzN26P2ty7q_b9-07:00:00,SYN_100717,20,07:13:36,07:13:51,0
40rOFL2qzN26P2ty7q_b9-07:00:00,SYN_100718,21,07:13:54,07:14:09,0
40rOFL2qzN26P2ty7q_b9-07:00:00,SYN_100719,22,07:14:13,07:14:28,0
40rOFL2qzN26P2ty7q_b9-07:00:00,SYN_100720,23,07:14:31,07:14:46,0
40rOFL2qzN26P2ty7q_b9-07:00:00,SYN_100721,24,07:14:49,07:15:04,0
40rOFL2qzN26P2ty7q_b9-07:00:00,SYN_100722,25,07:15:07,07:15:22,0
40rOFL2qzN26P2ty7q_b9-07:00:00,SYN_100723,26,07:15:28,07:15:43,0
40rOFL2qzN26P2ty7q_b9-07:00:00,SYN_100724,27,07:15:54,07:16:09,0
40rOFL2qzN26P2ty7q_b9-07:00:00,SYN_100725,28,07:16:20,07:16:35,0
40rOFL2qzN26P2ty7q_b9-07:00:00,SYN_100726,29,07:16:45,07:17:00,0
40rOFL2qzN26P2ty7q_b9-07:00:00,SYN_100727,30,07:17:14,07:17:29,0
40rOFL2qzN26P2ty7q_b9-07:00:00,SYN_100728,31,07:17:43,07:17:58,0
40rOFL2qzN26P2ty7q_b9-07:00:00,SYN_100729,32,07:18:12,07:18:27,0
40rOFL2qzN26P2ty7q_b9-07:00:00,SYN_100730,33,07:18:38,07:18:53,0
40rOFL2qzN26P2ty7q_b9-07:00:00,SYN_100731,34,07:19:02,07:19:17,0
40rOFL2qzN26P2ty7q_b9-07:00:00,SYN_100732,35,07:19:28,07:19:43,0
40rOFL2qzN26P2ty7q_b9-07:00:00,SYN_100733,36,07:19:59,07:20:14,0
40rOFL2qzN26P2ty7q_b9-07:00:00,SYN_100734,37,07:20:31,07:20:46,0
40rOFL2qzN26P2ty7q_b9-07:00:00,SYN_100735,38,07:20:56,07:21:11,0
40rOFL2qzN26P2ty7q_b9-07:00:00,SYN_100736,39,07:21:20,07:21:35,0
40rOFL2qzN26P2ty7q_b9-07:00:00,SYN_100737,40,07:21:43,07:21:58,0
40rOFL2qzN26P2ty7q_b9-07:00:00,SYN_100738,41,07:22:06,07:22:21,0
40rOFL2qzN26P2ty7q_b9-07:00:00,SYN_100739,42,07:22:29,07:22:44,0
40rOFL2qzN26P2ty7q_b9-07:00:00,SYN_100740,43,07:22:55,07:23:10,0
40rOFL2qzN26P2ty7q_b9-07:00:00,SYN_100741,44,07:23:27,07:23:42,0
40rOFL2qzN26P2ty7q_b9-07:00:00,SYN_100742,45,07:23:49,07:24:04,0
40rOFL2qzN26P2ty7q_b9-07:00:00,SYN_100743,46,07:24:05,07:24:20,0
40rOFL2qzN26P2ty7q_b9-07:00:00,SYN_100744,47,07:24:21,07:24:36,0
40rOFL2qzN26P2ty7q_b9-07:00:00,SYN_100745,48,07:24:38,07:24:53,0
40rOFL2qzN26P2ty7q_b9-07:00:00,SYN_100746,49,07:24:55,07:25:10,0
40rOFL2qzN26P2ty7q_b9-07:00:00,SYN_100747,50,07:25:13,07:25:28,0
40rOFL2qzN26P2ty7q_b9-07:00:00,SYN_100748,51,07:25:30,07:25:45,0
40rOFL2qzN26P2ty7q_b9-07:00:00,SYN_100749,52,07:25:48,07:26:03,0
40rOFL2qzN26P2ty7q_b9-07:00:00,SYN_100750,53,07:26:06,07:26:21,0
40rOFL2qzN26P2ty7q_b9-07:00:00,SYN_100751,54,07:26:28,07:26:43,0
40rOFL2qzN26P2ty7q_b9-07:00:00,SYN_100752,55,07:26:50,07:27:05,0
40rOFL2qzN26P2ty7q_b9-07:00:00,SYN_100753,56,07:27:11,07:27:26,0
40rOFL2qzN26P2ty7q_b9-07:00:00,SYN_100754,57,07:27:43,07:27:58,0
40rOFL2qzN26P2ty7q_b9-07:00:00,SYN_100755,58,07:28:17,07:28:32,0
40rOFL2qzN26P2ty7q_b9-07:00:00,SYN_100756,59,07:28:47,07:29:02,0
40rOFL2qzN26P2ty7q_b9-07:00:00,SYN_100757,60,07:29:17,07:29:32,0
40rOFL2qzN26P2ty7q_b9-07:00:00,SYN_100758,61,07:29:48,07:30:03,0
40rOFL2qzN26P2ty7q_b9-07:00:00,SYN_100759,62,07:30:35,07:30:50,0
40rOFL2qzN26P2ty7q_b9-07:00:00,SYN_100760,63,07:31:08,07:31:23,0
40rOFL2qzN26P2ty7q_b9-07:00:00,SYN_100761,64,07:31:35,07:31:50,0
40rOFL2qzN26P2ty7q_b9-07:00:00,SYN_100762,65,07:32:06,07:32:21,0
40rOFL2qzN26P2ty7q_b9-07:00:00,SYN_100763,66,07:33:00,07:33:15,0
40rOFL2qzN26P2ty7q_b9-07:00:00,SYN_100764,67,07:33:54,07:34:09,0
nnllgPNq1yuc-OXURFNAG-07:00:00,SYN_100772,0,07:00:04,07:00:19,0
nnllgPNq1yuc-OXURFNAG-07:00:00,SYN_100773,1,07:01:03,07:01:18,0
nnllgPNq1yuc-OXURFNAG-07:00:00,SYN_100774,2,07:02:03,07:02:18,0
nnllgPNq1yuc-OXURFNAG-07:00:00,SYN_100775,3,07:02:44,07:02:59,0
nnllgPNq1yuc-OXURFNAG-07:00:00,SYN_100776,4,07:03:12,07:03:27,0
nnllgPNq1yuc-OXURFNAG-07:00:00,SYN_100777,5,07:03:40,07:03:55,0
nnllgPNq1yuc-OXURFNAG-07:00:00,SYN_100778,6,07:04:07,07:04:22,0
nnllgPNq1yuc-OXURFNAG-07:00:00,SYN_100779,7,07:04:35,07:04:50,0
nnllgPNq1yuc-OXURFNAG-07:00:00,SYN_100780,8,07:05:03,07:05:18,0
nnllgPNq1yuc-OXURFNAG-07:00:00,SYN_100781,9,07:05:39,07:05:54,0
nnllgPNq1yuc-OXURFNAG-07:00:00,SYN_100782,10,07:06:17,07:06:32,0
nnllgPNq1yuc-OXURFNAG-07:00:00,SYN_100783,11,07:06:55,07:07:10,0
nnllgPNq1yuc-OXURFNAG-07:00:00,SYN_100784,12,07:07:33,07:07:48,0
nnllgPNq1yuc-OXURFNAG-07:00:00,SYN_100785,13,07:08:11,07:08:26,0
nnllgPNq1yuc-OXURFNAG-07:00:00,SYN_100786,14,07:08:49,07:09:04,0
nnllgPNq1yuc-OXURFNAG-07:00:00,SYN_100787,15,07:09:27,07:09:42,0
nnllgPNq1yuc-OXURFNAG-07:00:00,SYN_100788,16,07:10:04,07:10:19,0
nnllgPNq1yuc-OXURFNAG-07:00:00,SYN_100789,17,07:10:42,07:10:57,0
nnllgPNq1yuc-OXURFNAG-07:00:00,SYN_100790,18,07:11:20,07:11:35,0
nnllgPNq1yuc-OXURFNAG-07:00:00,SYN_100791,19,07:11:58,07:12:13,0
nnllgPNq1yuc-OXURFNAG-07:00:00,SYN_100792,20,07:13:00,07:13:15,0
nnllgPNq1yuc-OXURFNAG-07:00:00,SYN_100793,21,07:14:59,07:15:14,0
nnllgPNq1yuc-OXURFNAG-07:00:00,SYN_100794,22,07:16:15,07:16:30,0
nnllgPNq1yuc-OXURFNAG-07:00:00,SYN_100795,23,07:17:26,07:17:41,0
nnllgPNq1yuc-OXURFNAG-07:00:00,SYN_100796,24,07:18:37,07:18:52,0
nnllgPNq1yuc-OXURFNAG-07:00:00,SYN_100797,25,07:19:50,07:20:05,0
nnllgPNq1yuc-OXURFNAG-07:00:00,SYN_100798,26,07:21:05,07:21:20,0
nnllgPNq1yuc-OXURFNAG-07:00:00,SYN_100799,27,07:22:19,07:22:34,0
nnllgPNq1yuc-OXURFNAG-07:00:00,SYN_100800,28,07:23:39,07:23:54,0
nnllgPNq1yuc-OXURFNAG-07:00:00,SYN_100801,29,07:25:07,07:25:22,0
nnllgPNq1yuc-OXURFNAG-07:00:00,SYN_100802,30,07:26:33,07:26:48,0
nnllgPNq1yuc-OXURFNAG-07:00:00,SYN_100803,31,07:27:18,07:27:33,0
nnllgPNq1yuc-OXURFNAG-07:00:00,SYN_100804,32,07:28:03,07:28:18,0
nnllgPNq1yuc-OXURFNAG-07:00:00,SYN_100805,33,07:28:48,07:29:03,0
nnllgPNq1yuc-OXURFNAG-07:00:00,SYN_100806,34,07:29:33,07:29:48,0
nnllgPNq1yuc-OXURFNAG-07:00:00,SYN_100807,35,07:30:18,07:30:33,0
nnllgPNq1yuc-OXURFNAG-07:00:00,SYN_100808,36,07:31:03,07:31:18,0
nnllgPNq1yuc-OXURFNAG-07:00:00,SYN_100809,37,07:31:48,07:32:03,0
nnllgPNq1yuc-OXURFNAG-07:00:00,SYN_100810,38,07:32:35,07:32:50,0
nnllgPNq1yuc-OXURFNAG-07:00:00,SYN_100811,39,07:33:23,07:33:38,0
nnllgPNq1yuc-OXURFNAG-07:00:00,SYN_100812,40,07:34:11,07:34:26,0
nnllgPNq1yuc-OXURFNAG-07:00:00,SYN_100813,41,07:34:59,07:35:14,0
nnllgPNq1yuc-OXURFNAG-07:00:00,SYN_100814,42,07:37:19,07:37:34,0
nnllgPNq1yuc-OXURFNAG-07:00:00,SYN_100815,43,07:38:39,07:38:54,0
nnllgPNq1yuc-OXURFNAG-07:00:00,SYN_100816,44,07:39:11,07:39:26,0
nnllgPNq1yuc-OXURFNAG-07:00:00,SYN_100817,45,07:39:30,07:39:45,0
nnllgPNq1yuc-OXURFNAG-07:00:00,SYN_100818,46,07:39:46,07:40:01,0
nnllgPNq1yuc-OXURFNAG-07:00:00,SYN_100819,47,07:40:02,07:40:17,0
nnllgPNq1yuc-OXURFNAG-07:00:00,SYN_100820,48,07:40:18,07:40:33,0
nnllgPNq1yuc-OXURFNAG-07:00:00,SYN_100821,49,07:40:34,07:40:49,0
nnllgPNq1yuc-OXURFNAG-07:00:00,SYN_100822,50,07:40:51,07:41:06,0
nnllgPNq1yuc-OXURFNAG-07:00:00,SYN_100823,51,07:41:07,07:41:22,0
nnllgPNq1yuc-OXURFNAG-07:00:00,SYN_100824,52,07:41:23,07:41:38,0
nnllgPNq1yuc-OXURFNAG-07:00:00,SYN_100825,53,07:41:42,07:41:57,0
nnllgPNq1yuc-OXURFNAG-07:00:00,SYN_100826,54,07:42:31,07:42:46,0
nnllgPNq1yuc-OXURFNAG-07:00:00,SYN_100827,55,07:42:55,07:43:10,0
nnllgPNq1yuc-OXURFNAG-07:00:00,SYN_100828,56,07:43:20,07:43:35,0
nnllgPNq1yuc-OXURFNAG-07:00:00,SYN_100829,57,07:44:06,07:44:21,0
nnllgPNq1yuc-OXURFNAG-07:00:00,SYN_100830,58,07:45:19,07:45:34,0
tl8ZQbvleCGCbWdgkRkZg-07:00:00,SYN_100833,0,07:00:16,07:00:31,0
tl8ZQbvleCGCbWdgkRkZg-07:00:00,SYN_100834,1,07:00:47,07:01:02,0
tl8ZQbvleCGCbWdgkRkZg-07:00:00,SYN_100835,2,07:01:19,07:01:34,0
tl8ZQbvleCGCbWdgkRkZg-07:00:00,SYN_100836,3,07:01:50,07:02:05,0
tl8ZQbvleCGCbWdgkRkZg-07:00:00,SYN_100837,4,07:02:21,07:02:36,0
tl8ZQbvleCGCbWdgkRkZg-07:00:00,SYN_100838,5,07:02:53,07:03:08,0
tl8ZQbvleCGCbWdgkRkZg-07:00:00,SYN_100839,6,07:03:24,07:03:39,0
tl8ZQbvleCGCbWdgkRkZg-07:00:00,SYN_100840,7,07:03:56,07:04:11,0
tl8ZQbvleCGCbWdgkRkZg-07:00:00,SYN_100841,8,07:04:27,07:04:42,0
tl8ZQbvleCGCbWdgkRkZg-07:00:00,SYN_100842,9,07:04:58,07:05:13,0
tl8ZQbvleCGCbWdgkRkZg-07:00:00,SYN_100843,10,07:05:33,07:05:48,0
tl8ZQbvleCGCbWdgkRkZg-07:00:00,SYN_100844,11,07:06:15,07:06:30,0
tl8ZQbvleCGCbWdgkRkZg-07:00:00,SYN_100845,12,07:06:56,07:07:11,0
vt5LHnmnnLuQC-tEARuAL-07:00:00,SYN_100846,0,07:00:23,07:00:38,0
vt5LHnmnnLuQC-tEARuAL-07:00:00,SYN_100847,1,07:00:59,07:01:14,0
vt5LHnmnnLuQC-tEARuAL-07:00:00,SYN_100848,2,07:01:34,07:01:49,0
vt5LHnmnnLuQC-tEARuAL-07:00:00,SYN_100849,3,07:02:10,07:02:25,0
vt5LHnmnnLuQC-tEARuAL-07:00:00,SYN_100850,4,07:02:46,07:03:01,0
vt5LHnmnnLuQC-tEARuAL-07:00:00,SYN_100851,5,07:03:22,07:03:37,0
vt5LHnmnnLuQC-tEARuAL-07:00:00,SYN_100852,6,07:03:58,07:04:13,0
vt5LHnmnnLuQC-tEARuAL-07:00:00,SYN_100853,7,07:04:34,07:04:49,0
vt5LHnmnnLuQC-tEARuAL-07:00:00,SYN_100854,8,07:05:10,07:05:25,0
vt5LHnmnnLuQC-tEARuAL-07:00:00,SYN_100855,9,07:05:45,07:06:00,0
vt5LHnmnnLuQC-tEARuAL-07:00:00,SYN_100856,10,07:06:21,07:06:36,0
vt5LHnmnnLuQC-tEARuAL-07:00:00,SYN_100857,11,07:06:57,07:07:12,0
vt5LHnmnnLuQC-tEARuAL-07:00:00,SYN_100858,12,07:07:33,07:07:48,0
vt5LHnmnnLuQC-tEARuAL-07:00:00,SYN_100859,13,07:08:09,07:08:24,0
vt5LHnmnnLuQC-tEARuAL-07:00:00,SYN_100860,14,07:08:45,07:09:00,0
vt5LHnmnnLuQC-tEARuAL-07:00:00,SYN_100861,15,07:09:20,07:09:35,0
RpKdfStaPAyjOjNE_OGG9-07:00:00,SYN_100862,0,07:00:25,07:00:40,0
RpKdfStaPAyjOjNE_OGG9-07:00:00,SYN_100863,1,07:01:03,07:01:18,0
RpKdfStaPAyjOjNE_OGG9-07:00:00,SYN_100864,2,07:01:41,07:01:56,0
RpKdfStaPAyjOjNE_OGG9-07:00:00,SYN_100865,3,07:02:19,07:02:34,0
RpKdfStaPAyjOjNE_OGG9-07:00:00,SYN_100866,4,07:02:57,07:03:12,0
RpKdfStaPAyjOjNE_OGG9-07:00:00,SYN_100867,5,07:03:35,07:03:50,0
RpKdfStaPAyjOjNE_OGG9-07:00:00,SYN_100868,6,07:04:13,07:04:28,0
RpKdfStaPAyjOjNE_OGG9-07:00:00,SYN_100869,7,07:04:51,07:05:06,0
RpKdfStaPAyjOjNE_OGG9-07:00:00,SYN_100870,8,07:05:29,07:05:44,0
RpKdfStaPAyjOjNE_OGG9-07:00:00,SYN_100871,9,07:06:07,07:06:22,0
RpKdfStaPAyjOjNE_OGG9-07:00:00,SYN_100872,10,07:06:45,07:07:00,0
RpKdfStaPAyjOjNE_OGG9-07:00:00,SYN_100873,11,07:07:23,07:07:38,0
RpKdfStaPAyjOjNE_OGG9-07:00:00,SYN_100874,12,07:08:01,07:08:16,0
RpKdfStaPAyjOjNE_OGG9-07:00:00,SYN_100875,13,07:08:39,07:08:54,0
RpKdfStaPAyjOjNE_OGG9-07:00:00,SYN_100876,14,07:09:16,07:09:31,0
RpKdfStaPAyjOjNE_OGG9-07:00:00,SYN_100877,15,07:09:54,07:10:09,0
RpKdfStaPAyjOjNE_OGG9-07:00:00,SYN_100878,16,07:10:32,07:10:47,0
RpKdfStaPAyjOjNE_OGG9-07:00:00,SYN_100879,17,07:11:10,07:11:25,0
RpKdfStaPAyjOjNE_OGG9-07:00:00,SYN_100880,18,07:11:48,07:12:03,0
t3fihouAmNU32d_e7msfe-07:00:00,SYN_100881,0,07:00:36,07:00:51,0
t3fihouAmNU32d_e7msfe-07:00:00,SYN_100882,1,07:01:12,07:01:27,0
t3fihouAmNU32d_e7msfe-07:00:00,SYN_100883,2,07:01:49,07:02:04,0
t3fihouAmNU32d_e7msfe-07:00:00,SYN_100884,3,07:02:55,07:03:10,0
t3fihouAmNU32d_e7msfe-07:00:00,SYN_100885,4,07:04:48,07:05:03,0
t3fihouAmNU32d_e7msfe-07:00:00,SYN_100886,5,07:05:56,07:06:11,0
t3fihouAmNU32d_e7msfe-07:00:00,SYN_100887,6,07:07:05,07:07:20,0
t3fihouAmNU32d_e7msfe-07:00:00,SYN_100888,7,07:08:12,07:08:27,0
t3fihouAmNU32d_e7msfe-07:00:00,SYN_100889,8,07:09:16,07:09:31,0
t3fihouAmNU32d_e7msfe-07:00:00,SYN_100890,9,07:10:19,07:10:34,0
t3fihouAmNU32d_e7msfe-07:00:00,SYN_100891,10,07:10:45,07:11:00,0
t3fihouAmNU32d_e7msfe-07:00:00,SYN_100892,11,07:11:05,07:11:20,0
t3fihouAmNU32d_e7msfe-07:00:00,SYN_100893,12,07:11:25,07:11:40,0
t3fihouAmNU32d_e7msfe-07:00:00,SYN_100894,13,07:11:45,07:12:00,0
t3fihouAmNU32d_e7msfe-07:00:00,SYN_100895,14,07:12:06,07:12:21,0
t3fihouAmNU32d_e7msfe-07:00:00,SYN_100896,15,07:12:26,07:12:41,0
t3fihouAmNU32d_e7msfe-07:00:00,SYN_100897,16,07:12:46,07:13:01,0
t3fihouAmNU32d_e7msfe-07:00:00,SYN_100898,17,07:13:08,07:13:23,0
t3fihouAmNU32d_e7msfe-07:00:00,SYN_100899,18,07:13:32,07:13:47,0
t3fihouAmNU32d_e7msfe-07:00:00,SYN_100900,19,07:13:55,07:14:10,0
t3fihouAmNU32d_e7msfe-07:00:00,SYN_100901,20,07:14:26,07:14:41,0
t3fihouAmNU32d_e7msfe-07:00:00,SYN_100902,21,07:15:01,07:15:16,0
t3fihouAmNU32d_e7msfe-07:00:00,SYN_100903,22,07:15:36,07:15:51,0
t3fihouAmNU32d_e7msfe-07:00:00,SYN_100904,23,07:16:06,07:16:21,0
t3fihouAmNU32d_e7msfe-07:00:00,SYN_100905,24,07:16:35,07:16:50,0
t3fihouAmNU32d_e7msfe-07:00:00,SYN_100906,25,07:17:04,07:17:19,0
t3fihouAmNU32d_e7msfe-07:00:00,SYN_100907,26,07:17:42,07:17:57,0
t3fihouAmNU32d_e7msfe-07:00:00,SYN_100908,27,07:18:26,07:18:41,0
t3fihouAmNU32d_e7msfe-07:00:00,SYN_100909,28,07:19:11,07:19:26,0
t3fihouAmNU32d_e7msfe-07:00:00,SYN_100910,29,07:20:17,07:20:32,0
t3fihouAmNU32d_e7msfe-07:00:00,SYN_100911,30,07:20:46,07:21:01,0
t3fihouAmNU32d_e7msfe-07:00:00,SYN_100912,31,07:21:18,07:21:33,0
t3fihouAmNU32d_e7msfe-07:00:00,SYN_100913,32,07:22:01,07:22:16,0
t3fihouAmNU32d_e7msfe-07:00:00,SYN_100914,33,07:22:41,07:22:56,0
t3fihouAmNU32d_e7msfe-07:00:00,SYN_100915,34,07:23:25,07:23:40,0
t3fihouAmNU32d_e7msfe-07:00:00,SYN_100916,35,07:24:17,07:24:32,0
t3fihouAmNU32d_e7msfe-07:00:00,SYN_100917,36,07:25:09,07:25:24,0
t3fihouAmNU32d_e7msfe-07:00:00,SYN_100918,37,07:25:58,07:26:13,0
t3fihouAmNU32d_e7msfe-07:00:00,SYN_100919,38,07:26:20,07:26:35,0
t3fihouAmNU32d_e7msfe-07:00:00,SYN_100920,39,07:26:43,07:26:58,0
t3fihouAmNU32d_e7msfe-07:00:00,SYN_100921,40,07:27:11,07:27:26,0
t3fihouAmNU32d_e7msfe-07:00:00,SYN_100922,41,07:27:42,07:27:57,0
t3fihouAmNU32d_e7msfe-07:00:00,SYN_100923,42,07:28:13,07:28:28,0
t3fihouAmNU32d_e7msfe-07:00:00,SYN_100924,43,07:28:48,07:29:03,0
t3fihouAmNU32d_e7msfe-07:00:00,SYN_100925,44,07:29:20,07:29:35,0
t3fihouAmNU32d_e7msfe-07:00:00,SYN_100926,45,07:29:50,07:30:05,0
t3fihouAmNU32d_e7msfe-07:00:00,SYN_100927,46,07:30:31,07:30:46,0
t3fihouAmNU32d_e7msfe-07:00:00,SYN_100928,47,07:31:22,07:31:37,0
t3fihouAmNU32d_e7msfe-07:00:00,SYN_100929,48,07:32:12,07:32:27,0
t3fihouAmNU32d_e7msfe-07:00:00,SYN_100930,49,07:33:01,07:33:16,0
t3fihouAmNU32d_e7msfe-07:00:00,SYN_100931,50,07:33:49,07:34:04,0
t3fihouAmNU32d_e7msfe-07:00:00,SYN_100932,51,07:34:22,07:34:37,0
t3fihouAmNU32d_e7msfe-07:00:00,SYN_100933,52,07:34:54,07:35:09,0
t3fihouAmNU32d_e7msfe-07:00:00,SYN_100934,53,07:35:36,07:35:51,0
t3fihouAmNU32d_e7msfe-07:00:00,SYN_100935,54,07:36:26,07:36:41,0
t3fihouAmNU32d_e7msfe-07:00:00,SYN_100936,55,07:36:56,07:37:11,0
t3fihouAmNU32d_e7msfe-07:00:00,SYN_100937,56,07:37:27,07:37:42,0
t3fihouAmNU32d_e7msfe-07:00:00,SYN_100938,57,07:37:45,07:38:00,0
t3fihouAmNU32d_e7msfe-07:00:00,SYN_100939,58,07:38:03,07:38:18,0
t3fihouAmNU32d_e7msfe-07:00:00,SYN_100940,59,07:38:21,07:38:36,0
t3fihouAmNU32d_e7msfe-07:00:00,SYN_100941,60,07:38:40,07:38:55,0
t3fihouAmNU32d_e7msfe-07:00:00,SYN_100942,61,07:38:58,07:39:13,0
t3fihouAmNU32d_e7msfe-07:00:00,SYN_100943,62,07:39:16,07:39:31,0
t3fihouAmNU32d_e7msfe-07:00:00,SYN_100944,63,07:39:35,07:39:50,0
t3fihouAmNU32d_e7msfe-07:00:00,SYN_100945,64,07:39:56,07:40:11,0
t3fihouAmNU32d_e7msfe-07:00:00,SYN_100946,65,07:40:21,07:40:36,0
t3fihouAmNU32d_e7msfe-07:00:00,SYN_100947,66,07:40:47,07:41:02,0
t3fihouAmNU32d_e7msfe-07:00:00,SYN_100948,67,07:41:13,07:41:28,0
t3fihouAmNU32d_e7msfe-07:00:00,SYN_100949,68,07:41:41,07:41:56,0
t3fihouAmNU32d_e7msfe-07:00:00,SYN_100950,69,07:42:11,07:42:26,0
t3fihouAmNU32d_e7msfe-07:00:00,SYN_100951,70,07:42:40,07:42:55,0
t3fihouAmNU32d_e7msfe-07:00:00,SYN_100952,71,07:43:05,07:43:20,0
t3fihouAmNU32d_e7msfe-07:00:00,SYN_100953,72,07:43:30,07:43:45,0
t3fihouAmNU32d_e7msfe-07:00:00,SYN_100954,73,07:43:56,07:44:11,0
t3fihouAmNU32d_e7msfe-07:00:00,SYN_100955,74,07:44:27,07:44:42,0
t3fihouAmNU32d_e7msfe-07:00:00,SYN_100956,75,07:44:59,07:45:14,0
t3fihouAmNU32d_e7msfe-07:00:00,SYN_100957,76,07:45:24,07:45:39,0
t3fihouAmNU32d_e7msfe-07:00:00,SYN_100958,77,07:45:47,07:46:02,0
t3fihouAmNU32d_e7msfe-07:00:00,SYN_100959,78,07:46:10,07:46:25,0
t3fihouAmNU32d_e7msfe-07:00:00,SYN_100960,79,07:46:33,07:46:48,0
t3fihouAmNU32d_e7msfe-07:00:00,SYN_100961,80,07:46:56,07:47:11,0
t3fihouAmNU32d_e7msfe-07:00:00,SYN_100962,81,07:47:23,07:47:38,0
t3fihouAmNU32d_e7msfe-07:00:00,SYN_100963,82,07:47:55,07:48:10,0
t3fihouAmNU32d_e7msfe-07:00:00,SYN_100964,83,07:48:16,07:48:31,0
t3fihouAmNU32d_e7msfe-07:00:00,SYN_100965,84,07:48:32,07:48:47,0
t3fihouAmNU32d_e7msfe-07:00:00,SYN_100966,85,07:48:48,07:49:03,0
t3fihouAmNU32d_e7msfe-07:00:00,SYN_100967,86,07:49:05,07:49:20,0
t3fihouAmNU32d_e7msfe-07:00:00,SYN_100968,87,07:49:22,07:49:37,0
t3fihouAmNU32d_e7msfe-07:00:00,SYN_100969,88,07:49:40,07:49:55,0
t3fihouAmNU32d_e7msfe-07:00:00,SYN_100970,89,07:49:57,07:50:12,0
t3fihouAmNU32d_e7msfe-07:00:00,SYN_100971,90,07:50:15,07:50:30,0
t3fihouAmNU32d_e7msfe-07:00:00,SYN_100972,91,07:50:34,07:50:49,0
t3fihouAmNU32d_e7msfe-07:00:00,SYN_100973,92,07:50:55,07:51:10,0
t3fihouAmNU32d_e7msfe-07:00:00,SYN_100974,93,07:51:17,07:51:32,0
t3fihouAmNU32d_e7msfe-07:00:00,SYN_100975,94,07:51:38,07:51:53,0
t3fihouAmNU32d_e7msfe-07:00:00,SYN_100976,95,07:52:11,07:52:26,0
t3fihouAmNU32d_e7msfe-07:00:00,SYN_100977,96,07:52:45,07:53:00,0
t3fihouAmNU32d_e7msfe-07:00:00,SYN_100978,97,07:53:15,07:53:30,0
t3fihouAmNU32d_e7msfe-07:00:00,SYN_100979,98,07:53:45,07:54:00,0
t3fihouAmNU32d_e7msfe-07:00:00,SYN_100980,99,07:54:16,07:54:31,0
t3fihouAmNU32d_e7msfe-07:00:00,SYN_100981,100,07:54:55,07:55:10,0
t3fihouAmNU32d_e7msfe-07:00:00,SYN_100982,101,07:55:31,07:55:46,0
t3fihouAmNU32d_e7msfe-07:00:00,SYN_100983,102,07:56:01,07:56:16,0
t3fihouAmNU32d_e7msfe-07:00:00,SYN_100984,103,07:56:44,07:56:59,0
t3fihouAmNU32d_e7msfe-07:00:00,SYN_100985,104,07:58:23,07:58:38,0
t3fihouAmNU32d_e7msfe-07:00:00,SYN_100986,105,08:00:01,08:00:16,0
t3fihouAmNU32d_e7msfe-07:00:00,SYN_100987,106,08:01:23,08:01:38,0
t3fihouAmNU32d_e7msfe-07:00:00,SYN_100988,107,08:02:36,08:02:51,0
9ByH2YQ54cshi1Sj8kgPQ-07:00:00,SYN_100994,0,07:00:02,07:00:17,0
9ByH2YQ54cshi1Sj8kgPQ-07:00:00,SYN_100995,1,07:00:19,07:00:34,0
9ByH2YQ54cshi1Sj8kgPQ-07:00:00,SYN_100996,2,07:00:36,07:00:51,0
9ByH2YQ54cshi1Sj8kgPQ-07:00:00,SYN_100997,3,07:00:53,07:01:08,0
9ByH2YQ54cshi1Sj8kgPQ-07:00:00,SYN_100998,4,07:01:10,07:01:25,0
9ByH2YQ54cshi1Sj8kgPQ-07:00:00,SYN_100999,5,07:01:27,07:01:42,0
9ByH2YQ54cshi1Sj8kgPQ-07:00:00,SYN_101000,6,07:01:44,07:01:59,0
9ByH2YQ54cshi1Sj8kgPQ-07:00:00,SYN_101001,7,07:02:01,07:02:16,0
9ByH2YQ54cshi1Sj8kgPQ-07:00:00,SYN_101002,8,07:02:18,07:02:33,0
9ByH2YQ54cshi1Sj8kgPQ-07:00:00,SYN_101003,9,07:02:44,07:02:59,0
9ByH2YQ54cshi1Sj8kgPQ-07:00:00,SYN_101004,10,07:03:09,07:03:24,0
9ByH2YQ54cshi1Sj8kgPQ-07:00:00,SYN_101005,11,07:03:35,07:03:50,0
9ByH2YQ54cshi1Sj8kgPQ-07:00:00,SYN_101006,12,07:04:03,07:04:18,0
9ByH2YQ54cshi1Sj8kgPQ-07:00:00,SYN_101007,13,07:04:32,07:04:47,0
9ByH2YQ54cshi1Sj8kgPQ-07:00:00,SYN_101008,14,07:05:01,07:05:16,0
9ByH2YQ54cshi1Sj8kgPQ-07:00:00,SYN_101009,15,07:05:28,07:05:43,0
9ByH2YQ54cshi1Sj8kgPQ-07:00:00,SYN_101010,16,07:05:52,07:06:07,0
9ByH2YQ54cshi1Sj8kgPQ-07:00:00,SYN_101011,17,07:06:17,07:06:32,0
9ByH2YQ54cshi1Sj8kgPQ-07:00:00,SYN_101012,18,07:06:47,07:07:02,0
9ByH2YQ54cshi1Sj8kgPQ-07:00:00,SYN_101013,19,07:07:19,07:07:34,0
9ByH2YQ54cshi1Sj8kgPQ-07:00:00,SYN_101014,20,07:07:47,07:08:02,0
9ByH2YQ54cshi1Sj8kgPQ-07:00:00,SYN_101015,21,07:08:10,07:08:25,0
9ByH2YQ54cshi1Sj8kgPQ-07:00:00,SYN_101016,22,07:08:33,07:08:48,0
9ByH2YQ54cshi1Sj8kgPQ-07:00:00,SYN_101017,23,07:08:56,07:09:11,0
9ByH2YQ54cshi1Sj8kgPQ-07:00:00,SYN_101018,24,07:09:19,07:09:34,0
9ByH2YQ54cshi1Sj8kgPQ-07:00:00,SYN_101019,25,07:09:42,07:09:57,0
9ByH2YQ54cshi1Sj8kgPQ-07:00:00,SYN_101020,26,07:10:15,07:10:30,0
9ByH2YQ54cshi1Sj8kgPQ-07:00:00,SYN_101021,27,07:10:42,07:10:57,0
9ByH2YQ54cshi1Sj8kgPQ-07:00:00,SYN_101022,28,07:10:58,07:11:13,0
9ByH2YQ54cshi1Sj8kgPQ-07:00:00,SYN_101023,29,07:11:14,07:11:29,0
9ByH2YQ54cshi1Sj8kgPQ-07:00:00,SYN_101024,30,07:11:30,07:11:45,0
9ByH2YQ54cshi1Sj8kgPQ-07:00:00,SYN_101025,31,07:11:47,07:12:02,0
9ByH2YQ54cshi1Sj8kgPQ-07:00:00,SYN_101026,32,07:12:05,07:12:20,0
9ByH2YQ54cshi1Sj8kgPQ-07:00:00,SYN_101027,33,07:12:22,07:12:37,0
9ByH2YQ54cshi1Sj8kgPQ-07:00:00,SYN_101028,34,07:12:40,07:12:55,0
9ByH2YQ54cshi1Sj8kgPQ-07:00:00,SYN_101029,35,07:12:57,07:13:12,0
9ByH2YQ54cshi1Sj8kgPQ-07:00:00,SYN_101030,36,07:13:19,07:13:34,0
9ByH2YQ54cshi1Sj8kgPQ-07:00:00,SYN_101031,37,07:13:40,07:13:55,0
9ByH2YQ54cshi1Sj8kgPQ-07:00:00,SYN_101032,38,07:14:02,07:14:17,0
9ByH2YQ54cshi1Sj8kgPQ-07:00:00,SYN_101033,39,07:14:30,07:14:45,0
9ByH2YQ54cshi1Sj8kgPQ-07:00:00,SYN_101034,40,07:15:05,07:15:20,0
9ByH2YQ54cshi1Sj8kgPQ-07:00:00,SYN_101035,41,07:15:35,07:15:50,0
9ByH2YQ54cshi1Sj8kgPQ-07:00:00,SYN_101036,42,07:16:06,07:16:21,0
9ByH2YQ54cshi1Sj8kgPQ-07:00:00,SYN_101037,43,07:16:36,07:16:51,0
9ByH2YQ54cshi1Sj8kgPQ-07:00:00,SYN_101038,44,07:17:13,07:17:28,0
9ByH2YQ54cshi1Sj8kgPQ-07:00:00,SYN_101039,45,07:17:58,07:18:13,0
9ByH2YQ54cshi1Sj8kgPQ-07:00:00,SYN_101040,46,07:18:25,07:18:40,0
9ByH2YQ54cshi1Sj8kgPQ-07:00:00,SYN_101041,47,07:18:51,07:19:06,0
9ByH2YQ54cshi1Sj8kgPQ-07:00:00,SYN_101042,48,07:19:42,07:19:57,0
9ByH2YQ54cshi1Sj8kgPQ-07:00:00,SYN_101043,49,07:20:36,07:20:51,0
EglZxh1NkJA5Jax303ARy-07:00:00,SYN_101045,0,07:00:04,07:00:19,0
EglZxh1NkJA5Jax303ARy-07:00:00,SYN_101046,1,07:01:01,07:01:16,0
EglZxh1NkJA5Jax303ARy-07:00:00,SYN_101047,2,07:01:58,07:02:13,0
EglZxh1NkJA5Jax303ARy-07:00:00,SYN_101048,3,07:02:55,07:03:10,0
EglZxh1NkJA5Jax303ARy-07:00:00,SYN_101049,4,07:03:52,07:04:07,0
EglZxh1NkJA5Jax303ARy-07:00:00,SYN_101050,5,07:05:16,07:05:31,0
EglZxh1NkJA5Jax303ARy-07:00:00,SYN_101051,6,07:06:43,07:06:58,0
EglZxh1NkJA5Jax303ARy-07:00:00,SYN_101052,7,07:07:52,07:08:07,0
EglZxh1NkJA5Jax303ARy-07:00:00,SYN_101053,8,07:08:37,07:08:52,0
EglZxh1NkJA5Jax303ARy-07:00:00,SYN_101054,9,07:09:22,07:09:37,0
EglZxh1NkJA5Jax303ARy-07:00:00,SYN_101055,10,07:10:06,07:10:21,0
EglZxh1NkJA5Jax303ARy-07:00:00,SYN_101056,11,07:10:51,07:11:06,0
EglZxh1NkJA5Jax303ARy-07:00:00,SYN_101057,12,07:11:36,07:11:51,0
EglZxh1NkJA5Jax303ARy-07:00:00,SYN_101058,13,07:12:21,07:12:36,0
EglZxh1NkJA5Jax303ARy-07:00:00,SYN_101059,14,07:13:06,07:13:21,0
EglZxh1NkJA5Jax303ARy-07:00:00,SYN_101060,15,07:13:50,07:14:05,0
EglZxh1NkJA5Jax303ARy-07:00:00,SYN_101061,16,07:14:34,07:14:49,0
EglZxh1NkJA5Jax303ARy-07:00:00,SYN_101062,17,07:15:18,07:15:33,0
EglZxh1NkJA5Jax303ARy-07:00:00,SYN_101063,18,07:16:03,07:16:18,0
EglZxh1NkJA5Jax303ARy-07:00:00,SYN_101064,19,07:16:47,07:17:02,0
EglZxh1NkJA5Jax303ARy-07:00:00,SYN_101065,20,07:17:33,07:17:48,0
EglZxh1NkJA5Jax303ARy-07:00:00,SYN_101066,21,07:18:31,07:18:46,0
EglZxh1NkJA5Jax303ARy-07:00:00,SYN_101067,22,07:19:28,07:19:43,0
EglZxh1NkJA5Jax303ARy-07:00:00,SYN_101068,23,07:20:19,07:20:34,0
EglZxh1NkJA5Jax303ARy-07:00:00,SYN_101069,24,07:21:11,07:21:26,0
EglZxh1NkJA5Jax303ARy-07:00:00,SYN_101070,25,07:22:13,07:22:28,0
EglZxh1NkJA5Jax303ARy-07:00:00,SYN_101071,26,07:23:15,07:23:30,0
fZK7Eo97quKfWNkbl9oTR-07:00:00,SYN_101072,0,07:00:41,07:00:56,0
fZK7Eo97quKfWNkbl9oTR-07:00:00,SYN_101073,1,07:01:53,07:02:08,0
fZK7Eo97quKfWNkbl9oTR-07:00:00,SYN_101074,2,07:03:04,07:03:19,0
fZK7Eo97quKfWNkbl9oTR-07:00:00,SYN_101075,3,07:04:16,07:04:31,0
fZK7Eo97quKfWNkbl9oTR-07:00:00,SYN_101076,4,07:05:31,07:05:46,0
fZK7Eo97quKfWNkbl9oTR-07:00:00,SYN_101077,5,07:06:45,07:07:00,0
fZK7Eo97quKfWNkbl9oTR-07:00:00,SYN_101078,6,07:08:01,07:08:16,0
fZK7Eo97quKfWNkbl9oTR-07:00:00,SYN_101079,7,07:09:28,07:09:43,0
fZK7Eo97quKfWNkbl9oTR-07:00:00,SYN_101080,8,07:10:56,07:11:11,0
fZK7Eo97quKfWNkbl9oTR-07:00:00,SYN_101081,9,07:11:53,07:12:08,0
fZK7Eo97quKfWNkbl9oTR-07:00:00,SYN_101082,10,07:12:38,07:12:53,0
fZK7Eo97quKfWNkbl9oTR-07:00:00,SYN_101083,11,07:13:23,07:13:38,0
fZK7Eo97quKfWNkbl9oTR-07:00:00,SYN_101084,12,07:14:08,07:14:23,0
fZK7Eo97quKfWNkbl9oTR-07:00:00,SYN_101085,13,07:14:53,07:15:08,0
fZK7Eo97quKfWNkbl9oTR-07:00:00,SYN_101086,14,07:15:38,07:15:53,0
fZK7Eo97quKfWNkbl9oTR-07:00:00,SYN_101087,15,07:16:23,07:16:38,0
fZK7Eo97quKfWNkbl9oTR-07:00:00,SYN_101088,16,07:17:08,07:17:23,0
fZK7Eo97quKfWNkbl9oTR-07:00:00,SYN_101089,17,07:17:53,07:18:08,0
fZK7Eo97quKfWNkbl9oTR-07:00:00,SYN_101090,18,07:18:38,07:18:53,0
fZK7Eo97quKfWNkbl9oTR-07:00:00,SYN_101091,19,07:19:24,07:19:39,0
fZK7Eo97quKfWNkbl9oTR-07:00:00,SYN_101092,20,07:20:09,07:20:24,0
fZK7Eo97quKfWNkbl9oTR-07:00:00,SYN_101093,21,07:20:54,07:21:09,0
fZK7Eo97quKfWNkbl9oTR-07:00:00,SYN_101094,22,07:21:46,07:22:01,0
fZK7Eo97quKfWNkbl9oTR-07:00:00,SYN_101095,23,07:22:45,07:23:00,0
fZK7Eo97quKfWNkbl9oTR-07:00:00,SYN_101096,24,07:23:38,07:23:53,0
fZK7Eo97quKfWNkbl9oTR-07:00:00,SYN_101097,25,07:24:30,07:24:45,0
3SynmEGmJSDoBYRTRgEkj-07:00:00,SYN_101100,0,07:00:28,07:00:43,0
3SynmEGmJSDoBYRTRgEkj-07:00:00,SYN_101101,1,07:00:57,07:01:12,0
3SynmEGmJSDoBYRTRgEkj-07:00:00,SYN_101102,2,07:01:26,07:01:41,0
3SynmEGmJSDoBYRTRgEkj-07:00:00,SYN_101103,3,07:01:55,07:02:10,0
3SynmEGmJSDoBYRTRgEkj-07:00:00,SYN_101104,4,07:02:23,07:02:38,0
3SynmEGmJSDoBYRTRgEkj-07:00:00,SYN_101105,5,07:02:57,07:03:12,0
3SynmEGmJSDoBYRTRgEkj-07:00:00,SYN_101106,6,07:03:35,07:03:50,0
3SynmEGmJSDoBYRTRgEkj-07:00:00,SYN_101107,7,07:04:13,07:04:28,0
3SynmEGmJSDoBYRTRgEkj-07:00:00,SYN_101108,8,07:04:51,07:05:06,0
3SynmEGmJSDoBYRTRgEkj-07:00:00,SYN_101109,9,07:05:28,07:05:43,0
3SynmEGmJSDoBYRTRgEkj-07:00:00,SYN_101110,10,07:06:06,07:06:21,0
3SynmEGmJSDoBYRTRgEkj-07:00:00,SYN_101111,11,07:06:44,07:06:59,0
3SynmEGmJSDoBYRTRgEkj-07:00:00,SYN_101112,12,07:07:22,07:07:37,0
3SynmEGmJSDoBYRTRgEkj-07:00:00,SYN_101113,13,07:08:00,07:08:15,0
3SynmEGmJSDoBYRTRgEkj-07:00:00,SYN_101114,14,07:08:38,07:08:53,0
3SynmEGmJSDoBYRTRgEkj-07:00:00,SYN_101115,15,07:09:16,07:09:31,0
3SynmEGmJSDoBYRTRgEkj-07:00:00,SYN_101116,16,07:09:54,07:10:09,0
3SynmEGmJSDoBYRTRgEkj-07:00:00,SYN_101117,17,07:11:48,07:12:03,0
3SynmEGmJSDoBYRTRgEkj-07:00:00,SYN_101118,18,07:13:20,07:13:35,0
3SynmEGmJSDoBYRTRgEkj-07:00:00,SYN_101119,19,07:14:31,07:14:46,0
3SynmEGmJSDoBYRTRgEkj-07:00:00,SYN_101120,20,07:15:42,07:15:57,0
3SynmEGmJSDoBYRTRgEkj-07:00:00,SYN_101121,21,07:16:55,07:17:10,0
3SynmEGmJSDoBYRTRgEkj-07:00:00,SYN_101122,22,07:18:09,07:18:24,0
3SynmEGmJSDoBYRTRgEkj-07:00:00,SYN_101123,23,07:19:23,07:19:38,0
3SynmEGmJSDoBYRTRgEkj-07:00:00,SYN_101124,24,07:20:39,07:20:54,0
3SynmEGmJSDoBYRTRgEkj-07:00:00,SYN_101125,25,07:22:07,07:22:22,0
3SynmEGmJSDoBYRTRgEkj-07:00:00,SYN_101126,26,07:23:34,07:23:49,0
3SynmEGmJSDoBYRTRgEkj-07:00:00,SYN_101127,27,07:24:33,07:24:48,0
3SynmEGmJSDoBYRTRgEkj-07:00:00,SYN_101128,28,07:25:18,07:25:33,0
3SynmEGmJSDoBYRTRgEkj-07:00:00,SYN_101129,29,07:26:03,07:26:18,0
3SynmEGmJSDoBYRTRgEkj-07:00:00,SYN_101130,30,07:26:48,07:27:03,0
3SynmEGmJSDoBYRTRgEkj-07:00:00,SYN_101131,31,07:27:33,07:27:48,0
3SynmEGmJSDoBYRTRgEkj-07:00:00,SYN_101132,32,07:28:18,07:28:33,0
3SynmEGmJSDoBYRTRgEkj-07:00:00,SYN_101133,33,07:29:03,07:29:18,0
3SynmEGmJSDoBYRTRgEkj-07:00:00,SYN_101134,34,07:29:47,07:30:02,0
3SynmEGmJSDoBYRTRgEkj-07:00:00,SYN_101135,35,07:30:31,07:30:46,0
3SynmEGmJSDoBYRTRgEkj-07:00:00,SYN_101136,36,07:31:16,07:31:31,0
3SynmEGmJSDoBYRTRgEkj-07:00:00,SYN_101137,37,07:32:00,07:32:15,0
3SynmEGmJSDoBYRTRgEkj-07:00:00,SYN_101138,38,07:32:44,07:32:59,0
3SynmEGmJSDoBYRTRgEkj-07:00:00,SYN_101139,39,07:33:28,07:33:43,0
3SynmEGmJSDoBYRTRgEkj-07:00:00,SYN_101140,40,07:34:18,07:34:33,0
3SynmEGmJSDoBYRTRgEkj-07:00:00,SYN_101141,41,07:35:16,07:35:31,0
3SynmEGmJSDoBYRTRgEkj-07:00:00,SYN_101142,42,07:36:11,07:36:26,0
3SynmEGmJSDoBYRTRgEkj-07:00:00,SYN_101143,43,07:37:02,07:37:17,0
3SynmEGmJSDoBYRTRgEkj-07:00:00,SYN_101144,44,07:37:54,07:38:09,0
3SynmEGmJSDoBYRTRgEkj-07:00:00,SYN_101145,45,07:38:44,07:38:59,0
3SynmEGmJSDoBYRTRgEkj-07:00:00,SYN_101146,46,07:39:35,07:39:50,0
M-k1V2EbMTbdd6jCLeoZw-07:00:00,SYN_101147,0,07:00:14,07:00:29,0
M-k1V2EbMTbdd6jCLeoZw-07:00:00,SYN_101148,1,07:00:35,07:00:50,0
M-k1V2EbMTbdd6jCLeoZw-07:00:00,SYN_101149,2,07:00:56,07:01:11,0
M-k1V2EbMTbdd6jCLeoZw-07:00:00,SYN_101150,3,07:01:18,07:01:33,0
M-k1V2EbMTbdd6jCLeoZw-07:00:00,SYN_101151,4,07:01:39,07:01:54,0
M-k1V2EbMTbdd6jCLeoZw-07:00:00,SYN_101152,5,07:02:01,07:02:16,0
M-k1V2EbMTbdd6jCLeoZw-07:00:00,SYN_101153,6,07:02:22,07:02:37,0
M-k1V2EbMTbdd6jCLeoZw-07:00:00,SYN_101154,7,07:02:44,07:02:59,0
M-k1V2EbMTbdd6jCLeoZw-07:00:00,SYN_101155,8,07:03:05,07:03:20,0
M-k1V2EbMTbdd6jCLeoZw-07:00:00,SYN_101156,9,07:03:26,07:03:41,0
M-k1V2EbMTbdd6jCLeoZw-07:00:00,SYN_101157,10,07:03:49,07:04:04,0
M-k1V2EbMTbdd6jCLeoZw-07:00:00,SYN_101158,11,07:04:18,07:04:33,0
M-k1V2EbMTbdd6jCLeoZw-07:00:00,SYN_101159,12,07:04:47,07:05:02,0
M-k1V2EbMTbdd6jCLeoZw-07:00:00,SYN_101160,13,07:05:16,07:05:31,0
M-k1V2EbMTbdd6jCLeoZw-07:00:00,SYN_101161,14,07:05:40,07:05:55,0
M-k1V2EbMTbdd6jCLeoZw-07:00:00,SYN_101162,15,07:06:05,07:06:20,0
M-k1V2EbMTbdd6jCLeoZw-07:00:00,SYN_101163,16,07:06:32,07:06:47,0
M-k1V2EbMTbdd6jCLeoZw-07:00:00,SYN_101164,17,07:07:04,07:07:19,0
M-k1V2EbMTbdd6jCLeoZw-07:00:00,SYN_101165,18,07:07:36,07:07:51,0
M-k1V2EbMTbdd6jCLeoZw-07:00:00,SYN_101166,19,07:07:59,07:08:14,0
M-k1V2EbMTbdd6jCLeoZw-07:00:00,SYN_101167,20,07:08:22,07:08:37,0
M-k1V2EbMTbdd6jCLeoZw-07:00:00,SYN_101168,21,07:08:45,07:09:00,0
M-k1V2EbMTbdd6jCLeoZw-07:00:00,SYN_101169,22,07:09:08,07:09:23,0
M-k1V2EbMTbdd6jCLeoZw-07:00:00,SYN_101170,23,07:09:31,07:09:46,0
M-k1V2EbMTbdd6jCLeoZw-07:00:00,SYN_101171,24,07:10:00,07:10:15,0
M-k1V2EbMTbdd6jCLeoZw-07:00:00,SYN_101172,25,07:10:32,07:10:47,0
M-k1V2EbMTbdd6jCLeoZw-07:00:00,SYN_101173,26,07:10:50,07:11:05,0
M-k1V2EbMTbdd6jCLeoZw-07:00:00,SYN_101174,27,07:11:06,07:11:21,0
M-k1V2EbMTbdd6jCLeoZw-07:00:00,SYN_101175,28,07:11:22,07:11:37,0
M-k1V2EbMTbdd6jCLeoZw-07:00:00,SYN_101176,29,07:11:38,07:11:53,0
M-k1V2EbMTbdd6jCLeoZw-07:00:00,SYN_101177,30,07:11:56,07:12:11,0
M-k1V2EbMTbdd6jCLeoZw-07:00:00,SYN_101178,31,07:12:14,07:12:29,0
M-k1V2EbMTbdd6jCLeoZw-07:00:00,SYN_101179,32,07:12:31,07:12:46,0
M-k1V2EbMTbdd6jCLeoZw-07:00:00,SYN_101180,33,07:12:49,07:13:04,0
M-k1V2EbMTbdd6jCLeoZw-07:00:00,SYN_101181,34,07:13:08,07:13:23,0
M-k1V2EbMTbdd6jCLeoZw-07:00:00,SYN_101182,35,07:13:30,07:13:45,0
M-k1V2EbMTbdd6jCLeoZw-07:00:00,SYN_101183,36,07:13:51,07:14:06,0
M-k1V2EbMTbdd6jCLeoZw-07:00:00,SYN_101184,37,07:14:13,07:14:28,0
M-k1V2EbMTbdd6jCLeoZw-07:00:00,SYN_101185,38,07:14:49,07:15:04,0
M-k1V2EbMTbdd6jCLeoZw-07:00:00,SYN_101186,39,07:15:21,07:15:36,0
M-k1V2EbMTbdd6jCLeoZw-07:00:00,SYN_101187,40,07:15:51,07:16:06,0
M-k1V2EbMTbdd6jCLeoZw-07:00:00,SYN_101188,41,07:16:22,07:16:37,0
M-k1V2EbMTbdd6jCLeoZw-07:00:00,SYN_101189,42,07:16:52,07:17:07,0
M-k1V2EbMTbdd6jCLeoZw-07:00:00,SYN_101190,43,07:17:35,07:17:50,0
M-k1V2EbMTbdd6jCLeoZw-07:00:00,SYN_101191,44,07:18:07,07:18:22,0
M-k1V2EbMTbdd6jCLeoZw-07:00:00,SYN_101192,45,07:18:37,07:18:52,0
M-k1V2EbMTbdd6jCLeoZw-07:00:00,SYN_101193,46,07:19:35,07:19:50,0
M-k1V2EbMTbdd6jCLeoZw-07:00:00,SYN_101194,47,07:21:14,07:21:29,0
M-k1V2EbMTbdd6jCLeoZw-07:00:00,SYN_101195,48,07:22:53,07:23:08,0
M-k1V2EbMTbdd6jCLeoZw-07:00:00,SYN_101196,49,07:24:03,07:24:18,0
M-k1V2EbMTbdd6jCLeoZw-07:00:00,SYN_101197,50,07:25:09,07:25:24,0
rz-CFcB9J3xy60VYWjZAn-07:00:00,SYN_101198,0,07:00:09,07:00:24,0
rz-CFcB9J3xy60VYWjZAn-07:00:00,SYN_101199,1,07:00:41,07:00:56,0
rz-CFcB9J3xy60VYWjZAn-07:00:00,SYN_101200,2,07:01:12,07:01:27,0
rz-CFcB9J3xy60VYWjZAn-07:00:00,SYN_101201,3,07:01:43,07:01:58,0
rz-CFcB9J3xy60VYWjZAn-07:00:00,SYN_101202,4,07:02:15,07:02:30,0
rz-CFcB9J3xy60VYWjZAn-07:00:00,SYN_101203,5,07:02:46,07:03:01,0
rz-CFcB9J3xy60VYWjZAn-07:00:00,SYN_101204,6,07:03:17,07:03:32,0
rz-CFcB9J3xy60VYWjZAn-07:00:00,SYN_101205,7,07:03:49,07:04:04,0
rz-CFcB9J3xy60VYWjZAn-07:00:00,SYN_101206,8,07:04:20,07:04:35,0
rz-CFcB9J3xy60VYWjZAn-07:00:00,SYN_101207,9,07:04:52,07:05:07,0
rz-CFcB9J3xy60VYWjZAn-07:00:00,SYN_101208,10,07:05:23,07:05:38,0
rz-CFcB9J3xy60VYWjZAn-07:00:00,SYN_101209,11,07:05:54,07:06:09,0
rz-CFcB9J3xy60VYWjZAn-07:00:00,SYN_101210,12,07:06:25,07:06:40,0
rz-CFcB9J3xy60VYWjZAn-07:00:00,SYN_101211,13,07:06:52,07:07:07,0
rz-CFcB9J3xy60VYWjZAn-07:00:00,SYN_101212,14,07:07:18,07:07:33,0
rz-CFcB9J3xy60VYWjZAn-07:00:00,SYN_101213,15,07:07:45,07:08:00,0
rz-CFcB9J3xy60VYWjZAn-07:00:00,SYN_101214,16,07:08:11,07:08:26,0
rz-CFcB9J3xy60VYWjZAn-07:00:00,SYN_101215,17,07:08:45,07:09:00,0
rz-CFcB9J3xy60VYWjZAn-07:00:00,SYN_101216,18,07:09:42,07:09:57,0
rz-CFcB9J3xy60VYWjZAn-07:00:00,SYN_101217,19,07:10:39,07:10:54,0
rz-CFcB9J3xy60VYWjZAn-07:00:00,SYN_101218,20,07:11:36,07:11:51,0
rz-CFcB9J3xy60VYWjZAn-07:00:00,SYN_101219,21,07:12:34,07:12:49,0
rz-CFcB9J3xy60VYWjZAn-07:00:00,SYN_101220,22,07:14:02,07:14:17,0
rz-CFcB9J3xy60VYWjZAn-07:00:00,SYN_101221,23,07:15:30,07:15:45,0
rz-CFcB9J3xy60VYWjZAn-07:00:00,SYN_101222,24,07:16:31,07:16:46,0
rz-CFcB9J3xy60VYWjZAn-07:00:00,SYN_101223,25,07:17:16,07:17:31,0
rz-CFcB9J3xy60VYWjZAn-07:00:00,SYN_101224,26,07:18:00,07:18:15,0
rz-CFcB9J3xy60VYWjZAn-07:00:00,SYN_101225,27,07:18:45,07:19:00,0
rz-CFcB9J3xy60VYWjZAn-07:00:00,SYN_101226,28,07:19:30,07:19:45,0
rz-CFcB9J3xy60VYWjZAn-07:00:00,SYN_101227,29,07:20:15,07:20:30,0
rz-CFcB9J3xy60VYWjZAn-07:00:00,SYN_101228,30,07:21:00,07:21:15,0
rz-CFcB9J3xy60VYWjZAn-07:00:00,SYN_101229,31,07:21:45,07:22:00,0
rz-CFcB9J3xy60VYWjZAn-07:00:00,SYN_101230,32,07:22:30,07:22:45,0
rz-CFcB9J3xy60VYWjZAn-07:00:00,SYN_101231,33,07:23:15,07:23:30,0
rz-CFcB9J3xy60VYWjZAn-07:00:00,SYN_101232,34,07:24:01,07:24:16,0
rz-CFcB9J3xy60VYWjZAn-07:00:00,SYN_101233,35,07:24:46,07:25:01,0
rz-CFcB9J3xy60VYWjZAn-07:00:00,SYN_101234,36,07:25:31,07:25:46,0
rz-CFcB9J3xy60VYWjZAn-07:00:00,SYN_101235,37,07:26:23,07:26:38,0
rz-CFcB9J3xy60VYWjZAn-07:00:00,SYN_101236,38,07:27:21,07:27:36,0
rz-CFcB9J3xy60VYWjZAn-07:00:00,SYN_101237,39,07:28:15,07:28:30,0
rz-CFcB9J3xy60VYWjZAn-07:00:00,SYN_101238,40,07:29:07,07:29:22,0
rz-CFcB9J3xy60VYWjZAn-07:00:00,SYN_101239,41,07:29:59,07:30:14,0
rz-CFcB9J3xy60VYWjZAn-07:00:00,SYN_101240,42,07:30:55,07:31:10,0
1pTTdCYNksTHRhSFGpg76-07:00:00,SYN_101245,0,07:00:31,07:00:46,0
1pTTdCYNksTHRhSFGpg76-07:00:00,SYN_101246,1,07:01:30,07:01:45,0
1pTTdCYNksTHRhSFGpg76-07:00:00,SYN_101247,2,07:02:29,07:02:44,0
1pTTdCYNksTHRhSFGpg76-07:00:00,SYN_101248,3,07:02:57,07:03:12,0
1pTTdCYNksTHRhSFGpg76-07:00:00,SYN_101249,4,07:03:24,07:03:39,0
1pTTdCYNksTHRhSFGpg76-07:00:00,SYN_101250,5,07:03:52,07:04:07,0
1pTTdCYNksTHRhSFGpg76-07:00:00,SYN_101251,6,07:04:20,07:04:35,0
1pTTdCYNksTHRhSFGpg76-07:00:00,SYN_101252,7,07:04:47,07:05:02,0
1pTTdCYNksTHRhSFGpg76-07:00:00,SYN_101253,8,07:05:19,07:05:34,0
1pTTdCYNksTHRhSFGpg76-07:00:00,SYN_101254,9,07:05:57,07:06:12,0
1pTTdCYNksTHRhSFGpg76-07:00:00,SYN_101255,10,07:06:34,07:06:49,0
1pTTdCYNksTHRhSFGpg76-07:00:00,SYN_101256,11,07:07:12,07:07:27,0
1pTTdCYNksTHRhSFGpg76-07:00:00,SYN_101257,12,07:07:50,07:08:05,0
1pTTdCYNksTHRhSFGpg76-07:00:00,SYN_101258,13,07:08:28,07:08:43,0
1pTTdCYNksTHRhSFGpg76-07:00:00,SYN_101259,14,07:09:06,07:09:21,0
1pTTdCYNksTHRhSFGpg76-07:00:00,SYN_101260,15,07:09:44,07:09:59,0
1pTTdCYNksTHRhSFGpg76-07:00:00,SYN_101261,16,07:10:22,07:10:37,0
1pTTdCYNksTHRhSFGpg76-07:00:00,SYN_101262,17,07:10:59,07:11:14,0
1pTTdCYNksTHRhSFGpg76-07:00:00,SYN_101263,18,07:11:37,07:11:52,0
1pTTdCYNksTHRhSFGpg76-07:00:00,SYN_101264,19,07:12:15,07:12:30,0
1pTTdCYNksTHRhSFGpg76-07:00:00,SYN_101265,20,07:13:54,07:14:09,0
1pTTdCYNksTHRhSFGpg76-07:00:00,SYN_101266,21,07:15:35,07:15:50,0
1pTTdCYNksTHRhSFGpg76-07:00:00,SYN_101267,22,07:16:47,07:17:02,0
1pTTdCYNksTHRhSFGpg76-07:00:00,SYN_101268,23,07:17:58,07:18:13,0
1pTTdCYNksTHRhSFGpg76-07:00:00,SYN_101269,24,07:19:10,07:19:25,0
1pTTdCYNksTHRhSFGpg76-07:00:00,SYN_101270,25,07:20:24,07:20:39,0
1pTTdCYNksTHRhSFGpg76-07:00:00,SYN_101271,26,07:21:38,07:21:53,0
1pTTdCYNksTHRhSFGpg76-07:00:00,SYN_101272,27,07:22:52,07:23:07,0
1pTTdCYNksTHRhSFGpg76-07:00:00,SYN_101273,28,07:24:19,07:24:34,0
1pTTdCYNksTHRhSFGpg76-07:00:00,SYN_101274,29,07:25:46,07:26:01,0
1pTTdCYNksTHRhSFGpg76-07:00:00,SYN_101275,30,07:26:54,07:27:09,0
1pTTdCYNksTHRhSFGpg76-07:00:00,SYN_101276,31,07:27:39,07:27:54,0
1pTTdCYNksTHRhSFGpg76-07:00:00,SYN_101277,32,07:28:23,07:28:38,0
1pTTdCYNksTHRhSFGpg76-07:00:00,SYN_101278,33,07:29:08,07:29:23,0
1pTTdCYNksTHRhSFGpg76-07:00:00,SYN_101279,34,07:29:53,07:30:08,0
1pTTdCYNksTHRhSFGpg76-07:00:00,SYN_101280,35,07:30:38,07:30:53,0
1pTTdCYNksTHRhSFGpg76-07:00:00,SYN_101281,36,07:31:23,07:31:38,0
1pTTdCYNksTHRhSFGpg76-07:00:00,SYN_101282,37,07:32:07,07:32:22,0
1pTTdCYNksTHRhSFGpg76-07:00:00,SYN_101283,38,07:32:52,07:33:07,0
1pTTdCYNksTHRhSFGpg76-07:00:00,SYN_101284,39,07:33:36,07:33:51,0
1pTTdCYNksTHRhSFGpg76-07:00:00,SYN_101285,40,07:34:20,07:34:35,0
1pTTdCYNksTHRhSFGpg76-07:00:00,SYN_101286,41,07:35:05,07:35:20,0
1pTTdCYNksTHRhSFGpg76-07:00:00,SYN_101287,42,07:35:49,07:36:04,0
1pTTdCYNksTHRhSFGpg76-07:00:00,SYN_101288,43,07:36:36,07:36:51,0
1pTTdCYNksTHRhSFGpg76-07:00:00,SYN_101289,44,07:37:34,07:37:49,0
1pTTdCYNksTHRhSFGpg76-07:00:00,SYN_101290,45,07:38:30,07:38:45,0
1pTTdCYNksTHRhSFGpg76-07:00:00,SYN_101291,46,07:39:21,07:39:36,0
jWBg8TvwT24t5ID8oRKxt-07:00:00,SYN_101302,0,07:00:05,07:00:20,0
jWBg8TvwT24t5ID8oRKxt-07:00:00,SYN_101303,1,07:00:42,07:00:57,0
jWBg8TvwT24t5ID8oRKxt-07:00:00,SYN_101304,2,07:01:19,07:01:34,0
jWBg8TvwT24t5ID8oRKxt-07:00:00,SYN_101305,3,07:01:56,07:02:11,0
jWBg8TvwT24t5ID8oRKxt-07:00:00,SYN_101306,4,07:02:33,07:02:48,0
jWBg8TvwT24t5ID8oRKxt-07:00:00,SYN_101307,5,07:03:11,07:03:26,0
jWBg8TvwT24t5ID8oRKxt-07:00:00,SYN_101308,6,07:04:02,07:04:17,0
jWBg8TvwT24t5ID8oRKxt-07:00:00,SYN_101309,7,07:05:02,07:05:17,0
jWBg8TvwT24t5ID8oRKxt-07:00:00,SYN_101310,8,07:06:03,07:06:18,0
jWBg8TvwT24t5ID8oRKxt-07:00:00,SYN_101311,9,07:07:03,07:07:18,0
jWBg8TvwT24t5ID8oRKxt-07:00:00,SYN_101312,10,07:07:55,07:08:10,0
jWBg8TvwT24t5ID8oRKxt-07:00:00,SYN_101313,11,07:08:14,07:08:29,0
jWBg8TvwT24t5ID8oRKxt-07:00:00,SYN_101314,12,07:08:33,07:08:48,0
jWBg8TvwT24t5ID8oRKxt-07:00:00,SYN_101315,13,07:08:53,07:09:08,0
jWBg8TvwT24t5ID8oRKxt-07:00:00,SYN_101316,14,07:09:12,07:09:27,0
jWBg8TvwT24t5ID8oRKxt-07:00:00,SYN_101317,15,07:09:32,07:09:47,0
6d2W3a35jKEGSEjY9OqMB-07:00:00,SYN_101319,0,07:00:26,07:00:41,0
6d2W3a35jKEGSEjY9OqMB-07:00:00,SYN_101320,1,07:00:52,07:01:07,0
6d2W3a35jKEGSEjY9OqMB-07:00:00,SYN_101321,2,07:01:19,07:01:34,0
6d2W3a35jKEGSEjY9OqMB-07:00:00,SYN_101322,3,07:02:16,07:02:31,0
6d2W3a35jKEGSEjY9OqMB-07:00:00,SYN_101323,4,07:03:16,07:03:31,0
6d2W3a35jKEGSEjY9OqMB-07:00:00,SYN_101324,5,07:04:17,07:04:32,0
6d2W3a35jKEGSEjY9OqMB-07:00:00,SYN_101325,6,07:05:17,07:05:32,0
6d2W3a35jKEGSEjY9OqMB-07:00:00,SYN_101326,7,07:05:57,07:06:12,0
6d2W3a35jKEGSEjY9OqMB-07:00:00,SYN_101327,8,07:06:16,07:06:31,0
6d2W3a35jKEGSEjY9OqMB-07:00:00,SYN_101328,9,07:06:35,07:06:50,0
6d2W3a35jKEGSEjY9OqMB-07:00:00,SYN_101329,10,07:06:55,07:07:10,0
6d2W3a35jKEGSEjY9OqMB-07:00:00,SYN_101330,11,07:07:14,07:07:29,0
6d2W3a35jKEGSEjY9OqMB-07:00:00,SYN_101331,12,07:07:33,07:07:48,0
bSYN2peHxalSinpb8v_ie-07:00:00,SYN_101334,0,07:00:32,07:00:47,0
bSYN2peHxalSinpb8v_ie-07:00:00,SYN_101335,1,07:01:10,07:01:25,0
bSYN2peHxalSinpb8v_ie-07:00:00,SYN_101336,2,07:01:48,07:02:03,0
bSYN2peHxalSinpb8v_ie-07:00:00,SYN_101337,3,07:02:25,07:02:40,0
bSYN2peHxalSinpb8v_ie-07:00:00,SYN_101338,4,07:03:03,07:03:18,0
bSYN2peHxalSinpb8v_ie-07:00:00,SYN_101339,5,07:03:41,07:03:56,0
bSYN2peHxalSinpb8v_ie-07:00:00,SYN_101340,6,07:04:19,07:04:34,0
bSYN2peHxalSinpb8v_ie-07:00:00,SYN_101341,7,07:04:50,07:05:05,0
bSYN2peHxalSinpb8v_ie-07:00:00,SYN_101342,8,07:05:07,07:05:22,0
bSYN2peHxalSinpb8v_ie-07:00:00,SYN_101343,9,07:05:25,07:05:40,0
bSYN2peHxalSinpb8v_ie-07:00:00,SYN_101344,10,07:05:42,07:05:57,0
bSYN2peHxalSinpb8v_ie-07:00:00,SYN_101345,11,07:06:00,07:06:15,0
bSYN2peHxalSinpb8v_ie-07:00:00,SYN_101346,12,07:06:17,07:06:32,0
bSYN2peHxalSinpb8v_ie-07:00:00,SYN_101347,13,07:06:35,07:06:50,0
bSYN2peHxalSinpb8v_ie-07:00:00,SYN_101348,14,07:06:52,07:07:07,0
bSYN2peHxalSinpb8v_ie-07:00:00,SYN_101349,15,07:07:10,07:07:25,0
bSYN2peHxalSinpb8v_ie-07:00:00,SYN_101350,16,07:07:27,07:07:42,0
bSYN2peHxalSinpb8v_ie-07:00:00,SYN_101351,17,07:07:43,07:07:58,0
bSYN2peHxalSinpb8v_ie-07:00:00,SYN_101352,18,07:07:58,07:08:13,0
bSYN2peHxalSinpb8v_ie-07:00:00,SYN_101353,19,07:08:14,07:08:29,0
bSYN2peHxalSinpb8v_ie-07:00:00,SYN_101354,20,07:08:29,07:08:44,0
bSYN2peHxalSinpb8v_ie-07:00:00,SYN_101355,21,07:08:45,07:09:00,0
bSYN2peHxalSinpb8v_ie-07:00:00,SYN_101356,22,07:09:01,07:09:16,0
bSYN2peHxalSinpb8v_ie-07:00:00,SYN_101357,23,07:09:16,07:09:31,0
bSYN2peHxalSinpb8v_ie-07:00:00,SYN_101358,24,07:09:32,07:09:47,0
bSYN2peHxalSinpb8v_ie-07:00:00,SYN_101359,25,07:09:47,07:10:02,0
bSYN2peHxalSinpb8v_ie-07:00:00,SYN_101360,26,07:10:04,07:10:19,0
bSYN2peHxalSinpb8v_ie-07:00:00,SYN_101361,27,07:10:20,07:10:35,0
bSYN2peHxalSinpb8v_ie-07:00:00,SYN_101362,28,07:10:36,07:10:51,0
bSYN2peHxalSinpb8v_ie-07:00:00,SYN_101363,29,07:10:55,07:11:10,0
bSYN2peHxalSinpb8v_ie-07:00:00,SYN_101364,30,07:11:14,07:11:29,0
bSYN2peHxalSinpb8v_ie-07:00:00,SYN_101365,31,07:11:33,07:11:48,0
bSYN2peHxalSinpb8v_ie-07:00:00,SYN_101366,32,07:11:52,07:12:07,0
bSYN2peHxalSinpb8v_ie-07:00:00,SYN_101367,33,07:12:11,07:12:26,0
bSYN2peHxalSinpb8v_ie-07:00:00,SYN_101368,34,07:12:30,07:12:45,0
bSYN2peHxalSinpb8v_ie-07:00:00,SYN_101369,35,07:12:49,07:13:04,0
bSYN2peHxalSinpb8v_ie-07:00:00,SYN_101370,36,07:13:08,07:13:23,0
bSYN2peHxalSinpb8v_ie-07:00:00,SYN_101371,37,07:13:28,07:13:43,0
bSYN2peHxalSinpb8v_ie-07:00:00,SYN_101372,38,07:13:47,07:14:02,0
bSYN2peHxalSinpb8v_ie-07:00:00,SYN_101373,39,07:14:06,07:14:21,0
bSYN2peHxalSinpb8v_ie-07:00:00,SYN_101374,40,07:14:25,07:14:40,0
bSYN2peHxalSinpb8v_ie-07:00:00,SYN_101375,41,07:14:44,07:14:59,0
bSYN2peHxalSinpb8v_ie-07:00:00,SYN_101376,42,07:15:03,07:15:18,0
bSYN2peHxalSinpb8v_ie-07:00:00,SYN_101377,43,07:15:23,07:15:38,0
bSYN2peHxalSinpb8v_ie-07:00:00,SYN_101378,44,07:15:42,07:15:57,0
bSYN2peHxalSinpb8v_ie-07:00:00,SYN_101379,45,07:16:00,07:16:15,0
bSYN2peHxalSinpb8v_ie-07:00:00,SYN_101380,46,07:16:16,07:16:31,0
bSYN2peHxalSinpb8v_ie-07:00:00,SYN_101381,47,07:16:31,07:16:46,0
bSYN2peHxalSinpb8v_ie-07:00:00,SYN_101382,48,07:16:47,07:17:02,0
bSYN2peHxalSinpb8v_ie-07:00:00,SYN_101383,49,07:17:02,07:17:17,0
bSYN2peHxalSinpb8v_ie-07:00:00,SYN_101384,50,07:17:18,07:17:33,0
bSYN2peHxalSinpb8v_ie-07:00:00,SYN_101385,51,07:17:34,07:17:49,0
bSYN2peHxalSinpb8v_ie-07:00:00,SYN_101386,52,07:17:49,07:18:04,0
bSYN2peHxalSinpb8v_ie-07:00:00,SYN_101387,53,07:18:04,07:18:19,0
bSYN2peHxalSinpb8v_ie-07:00:00,SYN_101388,54,07:18:19,07:18:34,0
bSYN2peHxalSinpb8v_ie-07:00:00,SYN_101389,55,07:18:33,07:18:48,0
bSYN2peHxalSinpb8v_ie-07:00:00,SYN_101390,56,07:18:48,07:19:03,0
bSYN2peHxalSinpb8v_ie-07:00:00,SYN_101391,57,07:19:02,07:19:17,0
bSYN2peHxalSinpb8v_ie-07:00:00,SYN_101392,58,07:19:17,07:19:32,0
bSYN2peHxalSinpb8v_ie-07:00:00,SYN_101393,59,07:19:31,07:19:46,0
bSYN2peHxalSinpb8v_ie-07:00:00,SYN_101394,60,07:19:46,07:20:01,0
bSYN2peHxalSinpb8v_ie-07:00:00,SYN_101395,61,07:20:00,07:20:15,0
bSYN2peHxalSinpb8v_ie-07:00:00,SYN_101396,62,07:20:15,07:20:30,0
bSYN2peHxalSinpb8v_ie-07:00:00,SYN_101397,63,07:20:29,07:20:44,0
bSYN2peHxalSinpb8v_ie-07:00:00,SYN_101398,64,07:20:44,07:20:59,0
bSYN2peHxalSinpb8v_ie-07:00:00,SYN_101399,65,07:20:59,07:21:14,0
bSYN2peHxalSinpb8v_ie-07:00:00,SYN_101400,66,07:21:13,07:21:28,0
bSYN2peHxalSinpb8v_ie-07:00:00,SYN_101401,67,07:21:28,07:21:43,0
bSYN2peHxalSinpb8v_ie-07:00:00,SYN_101402,68,07:21:42,07:21:57,0
bSYN2peHxalSinpb8v_ie-07:00:00,SYN_101403,69,07:21:57,07:22:12,0
bSYN2peHxalSinpb8v_ie-07:00:00,SYN_101404,70,07:22:11,07:22:26,0
bSYN2peHxalSinpb8v_ie-07:00:00,SYN_101405,71,07:22:26,07:22:41,0
bSYN2peHxalSinpb8v_ie-07:00:00,SYN_101406,72,07:23:26,07:23:41,0
bSYN2peHxalSinpb8v_ie-07:00:00,SYN_101407,73,07:24:42,07:24:57,0
dWfTv7gA4CztWg-ijXkTe-07:00:00,SYN_101408,0,07:01:17,07:01:32,0
dWfTv7gA4CztWg-ijXkTe-07:00:00,SYN_101409,1,07:02:34,07:02:49,0
dWfTv7gA4CztWg-ijXkTe-07:00:00,SYN_101410,2,07:03:40,07:03:55,0
dWfTv7gA4CztWg-ijXkTe-07:00:00,SYN_101411,3,07:04:44,07:04:59,0
dWfTv7gA4CztWg-ijXkTe-07:00:00,SYN_101412,4,07:05:43,07:05:58,0
dWfTv7gA4CztWg-ijXkTe-07:00:00,SYN_101413,5,07:06:30,07:06:45,0
dWfTv7gA4CztWg-ijXkTe-07:00:00,SYN_101414,6,07:07:16,07:07:31,0
dWfTv7gA4CztWg-ijXkTe-07:00:00,SYN_101415,7,07:08:35,07:08:50,0
dWfTv7gA4CztWg-ijXkTe-07:00:00,SYN_101416,8,07:09:23,07:09:38,0
dWfTv7gA4CztWg-ijXkTe-07:00:00,SYN_101417,9,07:10:01,07:10:16,0
dWfTv7gA4CztWg-ijXkTe-07:00:00,SYN_101418,10,07:10:38,07:10:53,0
dWfTv7gA4CztWg-ijXkTe-07:00:00,SYN_101419,11,07:11:09,07:11:24,0
dWfTv7gA4CztWg-ijXkTe-07:00:00,SYN_101420,12,07:11:41,07:11:56,0
dWfTv7gA4CztWg-ijXkTe-07:00:00,SYN_101421,13,07:12:13,07:12:28,0
dWfTv7gA4CztWg-ijXkTe-07:00:00,SYN_101422,14,07:12:45,07:13:00,0
dWfTv7gA4CztWg-ijXkTe-07:00:00,SYN_101423,15,07:13:16,07:13:31,0
dWfTv7gA4CztWg-ijXkTe-07:00:00,SYN_101424,16,07:13:48,07:14:03,0
dWfTv7gA4CztWg-ijXkTe-07:00:00,SYN_101425,17,07:14:20,07:14:35,0
dWfTv7gA4CztWg-ijXkTe-07:00:00,SYN_101426,18,07:14:51,07:15:06,0
dWfTv7gA4CztWg-ijXkTe-07:00:00,SYN_101427,19,07:15:18,07:15:33,0
dWfTv7gA4CztWg-ijXkTe-07:00:00,SYN_101428,20,07:15:44,07:15:59,0
dWfTv7gA4CztWg-ijXkTe-07:00:00,SYN_101429,21,07:16:09,07:16:24,0
dWfTv7gA4CztWg-ijXkTe-07:00:00,SYN_101430,22,07:16:32,07:16:47,0
dWfTv7gA4CztWg-ijXkTe-07:00:00,SYN_101431,23,07:16:55,07:17:10,0
dWfTv7gA4CztWg-ijXkTe-07:00:00,SYN_101432,24,07:17:17,07:17:32,0
dWfTv7gA4CztWg-ijXkTe-07:00:00,SYN_101433,25,07:17:40,07:17:55,0
dWfTv7gA4CztWg-ijXkTe-07:00:00,SYN_101434,26,07:18:00,07:18:15,0
dWfTv7gA4CztWg-ijXkTe-07:00:00,SYN_101435,27,07:18:18,07:18:33,0
dWfTv7gA4CztWg-ijXkTe-07:00:00,SYN_101436,28,07:18:36,07:18:51,0
dWfTv7gA4CztWg-ijXkTe-07:00:00,SYN_101437,29,07:18:54,07:19:09,0
dWfTv7gA4CztWg-ijXkTe-07:00:00,SYN_101438,30,07:19:12,07:19:27,0
dWfTv7gA4CztWg-ijXkTe-07:00:00,SYN_101439,31,07:19:30,07:19:45,0
dWfTv7gA4CztWg-ijXkTe-07:00:00,SYN_101440,32,07:19:48,07:20:03,0
dWfTv7gA4CztWg-ijXkTe-07:00:00,SYN_101441,33,07:20:06,07:20:21,0
dWfTv7gA4CztWg-ijXkTe-07:00:00,SYN_101442,34,07:20:24,07:20:39,0
dWfTv7gA4CztWg-ijXkTe-07:00:00,SYN_101443,35,07:20:51,07:21:06,0
dWfTv7gA4CztWg-ijXkTe-07:00:00,SYN_101444,36,07:21:27,07:21:42,0
dWfTv7gA4CztWg-ijXkTe-07:00:00,SYN_101445,37,07:22:02,07:22:17,0
dWfTv7gA4CztWg-ijXkTe-07:00:00,SYN_101446,38,07:22:37,07:22:52,0
dWfTv7gA4CztWg-ijXkTe-07:00:00,SYN_101447,39,07:23:12,07:23:27,0
dWfTv7gA4CztWg-ijXkTe-07:00:00,SYN_101448,40,07:23:48,07:24:03,0
dWfTv7gA4CztWg-ijXkTe-07:00:00,SYN_101449,41,07:24:23,07:24:38,0
dWfTv7gA4CztWg-ijXkTe-07:00:00,SYN_101450,42,07:24:58,07:25:13,0
dWfTv7gA4CztWg-ijXkTe-07:00:00,SYN_101451,43,07:25:33,07:25:48,0
dWfTv7gA4CztWg-ijXkTe-07:00:00,SYN_101452,44,07:26:00,07:26:15,0
dWfTv7gA4CztWg-ijXkTe-07:00:00,SYN_101453,45,07:26:17,07:26:32,0
dWfTv7gA4CztWg-ijXkTe-07:00:00,SYN_101454,46,07:26:34,07:26:49,0
dWfTv7gA4CztWg-ijXkTe-07:00:00,SYN_101455,47,07:26:50,07:27:05,0
dWfTv7gA4CztWg-ijXkTe-07:00:00,SYN_101456,48,07:27:07,07:27:22,0
dWfTv7gA4CztWg-ijXkTe-07:00:00,SYN_101457,49,07:27:24,07:27:39,0
dWfTv7gA4CztWg-ijXkTe-07:00:00,SYN_101458,50,07:27:41,07:27:56,0
dWfTv7gA4CztWg-ijXkTe-07:00:00,SYN_101459,51,07:27:57,07:28:12,0
dWfTv7gA4CztWg-ijXkTe-07:00:00,SYN_101460,52,07:28:14,07:28:29,0
dWfTv7gA4CztWg-ijXkTe-07:00:00,SYN_101461,53,07:28:31,07:28:46,0
dWfTv7gA4CztWg-ijXkTe-07:00:00,SYN_101462,54,07:28:48,07:29:03,0
dWfTv7gA4CztWg-ijXkTe-07:00:00,SYN_101463,55,07:29:21,07:29:36,0
dWfTv7gA4CztWg-ijXkTe-07:00:00,SYN_101464,56,07:29:59,07:30:14,0
dWfTv7gA4CztWg-ijXkTe-07:00:00,SYN_101465,57,07:30:37,07:30:52,0
dWfTv7gA4CztWg-ijXkTe-07:00:00,SYN_101466,58,07:31:16,07:31:31,0
dWfTv7gA4CztWg-ijXkTe-07:00:00,SYN_101467,59,07:31:54,07:32:09,0
dWfTv7gA4CztWg-ijXkTe-07:00:00,SYN_101468,60,07:32:32,07:32:47,0
dWfTv7gA4CztWg-ijXkTe-07:00:00,SYN_101469,61,07:33:11,07:33:26,0
dWfTv7gA4CztWg-ijXkTe-07:00:00,SYN_101470,62,07:33:49,07:34:04,0
dWfTv7gA4CztWg-ijXkTe-07:00:00,SYN_101471,63,07:34:27,07:34:42,0
dWfTv7gA4CztWg-ijXkTe-07:00:00,SYN_101472,64,07:35:00,07:35:15,0
dWfTv7gA4CztWg-ijXkTe-07:00:00,SYN_101473,65,07:35:28,07:35:43,0
dWfTv7gA4CztWg-ijXkTe-07:00:00,SYN_101474,66,07:35:57,07:36:12,0
dWfTv7gA4CztWg-ijXkTe-07:00:00,SYN_101475,67,07:36:25,07:36:40,0
dWfTv7gA4CztWg-ijXkTe-07:00:00,SYN_101476,68,07:36:54,07:37:09,0
dWfTv7gA4CztWg-ijXkTe-07:00:00,SYN_101477,69,07:37:23,07:37:38,0
dWfTv7gA4CztWg-ijXkTe-07:00:00,SYN_101478,70,07:37:51,07:38:06,0
dWfTv7gA4CztWg-ijXkTe-07:00:00,SYN_101479,71,07:38:20,07:38:35,0
dWfTv7gA4CztWg-ijXkTe-07:00:00,SYN_101480,72,07:38:48,07:39:03,0
dWfTv7gA4CztWg-ijXkTe-07:00:00,SYN_101481,73,07:39:17,07:39:32,0
dWfTv7gA4CztWg-ijXkTe-07:00:00,SYN_101482,74,07:39:46,07:40:01,0
dWfTv7gA4CztWg-ijXkTe-07:00:00,SYN_101483,75,07:40:35,07:40:50,0
dWfTv7gA4CztWg-ijXkTe-07:00:00,SYN_101484,76,07:41:44,07:41:59,0
dWfTv7gA4CztWg-ijXkTe-07:00:00,SYN_101485,77,07:42:11,07:42:26,0
dWfTv7gA4CztWg-ijXkTe-07:00:00,SYN_101486,78,07:42:39,07:42:54,0
dWfTv7gA4CztWg-ijXkTe-07:00:00,SYN_101487,79,07:43:06,07:43:21,0
dWfTv7gA4CztWg-ijXkTe-07:00:00,SYN_101488,80,07:43:30,07:43:45,0
dWfTv7gA4CztWg-ijXkTe-07:00:00,SYN_101489,81,07:43:53,07:44:08,0
dWfTv7gA4CztWg-ijXkTe-07:00:00,SYN_101490,82,07:44:16,07:44:31,0
dWfTv7gA4CztWg-ijXkTe-07:00:00,SYN_101491,83,07:44:39,07:44:54,0
dWfTv7gA4CztWg-ijXkTe-07:00:00,SYN_101492,84,07:45:02,07:45:17,0
Ass95AtKKd_cJzSpFbbks-07:00:00,SYN_101497,0,07:00:52,07:01:07,0
Ass95AtKKd_cJzSpFbbks-07:00:00,SYN_101498,1,07:01:53,07:02:08,0
Ass95AtKKd_cJzSpFbbks-07:00:00,SYN_101499,2,07:02:53,07:03:08,0
Ass95AtKKd_cJzSpFbbks-07:00:00,SYN_101500,3,07:03:54,07:04:09,0
r6ovFR4tIxNGXdkL4UeVE-07:00:00,SYN_101516,0,07:00:12,07:00:27,0
r6ovFR4tIxNGXdkL4UeVE-07:00:00,SYN_101517,1,07:01:06,07:01:21,0
r6ovFR4tIxNGXdkL4UeVE-07:00:00,SYN_101518,2,07:02:01,07:02:16,0
r6ovFR4tIxNGXdkL4UeVE-07:00:00,SYN_101519,3,07:02:56,07:03:11,0
r6ovFR4tIxNGXdkL4UeVE-07:00:00,SYN_101520,4,07:03:50,07:04:05,0
r6ovFR4tIxNGXdkL4UeVE-07:00:00,SYN_101521,5,07:04:45,07:05:00,0
r6ovFR4tIxNGXdkL4UeVE-07:00:00,SYN_101522,6,07:05:40,07:05:55,0
r6ovFR4tIxNGXdkL4UeVE-07:00:00,SYN_101523,7,07:06:34,07:06:49,0
r6ovFR4tIxNGXdkL4UeVE-07:00:00,SYN_101524,8,07:07:29,07:07:44,0
r6ovFR4tIxNGXdkL4UeVE-07:00:00,SYN_101525,9,07:08:09,07:08:24,0
r6ovFR4tIxNGXdkL4UeVE-07:00:00,SYN_101526,10,07:08:36,07:08:51,0
r6ovFR4tIxNGXdkL4UeVE-07:00:00,SYN_101527,11,07:09:03,07:09:18,0
r6ovFR4tIxNGXdkL4UeVE-07:00:00,SYN_101528,12,07:09:25,07:09:40,0
r6ovFR4tIxNGXdkL4UeVE-07:00:00,SYN_101529,13,07:09:47,07:10:02,0
r6ovFR4tIxNGXdkL4UeVE-07:00:00,SYN_101530,14,07:10:09,07:10:24,0
r6ovFR4tIxNGXdkL4UeVE-07:00:00,SYN_101531,15,07:10:31,07:10:46,0
r6ovFR4tIxNGXdkL4UeVE-07:00:00,SYN_101532,16,07:10:53,07:11:08,0
r6ovFR4tIxNGXdkL4UeVE-07:00:00,SYN_101533,17,07:11:11,07:11:26,0
r6ovFR4tIxNGXdkL4UeVE-07:00:00,SYN_101534,18,07:11:29,07:11:44,0
r6ovFR4tIxNGXdkL4UeVE-07:00:00,SYN_101535,19,07:11:46,07:12:01,0
r6ovFR4tIxNGXdkL4UeVE-07:00:00,SYN_101536,20,07:12:04,07:12:19,0
r6ovFR4tIxNGXdkL4UeVE-07:00:00,SYN_101537,21,07:12:21,07:12:36,0
r6ovFR4tIxNGXdkL4UeVE-07:00:00,SYN_101538,22,07:12:39,07:12:54,0
r6ovFR4tIxNGXdkL4UeVE-07:00:00,SYN_101539,23,07:12:56,07:13:11,0
r6ovFR4tIxNGXdkL4UeVE-07:00:00,SYN_101540,24,07:13:14,07:13:29,0
r6ovFR4tIxNGXdkL4UeVE-07:00:00,SYN_101541,25,07:13:31,07:13:46,0
r6ovFR4tIxNGXdkL4UeVE-07:00:00,SYN_101542,26,07:13:53,07:14:08,0
r6ovFR4tIxNGXdkL4UeVE-07:00:00,SYN_101543,27,07:14:20,07:14:35,0
r6ovFR4tIxNGXdkL4UeVE-07:00:00,SYN_101544,28,07:14:48,07:15:03,0
r6ovFR4tIxNGXdkL4UeVE-07:00:00,SYN_101545,29,07:15:15,07:15:30,0
r6ovFR4tIxNGXdkL4UeVE-07:00:00,SYN_101546,30,07:15:43,07:15:58,0
r6ovFR4tIxNGXdkL4UeVE-07:00:00,SYN_101547,31,07:16:10,07:16:25,0
r6ovFR4tIxNGXdkL4UeVE-07:00:00,SYN_101548,32,07:16:38,07:16:53,0
r6ovFR4tIxNGXdkL4UeVE-07:00:00,SYN_101549,33,07:17:05,07:17:20,0
r6ovFR4tIxNGXdkL4UeVE-07:00:00,SYN_101550,34,07:17:33,07:17:48,0
r6ovFR4tIxNGXdkL4UeVE-07:00:00,SYN_101551,35,07:18:00,07:18:15,0
r6ovFR4tIxNGXdkL4UeVE-07:00:00,SYN_101552,36,07:18:28,07:18:43,0
r6ovFR4tIxNGXdkL4UeVE-07:00:00,SYN_101553,37,07:18:55,07:19:10,0
r6ovFR4tIxNGXdkL4UeVE-07:00:00,SYN_101554,38,07:19:23,07:19:38,0
r6ovFR4tIxNGXdkL4UeVE-07:00:00,SYN_101555,39,07:19:50,07:20:05,0
r6ovFR4tIxNGXdkL4UeVE-07:00:00,SYN_101556,40,07:20:17,07:20:32,0
r6ovFR4tIxNGXdkL4UeVE-07:00:00,SYN_101557,41,07:20:45,07:21:00,0
r6ovFR4tIxNGXdkL4UeVE-07:00:00,SYN_101558,42,07:21:12,07:21:27,0
r6ovFR4tIxNGXdkL4UeVE-07:00:00,SYN_101559,43,07:21:40,07:21:55,0
r6ovFR4tIxNGXdkL4UeVE-07:00:00,SYN_101560,44,07:22:07,07:22:22,0
r6ovFR4tIxNGXdkL4UeVE-07:00:00,SYN_101561,45,07:22:35,07:22:50,0
r6ovFR4tIxNGXdkL4UeVE-07:00:00,SYN_101562,46,07:23:02,07:23:17,0
r6ovFR4tIxNGXdkL4UeVE-07:00:00,SYN_101563,47,07:23:30,07:23:45,0
r6ovFR4tIxNGXdkL4UeVE-07:00:00,SYN_101564,48,07:23:57,07:24:12,0
r6ovFR4tIxNGXdkL4UeVE-07:00:00,SYN_101565,49,07:24:25,07:24:40,0
r6ovFR4tIxNGXdkL4UeVE-07:00:00,SYN_101566,50,07:24:52,07:25:07,0
r6ovFR4tIxNGXdkL4UeVE-07:00:00,SYN_101567,51,07:25:20,07:25:35,0
r6ovFR4tIxNGXdkL4UeVE-07:00:00,SYN_101568,52,07:25:47,07:26:02,0
r6ovFR4tIxNGXdkL4UeVE-07:00:00,SYN_101569,53,07:26:15,07:26:30,0
r6ovFR4tIxNGXdkL4UeVE-07:00:00,SYN_101570,54,07:26:42,07:26:57,0
r6ovFR4tIxNGXdkL4UeVE-07:00:00,SYN_101571,55,07:27:10,07:27:25,0
r6ovFR4tIxNGXdkL4UeVE-07:00:00,SYN_101572,56,07:27:37,07:27:52,0
r6ovFR4tIxNGXdkL4UeVE-07:00:00,SYN_101573,57,07:28:05,07:28:20,0
r6ovFR4tIxNGXdkL4UeVE-07:00:00,SYN_101574,58,07:28:32,07:28:47,0
KmoDyTTsPPrzF7JK4J700-07:00:00,SYN_101578,0,07:00:18,07:00:33,0
KmoDyTTsPPrzF7JK4J700-07:00:00,SYN_101579,1,07:01:12,07:01:27,0
KmoDyTTsPPrzF7JK4J700-07:00:00,SYN_101580,2,07:02:05,07:02:20,0
KmoDyTTsPPrzF7JK4J700-07:00:00,SYN_101581,3,07:02:59,07:03:14,0
KmoDyTTsPPrzF7JK4J700-07:00:00,SYN_101582,4,07:03:53,07:04:08,0
KmoDyTTsPPrzF7JK4J700-07:00:00,SYN_101583,5,07:04:47,07:05:02,0
KmoDyTTsPPrzF7JK4J700-07:00:00,SYN_101584,6,07:05:41,07:05:56,0
KmoDyTTsPPrzF7JK4J700-07:00:00,SYN_101585,7,07:06:35,07:06:50,0
KmoDyTTsPPrzF7JK4J700-07:00:00,SYN_101586,8,07:07:28,07:07:43,0
KmoDyTTsPPrzF7JK4J700-07:00:00,SYN_101587,9,07:08:08,07:08:23,0
KmoDyTTsPPrzF7JK4J700-07:00:00,SYN_101588,10,07:08:35,07:08:50,0
KmoDyTTsPPrzF7JK4J700-07:00:00,SYN_101589,11,07:09:02,07:09:17,0
KmoDyTTsPPrzF7JK4J700-07:00:00,SYN_101590,12,07:09:25,07:09:40,0
KmoDyTTsPPrzF7JK4J700-07:00:00,SYN_101591,13,07:09:47,07:10:02,0
KmoDyTTsPPrzF7JK4J700-07:00:00,SYN_101592,14,07:10:09,07:10:24,0
KmoDyTTsPPrzF7JK4J700-07:00:00,SYN_101593,15,07:10:31,07:10:46,0
KmoDyTTsPPrzF7JK4J700-07:00:00,SYN_101594,16,07:10:52,07:11:07,0
KmoDyTTsPPrzF7JK4J700-07:00:00,SYN_101595,17,07:11:11,07:11:26,0
KmoDyTTsPPrzF7JK4J700-07:00:00,SYN_101596,18,07:11:28,07:11:43,0
KmoDyTTsPPrzF7JK4J700-07:00:00,SYN_101597,19,07:11:46,07:12:01,0
KmoDyTTsPPrzF7JK4J700-07:00:00,SYN_101598,20,07:12:03,07:12:18,0
KmoDyTTsPPrzF7JK4J700-07:00:00,SYN_101599,21,07:12:21,07:12:36,0
KmoDyTTsPPrzF7JK4J700-07:00:00,SYN_101600,22,07:12:38,07:12:53,0
KmoDyTTsPPrzF7JK4J700-07:00:00,SYN_101601,23,07:12:56,07:13:11,0
KmoDyTTsPPrzF7JK4J700-07:00:00,SYN_101602,24,07:13:13,07:13:28,0
KmoDyTTsPPrzF7JK4J700-07:00:00,SYN_101603,25,07:13:31,07:13:46,0
KmoDyTTsPPrzF7JK4J700-07:00:00,SYN_101604,26,07:13:48,07:14:03,0
KmoDyTTsPPrzF7JK4J700-07:00:00,SYN_101605,27,07:14:03,07:14:18,0
KmoDyTTsPPrzF7JK4J700-07:00:00,SYN_101606,28,07:14:19,07:14:34,0
KmoDyTTsPPrzF7JK4J700-07:00:00,SYN_101607,29,07:14:34,07:14:49,0
KmoDyTTsPPrzF7JK4J700-07:00:00,SYN_101608,30,07:14:50,07:15:05,0
KmoDyTTsPPrzF7JK4J700-07:00:00,SYN_101609,31,07:15:06,07:15:21,0
KmoDyTTsPPrzF7JK4J700-07:00:00,SYN_101610,32,07:15:21,07:15:36,0
KmoDyTTsPPrzF7JK4J700-07:00:00,SYN_101611,33,07:15:37,07:15:52,0
KmoDyTTsPPrzF7JK4J700-07:00:00,SYN_101612,34,07:15:52,07:16:07,0
KmoDyTTsPPrzF7JK4J700-07:00:00,SYN_101613,35,07:16:08,07:16:23,0
KmoDyTTsPPrzF7JK4J700-07:00:00,SYN_101614,36,07:16:24,07:16:39,0
KmoDyTTsPPrzF7JK4J700-07:00:00,SYN_101615,37,07:16:40,07:16:55,0
KmoDyTTsPPrzF7JK4J700-07:00:00,SYN_101616,38,07:16:58,07:17:13,0
KmoDyTTsPPrzF7JK4J700-07:00:00,SYN_101617,39,07:17:17,07:17:32,0
KmoDyTTsPPrzF7JK4J700-07:00:00,SYN_101618,40,07:17:36,07:17:51,0
KmoDyTTsPPrzF7JK4J700-07:00:00,SYN_101619,41,07:17:55,07:18:10,0
KmoDyTTsPPrzF7JK4J700-07:00:00,SYN_101620,42,07:18:14,07:18:29,0
KmoDyTTsPPrzF7JK4J700-07:00:00,SYN_101621,43,07:18:33,07:18:48,0
KmoDyTTsPPrzF7JK4J700-07:00:00,SYN_101622,44,07:18:52,07:19:07,0
KmoDyTTsPPrzF7JK4J700-07:00:00,SYN_101623,45,07:19:11,07:19:26,0
KmoDyTTsPPrzF7JK4J700-07:00:00,SYN_101624,46,07:19:30,07:19:45,0
KmoDyTTsPPrzF7JK4J700-07:00:00,SYN_101625,47,07:19:50,07:20:05,0
KmoDyTTsPPrzF7JK4J700-07:00:00,SYN_101626,48,07:20:09,07:20:24,0
KmoDyTTsPPrzF7JK4J700-07:00:00,SYN_101627,49,07:20:28,07:20:43,0
KmoDyTTsPPrzF7JK4J700-07:00:00,SYN_101628,50,07:20:47,07:21:02,0
KmoDyTTsPPrzF7JK4J700-07:00:00,SYN_101629,51,07:21:06,07:21:21,0
KmoDyTTsPPrzF7JK4J700-07:00:00,SYN_101630,52,07:21:25,07:21:40,0
KmoDyTTsPPrzF7JK4J700-07:00:00,SYN_101631,53,07:21:45,07:22:00,0
KmoDyTTsPPrzF7JK4J700-07:00:00,SYN_101632,54,07:22:04,07:22:19,0
KmoDyTTsPPrzF7JK4J700-07:00:00,SYN_101633,55,07:22:20,07:22:35,0
KmoDyTTsPPrzF7JK4J700-07:00:00,SYN_101634,56,07:22:36,07:22:51,0
KmoDyTTsPPrzF7JK4J700-07:00:00,SYN_101635,57,07:22:52,07:23:07,0
KmoDyTTsPPrzF7JK4J700-07:00:00,SYN_101636,58,07:23:07,07:23:22,0
KmoDyTTsPPrzF7JK4J700-07:00:00,SYN_101637,59,07:23:23,07:23:38,0
KmoDyTTsPPrzF7JK4J700-07:00:00,SYN_101638,60,07:23:39,07:23:54,0
KmoDyTTsPPrzF7JK4J700-07:00:00,SYN_101639,61,07:23:54,07:24:09,0
KmoDyTTsPPrzF7JK4J700-07:00:00,SYN_101640,62,07:24:10,07:24:25,0
KmoDyTTsPPrzF7JK4J700-07:00:00,SYN_101641,63,07:24:24,07:24:39,0
KmoDyTTsPPrzF7JK4J700-07:00:00,SYN_101642,64,07:24:39,07:24:54,0
KmoDyTTsPPrzF7JK4J700-07:00:00,SYN_101643,65,07:24:53,07:25:08,0
KmoDyTTsPPrzF7JK4J700-07:00:00,SYN_101644,66,07:25:08,07:25:23,0
KmoDyTTsPPrzF7JK4J700-07:00:00,SYN_101645,67,07:25:22,07:25:37,0
KmoDyTTsPPrzF7JK4J700-07:00:00,SYN_101646,68,07:25:37,07:25:52,0
KmoDyTTsPPrzF7JK4J700-07:00:00,SYN_101647,69,07:25:51,07:26:06,0
KmoDyTTsPPrzF7JK4J700-07:00:00,SYN_101648,70,07:26:06,07:26:21,0
KmoDyTTsPPrzF7JK4J700-07:00:00,SYN_101649,71,07:26:20,07:26:35,0
KmoDyTTsPPrzF7JK4J700-07:00:00,SYN_101650,72,07:26:35,07:26:50,0
KmoDyTTsPPrzF7JK4J700-07:00:00,SYN_101651,73,07:26:50,07:27:05,0
KmoDyTTsPPrzF7JK4J700-07:00:00,SYN_101652,74,07:27:04,07:27:19,0
KmoDyTTsPPrzF7JK4J700-07:00:00,SYN_101653,75,07:27:19,07:27:34,0
KmoDyTTsPPrzF7JK4J700-07:00:00,SYN_101654,76,07:27:33,07:27:48,0
KmoDyTTsPPrzF7JK4J700-07:00:00,SYN_101655,77,07:27:48,07:28:03,0
KmoDyTTsPPrzF7JK4J700-07:00:00,SYN_101656,78,07:28:02,07:28:17,0
KmoDyTTsPPrzF7JK4J700-07:00:00,SYN_101657,79,07:28:17,07:28:32,0
KmoDyTTsPPrzF7JK4J700-07:00:00,SYN_101658,80,07:28:31,07:28:46,0
KmoDyTTsPPrzF7JK4J700-07:00:00,SYN_101659,81,07:29:01,07:29:16,0
KmoDyTTsPPrzF7JK4J700-07:00:00,SYN_101660,82,07:30:21,07:30:36,0
KmoDyTTsPPrzF7JK4J700-07:00:00,SYN_101661,83,07:31:33,07:31:48,0
xDj2dqi2X96UqHuyUcyqS-07:00:00,SYN_101665,0,07:00:08,07:00:23,0
xDj2dqi2X96UqHuyUcyqS-07:00:00,SYN_101666,1,07:01:14,07:01:29,0
xDj2dqi2X96UqHuyUcyqS-07:00:00,SYN_101667,2,07:02:19,07:02:34,0
xDj2dqi2X96UqHuyUcyqS-07:00:00,SYN_101668,3,07:03:25,07:03:40,0
xDj2dqi2X96UqHuyUcyqS-07:00:00,SYN_101669,4,07:04:30,07:04:45,0
xDj2dqi2X96UqHuyUcyqS-07:00:00,SYN_101670,5,07:05:36,07:05:51,0
xDj2dqi2X96UqHuyUcyqS-07:00:00,SYN_101671,6,07:06:41,07:06:56,0
xDj2dqi2X96UqHuyUcyqS-07:00:00,SYN_101672,7,07:07:47,07:08:02,0
xDj2dqi2X96UqHuyUcyqS-07:00:00,SYN_101673,8,07:08:50,07:09:05,0
xDj2dqi2X96UqHuyUcyqS-07:00:00,SYN_101674,9,07:09:53,07:10:08,0
xDj2dqi2X96UqHuyUcyqS-07:00:00,SYN_101675,10,07:10:54,07:11:09,0
xDj2dqi2X96UqHuyUcyqS-07:00:00,SYN_101676,11,07:11:53,07:12:08,0
xDj2dqi2X96UqHuyUcyqS-07:00:00,SYN_101677,12,07:12:44,07:12:59,0
xDj2dqi2X96UqHuyUcyqS-07:00:00,SYN_101678,13,07:13:05,07:13:20,0
xDj2dqi2X96UqHuyUcyqS-07:00:00,SYN_101679,14,07:13:26,07:13:41,0
xDj2dqi2X96UqHuyUcyqS-07:00:00,SYN_101680,15,07:13:47,07:14:02,0
xDj2dqi2X96UqHuyUcyqS-07:00:00,SYN_101681,16,07:14:35,07:14:50,0
xDj2dqi2X96UqHuyUcyqS-07:00:00,SYN_101682,17,07:15:32,07:15:47,0
xDj2dqi2X96UqHuyUcyqS-07:00:00,SYN_101683,18,07:16:27,07:16:42,0
xDj2dqi2X96UqHuyUcyqS-07:00:00,SYN_101684,19,07:17:22,07:17:37,0
xDj2dqi2X96UqHuyUcyqS-07:00:00,SYN_101685,20,07:18:06,07:18:21,0
xDj2dqi2X96UqHuyUcyqS-07:00:00,SYN_101686,21,07:18:50,07:19:05,0
xDj2dqi2X96UqHuyUcyqS-07:00:00,SYN_101687,22,07:19:35,07:19:50,0
xDj2dqi2X96UqHuyUcyqS-07:00:00,SYN_101688,23,07:20:19,07:20:34,0
xDj2dqi2X96UqHuyUcyqS-07:00:00,SYN_101689,24,07:21:03,07:21:18,0
xDj2dqi2X96UqHuyUcyqS-07:00:00,SYN_101690,25,07:21:45,07:22:00,0
xDj2dqi2X96UqHuyUcyqS-07:00:00,SYN_101691,26,07:22:23,07:22:38,0
xDj2dqi2X96UqHuyUcyqS-07:00:00,SYN_101692,27,07:23:01,07:23:16,0
xDj2dqi2X96UqHuyUcyqS-07:00:00,SYN_101693,28,07:23:38,07:23:53,0
xDj2dqi2X96UqHuyUcyqS-07:00:00,SYN_101694,29,07:24:16,07:24:31,0
xDj2dqi2X96UqHuyUcyqS-07:00:00,SYN_101695,30,07:24:54,07:25:09,0
xDj2dqi2X96UqHuyUcyqS-07:00:00,SYN_101696,31,07:25:53,07:26:08,0
xDj2dqi2X96UqHuyUcyqS-07:00:00,SYN_101697,32,07:26:53,07:27:08,0
xDj2dqi2X96UqHuyUcyqS-07:00:00,SYN_101698,33,07:27:54,07:28:09,0
xDj2dqi2X96UqHuyUcyqS-07:00:00,SYN_101699,34,07:28:55,07:29:10,0
xDj2dqi2X96UqHuyUcyqS-07:00:00,SYN_101700,35,07:29:32,07:29:47,0
xDj2dqi2X96UqHuyUcyqS-07:00:00,SYN_101701,36,07:29:52,07:30:07,0
xDj2dqi2X96UqHuyUcyqS-07:00:00,SYN_101702,37,07:30:11,07:30:26,0
xDj2dqi2X96UqHuyUcyqS-07:00:00,SYN_101703,38,07:30:30,07:30:45,0
xDj2dqi2X96UqHuyUcyqS-07:00:00,SYN_101704,39,07:30:50,07:31:05,0
xDj2dqi2X96UqHuyUcyqS-07:00:00,SYN_101705,40,07:31:09,07:31:24,0
TufBf34AgKUOdqfLpoq9_-07:00:00,SYN_101711,0,07:01:02,07:01:17,0
TufBf34AgKUOdqfLpoq9_-07:00:00,SYN_101712,1,07:01:21,07:01:36,0
TufBf34AgKUOdqfLpoq9_-07:00:00,SYN_101713,2,07:01:39,07:01:54,0
TufBf34AgKUOdqfLpoq9_-07:00:00,SYN_101714,3,07:01:57,07:02:12,0
TufBf34AgKUOdqfLpoq9_-07:00:00,SYN_101715,4,07:02:16,07:02:31,0
TufBf34AgKUOdqfLpoq9_-07:00:00,SYN_101716,5,07:02:34,07:02:49,0
TufBf34AgKUOdqfLpoq9_-07:00:00,SYN_101717,6,07:02:53,07:03:08,0
TufBf34AgKUOdqfLpoq9_-07:00:00,SYN_101718,7,07:03:11,07:03:26,0
TufBf34AgKUOdqfLpoq9_-07:00:00,SYN_101719,8,07:03:30,07:03:45,0
TufBf34AgKUOdqfLpoq9_-07:00:00,SYN_101720,9,07:03:50,07:04:05,0
TufBf34AgKUOdqfLpoq9_-07:00:00,SYN_101721,10,07:04:13,07:04:28,0
TufBf34AgKUOdqfLpoq9_-07:00:00,SYN_101722,11,07:04:35,07:04:50,0
TufBf34AgKUOdqfLpoq9_-07:00:00,SYN_101723,12,07:04:57,07:05:12,0
TufBf34AgKUOdqfLpoq9_-07:00:00,SYN_101724,13,07:05:19,07:05:34,0
TufBf34AgKUOdqfLpoq9_-07:00:00,SYN_101725,14,07:05:42,07:05:57,0
TufBf34AgKUOdqfLpoq9_-07:00:00,SYN_101726,15,07:06:04,07:06:19,0
TufBf34AgKUOdqfLpoq9_-07:00:00,SYN_101727,16,07:06:43,07:06:58,0
TufBf34AgKUOdqfLpoq9_-07:00:00,SYN_101728,17,07:07:24,07:07:39,0
TufBf34AgKUOdqfLpoq9_-07:00:00,SYN_101729,18,07:08:06,07:08:21,0
TufBf34AgKUOdqfLpoq9_-07:00:00,SYN_101730,19,07:08:47,07:09:02,0
TufBf34AgKUOdqfLpoq9_-07:00:00,SYN_101731,20,07:09:29,07:09:44,0
TufBf34AgKUOdqfLpoq9_-07:00:00,SYN_101732,21,07:10:10,07:10:25,0
TufBf34AgKUOdqfLpoq9_-07:00:00,SYN_101733,22,07:10:52,07:11:07,0
TufBf34AgKUOdqfLpoq9_-07:00:00,SYN_101734,23,07:11:33,07:11:48,0
TufBf34AgKUOdqfLpoq9_-07:00:00,SYN_101735,24,07:12:09,07:12:24,0
TufBf34AgKUOdqfLpoq9_-07:00:00,SYN_101736,25,07:12:38,07:12:53,0
TufBf34AgKUOdqfLpoq9_-07:00:00,SYN_101737,26,07:13:06,07:13:21,0
TufBf34AgKUOdqfLpoq9_-07:00:00,SYN_101738,27,07:13:35,07:13:50,0
TufBf34AgKUOdqfLpoq9_-07:00:00,SYN_101739,28,07:14:04,07:14:19,0
TufBf34AgKUOdqfLpoq9_-07:00:00,SYN_101740,29,07:14:32,07:14:47,0
TufBf34AgKUOdqfLpoq9_-07:00:00,SYN_101741,30,07:15:01,07:15:16,0
TufBf34AgKUOdqfLpoq9_-07:00:00,SYN_101742,31,07:15:29,07:15:44,0
TufBf34AgKUOdqfLpoq9_-07:00:00,SYN_101743,32,07:15:58,07:16:13,0
TufBf34AgKUOdqfLpoq9_-07:00:00,SYN_101744,33,07:16:26,07:16:41,0
TufBf34AgKUOdqfLpoq9_-07:00:00,SYN_101745,34,07:16:55,07:17:10,0
TufBf34AgKUOdqfLpoq9_-07:00:00,SYN_101746,35,07:17:40,07:17:55,0
TufBf34AgKUOdqfLpoq9_-07:00:00,SYN_101747,36,07:19:00,07:19:15,0
TufBf34AgKUOdqfLpoq9_-07:00:00,SYN_101748,37,07:20:11,07:20:26,0
CHPoO06l96ZxXNoM4s7El-07:00:00,SYN_101749,0,07:00:14,07:00:29,0
CHPoO06l96ZxXNoM4s7El-07:00:00,SYN_101750,1,07:00:37,07:00:52,0
CHPoO06l96ZxXNoM4s7El-07:00:00,SYN_101751,2,07:01:00,07:01:15,0
CHPoO06l96ZxXNoM4s7El-07:00:00,SYN_101752,3,07:01:23,07:01:38,0
CHPoO06l96ZxXNoM4s7El-07:00:00,SYN_101753,4,07:01:46,07:02:01,0
CHPoO06l96ZxXNoM4s7El-07:00:00,SYN_101754,5,07:02:08,07:02:23,0
CHPoO06l96ZxXNoM4s7El-07:00:00,SYN_101755,6,07:02:31,07:02:46,0
CHPoO06l96ZxXNoM4s7El-07:00:00,SYN_101756,7,07:02:54,07:03:09,0
CHPoO06l96ZxXNoM4s7El-07:00:00,SYN_101757,8,07:03:17,07:03:32,0
CHPoO06l96ZxXNoM4s7El-07:00:00,SYN_101758,9,07:03:58,07:04:13,0
CHPoO06l96ZxXNoM4s7El-07:00:00,SYN_101759,10,07:04:59,07:05:14,0
CHPoO06l96ZxXNoM4s7El-07:00:00,SYN_101760,11,07:05:59,07:06:14,0
CHPoO06l96ZxXNoM4s7El-07:00:00,SYN_101761,12,07:07:00,07:07:15,0
CHPoO06l96ZxXNoM4s7El-07:00:00,SYN_101762,13,07:07:56,07:08:11,0
CHPoO06l96ZxXNoM4s7El-07:00:00,SYN_101763,14,07:08:15,07:08:30,0
CHPoO06l96ZxXNoM4s7El-07:00:00,SYN_101764,15,07:08:34,07:08:49,0
CHPoO06l96ZxXNoM4s7El-07:00:00,SYN_101765,16,07:08:53,07:09:08,0
CHPoO06l96ZxXNoM4s7El-07:00:00,SYN_101766,17,07:09:13,07:09:28,0
CHPoO06l96ZxXNoM4s7El-07:00:00,SYN_101767,18,07:09:32,07:09:47,0
uOo5ud2_KAT6G_nCjg9oe-07:00:00,SYN_101770,0,07:00:23,07:00:38,0
uOo5ud2_KAT6G_nCjg9oe-07:00:00,SYN_101771,1,07:00:50,07:01:05,0
uOo5ud2_KAT6G_nCjg9oe-07:00:00,SYN_101772,2,07:01:18,07:01:33,0
uOo5ud2_KAT6G_nCjg9oe-07:00:00,SYN_101773,3,07:01:45,07:02:00,0
uOo5ud2_KAT6G_nCjg9oe-07:00:00,SYN_101774,4,07:02:12,07:02:27,0
uOo5ud2_KAT6G_nCjg9oe-07:00:00,SYN_101775,5,07:02:39,07:02:54,0
uOo5ud2_KAT6G_nCjg9oe-07:00:00,SYN_101776,6,07:03:06,07:03:21,0
uOo5ud2_KAT6G_nCjg9oe-07:00:00,SYN_101777,7,07:03:26,07:03:41,0
uOo5ud2_KAT6G_nCjg9oe-07:00:00,SYN_101778,8,07:03:42,07:03:57,0
uOo5ud2_KAT6G_nCjg9oe-07:00:00,SYN_101779,9,07:03:59,07:04:14,0
uOo5ud2_KAT6G_nCjg9oe-07:00:00,SYN_101780,10,07:04:15,07:04:30,0
uOo5ud2_KAT6G_nCjg9oe-07:00:00,SYN_101781,11,07:04:31,07:04:46,0
uOo5ud2_KAT6G_nCjg9oe-07:00:00,SYN_101782,12,07:04:48,07:05:03,0
uOo5ud2_KAT6G_nCjg9oe-07:00:00,SYN_101783,13,07:05:04,07:05:19,0
uOo5ud2_KAT6G_nCjg9oe-07:00:00,SYN_101784,14,07:05:21,07:05:36,0
uOo5ud2_KAT6G_nCjg9oe-07:00:00,SYN_101785,15,07:05:37,07:05:52,0
uOo5ud2_KAT6G_nCjg9oe-07:00:00,SYN_101786,16,07:05:54,07:06:09,0
uOo5ud2_KAT6G_nCjg9oe-07:00:00,SYN_101787,17,07:06:10,07:06:25,0
uOo5ud2_KAT6G_nCjg9oe-07:00:00,SYN_101788,18,07:06:26,07:06:41,0
uOo5ud2_KAT6G_nCjg9oe-07:00:00,SYN_101789,19,07:06:43,07:06:58,0
uOo5ud2_KAT6G_nCjg9oe-07:00:00,SYN_101790,20,07:06:59,07:07:14,0
uOo5ud2_KAT6G_nCjg9oe-07:00:00,SYN_101791,21,07:07:16,07:07:31,0
uOo5ud2_KAT6G_nCjg9oe-07:00:00,SYN_101792,22,07:07:32,07:07:47,0
uOo5ud2_KAT6G_nCjg9oe-07:00:00,SYN_101793,23,07:07:49,07:08:04,0
uOo5ud2_KAT6G_nCjg9oe-07:00:00,SYN_101794,24,07:08:05,07:08:20,0
uOo5ud2_KAT6G_nCjg9oe-07:00:00,SYN_101795,25,07:08:22,07:08:37,0
uOo5ud2_KAT6G_nCjg9oe-07:00:00,SYN_101796,26,07:08:43,07:08:58,0
uOo5ud2_KAT6G_nCjg9oe-07:00:00,SYN_101797,27,07:09:13,07:09:28,0
uOo5ud2_KAT6G_nCjg9oe-07:00:00,SYN_101798,28,07:09:43,07:09:58,0
uOo5ud2_KAT6G_nCjg9oe-07:00:00,SYN_101799,29,07:10:13,07:10:28,0
uOo5ud2_KAT6G_nCjg9oe-07:00:00,SYN_101800,30,07:10:43,07:10:58,0
uOo5ud2_KAT6G_nCjg9oe-07:00:00,SYN_101801,31,07:11:25,07:11:40,0
uOo5ud2_KAT6G_nCjg9oe-07:00:00,SYN_101802,32,07:12:10,07:12:25,0
uOo5ud2_KAT6G_nCjg9oe-07:00:00,SYN_101803,33,07:12:54,07:13:09,0
uOo5ud2_KAT6G_nCjg9oe-07:00:00,SYN_101804,34,07:13:17,07:13:32,0
uOo5ud2_KAT6G_nCjg9oe-07:00:00,SYN_101805,35,07:13:35,07:13:50,0
uOo5ud2_KAT6G_nCjg9oe-07:00:00,SYN_101806,36,07:13:53,07:14:08,0
uOo5ud2_KAT6G_nCjg9oe-07:00:00,SYN_101807,37,07:14:11,07:14:26,0
uOo5ud2_KAT6G_nCjg9oe-07:00:00,SYN_101808,38,07:14:30,07:14:45,0
uOo5ud2_KAT6G_nCjg9oe-07:00:00,SYN_101809,39,07:14:48,07:15:03,0
uOo5ud2_KAT6G_nCjg9oe-07:00:00,SYN_101810,40,07:15:06,07:15:21,0
YBp1JQ-cSPCXIHQQ34CmD-07:00:00,SYN_101812,0,07:00:18,07:00:33,0
YBp1JQ-cSPCXIHQQ34CmD-07:00:00,SYN_101813,1,07:00:36,07:00:51,0
YBp1JQ-cSPCXIHQQ34CmD-07:00:00,SYN_101814,2,07:00:54,07:01:09,0
YBp1JQ-cSPCXIHQQ34CmD-07:00:00,SYN_101815,3,07:01:12,07:01:27,0
YBp1JQ-cSPCXIHQQ34CmD-07:00:00,SYN_101816,4,07:01:31,07:01:46,0
YBp1JQ-cSPCXIHQQ34CmD-07:00:00,SYN_101817,5,07:01:49,07:02:04,0
YBp1JQ-cSPCXIHQQ34CmD-07:00:00,SYN_101818,6,07:02:07,07:02:22,0
YBp1JQ-cSPCXIHQQ34CmD-07:00:00,SYN_101819,7,07:02:25,07:02:40,0
YBp1JQ-cSPCXIHQQ34CmD-07:00:00,SYN_101820,8,07:02:44,07:02:59,0
YBp1JQ-cSPCXIHQQ34CmD-07:00:00,SYN_101821,9,07:03:02,07:03:17,0
YBp1JQ-cSPCXIHQQ34CmD-07:00:00,SYN_101822,10,07:03:20,07:03:35,0
YBp1JQ-cSPCXIHQQ34CmD-07:00:00,SYN_101823,11,07:03:38,07:03:53,0
YBp1JQ-cSPCXIHQQ34CmD-07:00:00,SYN_101824,12,07:03:53,07:04:08,0
YBp1JQ-cSPCXIHQQ34CmD-07:00:00,SYN_101825,13,07:04:03,07:04:18,0
YBp1JQ-cSPCXIHQQ34CmD-07:00:00,SYN_101826,14,07:04:13,07:04:28,0
YBp1JQ-cSPCXIHQQ34CmD-07:00:00,SYN_101827,15,07:04:23,07:04:38,0
YBp1JQ-cSPCXIHQQ34CmD-07:00:00,SYN_101828,16,07:04:33,07:04:48,0
YBp1JQ-cSPCXIHQQ34CmD-07:00:00,SYN_101829,17,07:04:43,07:04:58,0
YBp1JQ-cSPCXIHQQ34CmD-07:00:00,SYN_101830,18,07:04:53,07:05:08,0
YBp1JQ-cSPCXIHQQ34CmD-07:00:00,SYN_101831,19,07:05:03,07:05:18,0
YBp1JQ-cSPCXIHQQ34CmD-07:00:00,SYN_101832,20,07:05:13,07:05:28,0
YBp1JQ-cSPCXIHQQ34CmD-07:00:00,SYN_101833,21,07:05:23,07:05:38,0
YBp1JQ-cSPCXIHQQ34CmD-07:00:00,SYN_101834,22,07:05:33,07:05:48,0
YBp1JQ-cSPCXIHQQ34CmD-07:00:00,SYN_101835,23,07:05:43,07:05:58,0
YBp1JQ-cSPCXIHQQ34CmD-07:00:00,SYN_101836,24,07:05:54,07:06:09,0
YBp1JQ-cSPCXIHQQ34CmD-07:00:00,SYN_101837,25,07:06:04,07:06:19,0
YBp1JQ-cSPCXIHQQ34CmD-07:00:00,SYN_101838,26,07:06:14,07:06:29,0
YBp1JQ-cSPCXIHQQ34CmD-07:00:00,SYN_101839,27,07:06:24,07:06:39,0
YBp1JQ-cSPCXIHQQ34CmD-07:00:00,SYN_101840,28,07:06:34,07:06:49,0
YBp1JQ-cSPCXIHQQ34CmD-07:00:00,SYN_101841,29,07:06:44,07:06:59,0
YBp1JQ-cSPCXIHQQ34CmD-07:00:00,SYN_101842,30,07:06:54,07:07:09,0
YBp1JQ-cSPCXIHQQ34CmD-07:00:00,SYN_101843,31,07:07:04,07:07:19,0
YBp1JQ-cSPCXIHQQ34CmD-07:00:00,SYN_101844,32,07:07:14,07:07:29,0
YBp1JQ-cSPCXIHQQ34CmD-07:00:00,SYN_101845,33,07:07:24,07:07:39,0
YBp1JQ-cSPCXIHQQ34CmD-07:00:00,SYN_101846,34,07:07:34,07:07:49,0
YBp1JQ-cSPCXIHQQ34CmD-07:00:00,SYN_101847,35,07:07:44,07:07:59,0
YBp1JQ-cSPCXIHQQ34CmD-07:00:00,SYN_101848,36,07:07:54,07:08:09,0
YBp1JQ-cSPCXIHQQ34CmD-07:00:00,SYN_101849,37,07:08:05,07:08:20,0
YBp1JQ-cSPCXIHQQ34CmD-07:00:00,SYN_101850,38,07:08:15,07:08:30,0
YBp1JQ-cSPCXIHQQ34CmD-07:00:00,SYN_101851,39,07:08:25,07:08:40,0
YBp1JQ-cSPCXIHQQ34CmD-07:00:00,SYN_101852,40,07:08:35,07:08:50,0
YBp1JQ-cSPCXIHQQ34CmD-07:00:00,SYN_101853,41,07:08:45,07:09:00,0
YBp1JQ-cSPCXIHQQ34CmD-07:00:00,SYN_101854,42,07:08:55,07:09:10,0
YBp1JQ-cSPCXIHQQ34CmD-07:00:00,SYN_101855,43,07:09:05,07:09:20,0
YBp1JQ-cSPCXIHQQ34CmD-07:00:00,SYN_101856,44,07:09:15,07:09:30,0
YBp1JQ-cSPCXIHQQ34CmD-07:00:00,SYN_101857,45,07:09:25,07:09:40,0
YBp1JQ-cSPCXIHQQ34CmD-07:00:00,SYN_101858,46,07:09:35,07:09:50,0
YBp1JQ-cSPCXIHQQ34CmD-07:00:00,SYN_101859,47,07:09:45,07:10:00,0
YBp1JQ-cSPCXIHQQ34CmD-07:00:00,SYN_101860,48,07:09:55,07:10:10,0
YBp1JQ-cSPCXIHQQ34CmD-07:00:00,SYN_101861,49,07:10:05,07:10:20,0
YBp1JQ-cSPCXIHQQ34CmD-07:00:00,SYN_101862,50,07:10:16,07:10:31,0
YBp1JQ-cSPCXIHQQ34CmD-07:00:00,SYN_101863,51,07:10:26,07:10:41,0
YBp1JQ-cSPCXIHQQ34CmD-07:00:00,SYN_101864,52,07:10:36,07:10:51,0
YBp1JQ-cSPCXIHQQ34CmD-07:00:00,SYN_101865,53,07:10:46,07:11:01,0
YBp1JQ-cSPCXIHQQ34CmD-07:00:00,SYN_101866,54,07:10:56,07:11:11,0
YBp1JQ-cSPCXIHQQ34CmD-07:00:00,SYN_101867,55,07:11:06,07:11:21,0
YBp1JQ-cSPCXIHQQ34CmD-07:00:00,SYN_101868,56,07:11:16,07:11:31,0
YBp1JQ-cSPCXIHQQ34CmD-07:00:00,SYN_101869,57,07:11:26,07:11:41,0
YBp1JQ-cSPCXIHQQ34CmD-07:00:00,SYN_101870,58,07:11:36,07:11:51,0
YBp1JQ-cSPCXIHQQ34CmD-07:00:00,SYN_101871,59,07:11:46,07:12:01,0
YBp1JQ-cSPCXIHQQ34CmD-07:00:00,SYN_101872,60,07:11:56,07:12:11,0
YBp1JQ-cSPCXIHQQ34CmD-07:00:00,SYN_101873,61,07:12:06,07:12:21,0
YBp1JQ-cSPCXIHQQ34CmD-07:00:00,SYN_101874,62,07:12:17,07:12:32,0
YBp1JQ-cSPCXIHQQ34CmD-07:00:00,SYN_101875,63,07:12:27,07:12:42,0
YBp1JQ-cSPCXIHQQ34CmD-07:00:00,SYN_101876,64,07:12:37,07:12:52,0
YBp1JQ-cSPCXIHQQ34CmD-07:00:00,SYN_101877,65,07:12:47,07:13:02,0
YBp1JQ-cSPCXIHQQ34CmD-07:00:00,SYN_101878,66,07:12:57,07:13:12,0
YBp1JQ-cSPCXIHQQ34CmD-07:00:00,SYN_101879,67,07:13:07,07:13:22,0
YBp1JQ-cSPCXIHQQ34CmD-07:00:00,SYN_101880,68,07:13:17,07:13:32,0
YBp1JQ-cSPCXIHQQ34CmD-07:00:00,SYN_101881,69,07:13:27,07:13:42,0
YBp1JQ-cSPCXIHQQ34CmD-07:00:00,SYN_101882,70,07:13:37,07:13:52,0
YBp1JQ-cSPCXIHQQ34CmD-07:00:00,SYN_101883,71,07:13:47,07:14:02,0
YBp1JQ-cSPCXIHQQ34CmD-07:00:00,SYN_101884,72,07:13:57,07:14:12,0
YBp1JQ-cSPCXIHQQ34CmD-07:00:00,SYN_101885,73,07:14:07,07:14:22,0
YBp1JQ-cSPCXIHQQ34CmD-07:00:00,SYN_101886,74,07:14:17,07:14:32,0
YBp1JQ-cSPCXIHQQ34CmD-07:00:00,SYN_101887,75,07:14:28,07:14:43,0
YBp1JQ-cSPCXIHQQ34CmD-07:00:00,SYN_101888,76,07:14:38,07:14:53,0
YBp1JQ-cSPCXIHQQ34CmD-07:00:00,SYN_101889,77,07:14:48,07:15:03,0
YBp1JQ-cSPCXIHQQ34CmD-07:00:00,SYN_101890,78,07:14:58,07:15:13,0
YBp1JQ-cSPCXIHQQ34CmD-07:00:00,SYN_101891,79,07:15:08,07:15:23,0
YBp1JQ-cSPCXIHQQ34CmD-07:00:00,SYN_101892,80,07:15:18,07:15:33,0
YBp1JQ-cSPCXIHQQ34CmD-07:00:00,SYN_101893,81,07:15:28,07:15:43,0
YBp1JQ-cSPCXIHQQ34CmD-07:00:00,SYN_101894,82,07:15:38,07:15:53,0
YBp1JQ-cSPCXIHQQ34CmD-07:00:00,SYN_101895,83,07:15:48,07:16:03,0
YBp1JQ-cSPCXIHQQ34CmD-07:00:00,SYN_101896,84,07:15:58,07:16:13,0
YBp1JQ-cSPCXIHQQ34CmD-07:00:00,SYN_101897,85,07:16:08,07:16:23,0
YBp1JQ-cSPCXIHQQ34CmD-07:00:00,SYN_101898,86,07:16:18,07:16:33,0
YBp1JQ-cSPCXIHQQ34CmD-07:00:00,SYN_101899,87,07:16:28,07:16:43,0
YBp1JQ-cSPCXIHQQ34CmD-07:00:00,SYN_101900,88,07:16:39,07:16:54,0
YBp1JQ-cSPCXIHQQ34CmD-07:00:00,SYN_101901,89,07:16:49,07:17:04,0
YBp1JQ-cSPCXIHQQ34CmD-07:00:00,SYN_101902,90,07:16:59,07:17:14,0
YBp1JQ-cSPCXIHQQ34CmD-07:00:00,SYN_101903,91,07:17:09,07:17:24,0
YBp1JQ-cSPCXIHQQ34CmD-07:00:00,SYN_101904,92,07:17:19,07:17:34,0
YBp1JQ-cSPCXIHQQ34CmD-07:00:00,SYN_101905,93,07:17:29,07:17:44,0
YBp1JQ-cSPCXIHQQ34CmD-07:00:00,SYN_101906,94,07:17:39,07:17:54,0
YBp1JQ-cSPCXIHQQ34CmD-07:00:00,SYN_101907,95,07:17:49,07:18:04,0
YBp1JQ-cSPCXIHQQ34CmD-07:00:00,SYN_101908,96,07:17:59,07:18:14,0
YBp1JQ-cSPCXIHQQ34CmD-07:00:00,SYN_101909,97,07:18:09,07:18:24,0
YBp1JQ-cSPCXIHQQ34CmD-07:00:00,SYN_101910,98,07:18:19,07:18:34,0
YBp1JQ-cSPCXIHQQ34CmD-07:00:00,SYN_101911,99,07:18:29,07:18:44,0
YBp1JQ-cSPCXIHQQ34CmD-07:00:00,SYN_101912,100,07:18:39,07:18:54,0
YBp1JQ-cSPCXIHQQ34CmD-07:00:00,SYN_101913,101,07:18:50,07:19:05,0
YBp1JQ-cSPCXIHQQ34CmD-07:00:00,SYN_101914,102,07:19:00,07:19:15,0
YBp1JQ-cSPCXIHQQ34CmD-07:00:00,SYN_101915,103,07:19:10,07:19:25,0
YBp1JQ-cSPCXIHQQ34CmD-07:00:00,SYN_101916,104,07:19:20,07:19:35,0
YBp1JQ-cSPCXIHQQ34CmD-07:00:00,SYN_101917,105,07:19:30,07:19:45,0
YBp1JQ-cSPCXIHQQ34CmD-07:00:00,SYN_101918,106,07:19:40,07:19:55,0
YBp1JQ-cSPCXIHQQ34CmD-07:00:00,SYN_101919,107,07:19:50,07:20:05,0
YBp1JQ-cSPCXIHQQ34CmD-07:00:00,SYN_101920,108,07:20:00,07:20:15,0
YBp1JQ-cSPCXIHQQ34CmD-07:00:00,SYN_101921,109,07:20:10,07:20:25,0
YBp1JQ-cSPCXIHQQ34CmD-07:00:00,SYN_101922,110,07:20:20,07:20:35,0
YBp1JQ-cSPCXIHQQ34CmD-07:00:00,SYN_101923,111,07:20:30,07:20:45,0
YBp1JQ-cSPCXIHQQ34CmD-07:00:00,SYN_101924,112,07:20:40,07:20:55,0
YBp1JQ-cSPCXIHQQ34CmD-07:00:00,SYN_101925,113,07:20:50,07:21:05,0
YBp1JQ-cSPCXIHQQ34CmD-07:00:00,SYN_101926,114,07:21:01,07:21:16,0
YBp1JQ-cSPCXIHQQ34CmD-07:00:00,SYN_101927,115,07:21:11,07:21:26,0
YBp1JQ-cSPCXIHQQ34CmD-07:00:00,SYN_101928,116,07:21:21,07:21:36,0
YBp1JQ-cSPCXIHQQ34CmD-07:00:00,SYN_101929,117,07:21:31,07:21:46,0
YBp1JQ-cSPCXIHQQ34CmD-07:00:00,SYN_101930,118,07:21:41,07:21:56,0
YBp1JQ-cSPCXIHQQ34CmD-07:00:00,SYN_101931,119,07:21:51,07:22:06,0
YBp1JQ-cSPCXIHQQ34CmD-07:00:00,SYN_101932,120,07:22:01,07:22:16,0
YBp1JQ-cSPCXIHQQ34CmD-07:00:00,SYN_101933,121,07:22:11,07:22:26,0
YBp1JQ-cSPCXIHQQ34CmD-07:00:00,SYN_101934,122,07:22:21,07:22:36,0
YBp1JQ-cSPCXIHQQ34CmD-07:00:00,SYN_101935,123,07:22:31,07:22:46,0
YBp1JQ-cSPCXIHQQ34CmD-07:00:00,SYN_101936,124,07:22:41,07:22:56,0
YBp1JQ-cSPCXIHQQ34CmD-07:00:00,SYN_101937,125,07:22:51,07:23:06,0
YBp1JQ-cSPCXIHQQ34CmD-07:00:00,SYN_101938,126,07:23:02,07:23:17,0
YBp1JQ-cSPCXIHQQ34CmD-07:00:00,SYN_101939,127,07:23:12,07:23:27,0
YBp1JQ-cSPCXIHQQ34CmD-07:00:00,SYN_101940,128,07:23:22,07:23:37,0
YBp1JQ-cSPCXIHQQ34CmD-07:00:00,SYN_101941,129,07:23:32,07:23:47,0
YBp1JQ-cSPCXIHQQ34CmD-07:00:00,SYN_101942,130,07:23:42,07:23:57,0
YBp1JQ-cSPCXIHQQ34CmD-07:00:00,SYN_101943,131,07:23:52,07:24:07,0
YBp1JQ-cSPCXIHQQ34CmD-07:00:00,SYN_101944,132,07:24:02,07:24:17,0
YBp1JQ-cSPCXIHQQ34CmD-07:00:00,SYN_101945,133,07:24:12,07:24:27,0
YBp1JQ-cSPCXIHQQ34CmD-07:00:00,SYN_101946,134,07:24:22,07:24:37,0
YBp1JQ-cSPCXIHQQ34CmD-07:00:00,SYN_101947,135,07:24:32,07:24:47,0
YBp1JQ-cSPCXIHQQ34CmD-07:00:00,SYN_101948,136,07:24:42,07:24:57,0
YBp1JQ-cSPCXIHQQ34CmD-07:00:00,SYN_101949,137,07:24:52,07:25:07,0
YBp1JQ-cSPCXIHQQ34CmD-07:00:00,SYN_101950,138,07:25:02,07:25:17,0
YBp1JQ-cSPCXIHQQ34CmD-07:00:00,SYN_101951,139,07:25:13,07:25:28,0
YBp1JQ-cSPCXIHQQ34CmD-07:00:00,SYN_101952,140,07:25:26,07:25:41,0
YBp1JQ-cSPCXIHQQ34CmD-07:00:00,SYN_101953,141,07:25:42,07:25:57,0
YBp1JQ-cSPCXIHQQ34CmD-07:00:00,SYN_101954,142,07:25:58,07:26:13,0
YBp1JQ-cSPCXIHQQ34CmD-07:00:00,SYN_101955,143,07:26:16,07:26:31,0
YBp1JQ-cSPCXIHQQ34CmD-07:00:00,SYN_101956,144,07:26:35,07:26:50,0
YBp1JQ-cSPCXIHQQ34CmD-07:00:00,SYN_101957,145,07:26:54,07:27:09,0
YBp1JQ-cSPCXIHQQ34CmD-07:00:00,SYN_101958,146,07:27:13,07:27:28,0
YBp1JQ-cSPCXIHQQ34CmD-07:00:00,SYN_101959,147,07:27:32,07:27:47,0
YBp1JQ-cSPCXIHQQ34CmD-07:00:00,SYN_101960,148,07:27:51,07:28:06,0
YBp1JQ-cSPCXIHQQ34CmD-07:00:00,SYN_101961,149,07:28:10,07:28:25,0
YBp1JQ-cSPCXIHQQ34CmD-07:00:00,SYN_101962,150,07:28:29,07:28:44,0
YBp1JQ-cSPCXIHQQ34CmD-07:00:00,SYN_101963,151,07:28:49,07:29:04,0
YBp1JQ-cSPCXIHQQ34CmD-07:00:00,SYN_101964,152,07:29:08,07:29:23,0
YBp1JQ-cSPCXIHQQ34CmD-07:00:00,SYN_101965,153,07:29:27,07:29:42,0
YBp1JQ-cSPCXIHQQ34CmD-07:00:00,SYN_101966,154,07:29:46,07:30:01,0
YBp1JQ-cSPCXIHQQ34CmD-07:00:00,SYN_101967,155,07:30:05,07:30:20,0
YBp1JQ-cSPCXIHQQ34CmD-07:00:00,SYN_101968,156,07:30:24,07:30:39,0
YBp1JQ-cSPCXIHQQ34CmD-07:00:00,SYN_101969,157,07:30:44,07:30:59,0
YBp1JQ-cSPCXIHQQ34CmD-07:00:00,SYN_101970,158,07:31:03,07:31:18,0
YBp1JQ-cSPCXIHQQ34CmD-07:00:00,SYN_101971,159,07:31:22,07:31:37,0
YBp1JQ-cSPCXIHQQ34CmD-07:00:00,SYN_101972,160,07:31:39,07:31:54,0
YBp1JQ-cSPCXIHQQ34CmD-07:00:00,SYN_101973,161,07:31:54,07:32:09,0
YBp1JQ-cSPCXIHQQ34CmD-07:00:00,SYN_101974,162,07:32:10,07:32:25,0
YBp1JQ-cSPCXIHQQ34CmD-07:00:00,SYN_101975,163,07:32:25,07:32:40,0
YBp1JQ-cSPCXIHQQ34CmD-07:00:00,SYN_101976,164,07:32:41,07:32:56,0
YBp1JQ-cSPCXIHQQ34CmD-07:00:00,SYN_101977,165,07:32:57,07:33:12,0
YBp1JQ-cSPCXIHQQ34CmD-07:00:00,SYN_101978,166,07:33:12,07:33:27,0
YBp1JQ-cSPCXIHQQ34CmD-07:00:00,SYN_101979,167,07:33:28,07:33:43,0
YBp1JQ-cSPCXIHQQ34CmD-07:00:00,SYN_101980,168,07:33:42,07:33:57,0
YBp1JQ-cSPCXIHQQ34CmD-07:00:00,SYN_101981,169,07:33:57,07:34:12,0
YBp1JQ-cSPCXIHQQ34CmD-07:00:00,SYN_101982,170,07:34:11,07:34:26,0
YBp1JQ-cSPCXIHQQ34CmD-07:00:00,SYN_101983,171,07:34:26,07:34:41,0
YBp1JQ-cSPCXIHQQ34CmD-07:00:00,SYN_101984,172,07:34:40,07:34:55,0
YBp1JQ-cSPCXIHQQ34CmD-07:00:00,SYN_101985,173,07:34:55,07:35:10,0
YBp1JQ-cSPCXIHQQ34CmD-07:00:00,SYN_101986,174,07:35:09,07:35:24,0
YBp1JQ-cSPCXIHQQ34CmD-07:00:00,SYN_101987,175,07:35:24,07:35:39,0
YBp1JQ-cSPCXIHQQ34CmD-07:00:00,SYN_101988,176,07:35:39,07:35:54,0
YBp1JQ-cSPCXIHQQ34CmD-07:00:00,SYN_101989,177,07:35:53,07:36:08,0
YBp1JQ-cSPCXIHQQ34CmD-07:00:00,SYN_101990,178,07:36:08,07:36:23,0
YBp1JQ-cSPCXIHQQ34CmD-07:00:00,SYN_101991,179,07:36:22,07:36:37,0
YBp1JQ-cSPCXIHQQ34CmD-07:00:00,SYN_101992,180,07:36:37,07:36:52,0
YBp1JQ-cSPCXIHQQ34CmD-07:00:00,SYN_101993,181,07:36:51,07:37:06,0
YBp1JQ-cSPCXIHQQ34CmD-07:00:00,SYN_101994,182,07:37:06,07:37:21,0
YBp1JQ-cSPCXIHQQ34CmD-07:00:00,SYN_101995,183,07:37:20,07:37:35,0
YBp1JQ-cSPCXIHQQ34CmD-07:00:00,SYN_101996,184,07:37:35,07:37:50,0
YBp1JQ-cSPCXIHQQ34CmD-07:00:00,SYN_101997,185,07:37:49,07:38:04,0
YBp1JQ-cSPCXIHQQ34CmD-07:00:00,SYN_101998,186,07:38:17,07:38:32,0
YBp1JQ-cSPCXIHQQ34CmD-07:00:00,SYN_101999,187,07:39:28,07:39:43,0
YBp1JQ-cSPCXIHQQ34CmD-07:00:00,SYN_102000,188,07:40:44,07:40:59,0
0I4f41gSbP4Nhu5ZbZZGv-07:00:00,SYN_102003,0,07:00:09,07:00:24,0
0I4f41gSbP4Nhu5ZbZZGv-07:00:00,SYN_102004,1,07:00:29,07:00:44,0
0I4f41gSbP4Nhu5ZbZZGv-07:00:00,SYN_102005,2,07:00:50,07:01:05,0
0I4f41gSbP4Nhu5ZbZZGv-07:00:00,SYN_102006,3,07:01:10,07:01:25,0
0I4f41gSbP4Nhu5ZbZZGv-07:00:00,SYN_102007,4,07:01:30,07:01:45,0
0I4f41gSbP4Nhu5ZbZZGv-07:00:00,SYN_102008,5,07:01:50,07:02:05,0
0I4f41gSbP4Nhu5ZbZZGv-07:00:00,SYN_102009,6,07:02:11,07:02:26,0
0I4f41gSbP4Nhu5ZbZZGv-07:00:00,SYN_102010,7,07:02:31,07:02:46,0
0I4f41gSbP4Nhu5ZbZZGv-07:00:00,SYN_102011,8,07:02:51,07:03:06,0
0I4f41gSbP4Nhu5ZbZZGv-07:00:00,SYN_102012,9,07:03:18,07:03:33,0
0I4f41gSbP4Nhu5ZbZZGv-07:00:00,SYN_102013,10,07:03:50,07:04:05,0
0I4f41gSbP4Nhu5ZbZZGv-07:00:00,SYN_102014,11,07:04:23,07:04:38,0
0I4f41gSbP4Nhu5ZbZZGv-07:00:00,SYN_102015,12,07:04:55,07:05:10,0
0I4f41gSbP4Nhu5ZbZZGv-07:00:00,SYN_102016,13,07:05:27,07:05:42,0
0I4f41gSbP4Nhu5ZbZZGv-07:00:00,SYN_102017,14,07:05:59,07:06:14,0
0I4f41gSbP4Nhu5ZbZZGv-07:00:00,SYN_102018,15,07:06:32,07:06:47,0
mOAyR9hC46n6ORhDBT2l7-07:00:00,SYN_102020,0,07:00:21,07:00:36,0
mOAyR9hC46n6ORhDBT2l7-07:00:00,SYN_102021,1,07:01:12,07:01:27,0
mOAyR9hC46n6ORhDBT2l7-07:00:00,SYN_102022,2,07:02:04,07:02:19,0
mOAyR9hC46n6ORhDBT2l7-07:00:00,SYN_102023,3,07:02:55,07:03:10,0
mOAyR9hC46n6ORhDBT2l7-07:00:00,SYN_102024,4,07:03:46,07:04:01,0
mOAyR9hC46n6ORhDBT2l7-07:00:00,SYN_102025,5,07:04:38,07:04:53,0
mOAyR9hC46n6ORhDBT2l7-07:00:00,SYN_102026,6,07:05:29,07:05:44,0
mOAyR9hC46n6ORhDBT2l7-07:00:00,SYN_102027,7,07:06:20,07:06:35,0
mOAyR9hC46n6ORhDBT2l7-07:00:00,SYN_102028,8,07:07:12,07:07:27,0
mOAyR9hC46n6ORhDBT2l7-07:00:00,SYN_102029,9,07:08:03,07:08:18,0
mOAyR9hC46n6ORhDBT2l7-07:00:00,SYN_102030,10,07:08:55,07:09:10,0
mOAyR9hC46n6ORhDBT2l7-07:00:00,SYN_102031,11,07:09:46,07:10:01,0
mOAyR9hC46n6ORhDBT2l7-07:00:00,SYN_102032,12,07:10:37,07:10:52,0
mOAyR9hC46n6ORhDBT2l7-07:00:00,SYN_102033,13,07:11:29,07:11:44,0
mOAyR9hC46n6ORhDBT2l7-07:00:00,SYN_102034,14,07:12:20,07:12:35,0
iUaEgr0LK4VOSZFkdzur6-07:00:00,SYN_102042,0,07:01:45,07:02:00,0
iUaEgr0LK4VOSZFkdzur6-07:00:00,SYN_102043,1,07:03:32,07:03:47,0
iUaEgr0LK4VOSZFkdzur6-07:00:00,SYN_102044,2,07:04:42,07:04:57,0
iUaEgr0LK4VOSZFkdzur6-07:00:00,SYN_102045,3,07:05:47,07:06:02,0
iUaEgr0LK4VOSZFkdzur6-07:00:00,SYN_102046,4,07:06:53,07:07:08,0
iUaEgr0LK4VOSZFkdzur6-07:00:00,SYN_102047,5,07:07:43,07:07:58,0
iUaEgr0LK4VOSZFkdzur6-07:00:00,SYN_102048,6,07:08:20,07:08:35,0
iUaEgr0LK4VOSZFkdzur6-07:00:00,SYN_102049,7,07:08:57,07:09:12,0
iUaEgr0LK4VOSZFkdzur6-07:00:00,SYN_102050,8,07:09:34,07:09:49,0
iUaEgr0LK4VOSZFkdzur6-07:00:00,SYN_102051,9,07:10:12,07:10:27,0
iUaEgr0LK4VOSZFkdzur6-07:00:00,SYN_102052,10,07:10:49,07:11:04,0
iUaEgr0LK4VOSZFkdzur6-07:00:00,SYN_102053,11,07:11:49,07:12:04,0
iUaEgr0LK4VOSZFkdzur6-07:00:00,SYN_102054,12,07:12:50,07:13:05,0
iUaEgr0LK4VOSZFkdzur6-07:00:00,SYN_102055,13,07:13:50,07:14:05,0
iUaEgr0LK4VOSZFkdzur6-07:00:00,SYN_102056,14,07:14:51,07:15:06,0
iUaEgr0LK4VOSZFkdzur6-07:00:00,SYN_102057,15,07:15:24,07:15:39,0
iUaEgr0LK4VOSZFkdzur6-07:00:00,SYN_102058,16,07:15:41,07:15:56,0
iUaEgr0LK4VOSZFkdzur6-07:00:00,SYN_102059,17,07:15:58,07:16:13,0
iUaEgr0LK4VOSZFkdzur6-07:00:00,SYN_102060,18,07:16:14,07:16:29,0
iUaEgr0LK4VOSZFkdzur6-07:00:00,SYN_102061,19,07:16:31,07:16:46,0
iUaEgr0LK4VOSZFkdzur6-07:00:00,SYN_102062,20,07:16:48,07:17:03,0
iUaEgr0LK4VOSZFkdzur6-07:00:00,SYN_102063,21,07:17:05,07:17:20,0
iUaEgr0LK4VOSZFkdzur6-07:00:00,SYN_102064,22,07:17:21,07:17:36,0
iUaEgr0LK4VOSZFkdzur6-07:00:00,SYN_102065,23,07:17:38,07:17:53,0
iUaEgr0LK4VOSZFkdzur6-07:00:00,SYN_102066,24,07:17:55,07:18:10,0
iUaEgr0LK4VOSZFkdzur6-07:00:00,SYN_102067,25,07:18:12,07:18:27,0
iUaEgr0LK4VOSZFkdzur6-07:00:00,SYN_102068,26,07:18:28,07:18:43,0
iUaEgr0LK4VOSZFkdzur6-07:00:00,SYN_102069,27,07:18:45,07:19:00,0
iUaEgr0LK4VOSZFkdzur6-07:00:00,SYN_102070,28,07:19:02,07:19:17,0
iUaEgr0LK4VOSZFkdzur6-07:00:00,SYN_102071,29,07:19:19,07:19:34,0
iUaEgr0LK4VOSZFkdzur6-07:00:00,SYN_102072,30,07:19:35,07:19:50,0
iUaEgr0LK4VOSZFkdzur6-07:00:00,SYN_102073,31,07:19:52,07:20:07,0
iUaEgr0LK4VOSZFkdzur6-07:00:00,SYN_102074,32,07:20:09,07:20:24,0
iUaEgr0LK4VOSZFkdzur6-07:00:00,SYN_102075,33,07:20:29,07:20:44,0
iUaEgr0LK4VOSZFkdzur6-07:00:00,SYN_102076,34,07:20:54,07:21:09,0
iUaEgr0LK4VOSZFkdzur6-07:00:00,SYN_102077,35,07:21:18,07:21:33,0
iUaEgr0LK4VOSZFkdzur6-07:00:00,SYN_102078,36,07:21:43,07:21:58,0
iUaEgr0LK4VOSZFkdzur6-07:00:00,SYN_102079,37,07:22:08,07:22:23,0
iUaEgr0LK4VOSZFkdzur6-07:00:00,SYN_102080,38,07:22:33,07:22:48,0
iUaEgr0LK4VOSZFkdzur6-07:00:00,SYN_102081,39,07:22:58,07:23:13,0
iUaEgr0LK4VOSZFkdzur6-07:00:00,SYN_102082,40,07:23:22,07:23:37,0
iUaEgr0LK4VOSZFkdzur6-07:00:00,SYN_102083,41,07:23:47,07:24:02,0
iUaEgr0LK4VOSZFkdzur6-07:00:00,SYN_102084,42,07:24:12,07:24:27,0
iUaEgr0LK4VOSZFkdzur6-07:00:00,SYN_102085,43,07:24:37,07:24:52,0
iUaEgr0LK4VOSZFkdzur6-07:00:00,SYN_102086,44,07:25:02,07:25:17,0
iUaEgr0LK4VOSZFkdzur6-07:00:00,SYN_102087,45,07:25:27,07:25:42,0
iUaEgr0LK4VOSZFkdzur6-07:00:00,SYN_102088,46,07:25:51,07:26:06,0
iUaEgr0LK4VOSZFkdzur6-07:00:00,SYN_102089,47,07:26:16,07:26:31,0
iUaEgr0LK4VOSZFkdzur6-07:00:00,SYN_102090,48,07:26:41,07:26:56,0
iUaEgr0LK4VOSZFkdzur6-07:00:00,SYN_102091,49,07:26:59,07:27:14,0
iUaEgr0LK4VOSZFkdzur6-07:00:00,SYN_102092,50,07:27:14,07:27:29,0
iUaEgr0LK4VOSZFkdzur6-07:00:00,SYN_102093,51,07:27:29,07:27:44,0
iUaEgr0LK4VOSZFkdzur6-07:00:00,SYN_102094,52,07:27:44,07:27:59,0
iUaEgr0LK4VOSZFkdzur6-07:00:00,SYN_102095,53,07:27:59,07:28:14,0
iUaEgr0LK4VOSZFkdzur6-07:00:00,SYN_102096,54,07:28:14,07:28:29,0
iUaEgr0LK4VOSZFkdzur6-07:00:00,SYN_102097,55,07:28:29,07:28:44,0
iUaEgr0LK4VOSZFkdzur6-07:00:00,SYN_102098,56,07:28:44,07:28:59,0
iUaEgr0LK4VOSZFkdzur6-07:00:00,SYN_102099,57,07:28:59,07:29:14,0
iUaEgr0LK4VOSZFkdzur6-07:00:00,SYN_102100,58,07:29:14,07:29:29,0
iUaEgr0LK4VOSZFkdzur6-07:00:00,SYN_102101,59,07:29:29,07:29:44,0
iUaEgr0LK4VOSZFkdzur6-07:00:00,SYN_102102,60,07:29:44,07:29:59,0
iUaEgr0LK4VOSZFkdzur6-07:00:00,SYN_102103,61,07:29:59,07:30:14,0
iUaEgr0LK4VOSZFkdzur6-07:00:00,SYN_102104,62,07:30:14,07:30:29,0
iUaEgr0LK4VOSZFkdzur6-07:00:00,SYN_102105,63,07:30:29,07:30:44,0
iUaEgr0LK4VOSZFkdzur6-07:00:00,SYN_102106,64,07:30:44,07:30:59,0
iUaEgr0LK4VOSZFkdzur6-07:00:00,SYN_102107,65,07:30:59,07:31:14,0
iUaEgr0LK4VOSZFkdzur6-07:00:00,SYN_102108,66,07:31:14,07:31:29,0
iUaEgr0LK4VOSZFkdzur6-07:00:00,SYN_102109,67,07:31:30,07:31:45,0
iUaEgr0LK4VOSZFkdzur6-07:00:00,SYN_102110,68,07:31:52,07:32:07,0
iUaEgr0LK4VOSZFkdzur6-07:00:00,SYN_102111,69,07:32:20,07:32:35,0
iUaEgr0LK4VOSZFkdzur6-07:00:00,SYN_102112,70,07:32:48,07:33:03,0
iUaEgr0LK4VOSZFkdzur6-07:00:00,SYN_102113,71,07:33:16,07:33:31,0
iUaEgr0LK4VOSZFkdzur6-07:00:00,SYN_102114,72,07:33:44,07:33:59,0
iUaEgr0LK4VOSZFkdzur6-07:00:00,SYN_102115,73,07:34:12,07:34:27,0
iUaEgr0LK4VOSZFkdzur6-07:00:00,SYN_102116,74,07:34:40,07:34:55,0
iUaEgr0LK4VOSZFkdzur6-07:00:00,SYN_102117,75,07:35:08,07:35:23,0
iUaEgr0LK4VOSZFkdzur6-07:00:00,SYN_102118,76,07:35:36,07:35:51,0
iUaEgr0LK4VOSZFkdzur6-07:00:00,SYN_102119,77,07:36:04,07:36:19,0
iUaEgr0LK4VOSZFkdzur6-07:00:00,SYN_102120,78,07:36:32,07:36:47,0
iUaEgr0LK4VOSZFkdzur6-07:00:00,SYN_102121,79,07:37:00,07:37:15,0
iUaEgr0LK4VOSZFkdzur6-07:00:00,SYN_102122,80,07:37:28,07:37:43,0
iUaEgr0LK4VOSZFkdzur6-07:00:00,SYN_102123,81,07:37:56,07:38:11,0
iUaEgr0LK4VOSZFkdzur6-07:00:00,SYN_102124,82,07:38:24,07:38:39,0
iUaEgr0LK4VOSZFkdzur6-07:00:00,SYN_102125,83,07:38:52,07:39:07,0
iUaEgr0LK4VOSZFkdzur6-07:00:00,SYN_102126,84,07:39:20,07:39:35,0
iUaEgr0LK4VOSZFkdzur6-07:00:00,SYN_102127,85,07:39:49,07:40:04,0
iUaEgr0LK4VOSZFkdzur6-07:00:00,SYN_102128,86,07:40:17,07:40:32,0
iUaEgr0LK4VOSZFkdzur6-07:00:00,SYN_102129,87,07:40:45,07:41:00,0
iUaEgr0LK4VOSZFkdzur6-07:00:00,SYN_102130,88,07:41:13,07:41:28,0
iUaEgr0LK4VOSZFkdzur6-07:00:00,SYN_102131,89,07:41:41,07:41:56,0
3wTFymMNfLvqoIaC8VkMX-07:00:00,SYN_102137,0,07:00:34,07:00:49,0
3wTFymMNfLvqoIaC8VkMX-07:00:00,SYN_102138,1,07:01:35,07:01:50,0
3wTFymMNfLvqoIaC8VkMX-07:00:00,SYN_102139,2,07:02:36,07:02:51,0
3wTFymMNfLvqoIaC8VkMX-07:00:00,SYN_102140,3,07:03:37,07:03:52,0
3wTFymMNfLvqoIaC8VkMX-07:00:00,SYN_102141,4,07:04:38,07:04:53,0
3wTFymMNfLvqoIaC8VkMX-07:00:00,SYN_102142,5,07:05:39,07:05:54,0
3wTFymMNfLvqoIaC8VkMX-07:00:00,SYN_102143,6,07:06:40,07:06:55,0
3wTFymMNfLvqoIaC8VkMX-07:00:00,SYN_102144,7,07:07:41,07:07:56,0
3wTFymMNfLvqoIaC8VkMX-07:00:00,SYN_102145,8,07:08:42,07:08:57,0
3wTFymMNfLvqoIaC8VkMX-07:00:00,SYN_102146,9,07:09:43,07:09:58,0
3wTFymMNfLvqoIaC8VkMX-07:00:00,SYN_102147,10,07:10:44,07:10:59,0
3wTFymMNfLvqoIaC8VkMX-07:00:00,SYN_102148,11,07:11:45,07:12:00,0
3wTFymMNfLvqoIaC8VkMX-07:00:00,SYN_102149,12,07:12:47,07:13:02,0
7oFBV_-FjsLDgC5o68Mli-07:00:00,SYN_102150,0,07:00:44,07:00:59,0
7oFBV_-FjsLDgC5o68Mli-07:00:00,SYN_102151,1,07:01:28,07:01:43,0
7oFBV_-FjsLDgC5o68Mli-07:00:00,SYN_102152,2,07:02:59,07:03:14,0
7oFBV_-FjsLDgC5o68Mli-07:00:00,SYN_102153,3,07:04:47,07:05:02,0
7oFBV_-FjsLDgC5o68Mli-07:00:00,SYN_102154,4,07:06:06,07:06:21,0
7oFBV_-FjsLDgC5o68Mli-07:00:00,SYN_102155,5,07:07:11,07:07:26,0
7oFBV_-FjsLDgC5o68Mli-07:00:00,SYN_102156,6,07:08:17,07:08:32,0
7oFBV_-FjsLDgC5o68Mli-07:00:00,SYN_102157,7,07:09:28,07:09:43,0
7oFBV_-FjsLDgC5o68Mli-07:00:00,SYN_102158,8,07:10:53,07:11:08,0
7oFBV_-FjsLDgC5o68Mli-07:00:00,SYN_102159,9,07:12:17,07:12:32,0
ofLnCLGBqlPSHxiB_6HP7-07:00:00,SYN_102161,0,07:00:23,07:00:38,0
ofLnCLGBqlPSHxiB_6HP7-07:00:00,SYN_102162,1,07:01:00,07:01:15,0
ofLnCLGBqlPSHxiB_6HP7-07:00:00,SYN_102163,2,07:01:38,07:01:53,0
ofLnCLGBqlPSHxiB_6HP7-07:00:00,SYN_102164,3,07:02:16,07:02:31,0
ofLnCLGBqlPSHxiB_6HP7-07:00:00,SYN_102165,4,07:02:54,07:03:09,0
ofLnCLGBqlPSHxiB_6HP7-07:00:00,SYN_102166,5,07:03:32,07:03:47,0
ofLnCLGBqlPSHxiB_6HP7-07:00:00,SYN_102167,6,07:04:10,07:04:25,0
ofLnCLGBqlPSHxiB_6HP7-07:00:00,SYN_102168,7,07:04:45,07:05:00,0
ofLnCLGBqlPSHxiB_6HP7-07:00:00,SYN_102169,8,07:05:04,07:05:19,0
ofLnCLGBqlPSHxiB_6HP7-07:00:00,SYN_102170,9,07:05:22,07:05:37,0
ofLnCLGBqlPSHxiB_6HP7-07:00:00,SYN_102171,10,07:05:40,07:05:55,0
ofLnCLGBqlPSHxiB_6HP7-07:00:00,SYN_102172,11,07:05:59,07:06:14,0
ofLnCLGBqlPSHxiB_6HP7-07:00:00,SYN_102173,12,07:06:17,07:06:32,0
ofLnCLGBqlPSHxiB_6HP7-07:00:00,SYN_102174,13,07:06:36,07:06:51,0
ofLnCLGBqlPSHxiB_6HP7-07:00:00,SYN_102175,14,07:06:54,07:07:09,0
ofLnCLGBqlPSHxiB_6HP7-07:00:00,SYN_102176,15,07:07:12,07:07:27,0
ofLnCLGBqlPSHxiB_6HP7-07:00:00,SYN_102177,16,07:07:34,07:07:49,0
ofLnCLGBqlPSHxiB_6HP7-07:00:00,SYN_102178,17,07:08:10,07:08:25,0
ofLnCLGBqlPSHxiB_6HP7-07:00:00,SYN_102179,18,07:08:45,07:09:00,0
ofLnCLGBqlPSHxiB_6HP7-07:00:00,SYN_102180,19,07:09:20,07:09:35,0
ofLnCLGBqlPSHxiB_6HP7-07:00:00,SYN_102181,20,07:09:55,07:10:10,0
ofLnCLGBqlPSHxiB_6HP7-07:00:00,SYN_102182,21,07:10:31,07:10:46,0
ofLnCLGBqlPSHxiB_6HP7-07:00:00,SYN_102183,22,07:11:06,07:11:21,0
ofLnCLGBqlPSHxiB_6HP7-07:00:00,SYN_102184,23,07:11:41,07:11:56,0
ofLnCLGBqlPSHxiB_6HP7-07:00:00,SYN_102185,24,07:12:16,07:12:31,0
ofLnCLGBqlPSHxiB_6HP7-07:00:00,SYN_102186,25,07:12:49,07:13:04,0
ofLnCLGBqlPSHxiB_6HP7-07:00:00,SYN_102187,26,07:13:06,07:13:21,0
ofLnCLGBqlPSHxiB_6HP7-07:00:00,SYN_102188,27,07:13:23,07:13:38,0
ofLnCLGBqlPSHxiB_6HP7-07:00:00,SYN_102189,28,07:13:40,07:13:55,0
ofLnCLGBqlPSHxiB_6HP7-07:00:00,SYN_102190,29,07:13:56,07:14:11,0
ofLnCLGBqlPSHxiB_6HP7-07:00:00,SYN_102191,30,07:14:13,07:14:28,0
ofLnCLGBqlPSHxiB_6HP7-07:00:00,SYN_102192,31,07:14:30,07:14:45,0
ofLnCLGBqlPSHxiB_6HP7-07:00:00,SYN_102193,32,07:14:47,07:15:02,0
ofLnCLGBqlPSHxiB_6HP7-07:00:00,SYN_102194,33,07:15:03,07:15:18,0
ofLnCLGBqlPSHxiB_6HP7-07:00:00,SYN_102195,34,07:15:20,07:15:35,0
ofLnCLGBqlPSHxiB_6HP7-07:00:00,SYN_102196,35,07:15:37,07:15:52,0
ofLnCLGBqlPSHxiB_6HP7-07:00:00,SYN_102197,36,07:16:03,07:16:18,0
ofLnCLGBqlPSHxiB_6HP7-07:00:00,SYN_102198,37,07:16:41,07:16:56,0
ofLnCLGBqlPSHxiB_6HP7-07:00:00,SYN_102199,38,07:17:19,07:17:34,0
ofLnCLGBqlPSHxiB_6HP7-07:00:00,SYN_102200,39,07:17:58,07:18:13,0
ofLnCLGBqlPSHxiB_6HP7-07:00:00,SYN_102201,40,07:18:36,07:18:51,0
ofLnCLGBqlPSHxiB_6HP7-07:00:00,SYN_102202,41,07:19:14,07:19:29,0
ofLnCLGBqlPSHxiB_6HP7-07:00:00,SYN_102203,42,07:19:53,07:20:08,0
ofLnCLGBqlPSHxiB_6HP7-07:00:00,SYN_102204,43,07:20:31,07:20:46,0
ofLnCLGBqlPSHxiB_6HP7-07:00:00,SYN_102205,44,07:21:09,07:21:24,0
ofLnCLGBqlPSHxiB_6HP7-07:00:00,SYN_102206,45,07:21:45,07:22:00,0
ofLnCLGBqlPSHxiB_6HP7-07:00:00,SYN_102207,46,07:22:14,07:22:29,0
ofLnCLGBqlPSHxiB_6HP7-07:00:00,SYN_102208,47,07:22:42,07:22:57,0
ofLnCLGBqlPSHxiB_6HP7-07:00:00,SYN_102209,48,07:23:11,07:23:26,0
ofLnCLGBqlPSHxiB_6HP7-07:00:00,SYN_102210,49,07:23:39,07:23:54,0
ofLnCLGBqlPSHxiB_6HP7-07:00:00,SYN_102211,50,07:24:08,07:24:23,0
ofLnCLGBqlPSHxiB_6HP7-07:00:00,SYN_102212,51,07:24:36,07:24:51,0
ofLnCLGBqlPSHxiB_6HP7-07:00:00,SYN_102213,52,07:25:05,07:25:20,0
ofLnCLGBqlPSHxiB_6HP7-07:00:00,SYN_102214,53,07:25:34,07:25:49,0
ofLnCLGBqlPSHxiB_6HP7-07:00:00,SYN_102215,54,07:26:02,07:26:17,0
ofLnCLGBqlPSHxiB_6HP7-07:00:00,SYN_102216,55,07:26:31,07:26:46,0
ofLnCLGBqlPSHxiB_6HP7-07:00:00,SYN_102217,56,07:27:06,07:27:21,0
ofLnCLGBqlPSHxiB_6HP7-07:00:00,SYN_102218,57,07:28:17,07:28:32,0
ofLnCLGBqlPSHxiB_6HP7-07:00:00,SYN_102219,58,07:30:06,07:30:21,0
ofLnCLGBqlPSHxiB_6HP7-07:00:00,SYN_102220,59,07:30:30,07:30:45,0
ofLnCLGBqlPSHxiB_6HP7-07:00:00,SYN_102221,60,07:30:54,07:31:09,0
ofLnCLGBqlPSHxiB_6HP7-07:00:00,SYN_102222,61,07:31:21,07:31:36,0
ofLnCLGBqlPSHxiB_6HP7-07:00:00,SYN_102223,62,07:31:52,07:32:07,0
ofLnCLGBqlPSHxiB_6HP7-07:00:00,SYN_102224,63,07:32:24,07:32:39,0
ofLnCLGBqlPSHxiB_6HP7-07:00:00,SYN_102225,64,07:32:55,07:33:10,0
ofLnCLGBqlPSHxiB_6HP7-07:00:00,SYN_102226,65,07:33:26,07:33:41,0
ofLnCLGBqlPSHxiB_6HP7-07:00:00,SYN_102227,66,07:33:57,07:34:12,0
ofLnCLGBqlPSHxiB_6HP7-07:00:00,SYN_102228,67,07:34:28,07:34:43,0
ofLnCLGBqlPSHxiB_6HP7-07:00:00,SYN_102229,68,07:35:00,07:35:15,0
ofLnCLGBqlPSHxiB_6HP7-07:00:00,SYN_102230,69,07:35:31,07:35:46,0
ofLnCLGBqlPSHxiB_6HP7-07:00:00,SYN_102231,70,07:36:02,07:36:17,0
ofLnCLGBqlPSHxiB_6HP7-07:00:00,SYN_102232,71,07:36:35,07:36:50,0
ofLnCLGBqlPSHxiB_6HP7-07:00:00,SYN_102233,72,07:37:16,07:37:31,0
ofLnCLGBqlPSHxiB_6HP7-07:00:00,SYN_102234,73,07:37:58,07:38:13,0
ofLnCLGBqlPSHxiB_6HP7-07:00:00,SYN_102235,74,07:38:55,07:39:10,0
wlRSKsJwTRTrfl4QBCwtY-07:00:00,SYN_102245,0,07:00:43,07:00:58,0
wlRSKsJwTRTrfl4QBCwtY-07:00:00,SYN_102246,1,07:01:52,07:02:07,0
wlRSKsJwTRTrfl4QBCwtY-07:00:00,SYN_102247,2,07:03:01,07:03:16,0
wlRSKsJwTRTrfl4QBCwtY-07:00:00,SYN_102248,3,07:04:11,07:04:26,0
wlRSKsJwTRTrfl4QBCwtY-07:00:00,SYN_102249,4,07:05:02,07:05:17,0
wlRSKsJwTRTrfl4QBCwtY-07:00:00,SYN_102250,5,07:06:33,07:06:48,0
wlRSKsJwTRTrfl4QBCwtY-07:00:00,SYN_102251,6,07:08:22,07:08:37,0
wlRSKsJwTRTrfl4QBCwtY-07:00:00,SYN_102252,7,07:11:36,07:11:51,0
wlRSKsJwTRTrfl4QBCwtY-07:00:00,SYN_102253,8,07:12:58,07:13:13,0
wlRSKsJwTRTrfl4QBCwtY-07:00:00,SYN_102254,9,07:13:48,07:14:03,0
wlRSKsJwTRTrfl4QBCwtY-07:00:00,SYN_102255,10,07:14:32,07:14:47,0
wlRSKsJwTRTrfl4QBCwtY-07:00:00,SYN_102256,11,07:14:59,07:15:14,0
wlRSKsJwTRTrfl4QBCwtY-07:00:00,SYN_102257,12,07:15:20,07:15:35,0
wlRSKsJwTRTrfl4QBCwtY-07:00:00,SYN_102258,13,07:15:41,07:15:56,0
wlRSKsJwTRTrfl4QBCwtY-07:00:00,SYN_102259,14,07:16:09,07:16:24,0
wlRSKsJwTRTrfl4QBCwtY-07:00:00,SYN_102260,15,07:17:07,07:17:22,0
wlRSKsJwTRTrfl4QBCwtY-07:00:00,SYN_102261,16,07:18:03,07:18:18,0
wlRSKsJwTRTrfl4QBCwtY-07:00:00,SYN_102262,17,07:18:58,07:19:13,0
wlRSKsJwTRTrfl4QBCwtY-07:00:00,SYN_102263,18,07:19:47,07:20:02,0
wlRSKsJwTRTrfl4QBCwtY-07:00:00,SYN_102264,19,07:20:32,07:20:47,0
wlRSKsJwTRTrfl4QBCwtY-07:00:00,SYN_102265,20,07:21:16,07:21:31,0
wlRSKsJwTRTrfl4QBCwtY-07:00:00,SYN_102266,21,07:22:00,07:22:15,0
wlRSKsJwTRTrfl4QBCwtY-07:00:00,SYN_102267,22,07:22:45,07:23:00,0
wlRSKsJwTRTrfl4QBCwtY-07:00:00,SYN_102268,23,07:23:29,07:23:44,0
RbB2w0p-_BgwRa6AbSa-b-07:00:00,SYN_102272,0,07:00:32,07:00:47,0
RbB2w0p-_BgwRa6AbSa-b-07:00:00,SYN_102273,1,07:01:31,07:01:46,0
RbB2w0p-_BgwRa6AbSa-b-07:00:00,SYN_102274,2,07:02:26,07:02:41,0
RbB2w0p-_BgwRa6AbSa-b-07:00:00,SYN_102275,3,07:03:13,07:03:28,0
RbB2w0p-_BgwRa6AbSa-b-07:00:00,SYN_102276,4,07:04:00,07:04:15,0
RbB2w0p-_BgwRa6AbSa-b-07:00:00,SYN_102277,5,07:05:31,07:05:46,0
RbB2w0p-_BgwRa6AbSa-b-07:00:00,SYN_102278,6,07:06:04,07:06:19,0
RbB2w0p-_BgwRa6AbSa-b-07:00:00,SYN_102279,7,07:06:38,07:06:53,0
RbB2w0p-_BgwRa6AbSa-b-07:00:00,SYN_102280,8,07:07:12,07:07:27,0
RbB2w0p-_BgwRa6AbSa-b-07:00:00,SYN_102281,9,07:07:44,07:07:59,0
RbB2w0p-_BgwRa6AbSa-b-07:00:00,SYN_102282,10,07:08:17,07:08:32,0
RbB2w0p-_BgwRa6AbSa-b-07:00:00,SYN_102283,11,07:08:51,07:09:06,0
RbB2w0p-_BgwRa6AbSa-b-07:00:00,SYN_102284,12,07:09:25,07:09:40,0
RbB2w0p-_BgwRa6AbSa-b-07:00:00,SYN_102285,13,07:10:00,07:10:15,0
RbB2w0p-_BgwRa6AbSa-b-07:00:00,SYN_102286,14,07:10:32,07:10:47,0
RbB2w0p-_BgwRa6AbSa-b-07:00:00,SYN_102287,15,07:11:03,07:11:18,0
RbB2w0p-_BgwRa6AbSa-b-07:00:00,SYN_102288,16,07:11:34,07:11:49,0
RbB2w0p-_BgwRa6AbSa-b-07:00:00,SYN_102289,17,07:12:05,07:12:20,0
RbB2w0p-_BgwRa6AbSa-b-07:00:00,SYN_102290,18,07:12:36,07:12:51,0
RbB2w0p-_BgwRa6AbSa-b-07:00:00,SYN_102291,19,07:13:09,07:13:24,0
RbB2w0p-_BgwRa6AbSa-b-07:00:00,SYN_102292,20,07:13:52,07:14:07,0
RbB2w0p-_BgwRa6AbSa-b-07:00:00,SYN_102293,21,07:14:34,07:14:49,0
RbB2w0p-_BgwRa6AbSa-b-07:00:00,SYN_102294,22,07:15:17,07:15:32,0
RbB2w0p-_BgwRa6AbSa-b-07:00:00,SYN_102295,23,07:16:52,07:17:07,0
RbB2w0p-_BgwRa6AbSa-b-07:00:00,SYN_102296,24,07:18:16,07:18:31,0
RbB2w0p-_BgwRa6AbSa-b-07:00:00,SYN_102297,25,07:18:46,07:19:01,0
RbB2w0p-_BgwRa6AbSa-b-07:00:00,SYN_102298,26,07:19:16,07:19:31,0
RbB2w0p-_BgwRa6AbSa-b-07:00:00,SYN_102299,27,07:19:46,07:20:01,0
RbB2w0p-_BgwRa6AbSa-b-07:00:00,SYN_102300,28,07:20:17,07:20:32,0
RbB2w0p-_BgwRa6AbSa-b-07:00:00,SYN_102301,29,07:20:47,07:21:02,0
RbB2w0p-_BgwRa6AbSa-b-07:00:00,SYN_102302,30,07:21:27,07:21:42,0
RbB2w0p-_BgwRa6AbSa-b-07:00:00,SYN_102303,31,07:22:14,07:22:29,0
RbB2w0p-_BgwRa6AbSa-b-07:00:00,SYN_102304,32,07:23:01,07:23:16,0
RbB2w0p-_BgwRa6AbSa-b-07:00:00,SYN_102305,33,07:23:46,07:24:01,0
RbB2w0p-_BgwRa6AbSa-b-07:00:00,SYN_102306,34,07:24:29,07:24:44,0
RbB2w0p-_BgwRa6AbSa-b-07:00:00,SYN_102307,35,07:25:12,07:25:27,0
RbB2w0p-_BgwRa6AbSa-b-07:00:00,SYN_102308,36,07:25:51,07:26:06,0
RbB2w0p-_BgwRa6AbSa-b-07:00:00,SYN_102309,37,07:26:30,07:26:45,0
RbB2w0p-_BgwRa6AbSa-b-07:00:00,SYN_102310,38,07:27:09,07:27:24,0
RbB2w0p-_BgwRa6AbSa-b-07:00:00,SYN_102311,39,07:27:50,07:28:05,0
RbB2w0p-_BgwRa6AbSa-b-07:00:00,SYN_102312,40,07:28:31,07:28:46,0
RbB2w0p-_BgwRa6AbSa-b-07:00:00,SYN_102313,41,07:29:12,07:29:27,0
RbB2w0p-_BgwRa6AbSa-b-07:00:00,SYN_102314,42,07:29:47,07:30:02,0
RbB2w0p-_BgwRa6AbSa-b-07:00:00,SYN_102315,43,07:30:08,07:30:23,0
RbB2w0p-_BgwRa6AbSa-b-07:00:00,SYN_102316,44,07:30:28,07:30:43,0
RbB2w0p-_BgwRa6AbSa-b-07:00:00,SYN_102317,45,07:30:49,07:31:04,0
RbB2w0p-_BgwRa6AbSa-b-07:00:00,SYN_102318,46,07:31:09,07:31:24,0
RbB2w0p-_BgwRa6AbSa-b-07:00:00,SYN_102319,47,07:32:12,07:32:27,0
RbB2w0p-_BgwRa6AbSa-b-07:00:00,SYN_102320,48,07:34:13,07:34:28,0
RbB2w0p-_BgwRa6AbSa-b-07:00:00,SYN_102321,49,07:36:14,07:36:29,0
RbB2w0p-_BgwRa6AbSa-b-07:00:00,SYN_102322,50,07:38:16,07:38:31,0
JjBliHamEx0YUxbao3vZS-07:00:00,SYN_102327,0,07:00:13,07:00:28,0
JjBliHamEx0YUxbao3vZS-07:00:00,SYN_102328,1,07:01:08,07:01:23,0
JjBliHamEx0YUxbao3vZS-07:00:00,SYN_102329,2,07:02:03,07:02:18,0
JjBliHamEx0YUxbao3vZS-07:00:00,SYN_102330,3,07:02:57,07:03:12,0
JjBliHamEx0YUxbao3vZS-07:00:00,SYN_102331,4,07:03:52,07:04:07,0
JjBliHamEx0YUxbao3vZS-07:00:00,SYN_102332,5,07:04:47,07:05:02,0
JjBliHamEx0YUxbao3vZS-07:00:00,SYN_102333,6,07:05:41,07:05:56,0
JjBliHamEx0YUxbao3vZS-07:00:00,SYN_102334,7,07:06:36,07:06:51,0
JjBliHamEx0YUxbao3vZS-07:00:00,SYN_102335,8,07:07:31,07:07:46,0
JjBliHamEx0YUxbao3vZS-07:00:00,SYN_102336,9,07:08:10,07:08:25,0
JjBliHamEx0YUxbao3vZS-07:00:00,SYN_102337,10,07:08:36,07:08:51,0
JjBliHamEx0YUxbao3vZS-07:00:00,SYN_102338,11,07:09:03,07:09:18,0
JjBliHamEx0YUxbao3vZS-07:00:00,SYN_102339,12,07:09:25,07:09:40,0
JjBliHamEx0YUxbao3vZS-07:00:00,SYN_102340,13,07:09:46,07:10:01,0
JjBliHamEx0YUxbao3vZS-07:00:00,SYN_102341,14,07:10:06,07:10:21,0
JjBliHamEx0YUxbao3vZS-07:00:00,SYN_102342,15,07:10:27,07:10:42,0
JjBliHamEx0YUxbao3vZS-07:00:00,SYN_102343,16,07:10:48,07:11:03,0
JjBliHamEx0YUxbao3vZS-07:00:00,SYN_102344,17,07:11:08,07:11:23,0
JjBliHamEx0YUxbao3vZS-07:00:00,SYN_102345,18,07:11:26,07:11:41,0
JjBliHamEx0YUxbao3vZS-07:00:00,SYN_102346,19,07:11:45,07:12:00,0
JjBliHamEx0YUxbao3vZS-07:00:00,SYN_102347,20,07:12:04,07:12:19,0
JjBliHamEx0YUxbao3vZS-07:00:00,SYN_102348,21,07:12:23,07:12:38,0
JjBliHamEx0YUxbao3vZS-07:00:00,SYN_102349,22,07:12:42,07:12:57,0
JjBliHamEx0YUxbao3vZS-07:00:00,SYN_102350,23,07:13:01,07:13:16,0
JjBliHamEx0YUxbao3vZS-07:00:00,SYN_102351,24,07:13:20,07:13:35,0
JjBliHamEx0YUxbao3vZS-07:00:00,SYN_102352,25,07:13:39,07:13:54,0
JjBliHamEx0YUxbao3vZS-07:00:00,SYN_102353,26,07:14:10,07:14:25,0
JjBliHamEx0YUxbao3vZS-07:00:00,SYN_102354,27,07:14:42,07:14:57,0
JjBliHamEx0YUxbao3vZS-07:00:00,SYN_102355,28,07:15:13,07:15:28,0
JjBliHamEx0YUxbao3vZS-07:00:00,SYN_102356,29,07:15:45,07:16:00,0
JjBliHamEx0YUxbao3vZS-07:00:00,SYN_102357,30,07:16:16,07:16:31,0
JjBliHamEx0YUxbao3vZS-07:00:00,SYN_102358,31,07:16:48,07:17:03,0
JjBliHamEx0YUxbao3vZS-07:00:00,SYN_102359,32,07:17:19,07:17:34,0
JjBliHamEx0YUxbao3vZS-07:00:00,SYN_102360,33,07:17:51,07:18:06,0
JjBliHamEx0YUxbao3vZS-07:00:00,SYN_102361,34,07:18:22,07:18:37,0
JjBliHamEx0YUxbao3vZS-07:00:00,SYN_102362,35,07:18:42,07:18:57,0
JjBliHamEx0YUxbao3vZS-07:00:00,SYN_102363,36,07:18:58,07:19:13,0
JjBliHamEx0YUxbao3vZS-07:00:00,SYN_102364,37,07:19:15,07:19:30,0
JjBliHamEx0YUxbao3vZS-07:00:00,SYN_102365,38,07:19:32,07:19:47,0
JjBliHamEx0YUxbao3vZS-07:00:00,SYN_102366,39,07:19:48,07:20:03,0
JjBliHamEx0YUxbao3vZS-07:00:00,SYN_102367,40,07:20:05,07:20:20,0
JjBliHamEx0YUxbao3vZS-07:00:00,SYN_102368,41,07:20:22,07:20:37,0
JjBliHamEx0YUxbao3vZS-07:00:00,SYN_102369,42,07:20:39,07:20:54,0
JjBliHamEx0YUxbao3vZS-07:00:00,SYN_102370,43,07:20:55,07:21:10,0
JjBliHamEx0YUxbao3vZS-07:00:00,SYN_102371,44,07:21:12,07:21:27,0
JjBliHamEx0YUxbao3vZS-07:00:00,SYN_102372,45,07:21:32,07:21:47,0
JjBliHamEx0YUxbao3vZS-07:00:00,SYN_102373,46,07:22:10,07:22:25,0
JjBliHamEx0YUxbao3vZS-07:00:00,SYN_102374,47,07:22:48,07:23:03,0
JjBliHamEx0YUxbao3vZS-07:00:00,SYN_102375,48,07:23:27,07:23:42,0
JjBliHamEx0YUxbao3vZS-07:00:00,SYN_102376,49,07:24:05,07:24:20,0
JjBliHamEx0YUxbao3vZS-07:00:00,SYN_102377,50,07:24:43,07:24:58,0
JjBliHamEx0YUxbao3vZS-07:00:00,SYN_102378,51,07:25:22,07:25:37,0
JjBliHamEx0YUxbao3vZS-07:00:00,SYN_102379,52,07:26:00,07:26:15,0
JjBliHamEx0YUxbao3vZS-07:00:00,SYN_102380,53,07:26:38,07:26:53,0
JjBliHamEx0YUxbao3vZS-07:00:00,SYN_102381,54,07:27:17,07:27:32,0
JjBliHamEx0YUxbao3vZS-07:00:00,SYN_102382,55,07:27:45,07:28:00,0
JjBliHamEx0YUxbao3vZS-07:00:00,SYN_102383,56,07:28:14,07:28:29,0
JjBliHamEx0YUxbao3vZS-07:00:00,SYN_102384,57,07:28:43,07:28:58,0
JjBliHamEx0YUxbao3vZS-07:00:00,SYN_102385,58,07:29:11,07:29:26,0
JjBliHamEx0YUxbao3vZS-07:00:00,SYN_102386,59,07:29:40,07:29:55,0
JjBliHamEx0YUxbao3vZS-07:00:00,SYN_102387,60,07:30:08,07:30:23,0
JjBliHamEx0YUxbao3vZS-07:00:00,SYN_102388,61,07:30:37,07:30:52,0
JjBliHamEx0YUxbao3vZS-07:00:00,SYN_102389,62,07:31:05,07:31:20,0
JjBliHamEx0YUxbao3vZS-07:00:00,SYN_102390,63,07:31:34,07:31:49,0
JjBliHamEx0YUxbao3vZS-07:00:00,SYN_102391,64,07:32:03,07:32:18,0
JjBliHamEx0YUxbao3vZS-07:00:00,SYN_102392,65,07:32:31,07:32:46,0
JjBliHamEx0YUxbao3vZS-07:00:00,SYN_102393,66,07:33:37,07:33:52,0
JjBliHamEx0YUxbao3vZS-07:00:00,SYN_102394,67,07:35:39,07:35:54,0
JjBliHamEx0YUxbao3vZS-07:00:00,SYN_102395,68,07:36:03,07:36:18,0
JjBliHamEx0YUxbao3vZS-07:00:00,SYN_102396,69,07:36:27,07:36:42,0
JjBliHamEx0YUxbao3vZS-07:00:00,SYN_102397,70,07:36:52,07:37:07,0
JjBliHamEx0YUxbao3vZS-07:00:00,SYN_102398,71,07:37:23,07:37:38,0
JjBliHamEx0YUxbao3vZS-07:00:00,SYN_102399,72,07:37:55,07:38:10,0
JjBliHamEx0YUxbao3vZS-07:00:00,SYN_102400,73,07:38:26,07:38:41,0
JjBliHamEx0YUxbao3vZS-07:00:00,SYN_102401,74,07:38:57,07:39:12,0
JjBliHamEx0YUxbao3vZS-07:00:00,SYN_102402,75,07:39:28,07:39:43,0
JjBliHamEx0YUxbao3vZS-07:00:00,SYN_102403,76,07:39:59,07:40:14,0
JjBliHamEx0YUxbao3vZS-07:00:00,SYN_102404,77,07:40:31,07:40:46,0
JjBliHamEx0YUxbao3vZS-07:00:00,SYN_102405,78,07:41:02,07:41:17,0
JjBliHamEx0YUxbao3vZS-07:00:00,SYN_102406,79,07:41:33,07:41:48,0
JjBliHamEx0YUxbao3vZS-07:00:00,SYN_102407,80,07:42:04,07:42:19,0
JjBliHamEx0YUxbao3vZS-07:00:00,SYN_102408,81,07:42:44,07:42:59,0
JjBliHamEx0YUxbao3vZS-07:00:00,SYN_102409,82,07:43:26,07:43:41,0
JjBliHamEx0YUxbao3vZS-07:00:00,SYN_102410,83,07:44:17,07:44:32,0
JjBliHamEx0YUxbao3vZS-07:00:00,SYN_102411,84,07:44:58,07:45:13,0
JjBliHamEx0YUxbao3vZS-07:00:00,SYN_102412,85,07:45:19,07:45:34,0
JjBliHamEx0YUxbao3vZS-07:00:00,SYN_102413,86,07:45:41,07:45:56,0
JjBliHamEx0YUxbao3vZS-07:00:00,SYN_102414,87,07:46:02,07:46:17,0
JjBliHamEx0YUxbao3vZS-07:00:00,SYN_102415,88,07:46:24,07:46:39,0
JjBliHamEx0YUxbao3vZS-07:00:00,SYN_102416,89,07:46:45,07:47:00,0
JjBliHamEx0YUxbao3vZS-07:00:00,SYN_102417,90,07:47:07,07:47:22,0
JjBliHamEx0YUxbao3vZS-07:00:00,SYN_102418,91,07:47:28,07:47:43,0
JjBliHamEx0YUxbao3vZS-07:00:00,SYN_102419,92,07:47:50,07:48:05,0
JjBliHamEx0YUxbao3vZS-07:00:00,SYN_102420,93,07:48:11,07:48:26,0
q_FpxkrHACQ0njq87xh7H-07:00:00,SYN_102423,0,07:00:25,07:00:40,0
q_FpxkrHACQ0njq87xh7H-07:00:00,SYN_102424,1,07:01:10,07:01:25,0
q_FpxkrHACQ0njq87xh7H-07:00:00,SYN_102425,2,07:01:55,07:02:10,0
q_FpxkrHACQ0njq87xh7H-07:00:00,SYN_102426,3,07:02:40,07:02:55,0
q_FpxkrHACQ0njq87xh7H-07:00:00,SYN_102427,4,07:03:31,07:03:46,0
q_FpxkrHACQ0njq87xh7H-07:00:00,SYN_102428,5,07:04:36,07:04:51,0
q_FpxkrHACQ0njq87xh7H-07:00:00,SYN_102429,6,07:05:42,07:05:57,0
q_FpxkrHACQ0njq87xh7H-07:00:00,SYN_102430,7,07:06:47,07:07:02,0
q_FpxkrHACQ0njq87xh7H-07:00:00,SYN_102431,8,07:07:53,07:08:08,0
q_FpxkrHACQ0njq87xh7H-07:00:00,SYN_102432,9,07:08:58,07:09:13,0
q_FpxkrHACQ0njq87xh7H-07:00:00,SYN_102433,10,07:10:04,07:10:19,0
q_FpxkrHACQ0njq87xh7H-07:00:00,SYN_102434,11,07:11:09,07:11:24,0
q_FpxkrHACQ0njq87xh7H-07:00:00,SYN_102435,12,07:12:12,07:12:27,0
q_FpxkrHACQ0njq87xh7H-07:00:00,SYN_102436,13,07:13:16,07:13:31,0
q_FpxkrHACQ0njq87xh7H-07:00:00,SYN_102437,14,07:14:16,07:14:31,0
q_FpxkrHACQ0njq87xh7H-07:00:00,SYN_102438,15,07:15:15,07:15:30,0
q_FpxkrHACQ0njq87xh7H-07:00:00,SYN_102439,16,07:16:02,07:16:17,0
q_FpxkrHACQ0njq87xh7H-07:00:00,SYN_102440,17,07:16:22,07:16:37,0
q_FpxkrHACQ0njq87xh7H-07:00:00,SYN_102441,18,07:16:43,07:16:58,0
q_FpxkrHACQ0njq87xh7H-07:00:00,SYN_102442,19,07:17:04,07:17:19,0
q_FpxkrHACQ0njq87xh7H-07:00:00,SYN_102443,20,07:17:57,07:18:12,0
q_FpxkrHACQ0njq87xh7H-07:00:00,SYN_102444,21,07:18:54,07:19:09,0
q_FpxkrHACQ0njq87xh7H-07:00:00,SYN_102445,22,07:19:49,07:20:04,0
q_FpxkrHACQ0njq87xh7H-07:00:00,SYN_102446,23,07:20:42,07:20:57,0
q_FpxkrHACQ0njq87xh7H-07:00:00,SYN_102447,24,07:21:26,07:21:41,0
q_FpxkrHACQ0njq87xh7H-07:00:00,SYN_102448,25,07:22:11,07:22:26,0
q_FpxkrHACQ0njq87xh7H-07:00:00,SYN_102449,26,07:22:55,07:23:10,0
q_FpxkrHACQ0njq87xh7H-07:00:00,SYN_102450,27,07:23:39,07:23:54,0
q_FpxkrHACQ0njq87xh7H-07:00:00,SYN_102451,28,07:24:23,07:24:38,0
q_FpxkrHACQ0njq87xh7H-07:00:00,SYN_102452,29,07:25:20,07:25:35,0
q_FpxkrHACQ0njq87xh7H-07:00:00,SYN_102453,30,07:26:30,07:26:45,0
q_FpxkrHACQ0njq87xh7H-07:00:00,SYN_102454,31,07:27:40,07:27:55,0
K63Xp_QNyqIIHRQrSOVNB-07:00:00,SYN_102457,0,07:00:10,07:00:25,0
K63Xp_QNyqIIHRQrSOVNB-07:00:00,SYN_102458,1,07:00:39,07:00:54,0
K63Xp_QNyqIIHRQrSOVNB-07:00:00,SYN_102459,2,07:01:08,07:01:23,0
K63Xp_QNyqIIHRQrSOVNB-07:00:00,SYN_102460,3,07:01:37,07:01:52,0
K63Xp_QNyqIIHRQrSOVNB-07:00:00,SYN_102461,4,07:02:06,07:02:21,0
K63Xp_QNyqIIHRQrSOVNB-07:00:00,SYN_102462,5,07:02:35,07:02:50,0
K63Xp_QNyqIIHRQrSOVNB-07:00:00,SYN_102463,6,07:03:04,07:03:19,0
K63Xp_QNyqIIHRQrSOVNB-07:00:00,SYN_102464,7,07:03:33,07:03:48,0
K63Xp_QNyqIIHRQrSOVNB-07:00:00,SYN_102465,8,07:04:02,07:04:17,0
K63Xp_QNyqIIHRQrSOVNB-07:00:00,SYN_102466,9,07:04:31,07:04:46,0
K63Xp_QNyqIIHRQrSOVNB-07:00:00,SYN_102467,10,07:05:00,07:05:15,0
K63Xp_QNyqIIHRQrSOVNB-07:00:00,SYN_102468,11,07:05:49,07:06:04,0
K63Xp_QNyqIIHRQrSOVNB-07:00:00,SYN_102469,12,07:07:16,07:07:31,0
K63Xp_QNyqIIHRQrSOVNB-07:00:00,SYN_102470,13,07:08:43,07:08:58,0
K63Xp_QNyqIIHRQrSOVNB-07:00:00,SYN_102471,14,07:09:47,07:10:02,0
K63Xp_QNyqIIHRQrSOVNB-07:00:00,SYN_102472,15,07:10:49,07:11:04,0
K63Xp_QNyqIIHRQrSOVNB-07:00:00,SYN_102473,16,07:11:51,07:12:06,0
K63Xp_QNyqIIHRQrSOVNB-07:00:00,SYN_102474,17,07:12:53,07:13:08,0
K63Xp_QNyqIIHRQrSOVNB-07:00:00,SYN_102475,18,07:13:55,07:14:10,0
K63Xp_QNyqIIHRQrSOVNB-07:00:00,SYN_102476,19,07:14:57,07:15:12,0
K63Xp_QNyqIIHRQrSOVNB-07:00:00,SYN_102477,20,07:15:59,07:16:14,0
K63Xp_QNyqIIHRQrSOVNB-07:00:00,SYN_102478,21,07:17:01,07:17:16,0
K63Xp_QNyqIIHRQrSOVNB-07:00:00,SYN_102479,22,07:18:03,07:18:18,0
K63Xp_QNyqIIHRQrSOVNB-07:00:00,SYN_102480,23,07:19:05,07:19:20,0
tL1NRyqKwJOCmUECmIQqO-07:00:00,SYN_102481,0,07:03:00,07:03:15,0
tL1NRyqKwJOCmUECmIQqO-07:00:00,SYN_102482,1,07:06:05,07:06:20,0
tL1NRyqKwJOCmUECmIQqO-07:00:00,SYN_102483,2,07:09:10,07:09:25,0
tL1NRyqKwJOCmUECmIQqO-07:00:00,SYN_102484,3,07:11:54,07:12:09,0
tL1NRyqKwJOCmUECmIQqO-07:00:00,SYN_102485,4,07:12:40,07:12:55,0
tL1NRyqKwJOCmUECmIQqO-07:00:00,SYN_102486,5,07:13:26,07:13:41,0
tL1NRyqKwJOCmUECmIQqO-07:00:00,SYN_102487,6,07:14:12,07:14:27,0
tL1NRyqKwJOCmUECmIQqO-07:00:00,SYN_102488,7,07:14:58,07:15:13,0
tL1NRyqKwJOCmUECmIQqO-07:00:00,SYN_102489,8,07:15:45,07:16:00,0
tL1NRyqKwJOCmUECmIQqO-07:00:00,SYN_102490,9,07:16:31,07:16:46,0
tL1NRyqKwJOCmUECmIQqO-07:00:00,SYN_102491,10,07:17:17,07:17:32,0
tL1NRyqKwJOCmUECmIQqO-07:00:00,SYN_102492,11,07:18:03,07:18:18,0
tL1NRyqKwJOCmUECmIQqO-07:00:00,SYN_102493,12,07:20:05,07:20:20,0
tL1NRyqKwJOCmUECmIQqO-07:00:00,SYN_102494,13,07:22:23,07:22:38,0
tL1NRyqKwJOCmUECmIQqO-07:00:00,SYN_102495,14,07:24:41,07:24:56,0
tL1NRyqKwJOCmUECmIQqO-07:00:00,SYN_102496,15,07:26:59,07:27:14,0
tL1NRyqKwJOCmUECmIQqO-07:00:00,SYN_102497,16,07:29:17,07:29:32,0
tL1NRyqKwJOCmUECmIQqO-07:00:00,SYN_102498,17,07:31:35,07:31:50,0
tL1NRyqKwJOCmUECmIQqO-07:00:00,SYN_102499,18,07:33:53,07:34:08,0
tL1NRyqKwJOCmUECmIQqO-07:00:00,SYN_102500,19,07:35:06,07:35:21,0
tL1NRyqKwJOCmUECmIQqO-07:00:00,SYN_102501,20,07:35:56,07:36:11,0
tL1NRyqKwJOCmUECmIQqO-07:00:00,SYN_102502,21,07:36:47,07:37:02,0
tL1NRyqKwJOCmUECmIQqO-07:00:00,SYN_102503,22,07:37:37,07:37:52,0
HcF2oktSKDVQXpBv7t2j3-07:00:00,SYN_102505,0,07:00:23,07:00:38,0
HcF2oktSKDVQXpBv7t2j3-07:00:00,SYN_102506,1,07:00:47,07:01:02,0
HcF2oktSKDVQXpBv7t2j3-07:00:00,SYN_102507,2,07:01:11,07:01:26,0
HcF2oktSKDVQXpBv7t2j3-07:00:00,SYN_102508,3,07:01:59,07:02:14,0
HcF2oktSKDVQXpBv7t2j3-07:00:00,SYN_102509,4,07:02:59,07:03:14,0
HcF2oktSKDVQXpBv7t2j3-07:00:00,SYN_102510,5,07:04:00,07:04:15,0
HcF2oktSKDVQXpBv7t2j3-07:00:00,SYN_102511,6,07:05:00,07:05:15,0
HcF2oktSKDVQXpBv7t2j3-07:00:00,SYN_102512,7,07:05:49,07:06:04,0
HcF2oktSKDVQXpBv7t2j3-07:00:00,SYN_102513,8,07:06:08,07:06:23,0
HcF2oktSKDVQXpBv7t2j3-07:00:00,SYN_102514,9,07:06:28,07:06:43,0
HcF2oktSKDVQXpBv7t2j3-07:00:00,SYN_102515,10,07:06:47,07:07:02,0
HcF2oktSKDVQXpBv7t2j3-07:00:00,SYN_102516,11,07:07:06,07:07:21,0
HcF2oktSKDVQXpBv7t2j3-07:00:00,SYN_102517,12,07:07:26,07:07:41,0
HcF2oktSKDVQXpBv7t2j3-07:00:00,SYN_102518,13,07:07:44,07:07:59,0
HcF2oktSKDVQXpBv7t2j3-07:00:00,SYN_102519,14,07:08:01,07:08:16,0
HcF2oktSKDVQXpBv7t2j3-07:00:00,SYN_102520,15,07:08:17,07:08:32,0
HcF2oktSKDVQXpBv7t2j3-07:00:00,SYN_102521,16,07:09:12,07:09:27,0
HcF2oktSKDVQXpBv7t2j3-07:00:00,SYN_102522,17,07:10:37,07:10:52,0
HcF2oktSKDVQXpBv7t2j3-07:00:00,SYN_102523,18,07:11:26,07:11:41,0
HcF2oktSKDVQXpBv7t2j3-07:00:00,SYN_102524,19,07:12:13,07:12:28,0
HcF2oktSKDVQXpBv7t2j3-07:00:00,SYN_102525,20,07:13:01,07:13:16,0
HcF2oktSKDVQXpBv7t2j3-07:00:00,SYN_102526,21,07:13:49,07:14:04,0
HcF2oktSKDVQXpBv7t2j3-07:00:00,SYN_102527,22,07:14:36,07:14:51,0
HcF2oktSKDVQXpBv7t2j3-07:00:00,SYN_102528,23,07:15:22,07:15:37,0
HcF2oktSKDVQXpBv7t2j3-07:00:00,SYN_102529,24,07:15:57,07:16:12,0
HcF2oktSKDVQXpBv7t2j3-07:00:00,SYN_102530,25,07:16:32,07:16:47,0
HcF2oktSKDVQXpBv7t2j3-07:00:00,SYN_102531,26,07:17:07,07:17:22,0
HcF2oktSKDVQXpBv7t2j3-07:00:00,SYN_102532,27,07:17:42,07:17:57,0
HcF2oktSKDVQXpBv7t2j3-07:00:00,SYN_102533,28,07:18:17,07:18:32,0
HcF2oktSKDVQXpBv7t2j3-07:00:00,SYN_102534,29,07:18:52,07:19:07,0
HcF2oktSKDVQXpBv7t2j3-07:00:00,SYN_102535,30,07:19:27,07:19:42,0
HcF2oktSKDVQXpBv7t2j3-07:00:00,SYN_102536,31,07:20:02,07:20:17,0
HcF2oktSKDVQXpBv7t2j3-07:00:00,SYN_102537,32,07:20:36,07:20:51,0
HcF2oktSKDVQXpBv7t2j3-07:00:00,SYN_102538,33,07:20:57,07:21:12,0
HcF2oktSKDVQXpBv7t2j3-07:00:00,SYN_102539,34,07:21:18,07:21:33,0
HcF2oktSKDVQXpBv7t2j3-07:00:00,SYN_102540,35,07:21:39,07:21:54,0
HcF2oktSKDVQXpBv7t2j3-07:00:00,SYN_102541,36,07:22:00,07:22:15,0
HcF2oktSKDVQXpBv7t2j3-07:00:00,SYN_102542,37,07:22:21,07:22:36,0
HcF2oktSKDVQXpBv7t2j3-07:00:00,SYN_102543,38,07:22:42,07:22:57,0
HcF2oktSKDVQXpBv7t2j3-07:00:00,SYN_102544,39,07:23:03,07:23:18,0
HcF2oktSKDVQXpBv7t2j3-07:00:00,SYN_102545,40,07:23:23,07:23:38,0
HcF2oktSKDVQXpBv7t2j3-07:00:00,SYN_102546,41,07:23:44,07:23:59,0
HcF2oktSKDVQXpBv7t2j3-07:00:00,SYN_102547,42,07:24:05,07:24:20,0
HcF2oktSKDVQXpBv7t2j3-07:00:00,SYN_102548,43,07:24:26,07:24:41,0
HcF2oktSKDVQXpBv7t2j3-07:00:00,SYN_102549,44,07:24:47,07:25:02,0
HcF2oktSKDVQXpBv7t2j3-07:00:00,SYN_102550,45,07:25:14,07:25:29,0
HcF2oktSKDVQXpBv7t2j3-07:00:00,SYN_102551,46,07:25:40,07:25:55,0
HcF2oktSKDVQXpBv7t2j3-07:00:00,SYN_102552,47,07:26:06,07:26:21,0
HcF2oktSKDVQXpBv7t2j3-07:00:00,SYN_102553,48,07:26:32,07:26:47,0
HcF2oktSKDVQXpBv7t2j3-07:00:00,SYN_102554,49,07:26:58,07:27:13,0
HcF2oktSKDVQXpBv7t2j3-07:00:00,SYN_102555,50,07:27:24,07:27:39,0
HcF2oktSKDVQXpBv7t2j3-07:00:00,SYN_102556,51,07:27:51,07:28:06,0
HcF2oktSKDVQXpBv7t2j3-07:00:00,SYN_102557,52,07:28:17,07:28:32,0
HcF2oktSKDVQXpBv7t2j3-07:00:00,SYN_102558,53,07:28:40,07:28:55,0
HcF2oktSKDVQXpBv7t2j3-07:00:00,SYN_102559,54,07:29:02,07:29:17,0
HcF2oktSKDVQXpBv7t2j3-07:00:00,SYN_102560,55,07:29:24,07:29:39,0
HcF2oktSKDVQXpBv7t2j3-07:00:00,SYN_102561,56,07:29:45,07:30:00,0
HcF2oktSKDVQXpBv7t2j3-07:00:00,SYN_102562,57,07:30:07,07:30:22,0
HcF2oktSKDVQXpBv7t2j3-07:00:00,SYN_102563,58,07:30:28,07:30:43,0
HcF2oktSKDVQXpBv7t2j3-07:00:00,SYN_102564,59,07:30:50,07:31:05,0
HcF2oktSKDVQXpBv7t2j3-07:00:00,SYN_102565,60,07:31:11,07:31:26,0
HcF2oktSKDVQXpBv7t2j3-07:00:00,SYN_102566,61,07:31:33,07:31:48,0
HcF2oktSKDVQXpBv7t2j3-07:00:00,SYN_102567,62,07:31:55,07:32:10,0
HcF2oktSKDVQXpBv7t2j3-07:00:00,SYN_102568,63,07:32:16,07:32:31,0
HcF2oktSKDVQXpBv7t2j3-07:00:00,SYN_102569,64,07:32:38,07:32:53,0
HcF2oktSKDVQXpBv7t2j3-07:00:00,SYN_102570,65,07:32:58,07:33:13,0
HcF2oktSKDVQXpBv7t2j3-07:00:00,SYN_102571,66,07:33:18,07:33:33,0
HcF2oktSKDVQXpBv7t2j3-07:00:00,SYN_102572,67,07:33:39,07:33:54,0
HcF2oktSKDVQXpBv7t2j3-07:00:00,SYN_102573,68,07:33:59,07:34:14,0
HcF2oktSKDVQXpBv7t2j3-07:00:00,SYN_102574,69,07:34:19,07:34:34,0
HcF2oktSKDVQXpBv7t2j3-07:00:00,SYN_102575,70,07:34:39,07:34:54,0
HcF2oktSKDVQXpBv7t2j3-07:00:00,SYN_102576,71,07:34:59,07:35:14,0
HcF2oktSKDVQXpBv7t2j3-07:00:00,SYN_102577,72,07:35:19,07:35:34,0
HcF2oktSKDVQXpBv7t2j3-07:00:00,SYN_102578,73,07:35:39,07:35:54,0
HcF2oktSKDVQXpBv7t2j3-07:00:00,SYN_102579,74,07:36:00,07:36:15,0
HcF2oktSKDVQXpBv7t2j3-07:00:00,SYN_102580,75,07:36:20,07:36:35,0
HcF2oktSKDVQXpBv7t2j3-07:00:00,SYN_102581,76,07:36:40,07:36:55,0
HcF2oktSKDVQXpBv7t2j3-07:00:00,SYN_102582,77,07:37:00,07:37:15,0
HcF2oktSKDVQXpBv7t2j3-07:00:00,SYN_102583,78,07:37:20,07:37:35,0
HcF2oktSKDVQXpBv7t2j3-07:00:00,SYN_102584,79,07:37:40,07:37:55,0
HcF2oktSKDVQXpBv7t2j3-07:00:00,SYN_102585,80,07:38:00,07:38:15,0
HcF2oktSKDVQXpBv7t2j3-07:00:00,SYN_102586,81,07:38:21,07:38:36,0
HcF2oktSKDVQXpBv7t2j3-07:00:00,SYN_102587,82,07:38:41,07:38:56,0
HcF2oktSKDVQXpBv7t2j3-07:00:00,SYN_102588,83,07:39:01,07:39:16,0
HcF2oktSKDVQXpBv7t2j3-07:00:00,SYN_102589,84,07:39:21,07:39:36,0
HcF2oktSKDVQXpBv7t2j3-07:00:00,SYN_102590,85,07:39:41,07:39:56,0
HcF2oktSKDVQXpBv7t2j3-07:00:00,SYN_102591,86,07:40:01,07:40:16,0
HcF2oktSKDVQXpBv7t2j3-07:00:00,SYN_102592,87,07:40:21,07:40:36,0
HcF2oktSKDVQXpBv7t2j3-07:00:00,SYN_102593,88,07:40:42,07:40:57,0
HcF2oktSKDVQXpBv7t2j3-07:00:00,SYN_102594,89,07:41:02,07:41:17,0
HcF2oktSKDVQXpBv7t2j3-07:00:00,SYN_102595,90,07:41:22,07:41:37,0
HcF2oktSKDVQXpBv7t2j3-07:00:00,SYN_102596,91,07:41:42,07:41:57,0
HcF2oktSKDVQXpBv7t2j3-07:00:00,SYN_102597,92,07:42:02,07:42:17,0
HcF2oktSKDVQXpBv7t2j3-07:00:00,SYN_102598,93,07:42:22,07:42:37,0
HcF2oktSKDVQXpBv7t2j3-07:00:00,SYN_102599,94,07:42:42,07:42:57,0
HcF2oktSKDVQXpBv7t2j3-07:00:00,SYN_102600,95,07:43:03,07:43:18,0
HcF2oktSKDVQXpBv7t2j3-07:00:00,SYN_102601,96,07:43:23,07:43:38,0
HcF2oktSKDVQXpBv7t2j3-07:00:00,SYN_102602,97,07:43:43,07:43:58,0
HcF2oktSKDVQXpBv7t2j3-07:00:00,SYN_102603,98,07:44:03,07:44:18,0
HcF2oktSKDVQXpBv7t2j3-07:00:00,SYN_102604,99,07:44:23,07:44:38,0
HcF2oktSKDVQXpBv7t2j3-07:00:00,SYN_102605,100,07:44:43,07:44:58,0
HcF2oktSKDVQXpBv7t2j3-07:00:00,SYN_102606,101,07:45:03,07:45:18,0
HcF2oktSKDVQXpBv7t2j3-07:00:00,SYN_102607,102,07:45:23,07:45:38,0
HcF2oktSKDVQXpBv7t2j3-07:00:00,SYN_102608,103,07:45:44,07:45:59,0
HcF2oktSKDVQXpBv7t2j3-07:00:00,SYN_102609,104,07:46:04,07:46:19,0
HcF2oktSKDVQXpBv7t2j3-07:00:00,SYN_102610,105,07:46:24,07:46:39,0
HcF2oktSKDVQXpBv7t2j3-07:00:00,SYN_102611,106,07:46:44,07:46:59,0
HcF2oktSKDVQXpBv7t2j3-07:00:00,SYN_102612,107,07:47:04,07:47:19,0
HcF2oktSKDVQXpBv7t2j3-07:00:00,SYN_102613,108,07:47:24,07:47:39,0
HcF2oktSKDVQXpBv7t2j3-07:00:00,SYN_102614,109,07:47:44,07:47:59,0
HcF2oktSKDVQXpBv7t2j3-07:00:00,SYN_102615,110,07:48:05,07:48:20,0
HcF2oktSKDVQXpBv7t2j3-07:00:00,SYN_102616,111,07:48:25,07:48:40,0
HcF2oktSKDVQXpBv7t2j3-07:00:00,SYN_102617,112,07:48:45,07:49:00,0
HcF2oktSKDVQXpBv7t2j3-07:00:00,SYN_102618,113,07:49:05,07:49:20,0
HcF2oktSKDVQXpBv7t2j3-07:00:00,SYN_102619,114,07:49:25,07:49:40,0
HcF2oktSKDVQXpBv7t2j3-07:00:00,SYN_102620,115,07:49:45,07:50:00,0
HcF2oktSKDVQXpBv7t2j3-07:00:00,SYN_102621,116,07:50:05,07:50:20,0
HcF2oktSKDVQXpBv7t2j3-07:00:00,SYN_102622,117,07:50:26,07:50:41,0
HcF2oktSKDVQXpBv7t2j3-07:00:00,SYN_102623,118,07:50:46,07:51:01,0
HcF2oktSKDVQXpBv7t2j3-07:00:00,SYN_102624,119,07:51:06,07:51:21,0
HcF2oktSKDVQXpBv7t2j3-07:00:00,SYN_102625,120,07:51:26,07:51:41,0
HcF2oktSKDVQXpBv7t2j3-07:00:00,SYN_102626,121,07:51:46,07:52:01,0
HcF2oktSKDVQXpBv7t2j3-07:00:00,SYN_102627,122,07:52:06,07:52:21,0
HcF2oktSKDVQXpBv7t2j3-07:00:00,SYN_102628,123,07:52:26,07:52:41,0
HcF2oktSKDVQXpBv7t2j3-07:00:00,SYN_102629,124,07:52:47,07:53:02,0
HcF2oktSKDVQXpBv7t2j3-07:00:00,SYN_102630,125,07:53:07,07:53:22,0
HcF2oktSKDVQXpBv7t2j3-07:00:00,SYN_102631,126,07:53:27,07:53:42,0
HcF2oktSKDVQXpBv7t2j3-07:00:00,SYN_102632,127,07:53:47,07:54:02,0
HcF2oktSKDVQXpBv7t2j3-07:00:00,SYN_102633,128,07:54:07,07:54:22,0
HcF2oktSKDVQXpBv7t2j3-07:00:00,SYN_102634,129,07:54:27,07:54:42,0
HcF2oktSKDVQXpBv7t2j3-07:00:00,SYN_102635,130,07:54:47,07:55:02,0
HcF2oktSKDVQXpBv7t2j3-07:00:00,SYN_102636,131,07:55:08,07:55:23,0
HcF2oktSKDVQXpBv7t2j3-07:00:00,SYN_102637,132,07:55:28,07:55:43,0
HcF2oktSKDVQXpBv7t2j3-07:00:00,SYN_102638,133,07:55:48,07:56:03,0
HcF2oktSKDVQXpBv7t2j3-07:00:00,SYN_102639,134,07:56:08,07:56:23,0
HcF2oktSKDVQXpBv7t2j3-07:00:00,SYN_102640,135,07:56:28,07:56:43,0
HcF2oktSKDVQXpBv7t2j3-07:00:00,SYN_102641,136,07:56:48,07:57:03,0
HcF2oktSKDVQXpBv7t2j3-07:00:00,SYN_102642,137,07:57:08,07:57:23,0
HcF2oktSKDVQXpBv7t2j3-07:00:00,SYN_102643,138,07:57:29,07:57:44,0
HcF2oktSKDVQXpBv7t2j3-07:00:00,SYN_102644,139,07:57:49,07:58:04,0
HcF2oktSKDVQXpBv7t2j3-07:00:00,SYN_102645,140,07:58:07,07:58:22,0
HcF2oktSKDVQXpBv7t2j3-07:00:00,SYN_102646,141,07:58:25,07:58:40,0
HcF2oktSKDVQXpBv7t2j3-07:00:00,SYN_102647,142,07:58:42,07:58:57,0
HcF2oktSKDVQXpBv7t2j3-07:00:00,SYN_102648,143,07:59:00,07:59:15,0
HcF2oktSKDVQXpBv7t2j3-07:00:00,SYN_102649,144,07:59:18,07:59:33,0
HcF2oktSKDVQXpBv7t2j3-07:00:00,SYN_102650,145,07:59:57,08:00:12,0
HcF2oktSKDVQXpBv7t2j3-07:00:00,SYN_102651,146,08:00:37,08:00:52,0
HcF2oktSKDVQXpBv7t2j3-07:00:00,SYN_102652,147,08:01:17,08:01:32,0
HcF2oktSKDVQXpBv7t2j3-07:00:00,SYN_102653,148,08:01:56,08:02:11,0
HcF2oktSKDVQXpBv7t2j3-07:00:00,SYN_102654,149,08:02:36,08:02:51,0
HcF2oktSKDVQXpBv7t2j3-07:00:00,SYN_102655,150,08:03:16,08:03:31,0
HcF2oktSKDVQXpBv7t2j3-07:00:00,SYN_102656,151,08:03:58,08:04:13,0
HcF2oktSKDVQXpBv7t2j3-07:00:00,SYN_102657,152,08:04:44,08:04:59,0
HcF2oktSKDVQXpBv7t2j3-07:00:00,SYN_102658,153,08:05:31,08:05:46,0
HcF2oktSKDVQXpBv7t2j3-07:00:00,SYN_102659,154,08:06:18,08:06:33,0
HcF2oktSKDVQXpBv7t2j3-07:00:00,SYN_102660,155,08:06:48,08:07:03,0
HcF2oktSKDVQXpBv7t2j3-07:00:00,SYN_102661,156,08:07:14,08:07:29,0
HcF2oktSKDVQXpBv7t2j3-07:00:00,SYN_102662,157,08:07:41,08:07:56,0
HcF2oktSKDVQXpBv7t2j3-07:00:00,SYN_102663,158,08:08:48,08:09:03,0
HcF2oktSKDVQXpBv7t2j3-07:00:00,SYN_102664,159,08:10:07,08:10:22,0
HcF2oktSKDVQXpBv7t2j3-07:00:00,SYN_102665,160,08:11:25,08:11:40,0
HcF2oktSKDVQXpBv7t2j3-07:00:00,SYN_102666,161,08:12:44,08:12:59,0
HcF2oktSKDVQXpBv7t2j3-07:00:00,SYN_102667,162,08:13:59,08:14:14,0
HcF2oktSKDVQXpBv7t2j3-07:00:00,SYN_102668,163,08:15:01,08:15:16,0
HcF2oktSKDVQXpBv7t2j3-07:00:00,SYN_102669,164,08:16:10,08:16:25,0
6OIx6bTrieeeSM5cAiCs--07:00:00,SYN_102672,0,07:00:18,07:00:33,0
6OIx6bTrieeeSM5cAiCs--07:00:00,SYN_102673,1,07:00:38,07:00:53,0
6OIx6bTrieeeSM5cAiCs--07:00:00,SYN_102674,2,07:00:58,07:01:13,0
6OIx6bTrieeeSM5cAiCs--07:00:00,SYN_102675,3,07:01:19,07:01:34,0
6OIx6bTrieeeSM5cAiCs--07:00:00,SYN_102676,4,07:01:39,07:01:54,0
6OIx6bTrieeeSM5cAiCs--07:00:00,SYN_102677,5,07:01:59,07:02:14,0
6OIx6bTrieeeSM5cAiCs--07:00:00,SYN_102678,6,07:02:19,07:02:34,0
6OIx6bTrieeeSM5cAiCs--07:00:00,SYN_102679,7,07:02:39,07:02:54,0
6OIx6bTrieeeSM5cAiCs--07:00:00,SYN_102680,8,07:02:59,07:03:14,0
6OIx6bTrieeeSM5cAiCs--07:00:00,SYN_102681,9,07:03:19,07:03:34,0
6OIx6bTrieeeSM5cAiCs--07:00:00,SYN_102682,10,07:03:40,07:03:55,0
6OIx6bTrieeeSM5cAiCs--07:00:00,SYN_102683,11,07:04:00,07:04:15,0
6OIx6bTrieeeSM5cAiCs--07:00:00,SYN_102684,12,07:04:20,07:04:35,0
6OIx6bTrieeeSM5cAiCs--07:00:00,SYN_102685,13,07:04:40,07:04:55,0
6OIx6bTrieeeSM5cAiCs--07:00:00,SYN_102686,14,07:05:00,07:05:15,0
6OIx6bTrieeeSM5cAiCs--07:00:00,SYN_102687,15,07:05:20,07:05:35,0
6OIx6bTrieeeSM5cAiCs--07:00:00,SYN_102688,16,07:05:40,07:05:55,0
6OIx6bTrieeeSM5cAiCs--07:00:00,SYN_102689,17,07:06:01,07:06:16,0
6OIx6bTrieeeSM5cAiCs--07:00:00,SYN_102690,18,07:06:21,07:06:36,0
6OIx6bTrieeeSM5cAiCs--07:00:00,SYN_102691,19,07:06:41,07:06:56,0
6OIx6bTrieeeSM5cAiCs--07:00:00,SYN_102692,20,07:07:01,07:07:16,0
6OIx6bTrieeeSM5cAiCs--07:00:00,SYN_102693,21,07:07:21,07:07:36,0
6OIx6bTrieeeSM5cAiCs--07:00:00,SYN_102694,22,07:07:41,07:07:56,0
6OIx6bTrieeeSM5cAiCs--07:00:00,SYN_102695,23,07:08:01,07:08:16,0
6OIx6bTrieeeSM5cAiCs--07:00:00,SYN_102696,24,07:08:21,07:08:36,0
6OIx6bTrieeeSM5cAiCs--07:00:00,SYN_102697,25,07:08:42,07:08:57,0
6OIx6bTrieeeSM5cAiCs--07:00:00,SYN_102698,26,07:09:02,07:09:17,0
6OIx6bTrieeeSM5cAiCs--07:00:00,SYN_102699,27,07:09:22,07:09:37,0
6OIx6bTrieeeSM5cAiCs--07:00:00,SYN_102700,28,07:09:42,07:09:57,0
6OIx6bTrieeeSM5cAiCs--07:00:00,SYN_102701,29,07:10:02,07:10:17,0
6OIx6bTrieeeSM5cAiCs--07:00:00,SYN_102702,30,07:10:22,07:10:37,0
6OIx6bTrieeeSM5cAiCs--07:00:00,SYN_102703,31,07:10:42,07:10:57,0
6OIx6bTrieeeSM5cAiCs--07:00:00,SYN_102704,32,07:11:03,07:11:18,0
6OIx6bTrieeeSM5cAiCs--07:00:00,SYN_102705,33,07:11:23,07:11:38,0
6OIx6bTrieeeSM5cAiCs--07:00:00,SYN_102706,34,07:11:43,07:11:58,0
6OIx6bTrieeeSM5cAiCs--07:00:00,SYN_102707,35,07:12:03,07:12:18,0
6OIx6bTrieeeSM5cAiCs--07:00:00,SYN_102708,36,07:12:23,07:12:38,0
6OIx6bTrieeeSM5cAiCs--07:00:00,SYN_102709,37,07:12:43,07:12:58,0
6OIx6bTrieeeSM5cAiCs--07:00:00,SYN_102710,38,07:13:03,07:13:18,0
6OIx6bTrieeeSM5cAiCs--07:00:00,SYN_102711,39,07:13:23,07:13:38,0
6OIx6bTrieeeSM5cAiCs--07:00:00,SYN_102712,40,07:13:44,07:13:59,0
6OIx6bTrieeeSM5cAiCs--07:00:00,SYN_102713,41,07:14:04,07:14:19,0
6OIx6bTrieeeSM5cAiCs--07:00:00,SYN_102714,42,07:14:24,07:14:39,0
6OIx6bTrieeeSM5cAiCs--07:00:00,SYN_102715,43,07:14:44,07:14:59,0
6OIx6bTrieeeSM5cAiCs--07:00:00,SYN_102716,44,07:15:04,07:15:19,0
6OIx6bTrieeeSM5cAiCs--07:00:00,SYN_102717,45,07:15:24,07:15:39,0
6OIx6bTrieeeSM5cAiCs--07:00:00,SYN_102718,46,07:15:44,07:15:59,0
6OIx6bTrieeeSM5cAiCs--07:00:00,SYN_102719,47,07:16:05,07:16:20,0
6OIx6bTrieeeSM5cAiCs--07:00:00,SYN_102720,48,07:16:25,07:16:40,0
6OIx6bTrieeeSM5cAiCs--07:00:00,SYN_102721,49,07:16:45,07:17:00,0
6OIx6bTrieeeSM5cAiCs--07:00:00,SYN_102722,50,07:17:05,07:17:20,0
6OIx6bTrieeeSM5cAiCs--07:00:00,SYN_102723,51,07:17:25,07:17:40,0
6OIx6bTrieeeSM5cAiCs--07:00:00,SYN_102724,52,07:17:45,07:18:00,0
6OIx6bTrieeeSM5cAiCs--07:00:00,SYN_102725,53,07:18:05,07:18:20,0
6OIx6bTrieeeSM5cAiCs--07:00:00,SYN_102726,54,07:18:26,07:18:41,0
6OIx6bTrieeeSM5cAiCs--07:00:00,SYN_102727,55,07:18:46,07:19:01,0
6OIx6bTrieeeSM5cAiCs--07:00:00,SYN_102728,56,07:19:06,07:19:21,0
6OIx6bTrieeeSM5cAiCs--07:00:00,SYN_102729,57,07:19:26,07:19:41,0
6OIx6bTrieeeSM5cAiCs--07:00:00,SYN_102730,58,07:19:46,07:20:01,0
6OIx6bTrieeeSM5cAiCs--07:00:00,SYN_102731,59,07:20:06,07:20:21,0
6OIx6bTrieeeSM5cAiCs--07:00:00,SYN_102732,60,07:20:26,07:20:41,0
6OIx6bTrieeeSM5cAiCs--07:00:00,SYN_102733,61,07:20:46,07:21:01,0
6OIx6bTrieeeSM5cAiCs--07:00:00,SYN_102734,62,07:21:07,07:21:22,0
6OIx6bTrieeeSM5cAiCs--07:00:00,SYN_102735,63,07:21:27,07:21:42,0
6OIx6bTrieeeSM5cAiCs--07:00:00,SYN_102736,64,07:21:47,07:22:02,0
6OIx6bTrieeeSM5cAiCs--07:00:00,SYN_102737,65,07:22:07,07:22:22,0
6OIx6bTrieeeSM5cAiCs--07:00:00,SYN_102738,66,07:22:27,07:22:42,0
6OIx6bTrieeeSM5cAiCs--07:00:00,SYN_102739,67,07:22:47,07:23:02,0
6OIx6bTrieeeSM5cAiCs--07:00:00,SYN_102740,68,07:23:07,07:23:22,0
6OIx6bTrieeeSM5cAiCs--07:00:00,SYN_102741,69,07:23:28,07:23:43,0
6OIx6bTrieeeSM5cAiCs--07:00:00,SYN_102742,70,07:23:48,07:24:03,0
6OIx6bTrieeeSM5cAiCs--07:00:00,SYN_102743,71,07:24:07,07:24:22,0
6OIx6bTrieeeSM5cAiCs--07:00:00,SYN_102744,72,07:24:25,07:24:40,0
6OIx6bTrieeeSM5cAiCs--07:00:00,SYN_102745,73,07:24:42,07:24:57,0
6OIx6bTrieeeSM5cAiCs--07:00:00,SYN_102746,74,07:25:00,07:25:15,0
6OIx6bTrieeeSM5cAiCs--07:00:00,SYN_102747,75,07:25:18,07:25:33,0
6OIx6bTrieeeSM5cAiCs--07:00:00,SYN_102748,76,07:25:48,07:26:03,0
6OIx6bTrieeeSM5cAiCs--07:00:00,SYN_102749,77,07:26:28,07:26:43,0
6OIx6bTrieeeSM5cAiCs--07:00:00,SYN_102750,78,07:27:08,07:27:23,0
6OIx6bTrieeeSM5cAiCs--07:00:00,SYN_102751,79,07:27:48,07:28:03,0
6OIx6bTrieeeSM5cAiCs--07:00:00,SYN_102752,80,07:28:28,07:28:43,0
6OIx6bTrieeeSM5cAiCs--07:00:00,SYN_102753,81,07:29:07,07:29:22,0
6OIx6bTrieeeSM5cAiCs--07:00:00,SYN_102754,82,07:29:47,07:30:02,0
6OIx6bTrieeeSM5cAiCs--07:00:00,SYN_102755,83,07:30:33,07:30:48,0
6OIx6bTrieeeSM5cAiCs--07:00:00,SYN_102756,84,07:31:19,07:31:34,0
6OIx6bTrieeeSM5cAiCs--07:00:00,SYN_102757,85,07:32:06,07:32:21,0
6OIx6bTrieeeSM5cAiCs--07:00:00,SYN_102758,86,07:32:44,07:32:59,0
6OIx6bTrieeeSM5cAiCs--07:00:00,SYN_102759,87,07:33:11,07:33:26,0
6OIx6bTrieeeSM5cAiCs--07:00:00,SYN_102760,88,07:33:37,07:33:52,0
6OIx6bTrieeeSM5cAiCs--07:00:00,SYN_102761,89,07:34:24,07:34:39,0
6OIx6bTrieeeSM5cAiCs--07:00:00,SYN_102762,90,07:35:42,07:35:57,0
6OIx6bTrieeeSM5cAiCs--07:00:00,SYN_102763,91,07:37:01,07:37:16,0
6OIx6bTrieeeSM5cAiCs--07:00:00,SYN_102764,92,07:38:20,07:38:35,0
6OIx6bTrieeeSM5cAiCs--07:00:00,SYN_102765,93,07:39:39,07:39:54,0
6OIx6bTrieeeSM5cAiCs--07:00:00,SYN_102766,94,07:40:43,07:40:58,0
xxgi7P3OGoDShZ0IAQUyL-07:00:00,SYN_102767,0,07:00:23,07:00:38,0
xxgi7P3OGoDShZ0IAQUyL-07:00:00,SYN_102768,1,07:01:26,07:01:41,0
xxgi7P3OGoDShZ0IAQUyL-07:00:00,SYN_102769,2,07:02:28,07:02:43,0
xxgi7P3OGoDShZ0IAQUyL-07:00:00,SYN_102770,3,07:03:31,07:03:46,0
xxgi7P3OGoDShZ0IAQUyL-07:00:00,SYN_102771,4,07:04:34,07:04:49,0
xxgi7P3OGoDShZ0IAQUyL-07:00:00,SYN_102772,5,07:05:36,07:05:51,0
xxgi7P3OGoDShZ0IAQUyL-07:00:00,SYN_102773,6,07:06:11,07:06:26,0
xxgi7P3OGoDShZ0IAQUyL-07:00:00,SYN_102774,7,07:06:43,07:06:58,0
xxgi7P3OGoDShZ0IAQUyL-07:00:00,SYN_102775,8,07:07:15,07:07:30,0
xxgi7P3OGoDShZ0IAQUyL-07:00:00,SYN_102776,9,07:07:47,07:08:02,0
xxgi7P3OGoDShZ0IAQUyL-07:00:00,SYN_102777,10,07:08:19,07:08:34,0
xxgi7P3OGoDShZ0IAQUyL-07:00:00,SYN_102778,11,07:08:48,07:09:03,0
xxgi7P3OGoDShZ0IAQUyL-07:00:00,SYN_102779,12,07:09:17,07:09:32,0
xxgi7P3OGoDShZ0IAQUyL-07:00:00,SYN_102780,13,07:09:45,07:10:00,0
xxgi7P3OGoDShZ0IAQUyL-07:00:00,SYN_102781,14,07:10:15,07:10:30,0
xxgi7P3OGoDShZ0IAQUyL-07:00:00,SYN_102782,15,07:10:50,07:11:05,0
xxgi7P3OGoDShZ0IAQUyL-07:00:00,SYN_102783,16,07:11:25,07:11:40,0
xxgi7P3OGoDShZ0IAQUyL-07:00:00,SYN_102784,17,07:12:00,07:12:15,0
xxgi7P3OGoDShZ0IAQUyL-07:00:00,SYN_102785,18,07:12:35,07:12:50,0
xxgi7P3OGoDShZ0IAQUyL-07:00:00,SYN_102786,19,07:13:10,07:13:25,0
xxgi7P3OGoDShZ0IAQUyL-07:00:00,SYN_102787,20,07:13:45,07:14:00,0
xxgi7P3OGoDShZ0IAQUyL-07:00:00,SYN_102788,21,07:14:08,07:14:23,0
xxgi7P3OGoDShZ0IAQUyL-07:00:00,SYN_102789,22,07:14:30,07:14:45,0
xxgi7P3OGoDShZ0IAQUyL-07:00:00,SYN_102790,23,07:14:53,07:15:08,0
xxgi7P3OGoDShZ0IAQUyL-07:00:00,SYN_102791,24,07:15:15,07:15:30,0
xxgi7P3OGoDShZ0IAQUyL-07:00:00,SYN_102792,25,07:15:36,07:15:51,0
xxgi7P3OGoDShZ0IAQUyL-07:00:00,SYN_102793,26,07:15:58,07:16:13,0
xxgi7P3OGoDShZ0IAQUyL-07:00:00,SYN_102794,27,07:16:19,07:16:34,0
xxgi7P3OGoDShZ0IAQUyL-07:00:00,SYN_102795,28,07:16:41,07:16:56,0
xxgi7P3OGoDShZ0IAQUyL-07:00:00,SYN_102796,29,07:17:02,07:17:17,0
xxgi7P3OGoDShZ0IAQUyL-07:00:00,SYN_102797,30,07:17:24,07:17:39,0
xxgi7P3OGoDShZ0IAQUyL-07:00:00,SYN_102798,31,07:17:45,07:18:00,0
xxgi7P3OGoDShZ0IAQUyL-07:00:00,SYN_102799,32,07:18:06,07:18:21,0
xxgi7P3OGoDShZ0IAQUyL-07:00:00,SYN_102800,33,07:18:28,07:18:43,0
xxgi7P3OGoDShZ0IAQUyL-07:00:00,SYN_102801,34,07:18:49,07:19:04,0
xxgi7P3OGoDShZ0IAQUyL-07:00:00,SYN_102802,35,07:19:11,07:19:26,0
xxgi7P3OGoDShZ0IAQUyL-07:00:00,SYN_102803,36,07:19:32,07:19:47,0
xxgi7P3OGoDShZ0IAQUyL-07:00:00,SYN_102804,37,07:19:54,07:20:09,0
xxgi7P3OGoDShZ0IAQUyL-07:00:00,SYN_102805,38,07:20:15,07:20:30,0
xxgi7P3OGoDShZ0IAQUyL-07:00:00,SYN_102806,39,07:20:38,07:20:53,0
xxgi7P3OGoDShZ0IAQUyL-07:00:00,SYN_102807,40,07:21:02,07:21:17,0
xxgi7P3OGoDShZ0IAQUyL-07:00:00,SYN_102808,41,07:21:26,07:21:41,0
xxgi7P3OGoDShZ0IAQUyL-07:00:00,SYN_102809,42,07:21:50,07:22:05,0
xxgi7P3OGoDShZ0IAQUyL-07:00:00,SYN_102810,43,07:22:14,07:22:29,0
xxgi7P3OGoDShZ0IAQUyL-07:00:00,SYN_102811,44,07:22:38,07:22:53,0
xxgi7P3OGoDShZ0IAQUyL-07:00:00,SYN_102812,45,07:23:02,07:23:17,0
xxgi7P3OGoDShZ0IAQUyL-07:00:00,SYN_102813,46,07:23:26,07:23:41,0
xxgi7P3OGoDShZ0IAQUyL-07:00:00,SYN_102814,47,07:23:50,07:24:05,0
xxgi7P3OGoDShZ0IAQUyL-07:00:00,SYN_102815,48,07:24:14,07:24:29,0
xxgi7P3OGoDShZ0IAQUyL-07:00:00,SYN_102816,49,07:24:38,07:24:53,0
xxgi7P3OGoDShZ0IAQUyL-07:00:00,SYN_102817,50,07:25:02,07:25:17,0
xxgi7P3OGoDShZ0IAQUyL-07:00:00,SYN_102818,51,07:25:26,07:25:41,0
xxgi7P3OGoDShZ0IAQUyL-07:00:00,SYN_102819,52,07:25:50,07:26:05,0
xxgi7P3OGoDShZ0IAQUyL-07:00:00,SYN_102820,53,07:26:14,07:26:29,0
xxgi7P3OGoDShZ0IAQUyL-07:00:00,SYN_102821,54,07:26:38,07:26:53,0
xxgi7P3OGoDShZ0IAQUyL-07:00:00,SYN_102822,55,07:27:02,07:27:17,0
xxgi7P3OGoDShZ0IAQUyL-07:00:00,SYN_102823,56,07:27:26,07:27:41,0
xxgi7P3OGoDShZ0IAQUyL-07:00:00,SYN_102824,57,07:27:50,07:28:05,0
xxgi7P3OGoDShZ0IAQUyL-07:00:00,SYN_102825,58,07:28:14,07:28:29,0
xxgi7P3OGoDShZ0IAQUyL-07:00:00,SYN_102826,59,07:28:38,07:28:53,0
xxgi7P3OGoDShZ0IAQUyL-07:00:00,SYN_102827,60,07:28:56,07:29:11,0
xxgi7P3OGoDShZ0IAQUyL-07:00:00,SYN_102828,61,07:29:12,07:29:27,0
xxgi7P3OGoDShZ0IAQUyL-07:00:00,SYN_102829,62,07:29:28,07:29:43,0
xxgi7P3OGoDShZ0IAQUyL-07:00:00,SYN_102830,63,07:29:45,07:30:00,0
xxgi7P3OGoDShZ0IAQUyL-07:00:00,SYN_102831,64,07:30:01,07:30:16,0
xxgi7P3OGoDShZ0IAQUyL-07:00:00,SYN_102832,65,07:30:32,07:30:47,0
xxgi7P3OGoDShZ0IAQUyL-07:00:00,SYN_102833,66,07:31:12,07:31:27,0
xxgi7P3OGoDShZ0IAQUyL-07:00:00,SYN_102834,67,07:31:51,07:32:06,0
xxgi7P3OGoDShZ0IAQUyL-07:00:00,SYN_102835,68,07:32:31,07:32:46,0
xxgi7P3OGoDShZ0IAQUyL-07:00:00,SYN_102836,69,07:33:11,07:33:26,0
xxgi7P3OGoDShZ0IAQUyL-07:00:00,SYN_102837,70,07:33:51,07:34:06,0
xxgi7P3OGoDShZ0IAQUyL-07:00:00,SYN_102838,71,07:34:31,07:34:46,0
xxgi7P3OGoDShZ0IAQUyL-07:00:00,SYN_102839,72,07:35:17,07:35:32,0
xxgi7P3OGoDShZ0IAQUyL-07:00:00,SYN_102840,73,07:36:03,07:36:18,0
xxgi7P3OGoDShZ0IAQUyL-07:00:00,SYN_102841,74,07:36:50,07:37:05,0
xxgi7P3OGoDShZ0IAQUyL-07:00:00,SYN_102842,75,07:37:27,07:37:42,0
xxgi7P3OGoDShZ0IAQUyL-07:00:00,SYN_102843,76,07:37:54,07:38:09,0
xxgi7P3OGoDShZ0IAQUyL-07:00:00,SYN_102844,77,07:38:20,07:38:35,0
xxgi7P3OGoDShZ0IAQUyL-07:00:00,SYN_102845,78,07:39:09,07:39:24,0
xxgi7P3OGoDShZ0IAQUyL-07:00:00,SYN_102846,79,07:40:28,07:40:43,0
xxgi7P3OGoDShZ0IAQUyL-07:00:00,SYN_102847,80,07:41:47,07:42:02,0
xxgi7P3OGoDShZ0IAQUyL-07:00:00,SYN_102848,81,07:43:06,07:43:21,0
xxgi7P3OGoDShZ0IAQUyL-07:00:00,SYN_102849,82,07:44:24,07:44:39,0
xxgi7P3OGoDShZ0IAQUyL-07:00:00,SYN_102850,83,07:45:29,07:45:44,0
xxgi7P3OGoDShZ0IAQUyL-07:00:00,SYN_102851,84,07:46:34,07:46:49,0
QyDZF4yDNAntbYpYmjfxj-07:00:00,SYN_102852,0,07:01:26,07:01:41,0
QyDZF4yDNAntbYpYmjfxj-07:00:00,SYN_102853,1,07:02:52,07:03:07,0
QyDZF4yDNAntbYpYmjfxj-07:00:00,SYN_102854,2,07:04:18,07:04:33,0
QyDZF4yDNAntbYpYmjfxj-07:00:00,SYN_102855,3,07:05:43,07:05:58,0
QyDZF4yDNAntbYpYmjfxj-07:00:00,SYN_102856,4,07:06:24,07:06:39,0
QyDZF4yDNAntbYpYmjfxj-07:00:00,SYN_102857,5,07:07:06,07:07:21,0
QyDZF4yDNAntbYpYmjfxj-07:00:00,SYN_102858,6,07:07:47,07:08:02,0
QyDZF4yDNAntbYpYmjfxj-07:00:00,SYN_102859,7,07:08:28,07:08:43,0
QyDZF4yDNAntbYpYmjfxj-07:00:00,SYN_102860,8,07:08:53,07:09:08,0
QyDZF4yDNAntbYpYmjfxj-07:00:00,SYN_102861,9,07:09:14,07:09:29,0
QyDZF4yDNAntbYpYmjfxj-07:00:00,SYN_102862,10,07:09:36,07:09:51,0
QyDZF4yDNAntbYpYmjfxj-07:00:00,SYN_102863,11,07:09:57,07:10:12,0
QyDZF4yDNAntbYpYmjfxj-07:00:00,SYN_102864,12,07:10:18,07:10:33,0
QyDZF4yDNAntbYpYmjfxj-07:00:00,SYN_102865,13,07:10:40,07:10:55,0
QyDZF4yDNAntbYpYmjfxj-07:00:00,SYN_102866,14,07:11:01,07:11:16,0
QyDZF4yDNAntbYpYmjfxj-07:00:00,SYN_102867,15,07:11:22,07:11:37,0
QyDZF4yDNAntbYpYmjfxj-07:00:00,SYN_102868,16,07:11:44,07:11:59,0
QyDZF4yDNAntbYpYmjfxj-07:00:00,SYN_102869,17,07:12:07,07:12:22,0
QyDZF4yDNAntbYpYmjfxj-07:00:00,SYN_102870,18,07:12:32,07:12:47,0
QyDZF4yDNAntbYpYmjfxj-07:00:00,SYN_102871,19,07:12:57,07:13:12,0
QyDZF4yDNAntbYpYmjfxj-07:00:00,SYN_102872,20,07:13:23,07:13:38,0
QyDZF4yDNAntbYpYmjfxj-07:00:00,SYN_102873,21,07:13:48,07:14:03,0
QyDZF4yDNAntbYpYmjfxj-07:00:00,SYN_102874,22,07:14:13,07:14:28,0
QyDZF4yDNAntbYpYmjfxj-07:00:00,SYN_102875,23,07:14:39,07:14:54,0
QyDZF4yDNAntbYpYmjfxj-07:00:00,SYN_102876,24,07:15:04,07:15:19,0
QyDZF4yDNAntbYpYmjfxj-07:00:00,SYN_102877,25,07:15:29,07:15:44,0
QyDZF4yDNAntbYpYmjfxj-07:00:00,SYN_102878,26,07:15:53,07:16:08,0
QyDZF4yDNAntbYpYmjfxj-07:00:00,SYN_102879,27,07:16:15,07:16:30,0
QyDZF4yDNAntbYpYmjfxj-07:00:00,SYN_102880,28,07:16:37,07:16:52,0
QyDZF4yDNAntbYpYmjfxj-07:00:00,SYN_102881,29,07:16:59,07:17:14,0
QyDZF4yDNAntbYpYmjfxj-07:00:00,SYN_102882,30,07:17:21,07:17:36,0
QyDZF4yDNAntbYpYmjfxj-07:00:00,SYN_102883,31,07:17:43,07:17:58,0
QyDZF4yDNAntbYpYmjfxj-07:00:00,SYN_102884,32,07:18:05,07:18:20,0
QyDZF4yDNAntbYpYmjfxj-07:00:00,SYN_102885,33,07:18:27,07:18:42,0
QyDZF4yDNAntbYpYmjfxj-07:00:00,SYN_102886,34,07:18:50,07:19:05,0
QyDZF4yDNAntbYpYmjfxj-07:00:00,SYN_102887,35,07:19:12,07:19:27,0
QyDZF4yDNAntbYpYmjfxj-07:00:00,SYN_102888,36,07:19:34,07:19:49,0
QyDZF4yDNAntbYpYmjfxj-07:00:00,SYN_102889,37,07:19:56,07:20:11,0
QyDZF4yDNAntbYpYmjfxj-07:00:00,SYN_102890,38,07:20:16,07:20:31,0
QyDZF4yDNAntbYpYmjfxj-07:00:00,SYN_102891,39,07:20:36,07:20:51,0
QyDZF4yDNAntbYpYmjfxj-07:00:00,SYN_102892,40,07:20:56,07:21:11,0
QyDZF4yDNAntbYpYmjfxj-07:00:00,SYN_102893,41,07:21:16,07:21:31,0
QyDZF4yDNAntbYpYmjfxj-07:00:00,SYN_102894,42,07:21:37,07:21:52,0
QyDZF4yDNAntbYpYmjfxj-07:00:00,SYN_102895,43,07:21:57,07:22:12,0
QyDZF4yDNAntbYpYmjfxj-07:00:00,SYN_102896,44,07:22:17,07:22:32,0
QyDZF4yDNAntbYpYmjfxj-07:00:00,SYN_102897,45,07:22:37,07:22:52,0
QyDZF4yDNAntbYpYmjfxj-07:00:00,SYN_102898,46,07:22:57,07:23:12,0
QyDZF4yDNAntbYpYmjfxj-07:00:00,SYN_102899,47,07:23:17,07:23:32,0
QyDZF4yDNAntbYpYmjfxj-07:00:00,SYN_102900,48,07:23:37,07:23:52,0
QyDZF4yDNAntbYpYmjfxj-07:00:00,SYN_102901,49,07:23:58,07:24:13,0
QyDZF4yDNAntbYpYmjfxj-07:00:00,SYN_102902,50,07:24:18,07:24:33,0
QyDZF4yDNAntbYpYmjfxj-07:00:00,SYN_102903,51,07:24:38,07:24:53,0
QyDZF4yDNAntbYpYmjfxj-07:00:00,SYN_102904,52,07:24:58,07:25:13,0
QyDZF4yDNAntbYpYmjfxj-07:00:00,SYN_102905,53,07:25:18,07:25:33,0
QyDZF4yDNAntbYpYmjfxj-07:00:00,SYN_102906,54,07:25:38,07:25:53,0
QyDZF4yDNAntbYpYmjfxj-07:00:00,SYN_102907,55,07:25:58,07:26:13,0
QyDZF4yDNAntbYpYmjfxj-07:00:00,SYN_102908,56,07:26:19,07:26:34,0
QyDZF4yDNAntbYpYmjfxj-07:00:00,SYN_102909,57,07:26:39,07:26:54,0
QyDZF4yDNAntbYpYmjfxj-07:00:00,SYN_102910,58,07:26:59,07:27:14,0
QyDZF4yDNAntbYpYmjfxj-07:00:00,SYN_102911,59,07:27:19,07:27:34,0
QyDZF4yDNAntbYpYmjfxj-07:00:00,SYN_102912,60,07:27:39,07:27:54,0
QyDZF4yDNAntbYpYmjfxj-07:00:00,SYN_102913,61,07:27:59,07:28:14,0
QyDZF4yDNAntbYpYmjfxj-07:00:00,SYN_102914,62,07:28:19,07:28:34,0
QyDZF4yDNAntbYpYmjfxj-07:00:00,SYN_102915,63,07:28:40,07:28:55,0
QyDZF4yDNAntbYpYmjfxj-07:00:00,SYN_102916,64,07:29:00,07:29:15,0
QyDZF4yDNAntbYpYmjfxj-07:00:00,SYN_102917,65,07:29:20,07:29:35,0
QyDZF4yDNAntbYpYmjfxj-07:00:00,SYN_102918,66,07:29:40,07:29:55,0
QyDZF4yDNAntbYpYmjfxj-07:00:00,SYN_102919,67,07:30:00,07:30:15,0
QyDZF4yDNAntbYpYmjfxj-07:00:00,SYN_102920,68,07:30:20,07:30:35,0
QyDZF4yDNAntbYpYmjfxj-07:00:00,SYN_102921,69,07:30:40,07:30:55,0
QyDZF4yDNAntbYpYmjfxj-07:00:00,SYN_102922,70,07:31:01,07:31:16,0
QyDZF4yDNAntbYpYmjfxj-07:00:00,SYN_102923,71,07:31:21,07:31:36,0
QyDZF4yDNAntbYpYmjfxj-07:00:00,SYN_102924,72,07:31:41,07:31:56,0
QyDZF4yDNAntbYpYmjfxj-07:00:00,SYN_102925,73,07:32:01,07:32:16,0
QyDZF4yDNAntbYpYmjfxj-07:00:00,SYN_102926,74,07:32:21,07:32:36,0
QyDZF4yDNAntbYpYmjfxj-07:00:00,SYN_102927,75,07:32:41,07:32:56,0
QyDZF4yDNAntbYpYmjfxj-07:00:00,SYN_102928,76,07:33:01,07:33:16,0
QyDZF4yDNAntbYpYmjfxj-07:00:00,SYN_102929,77,07:33:21,07:33:36,0
QyDZF4yDNAntbYpYmjfxj-07:00:00,SYN_102930,78,07:33:42,07:33:57,0
QyDZF4yDNAntbYpYmjfxj-07:00:00,SYN_102931,79,07:34:02,07:34:17,0
QyDZF4yDNAntbYpYmjfxj-07:00:00,SYN_102932,80,07:34:22,07:34:37,0
QyDZF4yDNAntbYpYmjfxj-07:00:00,SYN_102933,81,07:34:42,07:34:57,0
QyDZF4yDNAntbYpYmjfxj-07:00:00,SYN_102934,82,07:35:02,07:35:17,0
QyDZF4yDNAntbYpYmjfxj-07:00:00,SYN_102935,83,07:35:22,07:35:37,0
QyDZF4yDNAntbYpYmjfxj-07:00:00,SYN_102936,84,07:35:42,07:35:57,0
QyDZF4yDNAntbYpYmjfxj-07:00:00,SYN_102937,85,07:36:03,07:36:18,0
QyDZF4yDNAntbYpYmjfxj-07:00:00,SYN_102938,86,07:36:23,07:36:38,0
QyDZF4yDNAntbYpYmjfxj-07:00:00,SYN_102939,87,07:36:43,07:36:58,0
QyDZF4yDNAntbYpYmjfxj-07:00:00,SYN_102940,88,07:37:03,07:37:18,0
QyDZF4yDNAntbYpYmjfxj-07:00:00,SYN_102941,89,07:37:23,07:37:38,0
QyDZF4yDNAntbYpYmjfxj-07:00:00,SYN_102942,90,07:37:43,07:37:58,0
QyDZF4yDNAntbYpYmjfxj-07:00:00,SYN_102943,91,07:38:03,07:38:18,0
QyDZF4yDNAntbYpYmjfxj-07:00:00,SYN_102944,92,07:38:24,07:38:39,0
QyDZF4yDNAntbYpYmjfxj-07:00:00,SYN_102945,93,07:38:44,07:38:59,0
QyDZF4yDNAntbYpYmjfxj-07:00:00,SYN_102946,94,07:39:04,07:39:19,0
QyDZF4yDNAntbYpYmjfxj-07:00:00,SYN_102947,95,07:39:24,07:39:39,0
QyDZF4yDNAntbYpYmjfxj-07:00:00,SYN_102948,96,07:39:44,07:39:59,0
QyDZF4yDNAntbYpYmjfxj-07:00:00,SYN_102949,97,07:40:04,07:40:19,0
QyDZF4yDNAntbYpYmjfxj-07:00:00,SYN_102950,98,07:40:24,07:40:39,0
QyDZF4yDNAntbYpYmjfxj-07:00:00,SYN_102951,99,07:40:45,07:41:00,0
QyDZF4yDNAntbYpYmjfxj-07:00:00,SYN_102952,100,07:41:05,07:41:20,0
QyDZF4yDNAntbYpYmjfxj-07:00:00,SYN_102953,101,07:41:25,07:41:40,0
QyDZF4yDNAntbYpYmjfxj-07:00:00,SYN_102954,102,07:41:45,07:42:00,0
QyDZF4yDNAntbYpYmjfxj-07:00:00,SYN_102955,103,07:42:05,07:42:20,0
QyDZF4yDNAntbYpYmjfxj-07:00:00,SYN_102956,104,07:42:25,07:42:40,0
QyDZF4yDNAntbYpYmjfxj-07:00:00,SYN_102957,105,07:42:45,07:43:00,0
QyDZF4yDNAntbYpYmjfxj-07:00:00,SYN_102958,106,07:43:06,07:43:21,0
QyDZF4yDNAntbYpYmjfxj-07:00:00,SYN_102959,107,07:43:26,07:43:41,0
QyDZF4yDNAntbYpYmjfxj-07:00:00,SYN_102960,108,07:43:46,07:44:01,0
QyDZF4yDNAntbYpYmjfxj-07:00:00,SYN_102961,109,07:44:06,07:44:21,0
QyDZF4yDNAntbYpYmjfxj-07:00:00,SYN_102962,110,07:44:26,07:44:41,0
QyDZF4yDNAntbYpYmjfxj-07:00:00,SYN_102963,111,07:44:46,07:45:01,0
QyDZF4yDNAntbYpYmjfxj-07:00:00,SYN_102964,112,07:45:06,07:45:21,0
QyDZF4yDNAntbYpYmjfxj-07:00:00,SYN_102965,113,07:45:24,07:45:39,0
QyDZF4yDNAntbYpYmjfxj-07:00:00,SYN_102966,114,07:45:42,07:45:57,0
QyDZF4yDNAntbYpYmjfxj-07:00:00,SYN_102967,115,07:45:59,07:46:14,0
QyDZF4yDNAntbYpYmjfxj-07:00:00,SYN_102968,116,07:46:17,07:46:32,0
QyDZF4yDNAntbYpYmjfxj-07:00:00,SYN_102969,117,07:46:41,07:46:56,0
QyDZF4yDNAntbYpYmjfxj-07:00:00,SYN_102970,118,07:47:21,07:47:36,0
QyDZF4yDNAntbYpYmjfxj-07:00:00,SYN_102971,119,07:48:01,07:48:16,0
QyDZF4yDNAntbYpYmjfxj-07:00:00,SYN_102972,120,07:48:41,07:48:56,0
QyDZF4yDNAntbYpYmjfxj-07:00:00,SYN_102973,121,07:49:21,07:49:36,0
QyDZF4yDNAntbYpYmjfxj-07:00:00,SYN_102974,122,07:50:01,07:50:16,0
QyDZF4yDNAntbYpYmjfxj-07:00:00,SYN_102975,123,07:50:41,07:50:56,0
QyDZF4yDNAntbYpYmjfxj-07:00:00,SYN_102976,124,07:51:24,07:51:39,0
QyDZF4yDNAntbYpYmjfxj-07:00:00,SYN_102977,125,07:52:11,07:52:26,0
QyDZF4yDNAntbYpYmjfxj-07:00:00,SYN_102978,126,07:52:57,07:53:12,0
QyDZF4yDNAntbYpYmjfxj-07:00:00,SYN_102979,127,07:53:41,07:53:56,0
QyDZF4yDNAntbYpYmjfxj-07:00:00,SYN_102980,128,07:54:07,07:54:22,0
QyDZF4yDNAntbYpYmjfxj-07:00:00,SYN_102981,129,07:54:34,07:54:49,0
QyDZF4yDNAntbYpYmjfxj-07:00:00,SYN_102982,130,07:55:06,07:55:21,0
QyDZF4yDNAntbYpYmjfxj-07:00:00,SYN_102983,131,07:56:25,07:56:40,0
QyDZF4yDNAntbYpYmjfxj-07:00:00,SYN_102984,132,07:57:44,07:57:59,0
QyDZF4yDNAntbYpYmjfxj-07:00:00,SYN_102985,133,07:59:03,07:59:18,0
QyDZF4yDNAntbYpYmjfxj-07:00:00,SYN_102986,134,08:00:22,08:00:37,0
QyDZF4yDNAntbYpYmjfxj-07:00:00,SYN_102987,135,08:01:32,08:01:47,0
QyDZF4yDNAntbYpYmjfxj-07:00:00,SYN_102988,136,08:02:34,08:02:49,0
K1fkkoXPyuSsmQKdjzWHd-07:00:00,SYN_102990,0,07:00:51,07:01:06,0
K1fkkoXPyuSsmQKdjzWHd-07:00:00,SYN_102991,1,07:01:14,07:01:29,0
K1fkkoXPyuSsmQKdjzWHd-07:00:00,SYN_102992,2,07:01:37,07:01:52,0
K1fkkoXPyuSsmQKdjzWHd-07:00:00,SYN_102993,3,07:02:20,07:02:35,0
K1fkkoXPyuSsmQKdjzWHd-07:00:00,SYN_102994,4,07:03:20,07:03:35,0
K1fkkoXPyuSsmQKdjzWHd-07:00:00,SYN_102995,5,07:04:21,07:04:36,0
K1fkkoXPyuSsmQKdjzWHd-07:00:00,SYN_102996,6,07:05:21,07:05:36,0
K1fkkoXPyuSsmQKdjzWHd-07:00:00,SYN_102997,7,07:06:16,07:06:31,0
K1fkkoXPyuSsmQKdjzWHd-07:00:00,SYN_102998,8,07:06:35,07:06:50,0
K1fkkoXPyuSsmQKdjzWHd-07:00:00,SYN_102999,9,07:06:54,07:07:09,0
K1fkkoXPyuSsmQKdjzWHd-07:00:00,SYN_103000,10,07:07:14,07:07:29,0
K1fkkoXPyuSsmQKdjzWHd-07:00:00,SYN_103001,11,07:07:33,07:07:48,0
K1fkkoXPyuSsmQKdjzWHd-07:00:00,SYN_103002,12,07:07:52,07:08:07,0
K1fkkoXPyuSsmQKdjzWHd-07:00:00,SYN_103003,13,07:08:11,07:08:26,0
K1fkkoXPyuSsmQKdjzWHd-07:00:00,SYN_103004,14,07:08:27,07:08:42,0
K1fkkoXPyuSsmQKdjzWHd-07:00:00,SYN_103005,15,07:08:44,07:08:59,0
K1fkkoXPyuSsmQKdjzWHd-07:00:00,SYN_103006,16,07:09:15,07:09:30,0
K1fkkoXPyuSsmQKdjzWHd-07:00:00,SYN_103007,17,07:11:00,07:11:15,0
K1fkkoXPyuSsmQKdjzWHd-07:00:00,SYN_103008,18,07:11:35,07:11:50,0
K1fkkoXPyuSsmQKdjzWHd-07:00:00,SYN_103009,19,07:11:49,07:12:04,0
K1fkkoXPyuSsmQKdjzWHd-07:00:00,SYN_103010,20,07:12:02,07:12:17,0
K1fkkoXPyuSsmQKdjzWHd-07:00:00,SYN_103011,21,07:12:16,07:12:31,0
K1fkkoXPyuSsmQKdjzWHd-07:00:00,SYN_103012,22,07:12:29,07:12:44,0
K1fkkoXPyuSsmQKdjzWHd-07:00:00,SYN_103013,23,07:12:43,07:12:58,0
K1fkkoXPyuSsmQKdjzWHd-07:00:00,SYN_103014,24,07:12:56,07:13:11,0
K1fkkoXPyuSsmQKdjzWHd-07:00:00,SYN_103015,25,07:13:10,07:13:25,0
K1fkkoXPyuSsmQKdjzWHd-07:00:00,SYN_103016,26,07:13:23,07:13:38,0
K1fkkoXPyuSsmQKdjzWHd-07:00:00,SYN_103017,27,07:13:37,07:13:52,0
K1fkkoXPyuSsmQKdjzWHd-07:00:00,SYN_103018,28,07:13:50,07:14:05,0
K1fkkoXPyuSsmQKdjzWHd-07:00:00,SYN_103019,29,07:14:04,07:14:19,0
K1fkkoXPyuSsmQKdjzWHd-07:00:00,SYN_103020,30,07:14:18,07:14:33,0
K1fkkoXPyuSsmQKdjzWHd-07:00:00,SYN_103021,31,07:14:31,07:14:46,0
K1fkkoXPyuSsmQKdjzWHd-07:00:00,SYN_103022,32,07:14:45,07:15:00,0
K1fkkoXPyuSsmQKdjzWHd-07:00:00,SYN_103023,33,07:14:58,07:15:13,0
K1fkkoXPyuSsmQKdjzWHd-07:00:00,SYN_103024,34,07:15:12,07:15:27,0
K1fkkoXPyuSsmQKdjzWHd-07:00:00,SYN_103025,35,07:15:25,07:15:40,0
K1fkkoXPyuSsmQKdjzWHd-07:00:00,SYN_103026,36,07:15:39,07:15:54,0
K1fkkoXPyuSsmQKdjzWHd-07:00:00,SYN_103027,37,07:15:54,07:16:09,0
K1fkkoXPyuSsmQKdjzWHd-07:00:00,SYN_103028,38,07:16:10,07:16:25,0
K1fkkoXPyuSsmQKdjzWHd-07:00:00,SYN_103029,39,07:16:27,07:16:42,0
K1fkkoXPyuSsmQKdjzWHd-07:00:00,SYN_103030,40,07:16:43,07:16:58,0
K1fkkoXPyuSsmQKdjzWHd-07:00:00,SYN_103031,41,07:16:59,07:17:14,0
K1fkkoXPyuSsmQKdjzWHd-07:00:00,SYN_103032,42,07:17:16,07:17:31,0
K1fkkoXPyuSsmQKdjzWHd-07:00:00,SYN_103033,43,07:17:32,07:17:47,0
K1fkkoXPyuSsmQKdjzWHd-07:00:00,SYN_103034,44,07:17:49,07:18:04,0
K1fkkoXPyuSsmQKdjzWHd-07:00:00,SYN_103035,45,07:18:01,07:18:16,0
K1fkkoXPyuSsmQKdjzWHd-07:00:00,SYN_103036,46,07:18:13,07:18:28,0
K1fkkoXPyuSsmQKdjzWHd-07:00:00,SYN_103037,47,07:18:25,07:18:40,0
K1fkkoXPyuSsmQKdjzWHd-07:00:00,SYN_103038,48,07:18:37,07:18:52,0
K1fkkoXPyuSsmQKdjzWHd-07:00:00,SYN_103039,49,07:18:49,07:19:04,0
K1fkkoXPyuSsmQKdjzWHd-07:00:00,SYN_103040,50,07:19:01,07:19:16,0
K1fkkoXPyuSsmQKdjzWHd-07:00:00,SYN_103041,51,07:19:13,07:19:28,0
K1fkkoXPyuSsmQKdjzWHd-07:00:00,SYN_103042,52,07:19:25,07:19:40,0
K1fkkoXPyuSsmQKdjzWHd-07:00:00,SYN_103043,53,07:19:37,07:19:52,0
K1fkkoXPyuSsmQKdjzWHd-07:00:00,SYN_103044,54,07:19:49,07:20:04,0
K1fkkoXPyuSsmQKdjzWHd-07:00:00,SYN_103045,55,07:20:01,07:20:16,0
K1fkkoXPyuSsmQKdjzWHd-07:00:00,SYN_103046,56,07:20:13,07:20:28,0
K1fkkoXPyuSsmQKdjzWHd-07:00:00,SYN_103047,57,07:20:26,07:20:41,0
K1fkkoXPyuSsmQKdjzWHd-07:00:00,SYN_103048,58,07:20:43,07:20:58,0
K1fkkoXPyuSsmQKdjzWHd-07:00:00,SYN_103049,59,07:21:00,07:21:15,0
K1fkkoXPyuSsmQKdjzWHd-07:00:00,SYN_103050,60,07:21:17,07:21:32,0
K1fkkoXPyuSsmQKdjzWHd-07:00:00,SYN_103051,61,07:21:33,07:21:48,0
K1fkkoXPyuSsmQKdjzWHd-07:00:00,SYN_103052,62,07:21:48,07:22:03,0
K1fkkoXPyuSsmQKdjzWHd-07:00:00,SYN_103053,63,07:22:03,07:22:18,0
K1fkkoXPyuSsmQKdjzWHd-07:00:00,SYN_103054,64,07:22:19,07:22:34,0
K1fkkoXPyuSsmQKdjzWHd-07:00:00,SYN_103055,65,07:22:38,07:22:53,0
K1fkkoXPyuSsmQKdjzWHd-07:00:00,SYN_103056,66,07:22:57,07:23:12,0
K1fkkoXPyuSsmQKdjzWHd-07:00:00,SYN_103057,67,07:23:16,07:23:31,0
K1fkkoXPyuSsmQKdjzWHd-07:00:00,SYN_103058,68,07:23:35,07:23:50,0
K1fkkoXPyuSsmQKdjzWHd-07:00:00,SYN_103059,69,07:23:54,07:24:09,0
K1fkkoXPyuSsmQKdjzWHd-07:00:00,SYN_103060,70,07:24:18,07:24:33,0
K1fkkoXPyuSsmQKdjzWHd-07:00:00,SYN_103061,71,07:24:49,07:25:04,0
K1fkkoXPyuSsmQKdjzWHd-07:00:00,SYN_103062,72,07:25:21,07:25:36,0
K1fkkoXPyuSsmQKdjzWHd-07:00:00,SYN_103063,73,07:25:53,07:26:08,0
K1fkkoXPyuSsmQKdjzWHd-07:00:00,SYN_103064,74,07:26:25,07:26:40,0
K1fkkoXPyuSsmQKdjzWHd-07:00:00,SYN_103065,75,07:26:56,07:27:11,0
K1fkkoXPyuSsmQKdjzWHd-07:00:00,SYN_103066,76,07:27:28,07:27:43,0
K1fkkoXPyuSsmQKdjzWHd-07:00:00,SYN_103067,77,07:28:00,07:28:15,0
K1fkkoXPyuSsmQKdjzWHd-07:00:00,SYN_103068,78,07:28:32,07:28:47,0
K1fkkoXPyuSsmQKdjzWHd-07:00:00,SYN_103069,79,07:29:04,07:29:19,0
K1fkkoXPyuSsmQKdjzWHd-07:00:00,SYN_103070,80,07:29:38,07:29:53,0
K1fkkoXPyuSsmQKdjzWHd-07:00:00,SYN_103071,81,07:30:12,07:30:27,0
K1fkkoXPyuSsmQKdjzWHd-07:00:00,SYN_103072,82,07:30:46,07:31:01,0
K1fkkoXPyuSsmQKdjzWHd-07:00:00,SYN_103073,83,07:31:20,07:31:35,0
K1fkkoXPyuSsmQKdjzWHd-07:00:00,SYN_103074,84,07:31:54,07:32:09,0
K1fkkoXPyuSsmQKdjzWHd-07:00:00,SYN_103075,85,07:32:25,07:32:40,0
K1fkkoXPyuSsmQKdjzWHd-07:00:00,SYN_103076,86,07:32:57,07:33:12,0
K1fkkoXPyuSsmQKdjzWHd-07:00:00,SYN_103077,87,07:33:32,07:33:47,0
K1fkkoXPyuSsmQKdjzWHd-07:00:00,SYN_103078,88,07:34:15,07:34:30,0
K1fkkoXPyuSsmQKdjzWHd-07:00:00,SYN_103079,89,07:34:59,07:35:14,0
K1fkkoXPyuSsmQKdjzWHd-07:00:00,SYN_103080,90,07:35:43,07:35:58,0
K1fkkoXPyuSsmQKdjzWHd-07:00:00,SYN_103081,91,07:36:24,07:36:39,0
K1fkkoXPyuSsmQKdjzWHd-07:00:00,SYN_103082,92,07:37:01,07:37:16,0
K1fkkoXPyuSsmQKdjzWHd-07:00:00,SYN_103083,93,07:37:37,07:37:52,0
K1fkkoXPyuSsmQKdjzWHd-07:00:00,SYN_103084,94,07:38:14,07:38:29,0
K1fkkoXPyuSsmQKdjzWHd-07:00:00,SYN_103085,95,07:38:50,07:39:05,0
K1fkkoXPyuSsmQKdjzWHd-07:00:00,SYN_103086,96,07:39:34,07:39:49,0
K1fkkoXPyuSsmQKdjzWHd-07:00:00,SYN_103087,97,07:40:24,07:40:39,0
K1fkkoXPyuSsmQKdjzWHd-07:00:00,SYN_103088,98,07:41:14,07:41:29,0
zZPK942_z42ZWwqb9a3ED-07:00:00,SYN_103091,0,07:00:17,07:00:32,0
zZPK942_z42ZWwqb9a3ED-07:00:00,SYN_103092,1,07:01:58,07:02:13,0
zZPK942_z42ZWwqb9a3ED-07:00:00,SYN_103093,2,07:03:10,07:03:25,0
zZPK942_z42ZWwqb9a3ED-07:00:00,SYN_103094,3,07:03:59,07:04:14,0
zZPK942_z42ZWwqb9a3ED-07:00:00,SYN_103095,4,07:04:47,07:05:02,0
zZPK942_z42ZWwqb9a3ED-07:00:00,SYN_103096,5,07:05:36,07:05:51,0
zZPK942_z42ZWwqb9a3ED-07:00:00,SYN_103097,6,07:06:24,07:06:39,0
zZPK942_z42ZWwqb9a3ED-07:00:00,SYN_103098,7,07:07:11,07:07:26,0
zZPK942_z42ZWwqb9a3ED-07:00:00,SYN_103099,8,07:07:49,07:08:04,0
zZPK942_z42ZWwqb9a3ED-07:00:00,SYN_103100,9,07:08:31,07:08:46,0
zZPK942_z42ZWwqb9a3ED-07:00:00,SYN_103101,10,07:09:16,07:09:31,0
zZPK942_z42ZWwqb9a3ED-07:00:00,SYN_103102,11,07:10:01,07:10:16,0
zZPK942_z42ZWwqb9a3ED-07:00:00,SYN_103103,12,07:10:46,07:11:01,0
zZPK942_z42ZWwqb9a3ED-07:00:00,SYN_103104,13,07:11:19,07:11:34,0
zZPK942_z42ZWwqb9a3ED-07:00:00,SYN_103105,14,07:11:43,07:11:58,0
zZPK942_z42ZWwqb9a3ED-07:00:00,SYN_103106,15,07:12:07,07:12:22,0
zZPK942_z42ZWwqb9a3ED-07:00:00,SYN_103107,16,07:12:30,07:12:45,0
zZPK942_z42ZWwqb9a3ED-07:00:00,SYN_103108,17,07:12:54,07:13:09,0
zZPK942_z42ZWwqb9a3ED-07:00:00,SYN_103109,18,07:13:18,07:13:33,0
zZPK942_z42ZWwqb9a3ED-07:00:00,SYN_103110,19,07:13:41,07:13:56,0
zZPK942_z42ZWwqb9a3ED-07:00:00,SYN_103111,20,07:14:06,07:14:21,0
zZPK942_z42ZWwqb9a3ED-07:00:00,SYN_103112,21,07:14:30,07:14:45,0
zZPK942_z42ZWwqb9a3ED-07:00:00,SYN_103113,22,07:14:55,07:15:10,0
zZPK942_z42ZWwqb9a3ED-07:00:00,SYN_103114,23,07:15:19,07:15:34,0
zZPK942_z42ZWwqb9a3ED-07:00:00,SYN_103115,24,07:15:44,07:15:59,0
zZPK942_z42ZWwqb9a3ED-07:00:00,SYN_103116,25,07:16:10,07:16:25,0
zZPK942_z42ZWwqb9a3ED-07:00:00,SYN_103117,26,07:16:36,07:16:51,0
zZPK942_z42ZWwqb9a3ED-07:00:00,SYN_103118,27,07:17:02,07:17:17,0
zZPK942_z42ZWwqb9a3ED-07:00:00,SYN_103119,28,07:17:28,07:17:43,0
zZPK942_z42ZWwqb9a3ED-07:00:00,SYN_103120,29,07:17:53,07:18:08,0
zZPK942_z42ZWwqb9a3ED-07:00:00,SYN_103121,30,07:18:19,07:18:34,0
zZPK942_z42ZWwqb9a3ED-07:00:00,SYN_103122,31,07:18:45,07:19:00,0
zZPK942_z42ZWwqb9a3ED-07:00:00,SYN_103123,32,07:19:11,07:19:26,0
zZPK942_z42ZWwqb9a3ED-07:00:00,SYN_103124,33,07:19:37,07:19:52,0
zZPK942_z42ZWwqb9a3ED-07:00:00,SYN_103125,34,07:20:03,07:20:18,0
zZPK942_z42ZWwqb9a3ED-07:00:00,SYN_103126,35,07:20:29,07:20:44,0
zZPK942_z42ZWwqb9a3ED-07:00:00,SYN_103127,36,07:20:55,07:21:10,0
zZPK942_z42ZWwqb9a3ED-07:00:00,SYN_103128,37,07:21:20,07:21:35,0
zZPK942_z42ZWwqb9a3ED-07:00:00,SYN_103129,38,07:21:46,07:22:01,0
zZPK942_z42ZWwqb9a3ED-07:00:00,SYN_103130,39,07:22:12,07:22:27,0
zZPK942_z42ZWwqb9a3ED-07:00:00,SYN_103131,40,07:22:38,07:22:53,0
zZPK942_z42ZWwqb9a3ED-07:00:00,SYN_103132,41,07:23:04,07:23:19,0
zZPK942_z42ZWwqb9a3ED-07:00:00,SYN_103133,42,07:23:30,07:23:45,0
zZPK942_z42ZWwqb9a3ED-07:00:00,SYN_103134,43,07:23:56,07:24:11,0
zZPK942_z42ZWwqb9a3ED-07:00:00,SYN_103135,44,07:24:20,07:24:35,0
zZPK942_z42ZWwqb9a3ED-07:00:00,SYN_103136,45,07:24:45,07:25:00,0
zZPK942_z42ZWwqb9a3ED-07:00:00,SYN_103137,46,07:25:09,07:25:24,0
zZPK942_z42ZWwqb9a3ED-07:00:00,SYN_103138,47,07:25:34,07:25:49,0
zZPK942_z42ZWwqb9a3ED-07:00:00,SYN_103139,48,07:25:59,07:26:14,0
zZPK942_z42ZWwqb9a3ED-07:00:00,SYN_103140,49,07:26:23,07:26:38,0
zZPK942_z42ZWwqb9a3ED-07:00:00,SYN_103141,50,07:26:48,07:27:03,0
zZPK942_z42ZWwqb9a3ED-07:00:00,SYN_103142,51,07:27:12,07:27:27,0
zZPK942_z42ZWwqb9a3ED-07:00:00,SYN_103143,52,07:27:37,07:27:52,0
zZPK942_z42ZWwqb9a3ED-07:00:00,SYN_103144,53,07:28:01,07:28:16,0
zZPK942_z42ZWwqb9a3ED-07:00:00,SYN_103145,54,07:28:26,07:28:41,0
zZPK942_z42ZWwqb9a3ED-07:00:00,SYN_103146,55,07:28:50,07:29:05,0
zZPK942_z42ZWwqb9a3ED-07:00:00,SYN_103147,56,07:29:15,07:29:30,0
zZPK942_z42ZWwqb9a3ED-07:00:00,SYN_103148,57,07:29:45,07:30:00,0
zZPK942_z42ZWwqb9a3ED-07:00:00,SYN_103149,58,07:30:59,07:31:14,0
zZPK942_z42ZWwqb9a3ED-07:00:00,SYN_103150,59,07:31:58,07:32:13,0
zZPK942_z42ZWwqb9a3ED-07:00:00,SYN_103151,60,07:32:22,07:32:37,0
zZPK942_z42ZWwqb9a3ED-07:00:00,SYN_103152,61,07:32:47,07:33:02,0
zZPK942_z42ZWwqb9a3ED-07:00:00,SYN_103153,62,07:33:11,07:33:26,0
zZPK942_z42ZWwqb9a3ED-07:00:00,SYN_103154,63,07:33:35,07:33:50,0
zZPK942_z42ZWwqb9a3ED-07:00:00,SYN_103155,64,07:33:59,07:34:14,0
zZPK942_z42ZWwqb9a3ED-07:00:00,SYN_103156,65,07:34:23,07:34:38,0
zZPK942_z42ZWwqb9a3ED-07:00:00,SYN_103157,66,07:34:47,07:35:02,0
zZPK942_z42ZWwqb9a3ED-07:00:00,SYN_103158,67,07:35:19,07:35:34,0
zZPK942_z42ZWwqb9a3ED-07:00:00,SYN_103159,68,07:36:01,07:36:16,0
zZPK942_z42ZWwqb9a3ED-07:00:00,SYN_103160,69,07:36:42,07:36:57,0
zZPK942_z42ZWwqb9a3ED-07:00:00,SYN_103161,70,07:37:24,07:37:39,0
zZPK942_z42ZWwqb9a3ED-07:00:00,SYN_103162,71,07:38:03,07:38:18,0
zZPK942_z42ZWwqb9a3ED-07:00:00,SYN_103163,72,07:38:38,07:38:53,0
zZPK942_z42ZWwqb9a3ED-07:00:00,SYN_103164,73,07:39:13,07:39:28,0
zZPK942_z42ZWwqb9a3ED-07:00:00,SYN_103165,74,07:39:48,07:40:03,0
zZPK942_z42ZWwqb9a3ED-07:00:00,SYN_103166,75,07:40:23,07:40:38,0
zZPK942_z42ZWwqb9a3ED-07:00:00,SYN_103167,76,07:40:58,07:41:13,0
x4ViZBh3xZ7dXQ23JVcoJ-07:00:00,SYN_103176,0,07:00:27,07:00:42,0
x4ViZBh3xZ7dXQ23JVcoJ-07:00:00,SYN_103177,1,07:01:05,07:01:20,0
x4ViZBh3xZ7dXQ23JVcoJ-07:00:00,SYN_103178,2,07:01:43,07:01:58,0
x4ViZBh3xZ7dXQ23JVcoJ-07:00:00,SYN_103179,3,07:02:21,07:02:36,0
x4ViZBh3xZ7dXQ23JVcoJ-07:00:00,SYN_103180,4,07:02:59,07:03:14,0
x4ViZBh3xZ7dXQ23JVcoJ-07:00:00,SYN_103181,5,07:03:36,07:03:51,0
x4ViZBh3xZ7dXQ23JVcoJ-07:00:00,SYN_103182,6,07:04:14,07:04:29,0
x4ViZBh3xZ7dXQ23JVcoJ-07:00:00,SYN_103183,7,07:04:47,07:05:02,0
x4ViZBh3xZ7dXQ23JVcoJ-07:00:00,SYN_103184,8,07:05:05,07:05:20,0
x4ViZBh3xZ7dXQ23JVcoJ-07:00:00,SYN_103185,9,07:05:23,07:05:38,0
x4ViZBh3xZ7dXQ23JVcoJ-07:00:00,SYN_103186,10,07:05:40,07:05:55,0
x4ViZBh3xZ7dXQ23JVcoJ-07:00:00,SYN_103187,11,07:05:58,07:06:13,0
x4ViZBh3xZ7dXQ23JVcoJ-07:00:00,SYN_103188,12,07:06:15,07:06:30,0
x4ViZBh3xZ7dXQ23JVcoJ-07:00:00,SYN_103189,13,07:06:33,07:06:48,0
x4ViZBh3xZ7dXQ23JVcoJ-07:00:00,SYN_103190,14,07:06:50,07:07:05,0
x4ViZBh3xZ7dXQ23JVcoJ-07:00:00,SYN_103191,15,07:07:08,07:07:23,0
x4ViZBh3xZ7dXQ23JVcoJ-07:00:00,SYN_103192,16,07:07:26,07:07:41,0
x4ViZBh3xZ7dXQ23JVcoJ-07:00:00,SYN_103193,17,07:07:43,07:07:58,0
x4ViZBh3xZ7dXQ23JVcoJ-07:00:00,SYN_103194,18,07:08:13,07:08:28,0
x4ViZBh3xZ7dXQ23JVcoJ-07:00:00,SYN_103195,19,07:08:44,07:08:59,0
x4ViZBh3xZ7dXQ23JVcoJ-07:00:00,SYN_103196,20,07:09:18,07:09:33,0
x4ViZBh3xZ7dXQ23JVcoJ-07:00:00,SYN_103197,21,07:10:01,07:10:16,0
x4ViZBh3xZ7dXQ23JVcoJ-07:00:00,SYN_103198,22,07:10:45,07:11:00,0
x4ViZBh3xZ7dXQ23JVcoJ-07:00:00,SYN_103199,23,07:11:28,07:11:43,0
x4ViZBh3xZ7dXQ23JVcoJ-07:00:00,SYN_103200,24,07:12:10,07:12:25,0
x4ViZBh3xZ7dXQ23JVcoJ-07:00:00,SYN_103201,25,07:12:47,07:13:02,0
x4ViZBh3xZ7dXQ23JVcoJ-07:00:00,SYN_103202,26,07:13:23,07:13:38,0
x4ViZBh3xZ7dXQ23JVcoJ-07:00:00,SYN_103203,27,07:14:00,07:14:15,0
x4ViZBh3xZ7dXQ23JVcoJ-07:00:00,SYN_103204,28,07:14:36,07:14:51,0
x4ViZBh3xZ7dXQ23JVcoJ-07:00:00,SYN_103205,29,07:15:19,07:15:34,0
x4ViZBh3xZ7dXQ23JVcoJ-07:00:00,SYN_103206,30,07:16:09,07:16:24,0
x4ViZBh3xZ7dXQ23JVcoJ-07:00:00,SYN_103207,31,07:16:58,07:17:13,0
FUo5FExiKwUTpyTUJYA7R-07:00:00,SYN_103210,0,07:00:23,07:00:38,0
FUo5FExiKwUTpyTUJYA7R-07:00:00,SYN_103211,1,07:00:46,07:01:01,0
FUo5FExiKwUTpyTUJYA7R-07:00:00,SYN_103212,2,07:01:09,07:01:24,0
FUo5FExiKwUTpyTUJYA7R-07:00:00,SYN_103213,3,07:01:39,07:01:54,0
FUo5FExiKwUTpyTUJYA7R-07:00:00,SYN_103214,4,07:02:30,07:02:45,0
FUo5FExiKwUTpyTUJYA7R-07:00:00,SYN_103215,5,07:03:22,07:03:37,0
FUo5FExiKwUTpyTUJYA7R-07:00:00,SYN_103216,6,07:04:13,07:04:28,0
FUo5FExiKwUTpyTUJYA7R-07:00:00,SYN_103217,7,07:05:04,07:05:19,0
FUo5FExiKwUTpyTUJYA7R-07:00:00,SYN_103218,8,07:05:56,07:06:11,0
FUo5FExiKwUTpyTUJYA7R-07:00:00,SYN_103219,9,07:06:47,07:07:02,0
FUo5FExiKwUTpyTUJYA7R-07:00:00,SYN_103220,10,07:07:37,07:07:52,0
FUo5FExiKwUTpyTUJYA7R-07:00:00,SYN_103221,11,07:08:28,07:08:43,0
FUo5FExiKwUTpyTUJYA7R-07:00:00,SYN_103222,12,07:09:29,07:09:44,0
FUo5FExiKwUTpyTUJYA7R-07:00:00,SYN_103223,13,07:10:49,07:11:04,0
FUo5FExiKwUTpyTUJYA7R-07:00:00,SYN_103224,14,07:12:09,07:12:24,0
FUo5FExiKwUTpyTUJYA7R-07:00:00,SYN_103225,15,07:13:29,07:13:44,0
FUo5FExiKwUTpyTUJYA7R-07:00:00,SYN_103226,16,07:14:48,07:15:03,0
FUo5FExiKwUTpyTUJYA7R-07:00:00,SYN_103227,17,07:16:08,07:16:23,0
FUo5FExiKwUTpyTUJYA7R-07:00:00,SYN_103228,18,07:17:28,07:17:43,0
FUo5FExiKwUTpyTUJYA7R-07:00:00,SYN_103229,19,07:18:46,07:19:01,0
FUo5FExiKwUTpyTUJYA7R-07:00:00,SYN_103230,20,07:19:52,07:20:07,0
FUo5FExiKwUTpyTUJYA7R-07:00:00,SYN_103231,21,07:20:58,07:21:13,0
FUo5FExiKwUTpyTUJYA7R-07:00:00,SYN_103232,22,07:22:03,07:22:18,0
FUo5FExiKwUTpyTUJYA7R-07:00:00,SYN_103233,23,07:23:09,07:23:24,0
FUo5FExiKwUTpyTUJYA7R-07:00:00,SYN_103234,24,07:24:14,07:24:29,0
FUo5FExiKwUTpyTUJYA7R-07:00:00,SYN_103235,25,07:25:20,07:25:35,0
FUo5FExiKwUTpyTUJYA7R-07:00:00,SYN_103236,26,07:26:25,07:26:40,0
FUo5FExiKwUTpyTUJYA7R-07:00:00,SYN_103237,27,07:27:32,07:27:47,0
FUo5FExiKwUTpyTUJYA7R-07:00:00,SYN_103238,28,07:28:45,07:29:00,0
FUo5FExiKwUTpyTUJYA7R-07:00:00,SYN_103239,29,07:29:59,07:30:14,0
FUo5FExiKwUTpyTUJYA7R-07:00:00,SYN_103240,30,07:31:13,07:31:28,0
FUo5FExiKwUTpyTUJYA7R-07:00:00,SYN_103241,31,07:32:27,07:32:42,0
FUo5FExiKwUTpyTUJYA7R-07:00:00,SYN_103242,32,07:33:41,07:33:56,0
FUo5FExiKwUTpyTUJYA7R-07:00:00,SYN_103243,33,07:35:12,07:35:27,0
FUo5FExiKwUTpyTUJYA7R-07:00:00,SYN_103244,34,07:37:01,07:37:16,0
FUo5FExiKwUTpyTUJYA7R-07:00:00,SYN_103245,35,07:38:50,07:39:05,0
FUo5FExiKwUTpyTUJYA7R-07:00:00,SYN_103246,36,07:40:39,07:40:54,0
FUo5FExiKwUTpyTUJYA7R-07:00:00,SYN_103247,37,07:42:28,07:42:43,0
FUo5FExiKwUTpyTUJYA7R-07:00:00,SYN_103248,38,07:44:17,07:44:32,0
FUo5FExiKwUTpyTUJYA7R-07:00:00,SYN_103249,39,07:45:37,07:45:52,0
FUo5FExiKwUTpyTUJYA7R-07:00:00,SYN_103250,40,07:46:33,07:46:48,0
FUo5FExiKwUTpyTUJYA7R-07:00:00,SYN_103251,41,07:47:29,07:47:44,0
FUo5FExiKwUTpyTUJYA7R-07:00:00,SYN_103252,42,07:48:24,07:48:39,0
FUo5FExiKwUTpyTUJYA7R-07:00:00,SYN_103253,43,07:49:11,07:49:26,0
FUo5FExiKwUTpyTUJYA7R-07:00:00,SYN_103254,44,07:49:51,07:50:06,0
FUo5FExiKwUTpyTUJYA7R-07:00:00,SYN_103255,45,07:50:32,07:50:47,0
FUo5FExiKwUTpyTUJYA7R-07:00:00,SYN_103256,46,07:51:12,07:51:27,0
FUo5FExiKwUTpyTUJYA7R-07:00:00,SYN_103257,47,07:51:53,07:52:08,0
FUo5FExiKwUTpyTUJYA7R-07:00:00,SYN_103258,48,07:52:33,07:52:48,0
FUo5FExiKwUTpyTUJYA7R-07:00:00,SYN_103259,49,07:53:14,07:53:29,0
FUo5FExiKwUTpyTUJYA7R-07:00:00,SYN_103260,50,07:53:54,07:54:09,0
FUo5FExiKwUTpyTUJYA7R-07:00:00,SYN_103261,51,07:54:34,07:54:49,0
FUo5FExiKwUTpyTUJYA7R-07:00:00,SYN_103262,52,07:55:18,07:55:33,0
FUo5FExiKwUTpyTUJYA7R-07:00:00,SYN_103263,53,07:56:02,07:56:17,0
FUo5FExiKwUTpyTUJYA7R-07:00:00,SYN_103264,54,07:56:47,07:57:02,0
FUo5FExiKwUTpyTUJYA7R-07:00:00,SYN_103265,55,07:57:32,07:57:47,0
FUo5FExiKwUTpyTUJYA7R-07:00:00,SYN_103266,56,07:58:17,07:58:32,0
FUo5FExiKwUTpyTUJYA7R-07:00:00,SYN_103267,57,07:59:02,07:59:17,0
FUo5FExiKwUTpyTUJYA7R-07:00:00,SYN_103268,58,07:59:47,08:00:02,0
FUo5FExiKwUTpyTUJYA7R-07:00:00,SYN_103269,59,08:00:22,08:00:37,0
FUo5FExiKwUTpyTUJYA7R-07:00:00,SYN_103270,60,08:00:50,08:01:05,0
FUo5FExiKwUTpyTUJYA7R-07:00:00,SYN_103271,61,08:01:19,08:01:34,0
FUo5FExiKwUTpyTUJYA7R-07:00:00,SYN_103272,62,08:01:48,08:02:03,0
FUo5FExiKwUTpyTUJYA7R-07:00:00,SYN_103273,63,08:02:16,08:02:31,0
FUo5FExiKwUTpyTUJYA7R-07:00:00,SYN_103274,64,08:02:45,08:03:00,0
FUo5FExiKwUTpyTUJYA7R-07:00:00,SYN_103275,65,08:03:14,08:03:29,0
FUo5FExiKwUTpyTUJYA7R-07:00:00,SYN_103276,66,08:03:58,08:04:13,0
FUo5FExiKwUTpyTUJYA7R-07:00:00,SYN_103277,67,08:04:49,08:05:04,0
FUo5FExiKwUTpyTUJYA7R-07:00:00,SYN_103278,68,08:05:39,08:05:54,0
WWP7DCP2cjGJxPZSN68Y2-07:00:00,SYN_103279,0,07:00:25,07:00:40,0
WWP7DCP2cjGJxPZSN68Y2-07:00:00,SYN_103280,1,07:01:11,07:01:26,0
WWP7DCP2cjGJxPZSN68Y2-07:00:00,SYN_103281,2,07:01:58,07:02:13,0
WWP7DCP2cjGJxPZSN68Y2-07:00:00,SYN_103282,3,07:02:45,07:03:00,0
WWP7DCP2cjGJxPZSN68Y2-07:00:00,SYN_103283,4,07:03:33,07:03:48,0
WWP7DCP2cjGJxPZSN68Y2-07:00:00,SYN_103284,5,07:04:22,07:04:37,0
WWP7DCP2cjGJxPZSN68Y2-07:00:00,SYN_103285,6,07:05:11,07:05:26,0
WWP7DCP2cjGJxPZSN68Y2-07:00:00,SYN_103286,7,07:06:06,07:06:21,0
WWP7DCP2cjGJxPZSN68Y2-07:00:00,SYN_103287,8,07:07:07,07:07:22,0
WWP7DCP2cjGJxPZSN68Y2-07:00:00,SYN_103288,9,07:08:07,07:08:22,0
WWP7DCP2cjGJxPZSN68Y2-07:00:00,SYN_103289,10,07:09:08,07:09:23,0
WWP7DCP2cjGJxPZSN68Y2-07:00:00,SYN_103290,11,07:10:02,07:10:17,0
WWP7DCP2cjGJxPZSN68Y2-07:00:00,SYN_103291,12,07:10:21,07:10:36,0
WWP7DCP2cjGJxPZSN68Y2-07:00:00,SYN_103292,13,07:10:40,07:10:55,0
WWP7DCP2cjGJxPZSN68Y2-07:00:00,SYN_103293,14,07:11:00,07:11:15,0
WWP7DCP2cjGJxPZSN68Y2-07:00:00,SYN_103294,15,07:11:19,07:11:34,0
WWP7DCP2cjGJxPZSN68Y2-07:00:00,SYN_103295,16,07:11:38,07:11:53,0
WWP7DCP2cjGJxPZSN68Y2-07:00:00,SYN_103296,17,07:11:57,07:12:12,0
WWP7DCP2cjGJxPZSN68Y2-07:00:00,SYN_103297,18,07:12:13,07:12:28,0
WWP7DCP2cjGJxPZSN68Y2-07:00:00,SYN_103298,19,07:12:30,07:12:45,0
WWP7DCP2cjGJxPZSN68Y2-07:00:00,SYN_103299,20,07:13:00,07:13:15,0
WWP7DCP2cjGJxPZSN68Y2-07:00:00,SYN_103300,21,07:14:45,07:15:00,0
WWP7DCP2cjGJxPZSN68Y2-07:00:00,SYN_103301,22,07:15:35,07:15:50,0
WWP7DCP2cjGJxPZSN68Y2-07:00:00,SYN_103302,23,07:16:23,07:16:38,0
WWP7DCP2cjGJxPZSN68Y2-07:00:00,SYN_103303,24,07:17:10,07:17:25,0
WWP7DCP2cjGJxPZSN68Y2-07:00:00,SYN_103304,25,07:17:58,07:18:13,0
WWP7DCP2cjGJxPZSN68Y2-07:00:00,SYN_103305,26,07:18:45,07:19:00,0
WWP7DCP2cjGJxPZSN68Y2-07:00:00,SYN_103306,27,07:19:33,07:19:48,0
WWP7DCP2cjGJxPZSN68Y2-07:00:00,SYN_103307,28,07:20:08,07:20:23,0
WWP7DCP2cjGJxPZSN68Y2-07:00:00,SYN_103308,29,07:20:43,07:20:58,0
WWP7DCP2cjGJxPZSN68Y2-07:00:00,SYN_103309,30,07:21:18,07:21:33,0
WWP7DCP2cjGJxPZSN68Y2-07:00:00,SYN_103310,31,07:21:53,07:22:08,0
WWP7DCP2cjGJxPZSN68Y2-07:00:00,SYN_103311,32,07:22:28,07:22:43,0
WWP7DCP2cjGJxPZSN68Y2-07:00:00,SYN_103312,33,07:23:03,07:23:18,0
WWP7DCP2cjGJxPZSN68Y2-07:00:00,SYN_103313,34,07:23:38,07:23:53,0
WWP7DCP2cjGJxPZSN68Y2-07:00:00,SYN_103314,35,07:24:13,07:24:28,0
WWP7DCP2cjGJxPZSN68Y2-07:00:00,SYN_103315,36,07:24:48,07:25:03,0
WWP7DCP2cjGJxPZSN68Y2-07:00:00,SYN_103316,37,07:25:09,07:25:24,0
WWP7DCP2cjGJxPZSN68Y2-07:00:00,SYN_103317,38,07:25:30,07:25:45,0
WWP7DCP2cjGJxPZSN68Y2-07:00:00,SYN_103318,39,07:25:51,07:26:06,0
WWP7DCP2cjGJxPZSN68Y2-07:00:00,SYN_103319,40,07:26:12,07:26:27,0
WWP7DCP2cjGJxPZSN68Y2-07:00:00,SYN_103320,41,07:26:33,07:26:48,0
WWP7DCP2cjGJxPZSN68Y2-07:00:00,SYN_103321,42,07:26:54,07:27:09,0
WWP7DCP2cjGJxPZSN68Y2-07:00:00,SYN_103322,43,07:27:15,07:27:30,0
WWP7DCP2cjGJxPZSN68Y2-07:00:00,SYN_103323,44,07:27:36,07:27:51,0
WWP7DCP2cjGJxPZSN68Y2-07:00:00,SYN_103324,45,07:27:57,07:28:12,0
WWP7DCP2cjGJxPZSN68Y2-07:00:00,SYN_103325,46,07:28:18,07:28:33,0
WWP7DCP2cjGJxPZSN68Y2-07:00:00,SYN_103326,47,07:28:39,07:28:54,0
WWP7DCP2cjGJxPZSN68Y2-07:00:00,SYN_103327,48,07:28:59,07:29:14,0
WWP7DCP2cjGJxPZSN68Y2-07:00:00,SYN_103328,49,07:29:25,07:29:40,0
WWP7DCP2cjGJxPZSN68Y2-07:00:00,SYN_103329,50,07:29:50,07:30:05,0
WWP7DCP2cjGJxPZSN68Y2-07:00:00,SYN_103330,51,07:30:15,07:30:30,0
WWP7DCP2cjGJxPZSN68Y2-07:00:00,SYN_103331,52,07:30:41,07:30:56,0
WWP7DCP2cjGJxPZSN68Y2-07:00:00,SYN_103332,53,07:31:06,07:31:21,0
WWP7DCP2cjGJxPZSN68Y2-07:00:00,SYN_103333,54,07:31:31,07:31:46,0
WWP7DCP2cjGJxPZSN68Y2-07:00:00,SYN_103334,55,07:31:56,07:32:11,0
WWP7DCP2cjGJxPZSN68Y2-07:00:00,SYN_103335,56,07:32:22,07:32:37,0
WWP7DCP2cjGJxPZSN68Y2-07:00:00,SYN_103336,57,07:32:48,07:33:03,0
WWP7DCP2cjGJxPZSN68Y2-07:00:00,SYN_103337,58,07:33:17,07:33:32,0
WWP7DCP2cjGJxPZSN68Y2-07:00:00,SYN_103338,59,07:33:46,07:34:01,0
WWP7DCP2cjGJxPZSN68Y2-07:00:00,SYN_103339,60,07:34:15,07:34:30,0
WWP7DCP2cjGJxPZSN68Y2-07:00:00,SYN_103340,61,07:34:44,07:34:59,0
WWP7DCP2cjGJxPZSN68Y2-07:00:00,SYN_103341,62,07:35:13,07:35:28,0
WWP7DCP2cjGJxPZSN68Y2-07:00:00,SYN_103342,63,07:35:42,07:35:57,0
WWP7DCP2cjGJxPZSN68Y2-07:00:00,SYN_103343,64,07:36:11,07:36:26,0
WWP7DCP2cjGJxPZSN68Y2-07:00:00,SYN_103344,65,07:36:45,07:37:00,0
WWP7DCP2cjGJxPZSN68Y2-07:00:00,SYN_103345,66,07:37:18,07:37:33,0
WWP7DCP2cjGJxPZSN68Y2-07:00:00,SYN_103346,67,07:37:52,07:38:07,0
WWP7DCP2cjGJxPZSN68Y2-07:00:00,SYN_103347,68,07:38:26,07:38:41,0
WWP7DCP2cjGJxPZSN68Y2-07:00:00,SYN_103348,69,07:39:00,07:39:15,0
WWP7DCP2cjGJxPZSN68Y2-07:00:00,SYN_103349,70,07:39:33,07:39:48,0
WWP7DCP2cjGJxPZSN68Y2-07:00:00,SYN_103350,71,07:40:04,07:40:19,0
WWP7DCP2cjGJxPZSN68Y2-07:00:00,SYN_103351,72,07:40:36,07:40:51,0
WWP7DCP2cjGJxPZSN68Y2-07:00:00,SYN_103352,73,07:41:18,07:41:33,0
WWP7DCP2cjGJxPZSN68Y2-07:00:00,SYN_103353,74,07:42:01,07:42:16,0
WWP7DCP2cjGJxPZSN68Y2-07:00:00,SYN_103354,75,07:42:45,07:43:00,0
WWP7DCP2cjGJxPZSN68Y2-07:00:00,SYN_103355,76,07:43:28,07:43:43,0
WWP7DCP2cjGJxPZSN68Y2-07:00:00,SYN_103356,77,07:44:05,07:44:20,0
WWP7DCP2cjGJxPZSN68Y2-07:00:00,SYN_103357,78,07:44:42,07:44:57,0
WWP7DCP2cjGJxPZSN68Y2-07:00:00,SYN_103358,79,07:45:18,07:45:33,0
WWP7DCP2cjGJxPZSN68Y2-07:00:00,SYN_103359,80,07:45:55,07:46:10,0
WWP7DCP2cjGJxPZSN68Y2-07:00:00,SYN_103360,81,07:46:33,07:46:48,0
WWP7DCP2cjGJxPZSN68Y2-07:00:00,SYN_103361,82,07:47:23,07:47:38,0
WWP7DCP2cjGJxPZSN68Y2-07:00:00,SYN_103362,83,07:48:13,07:48:28,0
WWP7DCP2cjGJxPZSN68Y2-07:00:00,SYN_103363,84,07:49:02,07:49:17,0
yKUP1GAjkqmvJPLe6dDUV-07:00:00,SYN_103366,0,07:00:55,07:01:10,0
yKUP1GAjkqmvJPLe6dDUV-07:00:00,SYN_103367,1,07:01:59,07:02:14,0
yKUP1GAjkqmvJPLe6dDUV-07:00:00,SYN_103368,2,07:03:03,07:03:18,0
yKUP1GAjkqmvJPLe6dDUV-07:00:00,SYN_103369,3,07:04:52,07:05:07,0
yKUP1GAjkqmvJPLe6dDUV-07:00:00,SYN_103370,4,07:06:49,07:07:04,0
yKUP1GAjkqmvJPLe6dDUV-07:00:00,SYN_103371,5,07:08:01,07:08:16,0
yKUP1GAjkqmvJPLe6dDUV-07:00:00,SYN_103372,6,07:09:12,07:09:27,0
yKUP1GAjkqmvJPLe6dDUV-07:00:00,SYN_103373,7,07:10:23,07:10:38,0
yKUP1GAjkqmvJPLe6dDUV-07:00:00,SYN_103374,8,07:11:18,07:11:33,0
yKUP1GAjkqmvJPLe6dDUV-07:00:00,SYN_103375,9,07:12:07,07:12:22,0
yKUP1GAjkqmvJPLe6dDUV-07:00:00,SYN_103376,10,07:12:55,07:13:10,0
APpubImR-DQ7ipx8VqTDi-07:00:00,SYN_103385,0,07:01:22,07:01:37,0
APpubImR-DQ7ipx8VqTDi-07:00:00,SYN_103386,1,07:02:44,07:02:59,0
APpubImR-DQ7ipx8VqTDi-07:00:00,SYN_103387,2,07:04:07,07:04:22,0
APpubImR-DQ7ipx8VqTDi-07:00:00,SYN_103388,3,07:05:29,07:05:44,0
APpubImR-DQ7ipx8VqTDi-07:00:00,SYN_103389,4,07:06:17,07:06:32,0
APpubImR-DQ7ipx8VqTDi-07:00:00,SYN_103390,5,07:06:59,07:07:14,0
APpubImR-DQ7ipx8VqTDi-07:00:00,SYN_103391,6,07:07:40,07:07:55,0
APpubImR-DQ7ipx8VqTDi-07:00:00,SYN_103392,7,07:08:21,07:08:36,0
APpubImR-DQ7ipx8VqTDi-07:00:00,SYN_103393,8,07:08:49,07:09:04,0
APpubImR-DQ7ipx8VqTDi-07:00:00,SYN_103394,9,07:09:10,07:09:25,0
APpubImR-DQ7ipx8VqTDi-07:00:00,SYN_103395,10,07:09:32,07:09:47,0
APpubImR-DQ7ipx8VqTDi-07:00:00,SYN_103396,11,07:09:53,07:10:08,0
APpubImR-DQ7ipx8VqTDi-07:00:00,SYN_103397,12,07:10:15,07:10:30,0
APpubImR-DQ7ipx8VqTDi-07:00:00,SYN_103398,13,07:10:36,07:10:51,0
APpubImR-DQ7ipx8VqTDi-07:00:00,SYN_103399,14,07:10:57,07:11:12,0
APpubImR-DQ7ipx8VqTDi-07:00:00,SYN_103400,15,07:11:19,07:11:34,0
APpubImR-DQ7ipx8VqTDi-07:00:00,SYN_103401,16,07:11:40,07:11:55,0
APpubImR-DQ7ipx8VqTDi-07:00:00,SYN_103402,17,07:12:02,07:12:17,0
APpubImR-DQ7ipx8VqTDi-07:00:00,SYN_103403,18,07:12:28,07:12:43,0
APpubImR-DQ7ipx8VqTDi-07:00:00,SYN_103404,19,07:12:53,07:13:08,0
APpubImR-DQ7ipx8VqTDi-07:00:00,SYN_103405,20,07:13:18,07:13:33,0
APpubImR-DQ7ipx8VqTDi-07:00:00,SYN_103406,21,07:13:44,07:13:59,0
APpubImR-DQ7ipx8VqTDi-07:00:00,SYN_103407,22,07:14:09,07:14:24,0
APpubImR-DQ7ipx8VqTDi-07:00:00,SYN_103408,23,07:14:34,07:14:49,0
APpubImR-DQ7ipx8VqTDi-07:00:00,SYN_103409,24,07:15:00,07:15:15,0
APpubImR-DQ7ipx8VqTDi-07:00:00,SYN_103410,25,07:15:25,07:15:40,0
APpubImR-DQ7ipx8VqTDi-07:00:00,SYN_103411,26,07:15:49,07:16:04,0
APpubImR-DQ7ipx8VqTDi-07:00:00,SYN_103412,27,07:16:11,07:16:26,0
APpubImR-DQ7ipx8VqTDi-07:00:00,SYN_103413,28,07:16:33,07:16:48,0
APpubImR-DQ7ipx8VqTDi-07:00:00,SYN_103414,29,07:16:56,07:17:11,0
APpubImR-DQ7ipx8VqTDi-07:00:00,SYN_103415,30,07:17:18,07:17:33,0
APpubImR-DQ7ipx8VqTDi-07:00:00,SYN_103416,31,07:17:40,07:17:55,0
APpubImR-DQ7ipx8VqTDi-07:00:00,SYN_103417,32,07:18:02,07:18:17,0
APpubImR-DQ7ipx8VqTDi-07:00:00,SYN_103418,33,07:18:24,07:18:39,0
APpubImR-DQ7ipx8VqTDi-07:00:00,SYN_103419,34,07:18:46,07:19:01,0
APpubImR-DQ7ipx8VqTDi-07:00:00,SYN_103420,35,07:19:09,07:19:24,0
APpubImR-DQ7ipx8VqTDi-07:00:00,SYN_103421,36,07:19:31,07:19:46,0
APpubImR-DQ7ipx8VqTDi-07:00:00,SYN_103422,37,07:19:53,07:20:08,0
9iBvMMprqaal91Eesle9O-07:00:00,SYN_103424,0,07:01:02,07:01:17,0
9iBvMMprqaal91Eesle9O-07:00:00,SYN_103425,1,07:01:54,07:02:09,0
9iBvMMprqaal91Eesle9O-07:00:00,SYN_103426,2,07:02:22,07:02:37,0
9iBvMMprqaal91Eesle9O-07:00:00,SYN_103427,3,07:02:35,07:02:50,0
9iBvMMprqaal91Eesle9O-07:00:00,SYN_103428,4,07:02:48,07:03:03,0
9iBvMMprqaal91Eesle9O-07:00:00,SYN_103429,5,07:03:01,07:03:16,0
9iBvMMprqaal91Eesle9O-07:00:00,SYN_103430,6,07:03:15,07:03:30,0
9iBvMMprqaal91Eesle9O-07:00:00,SYN_103431,7,07:03:28,07:03:43,0
9iBvMMprqaal91Eesle9O-07:00:00,SYN_103432,8,07:03:41,07:03:56,0
9iBvMMprqaal91Eesle9O-07:00:00,SYN_103433,9,07:03:54,07:04:09,0
9iBvMMprqaal91Eesle9O-07:00:00,SYN_103434,10,07:04:07,07:04:22,0
9iBvMMprqaal91Eesle9O-07:00:00,SYN_103435,11,07:04:20,07:04:35,0
9iBvMMprqaal91Eesle9O-07:00:00,SYN_103436,12,07:04:33,07:04:48,0
9iBvMMprqaal91Eesle9O-07:00:00,SYN_103437,13,07:04:46,07:05:01,0
9iBvMMprqaal91Eesle9O-07:00:00,SYN_103438,14,07:04:59,07:05:14,0
9iBvMMprqaal91Eesle9O-07:00:00,SYN_103439,15,07:05:12,07:05:27,0
9iBvMMprqaal91Eesle9O-07:00:00,SYN_103440,16,07:05:25,07:05:40,0
9iBvMMprqaal91Eesle9O-07:00:00,SYN_103441,17,07:05:39,07:05:54,0
9iBvMMprqaal91Eesle9O-07:00:00,SYN_103442,18,07:05:52,07:06:07,0
9iBvMMprqaal91Eesle9O-07:00:00,SYN_103443,19,07:06:05,07:06:20,0
9iBvMMprqaal91Eesle9O-07:00:00,SYN_103444,20,07:06:18,07:06:33,0
9iBvMMprqaal91Eesle9O-07:00:00,SYN_103445,21,07:06:31,07:06:46,0
9iBvMMprqaal91Eesle9O-07:00:00,SYN_103446,22,07:06:49,07:07:04,0
9iBvMMprqaal91Eesle9O-07:00:00,SYN_103447,23,07:07:07,07:07:22,0
9iBvMMprqaal91Eesle9O-07:00:00,SYN_103448,24,07:07:25,07:07:40,0
9iBvMMprqaal91Eesle9O-07:00:00,SYN_103449,25,07:07:43,07:07:58,0
9iBvMMprqaal91Eesle9O-07:00:00,SYN_103450,26,07:08:01,07:08:16,0
9iBvMMprqaal91Eesle9O-07:00:00,SYN_103451,27,07:08:19,07:08:34,0
9iBvMMprqaal91Eesle9O-07:00:00,SYN_103452,28,07:08:36,07:08:51,0
9iBvMMprqaal91Eesle9O-07:00:00,SYN_103453,29,07:08:48,07:09:03,0
9iBvMMprqaal91Eesle9O-07:00:00,SYN_103454,30,07:09:00,07:09:15,0
9iBvMMprqaal91Eesle9O-07:00:00,SYN_103455,31,07:09:12,07:09:27,0
9iBvMMprqaal91Eesle9O-07:00:00,SYN_103456,32,07:09:24,07:09:39,0
9iBvMMprqaal91Eesle9O-07:00:00,SYN_103457,33,07:09:36,07:09:51,0
9iBvMMprqaal91Eesle9O-07:00:00,SYN_103458,34,07:09:48,07:10:03,0
9iBvMMprqaal91Eesle9O-07:00:00,SYN_103459,35,07:10:00,07:10:15,0
9iBvMMprqaal91Eesle9O-07:00:00,SYN_103460,36,07:10:12,07:10:27,0
9iBvMMprqaal91Eesle9O-07:00:00,SYN_103461,37,07:10:24,07:10:39,0
9iBvMMprqaal91Eesle9O-07:00:00,SYN_103462,38,07:10:36,07:10:51,0
9iBvMMprqaal91Eesle9O-07:00:00,SYN_103463,39,07:10:48,07:11:03,0
9iBvMMprqaal91Eesle9O-07:00:00,SYN_103464,40,07:11:01,07:11:16,0
9iBvMMprqaal91Eesle9O-07:00:00,SYN_103465,41,07:11:14,07:11:29,0
9iBvMMprqaal91Eesle9O-07:00:00,SYN_103466,42,07:11:31,07:11:46,0
9iBvMMprqaal91Eesle9O-07:00:00,SYN_103467,43,07:11:48,07:12:03,0
9iBvMMprqaal91Eesle9O-07:00:00,SYN_103468,44,07:12:05,07:12:20,0
9iBvMMprqaal91Eesle9O-07:00:00,SYN_103469,45,07:12:21,07:12:36,0
9iBvMMprqaal91Eesle9O-07:00:00,SYN_103470,46,07:12:36,07:12:51,0
9iBvMMprqaal91Eesle9O-07:00:00,SYN_103471,47,07:12:51,07:13:06,0
9iBvMMprqaal91Eesle9O-07:00:00,SYN_103472,48,07:13:08,07:13:23,0
9iBvMMprqaal91Eesle9O-07:00:00,SYN_103473,49,07:13:27,07:13:42,0
9iBvMMprqaal91Eesle9O-07:00:00,SYN_103474,50,07:13:46,07:14:01,0
9iBvMMprqaal91Eesle9O-07:00:00,SYN_103475,51,07:14:05,07:14:20,0
9iBvMMprqaal91Eesle9O-07:00:00,SYN_103476,52,07:14:24,07:14:39,0
9iBvMMprqaal91Eesle9O-07:00:00,SYN_103477,53,07:14:42,07:14:57,0
9iBvMMprqaal91Eesle9O-07:00:00,SYN_103478,54,07:15:08,07:15:23,0
9iBvMMprqaal91Eesle9O-07:00:00,SYN_103479,55,07:15:40,07:15:55,0
9iBvMMprqaal91Eesle9O-07:00:00,SYN_103480,56,07:16:12,07:16:27,0
9iBvMMprqaal91Eesle9O-07:00:00,SYN_103481,57,07:16:43,07:16:58,0
9iBvMMprqaal91Eesle9O-07:00:00,SYN_103482,58,07:17:15,07:17:30,0
9iBvMMprqaal91Eesle9O-07:00:00,SYN_103483,59,07:17:47,07:18:02,0
9iBvMMprqaal91Eesle9O-07:00:00,SYN_103484,60,07:18:19,07:18:34,0
9iBvMMprqaal91Eesle9O-07:00:00,SYN_103485,61,07:18:51,07:19:06,0
9iBvMMprqaal91Eesle9O-07:00:00,SYN_103486,62,07:19:22,07:19:37,0
9iBvMMprqaal91Eesle9O-07:00:00,SYN_103487,63,07:19:55,07:20:10,0
9iBvMMprqaal91Eesle9O-07:00:00,SYN_103488,64,07:20:29,07:20:44,0
9iBvMMprqaal91Eesle9O-07:00:00,SYN_103489,65,07:21:03,07:21:18,0
9iBvMMprqaal91Eesle9O-07:00:00,SYN_103490,66,07:21:37,07:21:52,0
9iBvMMprqaal91Eesle9O-07:00:00,SYN_103491,67,07:22:11,07:22:26,0
9iBvMMprqaal91Eesle9O-07:00:00,SYN_103492,68,07:22:44,07:22:59,0
9iBvMMprqaal91Eesle9O-07:00:00,SYN_103493,69,07:23:16,07:23:31,0
9iBvMMprqaal91Eesle9O-07:00:00,SYN_103494,70,07:23:47,07:24:02,0
9iBvMMprqaal91Eesle9O-07:00:00,SYN_103495,71,07:24:24,07:24:39,0
9iBvMMprqaal91Eesle9O-07:00:00,SYN_103496,72,07:25:08,07:25:23,0
9iBvMMprqaal91Eesle9O-07:00:00,SYN_103497,73,07:25:52,07:26:07,0
9iBvMMprqaal91Eesle9O-07:00:00,SYN_103498,74,07:26:35,07:26:50,0
9iBvMMprqaal91Eesle9O-07:00:00,SYN_103499,75,07:27:16,07:27:31,0
9iBvMMprqaal91Eesle9O-07:00:00,SYN_103500,76,07:27:52,07:28:07,0
9iBvMMprqaal91Eesle9O-07:00:00,SYN_103501,77,07:28:29,07:28:44,0
9iBvMMprqaal91Eesle9O-07:00:00,SYN_103502,78,07:29:05,07:29:20,0
9iBvMMprqaal91Eesle9O-07:00:00,SYN_103503,79,07:29:42,07:29:57,0
9iBvMMprqaal91Eesle9O-07:00:00,SYN_103504,80,07:30:28,07:30:43,0
9iBvMMprqaal91Eesle9O-07:00:00,SYN_103505,81,07:31:18,07:31:33,0
9iBvMMprqaal91Eesle9O-07:00:00,SYN_103506,82,07:32:08,07:32:23,0
4QUtLrt9QqoQBADynOzAM-07:00:00,SYN_103509,0,07:00:07,07:00:22,0
4QUtLrt9QqoQBADynOzAM-07:00:00,SYN_103510,1,07:00:23,07:00:38,0
4QUtLrt9QqoQBADynOzAM-07:00:00,SYN_103511,2,07:00:38,07:00:53,0
4QUtLrt9QqoQBADynOzAM-07:00:00,SYN_103512,3,07:00:54,07:01:09,0
4QUtLrt9QqoQBADynOzAM-07:00:00,SYN_103513,4,07:01:09,07:01:24,0
4QUtLrt9QqoQBADynOzAM-07:00:00,SYN_103514,5,07:01:24,07:01:39,0
4QUtLrt9QqoQBADynOzAM-07:00:00,SYN_103515,6,07:01:40,07:01:55,0
4QUtLrt9QqoQBADynOzAM-07:00:00,SYN_103516,7,07:01:55,07:02:10,0
4QUtLrt9QqoQBADynOzAM-07:00:00,SYN_103517,8,07:02:11,07:02:26,0
4QUtLrt9QqoQBADynOzAM-07:00:00,SYN_103518,9,07:02:26,07:02:41,0
4QUtLrt9QqoQBADynOzAM-07:00:00,SYN_103519,10,07:02:42,07:02:57,0
4QUtLrt9QqoQBADynOzAM-07:00:00,SYN_103520,11,07:02:57,07:03:12,0
4QUtLrt9QqoQBADynOzAM-07:00:00,SYN_103521,12,07:03:12,07:03:27,0
4QUtLrt9QqoQBADynOzAM-07:00:00,SYN_103522,13,07:03:28,07:03:43,0
4QUtLrt9QqoQBADynOzAM-07:00:00,SYN_103523,14,07:03:43,07:03:58,0
4QUtLrt9QqoQBADynOzAM-07:00:00,SYN_103524,15,07:03:59,07:04:14,0
4QUtLrt9QqoQBADynOzAM-07:00:00,SYN_103525,16,07:04:14,07:04:29,0
4QUtLrt9QqoQBADynOzAM-07:00:00,SYN_103526,17,07:04:29,07:04:44,0
4QUtLrt9QqoQBADynOzAM-07:00:00,SYN_103527,18,07:04:45,07:05:00,0
4QUtLrt9QqoQBADynOzAM-07:00:00,SYN_103528,19,07:05:00,07:05:15,0
4QUtLrt9QqoQBADynOzAM-07:00:00,SYN_103529,20,07:05:16,07:05:31,0
4QUtLrt9QqoQBADynOzAM-07:00:00,SYN_103530,21,07:05:31,07:05:46,0
4QUtLrt9QqoQBADynOzAM-07:00:00,SYN_103531,22,07:05:47,07:06:02,0
4QUtLrt9QqoQBADynOzAM-07:00:00,SYN_103532,23,07:06:02,07:06:17,0
4QUtLrt9QqoQBADynOzAM-07:00:00,SYN_103533,24,07:06:17,07:06:32,0
4QUtLrt9QqoQBADynOzAM-07:00:00,SYN_103534,25,07:06:33,07:06:48,0
4QUtLrt9QqoQBADynOzAM-07:00:00,SYN_103535,26,07:06:48,07:07:03,0
4QUtLrt9QqoQBADynOzAM-07:00:00,SYN_103536,27,07:07:04,07:07:19,0
4QUtLrt9QqoQBADynOzAM-07:00:00,SYN_103537,28,07:07:19,07:07:34,0
4QUtLrt9QqoQBADynOzAM-07:00:00,SYN_103538,29,07:07:35,07:07:50,0
4QUtLrt9QqoQBADynOzAM-07:00:00,SYN_103539,30,07:07:50,07:08:05,0
4QUtLrt9QqoQBADynOzAM-07:00:00,SYN_103540,31,07:08:05,07:08:20,0
4QUtLrt9QqoQBADynOzAM-07:00:00,SYN_103541,32,07:08:21,07:08:36,0
4QUtLrt9QqoQBADynOzAM-07:00:00,SYN_103542,33,07:08:36,07:08:51,0
4QUtLrt9QqoQBADynOzAM-07:00:00,SYN_103543,34,07:08:52,07:09:07,0
4QUtLrt9QqoQBADynOzAM-07:00:00,SYN_103544,35,07:09:07,07:09:22,0
4QUtLrt9QqoQBADynOzAM-07:00:00,SYN_103545,36,07:09:22,07:09:37,0
4QUtLrt9QqoQBADynOzAM-07:00:00,SYN_103546,37,07:09:38,07:09:53,0
4QUtLrt9QqoQBADynOzAM-07:00:00,SYN_103547,38,07:09:52,07:10:07,0
4QUtLrt9QqoQBADynOzAM-07:00:00,SYN_103548,39,07:10:01,07:10:16,0
4QUtLrt9QqoQBADynOzAM-07:00:00,SYN_103549,40,07:10:10,07:10:25,0
4QUtLrt9QqoQBADynOzAM-07:00:00,SYN_103550,41,07:10:19,07:10:34,0
4QUtLrt9QqoQBADynOzAM-07:00:00,SYN_103551,42,07:10:27,07:10:42,0
4QUtLrt9QqoQBADynOzAM-07:00:00,SYN_103552,43,07:10:36,07:10:51,0
4QUtLrt9QqoQBADynOzAM-07:00:00,SYN_103553,44,07:10:45,07:11:00,0
4QUtLrt9QqoQBADynOzAM-07:00:00,SYN_103554,45,07:10:54,07:11:09,0
4QUtLrt9QqoQBADynOzAM-07:00:00,SYN_103555,46,07:11:03,07:11:18,0
4QUtLrt9QqoQBADynOzAM-07:00:00,SYN_103556,47,07:11:12,07:11:27,0
4QUtLrt9QqoQBADynOzAM-07:00:00,SYN_103557,48,07:11:20,07:11:35,0
4QUtLrt9QqoQBADynOzAM-07:00:00,SYN_103558,49,07:11:29,07:11:44,0
4QUtLrt9QqoQBADynOzAM-07:00:00,SYN_103559,50,07:11:38,07:11:53,0
4QUtLrt9QqoQBADynOzAM-07:00:00,SYN_103560,51,07:11:47,07:12:02,0
4QUtLrt9QqoQBADynOzAM-07:00:00,SYN_103561,52,07:11:56,07:12:11,0
4QUtLrt9QqoQBADynOzAM-07:00:00,SYN_103562,53,07:12:05,07:12:20,0
4QUtLrt9QqoQBADynOzAM-07:00:00,SYN_103563,54,07:12:13,07:12:28,0
4QUtLrt9QqoQBADynOzAM-07:00:00,SYN_103564,55,07:12:22,07:12:37,0
4QUtLrt9QqoQBADynOzAM-07:00:00,SYN_103565,56,07:12:31,07:12:46,0
4QUtLrt9QqoQBADynOzAM-07:00:00,SYN_103566,57,07:12:40,07:12:55,0
4QUtLrt9QqoQBADynOzAM-07:00:00,SYN_103567,58,07:12:49,07:13:04,0
4QUtLrt9QqoQBADynOzAM-07:00:00,SYN_103568,59,07:12:58,07:13:13,0
4QUtLrt9QqoQBADynOzAM-07:00:00,SYN_103569,60,07:13:06,07:13:21,0
4QUtLrt9QqoQBADynOzAM-07:00:00,SYN_103570,61,07:13:15,07:13:30,0
4QUtLrt9QqoQBADynOzAM-07:00:00,SYN_103571,62,07:13:24,07:13:39,0
4QUtLrt9QqoQBADynOzAM-07:00:00,SYN_103572,63,07:13:33,07:13:48,0
4QUtLrt9QqoQBADynOzAM-07:00:00,SYN_103573,64,07:13:42,07:13:57,0
4QUtLrt9QqoQBADynOzAM-07:00:00,SYN_103574,65,07:13:51,07:14:06,0
4QUtLrt9QqoQBADynOzAM-07:00:00,SYN_103575,66,07:13:59,07:14:14,0
4QUtLrt9QqoQBADynOzAM-07:00:00,SYN_103576,67,07:14:08,07:14:23,0
4QUtLrt9QqoQBADynOzAM-07:00:00,SYN_103577,68,07:14:17,07:14:32,0
4QUtLrt9QqoQBADynOzAM-07:00:00,SYN_103578,69,07:14:26,07:14:41,0
4QUtLrt9QqoQBADynOzAM-07:00:00,SYN_103579,70,07:14:35,07:14:50,0
4QUtLrt9QqoQBADynOzAM-07:00:00,SYN_103580,71,07:14:44,07:14:59,0
4QUtLrt9QqoQBADynOzAM-07:00:00,SYN_103581,72,07:14:52,07:15:07,0
4QUtLrt9QqoQBADynOzAM-07:00:00,SYN_103582,73,07:15:01,07:15:16,0
4QUtLrt9QqoQBADynOzAM-07:00:00,SYN_103583,74,07:15:10,07:15:25,0
4QUtLrt9QqoQBADynOzAM-07:00:00,SYN_103584,75,07:15:19,07:15:34,0
4QUtLrt9QqoQBADynOzAM-07:00:00,SYN_103585,76,07:15:28,07:15:43,0
4QUtLrt9QqoQBADynOzAM-07:00:00,SYN_103586,77,07:15:37,07:15:52,0
4QUtLrt9QqoQBADynOzAM-07:00:00,SYN_103587,78,07:15:45,07:16:00,0
4QUtLrt9QqoQBADynOzAM-07:00:00,SYN_103588,79,07:15:54,07:16:09,0
4QUtLrt9QqoQBADynOzAM-07:00:00,SYN_103589,80,07:16:11,07:16:26,0
4QUtLrt9QqoQBADynOzAM-07:00:00,SYN_103590,81,07:16:46,07:17:01,0
4QUtLrt9QqoQBADynOzAM-07:00:00,SYN_103591,82,07:17:21,07:17:36,0
4QUtLrt9QqoQBADynOzAM-07:00:00,SYN_103592,83,07:17:57,07:18:12,0
4QUtLrt9QqoQBADynOzAM-07:00:00,SYN_103593,84,07:18:32,07:18:47,0
4QUtLrt9QqoQBADynOzAM-07:00:00,SYN_103594,85,07:19:07,07:19:22,0
4QUtLrt9QqoQBADynOzAM-07:00:00,SYN_103595,86,07:19:42,07:19:57,0
4QUtLrt9QqoQBADynOzAM-07:00:00,SYN_103596,87,07:20:18,07:20:33,0
4QUtLrt9QqoQBADynOzAM-07:00:00,SYN_103597,88,07:20:53,07:21:08,0
4QUtLrt9QqoQBADynOzAM-07:00:00,SYN_103598,89,07:21:28,07:21:43,0
4QUtLrt9QqoQBADynOzAM-07:00:00,SYN_103599,90,07:22:04,07:22:19,0
4QUtLrt9QqoQBADynOzAM-07:00:00,SYN_103600,91,07:22:39,07:22:54,0
4QUtLrt9QqoQBADynOzAM-07:00:00,SYN_103601,92,07:23:14,07:23:29,0
4QUtLrt9QqoQBADynOzAM-07:00:00,SYN_103602,93,07:23:49,07:24:04,0
4QUtLrt9QqoQBADynOzAM-07:00:00,SYN_103603,94,07:24:25,07:24:40,0
4QUtLrt9QqoQBADynOzAM-07:00:00,SYN_103604,95,07:25:00,07:25:15,0
4QUtLrt9QqoQBADynOzAM-07:00:00,SYN_103605,96,07:25:35,07:25:50,0
4QUtLrt9QqoQBADynOzAM-07:00:00,SYN_103606,97,07:26:11,07:26:26,0
4QUtLrt9QqoQBADynOzAM-07:00:00,SYN_103607,98,07:26:46,07:27:01,0
4QUtLrt9QqoQBADynOzAM-07:00:00,SYN_103608,99,07:27:21,07:27:36,0
4QUtLrt9QqoQBADynOzAM-07:00:00,SYN_103609,100,07:27:56,07:28:11,0
4QUtLrt9QqoQBADynOzAM-07:00:00,SYN_103610,101,07:28:32,07:28:47,0
4QUtLrt9QqoQBADynOzAM-07:00:00,SYN_103611,102,07:29:07,07:29:22,0
4QUtLrt9QqoQBADynOzAM-07:00:00,SYN_103612,103,07:29:42,07:29:57,0
4QUtLrt9QqoQBADynOzAM-07:00:00,SYN_103613,104,07:30:17,07:30:32,0
4QUtLrt9QqoQBADynOzAM-07:00:00,SYN_103614,105,07:30:52,07:31:07,0
4QUtLrt9QqoQBADynOzAM-07:00:00,SYN_103615,106,07:31:27,07:31:42,0
4QUtLrt9QqoQBADynOzAM-07:00:00,SYN_103616,107,07:32:01,07:32:16,0
4QUtLrt9QqoQBADynOzAM-07:00:00,SYN_103617,108,07:32:36,07:32:51,0
4QUtLrt9QqoQBADynOzAM-07:00:00,SYN_103618,109,07:33:10,07:33:25,0
4QUtLrt9QqoQBADynOzAM-07:00:00,SYN_103619,110,07:33:45,07:34:00,0
4QUtLrt9QqoQBADynOzAM-07:00:00,SYN_103620,111,07:34:20,07:34:35,0
4QUtLrt9QqoQBADynOzAM-07:00:00,SYN_103621,112,07:34:54,07:35:09,0
4QUtLrt9QqoQBADynOzAM-07:00:00,SYN_103622,113,07:35:28,07:35:43,0
4QUtLrt9QqoQBADynOzAM-07:00:00,SYN_103623,114,07:35:49,07:36:04,0
4QUtLrt9QqoQBADynOzAM-07:00:00,SYN_103624,115,07:36:10,07:36:25,0
4QUtLrt9QqoQBADynOzAM-07:00:00,SYN_103625,116,07:36:31,07:36:46,0
4QUtLrt9QqoQBADynOzAM-07:00:00,SYN_103626,117,07:36:51,07:37:06,0
4QUtLrt9QqoQBADynOzAM-07:00:00,SYN_103627,118,07:37:12,07:37:27,0
4QUtLrt9QqoQBADynOzAM-07:00:00,SYN_103628,119,07:37:33,07:37:48,0
4QUtLrt9QqoQBADynOzAM-07:00:00,SYN_103629,120,07:37:54,07:38:09,0
4QUtLrt9QqoQBADynOzAM-07:00:00,SYN_103630,121,07:38:15,07:38:30,0
4QUtLrt9QqoQBADynOzAM-07:00:00,SYN_103631,122,07:38:36,07:38:51,0
4QUtLrt9QqoQBADynOzAM-07:00:00,SYN_103632,123,07:38:57,07:39:12,0
4QUtLrt9QqoQBADynOzAM-07:00:00,SYN_103633,124,07:39:18,07:39:33,0
4QUtLrt9QqoQBADynOzAM-07:00:00,SYN_103634,125,07:39:39,07:39:54,0
4QUtLrt9QqoQBADynOzAM-07:00:00,SYN_103635,126,07:40:04,07:40:19,0
4QUtLrt9QqoQBADynOzAM-07:00:00,SYN_103636,127,07:40:30,07:40:45,0
4QUtLrt9QqoQBADynOzAM-07:00:00,SYN_103637,128,07:40:55,07:41:10,0
4QUtLrt9QqoQBADynOzAM-07:00:00,SYN_103638,129,07:41:20,07:41:35,0
4QUtLrt9QqoQBADynOzAM-07:00:00,SYN_103639,130,07:41:46,07:42:01,0
4QUtLrt9QqoQBADynOzAM-07:00:00,SYN_103640,131,07:42:11,07:42:26,0
4QUtLrt9QqoQBADynOzAM-07:00:00,SYN_103641,132,07:42:36,07:42:51,0
4QUtLrt9QqoQBADynOzAM-07:00:00,SYN_103642,133,07:43:02,07:43:17,0
4QUtLrt9QqoQBADynOzAM-07:00:00,SYN_103643,134,07:43:28,07:43:43,0
4QUtLrt9QqoQBADynOzAM-07:00:00,SYN_103644,135,07:43:57,07:44:12,0
4QUtLrt9QqoQBADynOzAM-07:00:00,SYN_103645,136,07:44:26,07:44:41,0
4QUtLrt9QqoQBADynOzAM-07:00:00,SYN_103646,137,07:44:55,07:45:10,0
4QUtLrt9QqoQBADynOzAM-07:00:00,SYN_103647,138,07:45:24,07:45:39,0
4QUtLrt9QqoQBADynOzAM-07:00:00,SYN_103648,139,07:45:53,07:46:08,0
4QUtLrt9QqoQBADynOzAM-07:00:00,SYN_103649,140,07:46:22,07:46:37,0
4QUtLrt9QqoQBADynOzAM-07:00:00,SYN_103650,141,07:46:51,07:47:06,0
4QUtLrt9QqoQBADynOzAM-07:00:00,SYN_103651,142,07:47:25,07:47:40,0
4QUtLrt9QqoQBADynOzAM-07:00:00,SYN_103652,143,07:47:59,07:48:14,0
4QUtLrt9QqoQBADynOzAM-07:00:00,SYN_103653,144,07:48:33,07:48:48,0
4QUtLrt9QqoQBADynOzAM-07:00:00,SYN_103654,145,07:49:07,07:49:22,0
4QUtLrt9QqoQBADynOzAM-07:00:00,SYN_103655,146,07:49:41,07:49:56,0
4QUtLrt9QqoQBADynOzAM-07:00:00,SYN_103656,147,07:50:13,07:50:28,0
4QUtLrt9QqoQBADynOzAM-07:00:00,SYN_103657,148,07:50:45,07:51:00,0
4QUtLrt9QqoQBADynOzAM-07:00:00,SYN_103658,149,07:51:16,07:51:31,0
4QUtLrt9QqoQBADynOzAM-07:00:00,SYN_103659,150,07:52:00,07:52:15,0
4QUtLrt9QqoQBADynOzAM-07:00:00,SYN_103660,151,07:52:43,07:52:58,0
4QUtLrt9QqoQBADynOzAM-07:00:00,SYN_103661,152,07:53:26,07:53:41,0
4QUtLrt9QqoQBADynOzAM-07:00:00,SYN_103662,153,07:54:10,07:54:25,0
4QUtLrt9QqoQBADynOzAM-07:00:00,SYN_103663,154,07:54:46,07:55:01,0
4QUtLrt9QqoQBADynOzAM-07:00:00,SYN_103664,155,07:55:23,07:55:38,0
4QUtLrt9QqoQBADynOzAM-07:00:00,SYN_103665,156,07:56:00,07:56:15,0
4QUtLrt9QqoQBADynOzAM-07:00:00,SYN_103666,157,07:56:36,07:56:51,0
4QUtLrt9QqoQBADynOzAM-07:00:00,SYN_103667,158,07:57:16,07:57:31,0
4QUtLrt9QqoQBADynOzAM-07:00:00,SYN_103668,159,07:58:06,07:58:21,0
4QUtLrt9QqoQBADynOzAM-07:00:00,SYN_103669,160,07:58:55,07:59:10,0
4QUtLrt9QqoQBADynOzAM-07:00:00,SYN_103670,161,07:59:45,08:00:00,0
fdkp3odv3VaA2gaEksu3i-07:00:00,SYN_103673,0,07:00:07,07:00:22,0
fdkp3odv3VaA2gaEksu3i-07:00:00,SYN_103674,1,07:00:28,07:00:43,0
fdkp3odv3VaA2gaEksu3i-07:00:00,SYN_103675,2,07:00:50,07:01:05,0
fdkp3odv3VaA2gaEksu3i-07:00:00,SYN_103676,3,07:01:11,07:01:26,0
fdkp3odv3VaA2gaEksu3i-07:00:00,SYN_103677,4,07:01:32,07:01:47,0
fdkp3odv3VaA2gaEksu3i-07:00:00,SYN_103678,5,07:01:53,07:02:08,0
fdkp3odv3VaA2gaEksu3i-07:00:00,SYN_103679,6,07:02:15,07:02:30,0
fdkp3odv3VaA2gaEksu3i-07:00:00,SYN_103680,7,07:02:36,07:02:51,0
fdkp3odv3VaA2gaEksu3i-07:00:00,SYN_103681,8,07:03:03,07:03:18,0
fdkp3odv3VaA2gaEksu3i-07:00:00,SYN_103682,9,07:03:39,07:03:54,0
fdkp3odv3VaA2gaEksu3i-07:00:00,SYN_103683,10,07:03:49,07:04:04,0
fdkp3odv3VaA2gaEksu3i-07:00:00,SYN_103684,11,07:03:57,07:04:12,0
fdkp3odv3VaA2gaEksu3i-07:00:00,SYN_103685,12,07:04:06,07:04:21,0
fdkp3odv3VaA2gaEksu3i-07:00:00,SYN_103686,13,07:04:14,07:04:29,0
fdkp3odv3VaA2gaEksu3i-07:00:00,SYN_103687,14,07:04:22,07:04:37,0
fdkp3odv3VaA2gaEksu3i-07:00:00,SYN_103688,15,07:04:30,07:04:45,0
fdkp3odv3VaA2gaEksu3i-07:00:00,SYN_103689,16,07:04:38,07:04:53,0
fdkp3odv3VaA2gaEksu3i-07:00:00,SYN_103690,17,07:04:47,07:05:02,0
fdkp3odv3VaA2gaEksu3i-07:00:00,SYN_103691,18,07:04:55,07:05:10,0
fdkp3odv3VaA2gaEksu3i-07:00:00,SYN_103692,19,07:05:03,07:05:18,0
fdkp3odv3VaA2gaEksu3i-07:00:00,SYN_103693,20,07:05:11,07:05:26,0
fdkp3odv3VaA2gaEksu3i-07:00:00,SYN_103694,21,07:05:19,07:05:34,0
fdkp3odv3VaA2gaEksu3i-07:00:00,SYN_103695,22,07:05:28,07:05:43,0
fdkp3odv3VaA2gaEksu3i-07:00:00,SYN_103696,23,07:05:36,07:05:51,0
fdkp3odv3VaA2gaEksu3i-07:00:00,SYN_103697,24,07:05:44,07:05:59,0
fdkp3odv3VaA2gaEksu3i-07:00:00,SYN_103698,25,07:05:52,07:06:07,0
fdkp3odv3VaA2gaEksu3i-07:00:00,SYN_103699,26,07:06:01,07:06:16,0
fdkp3odv3VaA2gaEksu3i-07:00:00,SYN_103700,27,07:06:09,07:06:24,0
fdkp3odv3VaA2gaEksu3i-07:00:00,SYN_103701,28,07:06:17,07:06:32,0
fdkp3odv3VaA2gaEksu3i-07:00:00,SYN_103702,29,07:06:25,07:06:40,0
fdkp3odv3VaA2gaEksu3i-07:00:00,SYN_103703,30,07:06:33,07:06:48,0
fdkp3odv3VaA2gaEksu3i-07:00:00,SYN_103704,31,07:06:42,07:06:57,0
fdkp3odv3VaA2gaEksu3i-07:00:00,SYN_103705,32,07:06:50,07:07:05,0
fdkp3odv3VaA2gaEksu3i-07:00:00,SYN_103706,33,07:06:58,07:07:13,0
fdkp3odv3VaA2gaEksu3i-07:00:00,SYN_103707,34,07:07:06,07:07:21,0
fdkp3odv3VaA2gaEksu3i-07:00:00,SYN_103708,35,07:07:16,07:07:31,0
fdkp3odv3VaA2gaEksu3i-07:00:00,SYN_103709,36,07:07:26,07:07:41,0
fdkp3odv3VaA2gaEksu3i-07:00:00,SYN_103710,37,07:07:35,07:07:50,0
fdkp3odv3VaA2gaEksu3i-07:00:00,SYN_103711,38,07:07:45,07:08:00,0
fdkp3odv3VaA2gaEksu3i-07:00:00,SYN_103712,39,07:07:54,07:08:09,0
fdkp3odv3VaA2gaEksu3i-07:00:00,SYN_103713,40,07:08:04,07:08:19,0
fdkp3odv3VaA2gaEksu3i-07:00:00,SYN_103714,41,07:08:13,07:08:28,0
fdkp3odv3VaA2gaEksu3i-07:00:00,SYN_103715,42,07:08:23,07:08:38,0
fdkp3odv3VaA2gaEksu3i-07:00:00,SYN_103716,43,07:08:32,07:08:47,0
fdkp3odv3VaA2gaEksu3i-07:00:00,SYN_103717,44,07:08:42,07:08:57,0
fdkp3odv3VaA2gaEksu3i-07:00:00,SYN_103718,45,07:08:51,07:09:06,0
fdkp3odv3VaA2gaEksu3i-07:00:00,SYN_103719,46,07:09:01,07:09:16,0
fdkp3odv3VaA2gaEksu3i-07:00:00,SYN_103720,47,07:09:10,07:09:25,0
fdkp3odv3VaA2gaEksu3i-07:00:00,SYN_103721,48,07:09:20,07:09:35,0
fdkp3odv3VaA2gaEksu3i-07:00:00,SYN_103722,49,07:09:30,07:09:45,0
fdkp3odv3VaA2gaEksu3i-07:00:00,SYN_103723,50,07:09:41,07:09:56,0
fdkp3odv3VaA2gaEksu3i-07:00:00,SYN_103724,51,07:09:52,07:10:07,0
fdkp3odv3VaA2gaEksu3i-07:00:00,SYN_103725,52,07:10:03,07:10:18,0
fdkp3odv3VaA2gaEksu3i-07:00:00,SYN_103726,53,07:10:14,07:10:29,0
fdkp3odv3VaA2gaEksu3i-07:00:00,SYN_103727,54,07:10:26,07:10:41,0
fdkp3odv3VaA2gaEksu3i-07:00:00,SYN_103728,55,07:10:37,07:10:52,0
fdkp3odv3VaA2gaEksu3i-07:00:00,SYN_103729,56,07:10:48,07:11:03,0
fdkp3odv3VaA2gaEksu3i-07:00:00,SYN_103730,57,07:10:59,07:11:14,0
fdkp3odv3VaA2gaEksu3i-07:00:00,SYN_103731,58,07:11:16,07:11:31,0
fdkp3odv3VaA2gaEksu3i-07:00:00,SYN_103732,59,07:11:36,07:11:51,0
fdkp3odv3VaA2gaEksu3i-07:00:00,SYN_103733,60,07:11:57,07:12:12,0
fdkp3odv3VaA2gaEksu3i-07:00:00,SYN_103734,61,07:12:18,07:12:33,0
fdkp3odv3VaA2gaEksu3i-07:00:00,SYN_103735,62,07:12:39,07:12:54,0
fdkp3odv3VaA2gaEksu3i-07:00:00,SYN_103736,63,07:12:59,07:13:14,0
fdkp3odv3VaA2gaEksu3i-07:00:00,SYN_103737,64,07:13:20,07:13:35,0
fdkp3odv3VaA2gaEksu3i-07:00:00,SYN_103738,65,07:13:41,07:13:56,0
fdkp3odv3VaA2gaEksu3i-07:00:00,SYN_103739,66,07:14:01,07:14:16,0
fdkp3odv3VaA2gaEksu3i-07:00:00,SYN_103740,67,07:14:22,07:14:37,0
fdkp3odv3VaA2gaEksu3i-07:00:00,SYN_103741,68,07:14:43,07:14:58,0
fdkp3odv3VaA2gaEksu3i-07:00:00,SYN_103742,69,07:15:04,07:15:19,0
fdkp3odv3VaA2gaEksu3i-07:00:00,SYN_103743,70,07:15:24,07:15:39,0
fdkp3odv3VaA2gaEksu3i-07:00:00,SYN_103744,71,07:15:45,07:16:00,0
fdkp3odv3VaA2gaEksu3i-07:00:00,SYN_103745,72,07:16:06,07:16:21,0
fdkp3odv3VaA2gaEksu3i-07:00:00,SYN_103746,73,07:16:26,07:16:41,0
fdkp3odv3VaA2gaEksu3i-07:00:00,SYN_103747,74,07:16:47,07:17:02,0
fdkp3odv3VaA2gaEksu3i-07:00:00,SYN_103748,75,07:17:08,07:17:23,0
fdkp3odv3VaA2gaEksu3i-07:00:00,SYN_103749,76,07:17:29,07:17:44,0
fdkp3odv3VaA2gaEksu3i-07:00:00,SYN_103750,77,07:17:49,07:18:04,0
fdkp3odv3VaA2gaEksu3i-07:00:00,SYN_103751,78,07:18:10,07:18:25,0
fdkp3odv3VaA2gaEksu3i-07:00:00,SYN_103752,79,07:18:31,07:18:46,0
fdkp3odv3VaA2gaEksu3i-07:00:00,SYN_103753,80,07:18:51,07:19:06,0
fdkp3odv3VaA2gaEksu3i-07:00:00,SYN_103754,81,07:19:12,07:19:27,0
fdkp3odv3VaA2gaEksu3i-07:00:00,SYN_103755,82,07:19:33,07:19:48,0
fdkp3odv3VaA2gaEksu3i-07:00:00,SYN_103756,83,07:19:54,07:20:09,0
fdkp3odv3VaA2gaEksu3i-07:00:00,SYN_103757,84,07:20:14,07:20:29,0
fdkp3odv3VaA2gaEksu3i-07:00:00,SYN_103758,85,07:20:35,07:20:50,0
fdkp3odv3VaA2gaEksu3i-07:00:00,SYN_103759,86,07:20:55,07:21:10,0
fdkp3odv3VaA2gaEksu3i-07:00:00,SYN_103760,87,07:21:16,07:21:31,0
fdkp3odv3VaA2gaEksu3i-07:00:00,SYN_103761,88,07:21:36,07:21:51,0
fdkp3odv3VaA2gaEksu3i-07:00:00,SYN_103762,89,07:21:56,07:22:11,0
fdkp3odv3VaA2gaEksu3i-07:00:00,SYN_103763,90,07:22:17,07:22:32,0
fdkp3odv3VaA2gaEksu3i-07:00:00,SYN_103764,91,07:22:37,07:22:52,0
fdkp3odv3VaA2gaEksu3i-07:00:00,SYN_103765,92,07:22:57,07:23:12,0
fdkp3odv3VaA2gaEksu3i-07:00:00,SYN_103766,93,07:23:18,07:23:33,0
fdkp3odv3VaA2gaEksu3i-07:00:00,SYN_103767,94,07:23:38,07:23:53,0
fdkp3odv3VaA2gaEksu3i-07:00:00,SYN_103768,95,07:23:58,07:24:13,0
fdkp3odv3VaA2gaEksu3i-07:00:00,SYN_103769,96,07:24:19,07:24:34,0
fdkp3odv3VaA2gaEksu3i-07:00:00,SYN_103770,97,07:24:39,07:24:54,0
fdkp3odv3VaA2gaEksu3i-07:00:00,SYN_103771,98,07:24:59,07:25:14,0
fdkp3odv3VaA2gaEksu3i-07:00:00,SYN_103772,99,07:25:19,07:25:34,0
fdkp3odv3VaA2gaEksu3i-07:00:00,SYN_103773,100,07:25:40,07:25:55,0
fdkp3odv3VaA2gaEksu3i-07:00:00,SYN_103774,101,07:26:00,07:26:15,0
fdkp3odv3VaA2gaEksu3i-07:00:00,SYN_103775,102,07:26:20,07:26:35,0
fdkp3odv3VaA2gaEksu3i-07:00:00,SYN_103776,103,07:26:41,07:26:56,0
fdkp3odv3VaA2gaEksu3i-07:00:00,SYN_103777,104,07:27:01,07:27:16,0
fdkp3odv3VaA2gaEksu3i-07:00:00,SYN_103778,105,07:27:21,07:27:36,0
fdkp3odv3VaA2gaEksu3i-07:00:00,SYN_103779,106,07:27:42,07:27:57,0
fdkp3odv3VaA2gaEksu3i-07:00:00,SYN_103780,107,07:28:02,07:28:17,0
fdkp3odv3VaA2gaEksu3i-07:00:00,SYN_103781,108,07:28:17,07:28:32,0
fdkp3odv3VaA2gaEksu3i-07:00:00,SYN_103782,109,07:28:32,07:28:47,0
fdkp3odv3VaA2gaEksu3i-07:00:00,SYN_103783,110,07:28:47,07:29:02,0
fdkp3odv3VaA2gaEksu3i-07:00:00,SYN_103784,111,07:29:02,07:29:17,0
fdkp3odv3VaA2gaEksu3i-07:00:00,SYN_103785,112,07:29:17,07:29:32,0
fdkp3odv3VaA2gaEksu3i-07:00:00,SYN_103786,113,07:29:32,07:29:47,0
fdkp3odv3VaA2gaEksu3i-07:00:00,SYN_103787,114,07:29:47,07:30:02,0
fdkp3odv3VaA2gaEksu3i-07:00:00,SYN_103788,115,07:30:02,07:30:17,0
fdkp3odv3VaA2gaEksu3i-07:00:00,SYN_103789,116,07:30:17,07:30:32,0
fdkp3odv3VaA2gaEksu3i-07:00:00,SYN_103790,117,07:30:32,07:30:47,0
fdkp3odv3VaA2gaEksu3i-07:00:00,SYN_103791,118,07:30:46,07:31:01,0
fdkp3odv3VaA2gaEksu3i-07:00:00,SYN_103792,119,07:31:15,07:31:30,0
fdkp3odv3VaA2gaEksu3i-07:00:00,SYN_103793,120,07:31:46,07:32:01,0
fdkp3odv3VaA2gaEksu3i-07:00:00,SYN_103794,121,07:32:18,07:32:33,0
fdkp3odv3VaA2gaEksu3i-07:00:00,SYN_103795,122,07:32:50,07:33:05,0
fdkp3odv3VaA2gaEksu3i-07:00:00,SYN_103796,123,07:33:22,07:33:37,0
fdkp3odv3VaA2gaEksu3i-07:00:00,SYN_103797,124,07:33:54,07:34:09,0
fdkp3odv3VaA2gaEksu3i-07:00:00,SYN_103798,125,07:34:25,07:34:40,0
fdkp3odv3VaA2gaEksu3i-07:00:00,SYN_103799,126,07:34:57,07:35:12,0
fdkp3odv3VaA2gaEksu3i-07:00:00,SYN_103800,127,07:35:29,07:35:44,0
fdkp3odv3VaA2gaEksu3i-07:00:00,SYN_103801,128,07:36:02,07:36:17,0
fdkp3odv3VaA2gaEksu3i-07:00:00,SYN_103802,129,07:36:36,07:36:51,0
fdkp3odv3VaA2gaEksu3i-07:00:00,SYN_103803,130,07:37:10,07:37:25,0
fdkp3odv3VaA2gaEksu3i-07:00:00,SYN_103804,131,07:37:44,07:37:59,0
fdkp3odv3VaA2gaEksu3i-07:00:00,SYN_103805,132,07:38:18,07:38:33,0
fdkp3odv3VaA2gaEksu3i-07:00:00,SYN_103806,133,07:38:51,07:39:06,0
fdkp3odv3VaA2gaEksu3i-07:00:00,SYN_103807,134,07:39:22,07:39:37,0
fdkp3odv3VaA2gaEksu3i-07:00:00,SYN_103808,135,07:39:54,07:40:09,0
fdkp3odv3VaA2gaEksu3i-07:00:00,SYN_103809,136,07:41:13,07:41:28,0
fdkp3odv3VaA2gaEksu3i-07:00:00,SYN_103810,137,07:42:52,07:43:07,0
fdkp3odv3VaA2gaEksu3i-07:00:00,SYN_103811,138,07:44:30,07:44:45,0
fdkp3odv3VaA2gaEksu3i-07:00:00,SYN_103812,139,07:46:08,07:46:23,0
fdkp3odv3VaA2gaEksu3i-07:00:00,SYN_103813,140,07:47:46,07:48:01,0
fdkp3odv3VaA2gaEksu3i-07:00:00,SYN_103814,141,07:49:24,07:49:39,0
fdkp3odv3VaA2gaEksu3i-07:00:00,SYN_103815,142,07:51:03,07:51:18,0
fdkp3odv3VaA2gaEksu3i-07:00:00,SYN_103816,143,07:52:41,07:52:56,0
fdkp3odv3VaA2gaEksu3i-07:00:00,SYN_103817,144,07:54:19,07:54:34,0
fdkp3odv3VaA2gaEksu3i-07:00:00,SYN_103818,145,07:55:57,07:56:12,0
fdkp3odv3VaA2gaEksu3i-07:00:00,SYN_103819,146,07:57:35,07:57:50,0
fdkp3odv3VaA2gaEksu3i-07:00:00,SYN_103820,147,07:59:13,07:59:28,0
fdkp3odv3VaA2gaEksu3i-07:00:00,SYN_103821,148,08:00:52,08:01:07,0
fdkp3odv3VaA2gaEksu3i-07:00:00,SYN_103822,149,08:02:30,08:02:45,0
fdkp3odv3VaA2gaEksu3i-07:00:00,SYN_103823,150,08:04:08,08:04:23,0
fdkp3odv3VaA2gaEksu3i-07:00:00,SYN_103824,151,08:05:46,08:06:01,0
fdkp3odv3VaA2gaEksu3i-07:00:00,SYN_103825,152,08:07:24,08:07:39,0
fdkp3odv3VaA2gaEksu3i-07:00:00,SYN_103826,153,08:09:02,08:09:17,0
fdkp3odv3VaA2gaEksu3i-07:00:00,SYN_103827,154,08:10:41,08:10:56,0
fdkp3odv3VaA2gaEksu3i-07:00:00,SYN_103828,155,08:12:19,08:12:34,0
GK-B6ExLThapIsC2LwCU5-07:00:00,SYN_103829,0,07:00:45,07:01:00,0
GK-B6ExLThapIsC2LwCU5-07:00:00,SYN_103830,1,07:01:44,07:01:59,0
GK-B6ExLThapIsC2LwCU5-07:00:00,SYN_103831,2,07:02:44,07:02:59,0
GK-B6ExLThapIsC2LwCU5-07:00:00,SYN_103832,3,07:03:43,07:03:58,0
GK-B6ExLThapIsC2LwCU5-07:00:00,SYN_103833,4,07:05:07,07:05:22,0
GK-B6ExLThapIsC2LwCU5-07:00:00,SYN_103834,5,07:06:31,07:06:46,0
GK-B6ExLThapIsC2LwCU5-07:00:00,SYN_103835,6,07:07:55,07:08:10,0
GK-B6ExLThapIsC2LwCU5-07:00:00,SYN_103836,7,07:08:41,07:08:56,0
GK-B6ExLThapIsC2LwCU5-07:00:00,SYN_103837,8,07:09:22,07:09:37,0
GK-B6ExLThapIsC2LwCU5-07:00:00,SYN_103838,9,07:10:03,07:10:18,0
GK-B6ExLThapIsC2LwCU5-07:00:00,SYN_103839,10,07:10:44,07:10:59,0
GK-B6ExLThapIsC2LwCU5-07:00:00,SYN_103840,11,07:11:25,07:11:40,0
GK-B6ExLThapIsC2LwCU5-07:00:00,SYN_103841,12,07:12:09,07:12:24,0
GK-B6ExLThapIsC2LwCU5-07:00:00,SYN_103842,13,07:12:59,07:13:14,0
GK-B6ExLThapIsC2LwCU5-07:00:00,SYN_103843,14,07:13:48,07:14:03,0
GK-B6ExLThapIsC2LwCU5-07:00:00,SYN_103844,15,07:14:38,07:14:53,0
t2ZpJUKX5uFrXD9bfRgqq-07:00:00,SYN_103847,0,07:00:02,07:00:17,0
t2ZpJUKX5uFrXD9bfRgqq-07:00:00,SYN_103848,1,07:00:21,07:00:36,0
t2ZpJUKX5uFrXD9bfRgqq-07:00:00,SYN_103849,2,07:00:40,07:00:55,0
t2ZpJUKX5uFrXD9bfRgqq-07:00:00,SYN_103850,3,07:00:59,07:01:14,0
t2ZpJUKX5uFrXD9bfRgqq-07:00:00,SYN_103851,4,07:01:17,07:01:32,0
t2ZpJUKX5uFrXD9bfRgqq-07:00:00,SYN_103852,5,07:01:36,07:01:51,0
t2ZpJUKX5uFrXD9bfRgqq-07:00:00,SYN_103853,6,07:01:55,07:02:10,0
t2ZpJUKX5uFrXD9bfRgqq-07:00:00,SYN_103854,7,07:02:14,07:02:29,0
t2ZpJUKX5uFrXD9bfRgqq-07:00:00,SYN_103855,8,07:02:32,07:02:47,0
t2ZpJUKX5uFrXD9bfRgqq-07:00:00,SYN_103856,9,07:02:51,07:03:06,0
t2ZpJUKX5uFrXD9bfRgqq-07:00:00,SYN_103857,10,07:03:10,07:03:25,0
t2ZpJUKX5uFrXD9bfRgqq-07:00:00,SYN_103858,11,07:03:29,07:03:44,0
t2ZpJUKX5uFrXD9bfRgqq-07:00:00,SYN_103859,12,07:03:48,07:04:03,0
t2ZpJUKX5uFrXD9bfRgqq-07:00:00,SYN_103860,13,07:03:56,07:04:11,0
t2ZpJUKX5uFrXD9bfRgqq-07:00:00,SYN_103861,14,07:04:05,07:04:20,0
t2ZpJUKX5uFrXD9bfRgqq-07:00:00,SYN_103862,15,07:04:14,07:04:29,0
t2ZpJUKX5uFrXD9bfRgqq-07:00:00,SYN_103863,16,07:04:23,07:04:38,0
t2ZpJUKX5uFrXD9bfRgqq-07:00:00,SYN_103864,17,07:04:31,07:04:46,0
t2ZpJUKX5uFrXD9bfRgqq-07:00:00,SYN_103865,18,07:04:40,07:04:55,0
t2ZpJUKX5uFrXD9bfRgqq-07:00:00,SYN_103866,19,07:04:49,07:05:04,0
t2ZpJUKX5uFrXD9bfRgqq-07:00:00,SYN_103867,20,07:04:57,07:05:12,0
t2ZpJUKX5uFrXD9bfRgqq-07:00:00,SYN_103868,21,07:05:06,07:05:21,0
t2ZpJUKX5uFrXD9bfRgqq-07:00:00,SYN_103869,22,07:05:15,07:05:30,0
t2ZpJUKX5uFrXD9bfRgqq-07:00:00,SYN_103870,23,07:05:24,07:05:39,0
t2ZpJUKX5uFrXD9bfRgqq-07:00:00,SYN_103871,24,07:05:32,07:05:47,0
t2ZpJUKX5uFrXD9bfRgqq-07:00:00,SYN_103872,25,07:05:41,07:05:56,0
t2ZpJUKX5uFrXD9bfRgqq-07:00:00,SYN_103873,26,07:05:50,07:06:05,0
t2ZpJUKX5uFrXD9bfRgqq-07:00:00,SYN_103874,27,07:05:59,07:06:14,0
t2ZpJUKX5uFrXD9bfRgqq-07:00:00,SYN_103875,28,07:06:07,07:06:22,0
t2ZpJUKX5uFrXD9bfRgqq-07:00:00,SYN_103876,29,07:06:16,07:06:31,0
t2ZpJUKX5uFrXD9bfRgqq-07:00:00,SYN_103877,30,07:06:25,07:06:40,0
t2ZpJUKX5uFrXD9bfRgqq-07:00:00,SYN_103878,31,07:06:34,07:06:49,0
t2ZpJUKX5uFrXD9bfRgqq-07:00:00,SYN_103879,32,07:06:42,07:06:57,0
t2ZpJUKX5uFrXD9bfRgqq-07:00:00,SYN_103880,33,07:06:51,07:07:06,0
t2ZpJUKX5uFrXD9bfRgqq-07:00:00,SYN_103881,34,07:07:00,07:07:15,0
t2ZpJUKX5uFrXD9bfRgqq-07:00:00,SYN_103882,35,07:07:09,07:07:24,0
t2ZpJUKX5uFrXD9bfRgqq-07:00:00,SYN_103883,36,07:07:17,07:07:32,0
t2ZpJUKX5uFrXD9bfRgqq-07:00:00,SYN_103884,37,07:07:26,07:07:41,0
t2ZpJUKX5uFrXD9bfRgqq-07:00:00,SYN_103885,38,07:07:35,07:07:50,0
t2ZpJUKX5uFrXD9bfRgqq-07:00:00,SYN_103886,39,07:07:44,07:07:59,0
t2ZpJUKX5uFrXD9bfRgqq-07:00:00,SYN_103887,40,07:07:52,07:08:07,0
t2ZpJUKX5uFrXD9bfRgqq-07:00:00,SYN_103888,41,07:08:01,07:08:16,0
t2ZpJUKX5uFrXD9bfRgqq-07:00:00,SYN_103889,42,07:08:10,07:08:25,0
t2ZpJUKX5uFrXD9bfRgqq-07:00:00,SYN_103890,43,07:08:19,07:08:34,0
t2ZpJUKX5uFrXD9bfRgqq-07:00:00,SYN_103891,44,07:08:27,07:08:42,0
t2ZpJUKX5uFrXD9bfRgqq-07:00:00,SYN_103892,45,07:08:36,07:08:51,0
t2ZpJUKX5uFrXD9bfRgqq-07:00:00,SYN_103893,46,07:08:45,07:09:00,0
t2ZpJUKX5uFrXD9bfRgqq-07:00:00,SYN_103894,47,07:08:53,07:09:08,0
t2ZpJUKX5uFrXD9bfRgqq-07:00:00,SYN_103895,48,07:09:02,07:09:17,0
t2ZpJUKX5uFrXD9bfRgqq-07:00:00,SYN_103896,49,07:09:11,07:09:26,0
t2ZpJUKX5uFrXD9bfRgqq-07:00:00,SYN_103897,50,07:09:20,07:09:35,0
t2ZpJUKX5uFrXD9bfRgqq-07:00:00,SYN_103898,51,07:09:28,07:09:43,0
t2ZpJUKX5uFrXD9bfRgqq-07:00:00,SYN_103899,52,07:09:37,07:09:52,0
t2ZpJUKX5uFrXD9bfRgqq-07:00:00,SYN_103900,53,07:09:46,07:10:01,0
t2ZpJUKX5uFrXD9bfRgqq-07:00:00,SYN_103901,54,07:09:55,07:10:10,0
t2ZpJUKX5uFrXD9bfRgqq-07:00:00,SYN_103902,55,07:10:03,07:10:18,0
t2ZpJUKX5uFrXD9bfRgqq-07:00:00,SYN_103903,56,07:10:12,07:10:27,0
t2ZpJUKX5uFrXD9bfRgqq-07:00:00,SYN_103904,57,07:10:21,07:10:36,0
t2ZpJUKX5uFrXD9bfRgqq-07:00:00,SYN_103905,58,07:10:30,07:10:45,0
t2ZpJUKX5uFrXD9bfRgqq-07:00:00,SYN_103906,59,07:10:38,07:10:53,0
t2ZpJUKX5uFrXD9bfRgqq-07:00:00,SYN_103907,60,07:10:47,07:11:02,0
t2ZpJUKX5uFrXD9bfRgqq-07:00:00,SYN_103908,61,07:10:56,07:11:11,0
t2ZpJUKX5uFrXD9bfRgqq-07:00:00,SYN_103909,62,07:11:05,07:11:20,0
t2ZpJUKX5uFrXD9bfRgqq-07:00:00,SYN_103910,63,07:11:13,07:11:28,0
t2ZpJUKX5uFrXD9bfRgqq-07:00:00,SYN_103911,64,07:11:22,07:11:37,0
t2ZpJUKX5uFrXD9bfRgqq-07:00:00,SYN_103912,65,07:11:31,07:11:46,0
t2ZpJUKX5uFrXD9bfRgqq-07:00:00,SYN_103913,66,07:11:40,07:11:55,0
t2ZpJUKX5uFrXD9bfRgqq-07:00:00,SYN_103914,67,07:11:48,07:12:03,0
t2ZpJUKX5uFrXD9bfRgqq-07:00:00,SYN_103915,68,07:11:57,07:12:12,0
t2ZpJUKX5uFrXD9bfRgqq-07:00:00,SYN_103916,69,07:12:06,07:12:21,0
t2ZpJUKX5uFrXD9bfRgqq-07:00:00,SYN_103917,70,07:12:14,07:12:29,0
t2ZpJUKX5uFrXD9bfRgqq-07:00:00,SYN_103918,71,07:12:23,07:12:38,0
t2ZpJUKX5uFrXD9bfRgqq-07:00:00,SYN_103919,72,07:12:32,07:12:47,0
t2ZpJUKX5uFrXD9bfRgqq-07:00:00,SYN_103920,73,07:12:41,07:12:56,0
t2ZpJUKX5uFrXD9bfRgqq-07:00:00,SYN_103921,74,07:12:49,07:13:04,0
t2ZpJUKX5uFrXD9bfRgqq-07:00:00,SYN_103922,75,07:12:58,07:13:13,0
t2ZpJUKX5uFrXD9bfRgqq-07:00:00,SYN_103923,76,07:13:07,07:13:22,0
t2ZpJUKX5uFrXD9bfRgqq-07:00:00,SYN_103924,77,07:13:16,07:13:31,0
t2ZpJUKX5uFrXD9bfRgqq-07:00:00,SYN_103925,78,07:13:24,07:13:39,0
t2ZpJUKX5uFrXD9bfRgqq-07:00:00,SYN_103926,79,07:13:33,07:13:48,0
t2ZpJUKX5uFrXD9bfRgqq-07:00:00,SYN_103927,80,07:13:42,07:13:57,0
t2ZpJUKX5uFrXD9bfRgqq-07:00:00,SYN_103928,81,07:13:51,07:14:06,0
t2ZpJUKX5uFrXD9bfRgqq-07:00:00,SYN_103929,82,07:13:59,07:14:14,0
t2ZpJUKX5uFrXD9bfRgqq-07:00:00,SYN_103930,83,07:14:08,07:14:23,0
t2ZpJUKX5uFrXD9bfRgqq-07:00:00,SYN_103931,84,07:14:17,07:14:32,0
t2ZpJUKX5uFrXD9bfRgqq-07:00:00,SYN_103932,85,07:14:26,07:14:41,0
t2ZpJUKX5uFrXD9bfRgqq-07:00:00,SYN_103933,86,07:14:34,07:14:49,0
t2ZpJUKX5uFrXD9bfRgqq-07:00:00,SYN_103934,87,07:14:43,07:14:58,0
t2ZpJUKX5uFrXD9bfRgqq-07:00:00,SYN_103935,88,07:14:52,07:15:07,0
t2ZpJUKX5uFrXD9bfRgqq-07:00:00,SYN_103936,89,07:15:01,07:15:16,0
t2ZpJUKX5uFrXD9bfRgqq-07:00:00,SYN_103937,90,07:15:09,07:15:24,0
t2ZpJUKX5uFrXD9bfRgqq-07:00:00,SYN_103938,91,07:15:18,07:15:33,0
t2ZpJUKX5uFrXD9bfRgqq-07:00:00,SYN_103939,92,07:15:27,07:15:42,0
t2ZpJUKX5uFrXD9bfRgqq-07:00:00,SYN_103940,93,07:15:35,07:15:50,0
t2ZpJUKX5uFrXD9bfRgqq-07:00:00,SYN_103941,94,07:15:44,07:15:59,0
t2ZpJUKX5uFrXD9bfRgqq-07:00:00,SYN_103942,95,07:15:53,07:16:08,0
t2ZpJUKX5uFrXD9bfRgqq-07:00:00,SYN_103943,96,07:16:02,07:16:17,0
t2ZpJUKX5uFrXD9bfRgqq-07:00:00,SYN_103944,97,07:16:10,07:16:25,0
t2ZpJUKX5uFrXD9bfRgqq-07:00:00,SYN_103945,98,07:16:19,07:16:34,0
t2ZpJUKX5uFrXD9bfRgqq-07:00:00,SYN_103946,99,07:16:28,07:16:43,0
t2ZpJUKX5uFrXD9bfRgqq-07:00:00,SYN_103947,100,07:16:37,07:16:52,0
t2ZpJUKX5uFrXD9bfRgqq-07:00:00,SYN_103948,101,07:16:45,07:17:00,0
t2ZpJUKX5uFrXD9bfRgqq-07:00:00,SYN_103949,102,07:16:54,07:17:09,0
t2ZpJUKX5uFrXD9bfRgqq-07:00:00,SYN_103950,103,07:17:03,07:17:18,0
t2ZpJUKX5uFrXD9bfRgqq-07:00:00,SYN_103951,104,07:17:12,07:17:27,0
t2ZpJUKX5uFrXD9bfRgqq-07:00:00,SYN_103952,105,07:17:20,07:17:35,0
t2ZpJUKX5uFrXD9bfRgqq-07:00:00,SYN_103953,106,07:17:29,07:17:44,0
t2ZpJUKX5uFrXD9bfRgqq-07:00:00,SYN_103954,107,07:17:38,07:17:53,0
t2ZpJUKX5uFrXD9bfRgqq-07:00:00,SYN_103955,108,07:17:47,07:18:02,0
t2ZpJUKX5uFrXD9bfRgqq-07:00:00,SYN_103956,109,07:17:55,07:18:10,0
t2ZpJUKX5uFrXD9bfRgqq-07:00:00,SYN_103957,110,07:18:04,07:18:19,0
t2ZpJUKX5uFrXD9bfRgqq-07:00:00,SYN_103958,111,07:18:13,07:18:28,0
t2ZpJUKX5uFrXD9bfRgqq-07:00:00,SYN_103959,112,07:18:22,07:18:37,0
t2ZpJUKX5uFrXD9bfRgqq-07:00:00,SYN_103960,113,07:18:30,07:18:45,0
t2ZpJUKX5uFrXD9bfRgqq-07:00:00,SYN_103961,114,07:18:39,07:18:54,0
t2ZpJUKX5uFrXD9bfRgqq-07:00:00,SYN_103962,115,07:18:48,07:19:03,0
t2ZpJUKX5uFrXD9bfRgqq-07:00:00,SYN_103963,116,07:18:57,07:19:12,0
t2ZpJUKX5uFrXD9bfRgqq-07:00:00,SYN_103964,117,07:19:05,07:19:20,0
t2ZpJUKX5uFrXD9bfRgqq-07:00:00,SYN_103965,118,07:19:14,07:19:29,0
t2ZpJUKX5uFrXD9bfRgqq-07:00:00,SYN_103966,119,07:19:23,07:19:38,0
t2ZpJUKX5uFrXD9bfRgqq-07:00:00,SYN_103967,120,07:19:31,07:19:46,0
t2ZpJUKX5uFrXD9bfRgqq-07:00:00,SYN_103968,121,07:19:40,07:19:55,0
t2ZpJUKX5uFrXD9bfRgqq-07:00:00,SYN_103969,122,07:19:49,07:20:04,0
t2ZpJUKX5uFrXD9bfRgqq-07:00:00,SYN_103970,123,07:19:58,07:20:13,0
t2ZpJUKX5uFrXD9bfRgqq-07:00:00,SYN_103971,124,07:20:06,07:20:21,0
t2ZpJUKX5uFrXD9bfRgqq-07:00:00,SYN_103972,125,07:20:15,07:20:30,0
t2ZpJUKX5uFrXD9bfRgqq-07:00:00,SYN_103973,126,07:20:24,07:20:39,0
t2ZpJUKX5uFrXD9bfRgqq-07:00:00,SYN_103974,127,07:20:33,07:20:48,0
t2ZpJUKX5uFrXD9bfRgqq-07:00:00,SYN_103975,128,07:20:41,07:20:56,0
t2ZpJUKX5uFrXD9bfRgqq-07:00:00,SYN_103976,129,07:20:50,07:21:05,0
t2ZpJUKX5uFrXD9bfRgqq-07:00:00,SYN_103977,130,07:20:59,07:21:14,0
t2ZpJUKX5uFrXD9bfRgqq-07:00:00,SYN_103978,131,07:21:08,07:21:23,0
t2ZpJUKX5uFrXD9bfRgqq-07:00:00,SYN_103979,132,07:21:34,07:21:49,0
t2ZpJUKX5uFrXD9bfRgqq-07:00:00,SYN_103980,133,07:22:09,07:22:24,0
t2ZpJUKX5uFrXD9bfRgqq-07:00:00,SYN_103981,134,07:22:44,07:22:59,0
t2ZpJUKX5uFrXD9bfRgqq-07:00:00,SYN_103982,135,07:23:19,07:23:34,0
t2ZpJUKX5uFrXD9bfRgqq-07:00:00,SYN_103983,136,07:23:54,07:24:09,0
t2ZpJUKX5uFrXD9bfRgqq-07:00:00,SYN_103984,137,07:24:29,07:24:44,0
t2ZpJUKX5uFrXD9bfRgqq-07:00:00,SYN_103985,138,07:25:27,07:25:42,0
t2ZpJUKX5uFrXD9bfRgqq-07:00:00,SYN_103986,139,07:26:31,07:26:46,0
t2ZpJUKX5uFrXD9bfRgqq-07:00:00,SYN_103987,140,07:27:36,07:27:51,0
t2ZpJUKX5uFrXD9bfRgqq-07:00:00,SYN_103988,141,07:28:41,07:28:56,0
t2ZpJUKX5uFrXD9bfRgqq-07:00:00,SYN_103989,142,07:29:45,07:30:00,0
t2ZpJUKX5uFrXD9bfRgqq-07:00:00,SYN_103990,143,07:30:50,07:31:05,0
t2ZpJUKX5uFrXD9bfRgqq-07:00:00,SYN_103991,144,07:31:54,07:32:09,0
oL-cc2-4cc5VXM7r-ShUc-07:00:00,SYN_103993,0,07:00:29,07:00:44,0
oL-cc2-4cc5VXM7r-ShUc-07:00:00,SYN_103994,1,07:01:51,07:02:06,0
oL-cc2-4cc5VXM7r-ShUc-07:00:00,SYN_103995,2,07:03:22,07:03:37,0
oL-cc2-4cc5VXM7r-ShUc-07:00:00,SYN_103996,3,07:04:22,07:04:37,0
oL-cc2-4cc5VXM7r-ShUc-07:00:00,SYN_103997,4,07:05:08,07:05:23,0
oL-cc2-4cc5VXM7r-ShUc-07:00:00,SYN_103998,5,07:05:50,07:06:05,0
oL-cc2-4cc5VXM7r-ShUc-07:00:00,SYN_103999,6,07:06:41,07:06:56,0
oL-cc2-4cc5VXM7r-ShUc-07:00:00,SYN_104000,7,07:07:32,07:07:47,0
oL-cc2-4cc5VXM7r-ShUc-07:00:00,SYN_104001,8,07:08:23,07:08:38,0
oL-cc2-4cc5VXM7r-ShUc-07:00:00,SYN_104002,9,07:09:15,07:09:30,0
oL-cc2-4cc5VXM7r-ShUc-07:00:00,SYN_104003,10,07:10:06,07:10:21,0
oL-cc2-4cc5VXM7r-ShUc-07:00:00,SYN_104004,11,07:10:57,07:11:12,0
oL-cc2-4cc5VXM7r-ShUc-07:00:00,SYN_104005,12,07:11:48,07:12:03,0
oL-cc2-4cc5VXM7r-ShUc-07:00:00,SYN_104006,13,07:12:39,07:12:54,0
oL-cc2-4cc5VXM7r-ShUc-07:00:00,SYN_104007,14,07:13:30,07:13:45,0
oL-cc2-4cc5VXM7r-ShUc-07:00:00,SYN_104008,15,07:14:50,07:15:05,0
oL-cc2-4cc5VXM7r-ShUc-07:00:00,SYN_104009,16,07:16:10,07:16:25,0
oL-cc2-4cc5VXM7r-ShUc-07:00:00,SYN_104010,17,07:17:30,07:17:45,0
oL-cc2-4cc5VXM7r-ShUc-07:00:00,SYN_104011,18,07:18:49,07:19:04,0
oL-cc2-4cc5VXM7r-ShUc-07:00:00,SYN_104012,19,07:20:09,07:20:24,0
oL-cc2-4cc5VXM7r-ShUc-07:00:00,SYN_104013,20,07:21:29,07:21:44,0
oL-cc2-4cc5VXM7r-ShUc-07:00:00,SYN_104014,21,07:22:49,07:23:04,0
oL-cc2-4cc5VXM7r-ShUc-07:00:00,SYN_104015,22,07:23:57,07:24:12,0
oL-cc2-4cc5VXM7r-ShUc-07:00:00,SYN_104016,23,07:25:03,07:25:18,0
oL-cc2-4cc5VXM7r-ShUc-07:00:00,SYN_104017,24,07:26:08,07:26:23,0
oL-cc2-4cc5VXM7r-ShUc-07:00:00,SYN_104018,25,07:27:13,07:27:28,0
oL-cc2-4cc5VXM7r-ShUc-07:00:00,SYN_104019,26,07:28:19,07:28:34,0
oL-cc2-4cc5VXM7r-ShUc-07:00:00,SYN_104020,27,07:29:24,07:29:39,0
oL-cc2-4cc5VXM7r-ShUc-07:00:00,SYN_104021,28,07:30:29,07:30:44,0
oL-cc2-4cc5VXM7r-ShUc-07:00:00,SYN_104022,29,07:31:35,07:31:50,0
oL-cc2-4cc5VXM7r-ShUc-07:00:00,SYN_104023,30,07:32:46,07:33:01,0
oL-cc2-4cc5VXM7r-ShUc-07:00:00,SYN_104024,31,07:34:00,07:34:15,0
oL-cc2-4cc5VXM7r-ShUc-07:00:00,SYN_104025,32,07:35:14,07:35:29,0
oL-cc2-4cc5VXM7r-ShUc-07:00:00,SYN_104026,33,07:36:28,07:36:43,0
oL-cc2-4cc5VXM7r-ShUc-07:00:00,SYN_104027,34,07:37:42,07:37:57,0
oL-cc2-4cc5VXM7r-ShUc-07:00:00,SYN_104028,35,07:39:00,07:39:15,0
oL-cc2-4cc5VXM7r-ShUc-07:00:00,SYN_104029,36,07:40:49,07:41:04,0
oL-cc2-4cc5VXM7r-ShUc-07:00:00,SYN_104030,37,07:42:38,07:42:53,0
oL-cc2-4cc5VXM7r-ShUc-07:00:00,SYN_104031,38,07:44:27,07:44:42,0
oL-cc2-4cc5VXM7r-ShUc-07:00:00,SYN_104032,39,07:46:16,07:46:31,0
oL-cc2-4cc5VXM7r-ShUc-07:00:00,SYN_104033,40,07:48:05,07:48:20,0
oL-cc2-4cc5VXM7r-ShUc-07:00:00,SYN_104034,41,07:49:44,07:49:59,0
oL-cc2-4cc5VXM7r-ShUc-07:00:00,SYN_104035,42,07:50:40,07:50:55,0
oL-cc2-4cc5VXM7r-ShUc-07:00:00,SYN_104036,43,07:51:36,07:51:51,0
oL-cc2-4cc5VXM7r-ShUc-07:00:00,SYN_104037,44,07:52:31,07:52:46,0
oL-cc2-4cc5VXM7r-ShUc-07:00:00,SYN_104038,45,07:53:23,07:53:38,0
oL-cc2-4cc5VXM7r-ShUc-07:00:00,SYN_104039,46,07:54:04,07:54:19,0
oL-cc2-4cc5VXM7r-ShUc-07:00:00,SYN_104040,47,07:54:44,07:54:59,0
oL-cc2-4cc5VXM7r-ShUc-07:00:00,SYN_104041,48,07:55:25,07:55:40,0
oL-cc2-4cc5VXM7r-ShUc-07:00:00,SYN_104042,49,07:56:05,07:56:20,0
oL-cc2-4cc5VXM7r-ShUc-07:00:00,SYN_104043,50,07:56:46,07:57:01,0
oL-cc2-4cc5VXM7r-ShUc-07:00:00,SYN_104044,51,07:57:26,07:57:41,0
oL-cc2-4cc5VXM7r-ShUc-07:00:00,SYN_104045,52,07:58:07,07:58:22,0
oL-cc2-4cc5VXM7r-ShUc-07:00:00,SYN_104046,53,07:58:47,07:59:02,0
oL-cc2-4cc5VXM7r-ShUc-07:00:00,SYN_104047,54,07:59:29,07:59:44,0
oL-cc2-4cc5VXM7r-ShUc-07:00:00,SYN_104048,55,08:00:14,08:00:29,0
oL-cc2-4cc5VXM7r-ShUc-07:00:00,SYN_104049,56,08:00:58,08:01:13,0
oL-cc2-4cc5VXM7r-ShUc-07:00:00,SYN_104050,57,08:01:43,08:01:58,0
oL-cc2-4cc5VXM7r-ShUc-07:00:00,SYN_104051,58,08:02:28,08:02:43,0
oL-cc2-4cc5VXM7r-ShUc-07:00:00,SYN_104052,59,08:03:13,08:03:28,0
oL-cc2-4cc5VXM7r-ShUc-07:00:00,SYN_104053,60,08:03:58,08:04:13,0
oL-cc2-4cc5VXM7r-ShUc-07:00:00,SYN_104054,61,08:04:39,08:04:54,0
oL-cc2-4cc5VXM7r-ShUc-07:00:00,SYN_104055,62,08:05:07,08:05:22,0
oL-cc2-4cc5VXM7r-ShUc-07:00:00,SYN_104056,63,08:05:36,08:05:51,0
oL-cc2-4cc5VXM7r-ShUc-07:00:00,SYN_104057,64,08:06:05,08:06:20,0
oL-cc2-4cc5VXM7r-ShUc-07:00:00,SYN_104058,65,08:06:33,08:06:48,0
oL-cc2-4cc5VXM7r-ShUc-07:00:00,SYN_104059,66,08:07:02,08:07:17,0
oL-cc2-4cc5VXM7r-ShUc-07:00:00,SYN_104060,67,08:07:30,08:07:45,0
pQ45GdSgOyF1CMHTWPmrk-07:00:00,SYN_104070,0,07:00:05,07:00:20,0
pQ45GdSgOyF1CMHTWPmrk-07:00:00,SYN_104071,1,07:00:30,07:00:45,0
pQ45GdSgOyF1CMHTWPmrk-07:00:00,SYN_104072,2,07:00:54,07:01:09,0
pQ45GdSgOyF1CMHTWPmrk-07:00:00,SYN_104073,3,07:01:19,07:01:34,0
pQ45GdSgOyF1CMHTWPmrk-07:00:00,SYN_104074,4,07:01:44,07:01:59,0
pQ45GdSgOyF1CMHTWPmrk-07:00:00,SYN_104075,5,07:02:09,07:02:24,0
pQ45GdSgOyF1CMHTWPmrk-07:00:00,SYN_104076,6,07:02:35,07:02:50,0
pQ45GdSgOyF1CMHTWPmrk-07:00:00,SYN_104077,7,07:03:01,07:03:16,0
pQ45GdSgOyF1CMHTWPmrk-07:00:00,SYN_104078,8,07:03:27,07:03:42,0
pQ45GdSgOyF1CMHTWPmrk-07:00:00,SYN_104079,9,07:03:52,07:04:07,0
pQ45GdSgOyF1CMHTWPmrk-07:00:00,SYN_104080,10,07:04:18,07:04:33,0
pQ45GdSgOyF1CMHTWPmrk-07:00:00,SYN_104081,11,07:04:44,07:04:59,0
pQ45GdSgOyF1CMHTWPmrk-07:00:00,SYN_104082,12,07:05:10,07:05:25,0
pQ45GdSgOyF1CMHTWPmrk-07:00:00,SYN_104083,13,07:05:36,07:05:51,0
pQ45GdSgOyF1CMHTWPmrk-07:00:00,SYN_104084,14,07:06:02,07:06:17,0
pQ45GdSgOyF1CMHTWPmrk-07:00:00,SYN_104085,15,07:06:28,07:06:43,0
pQ45GdSgOyF1CMHTWPmrk-07:00:00,SYN_104086,16,07:06:53,07:07:08,0
pQ45GdSgOyF1CMHTWPmrk-07:00:00,SYN_104087,17,07:07:19,07:07:34,0
pQ45GdSgOyF1CMHTWPmrk-07:00:00,SYN_104088,18,07:07:45,07:08:00,0
pQ45GdSgOyF1CMHTWPmrk-07:00:00,SYN_104089,19,07:08:11,07:08:26,0
pQ45GdSgOyF1CMHTWPmrk-07:00:00,SYN_104090,20,07:08:37,07:08:52,0
pQ45GdSgOyF1CMHTWPmrk-07:00:00,SYN_104091,21,07:09:03,07:09:18,0
pQ45GdSgOyF1CMHTWPmrk-07:00:00,SYN_104092,22,07:09:29,07:09:44,0
pQ45GdSgOyF1CMHTWPmrk-07:00:00,SYN_104093,23,07:09:55,07:10:10,0
pQ45GdSgOyF1CMHTWPmrk-07:00:00,SYN_104094,24,07:10:20,07:10:35,0
pQ45GdSgOyF1CMHTWPmrk-07:00:00,SYN_104095,25,07:10:45,07:11:00,0
pQ45GdSgOyF1CMHTWPmrk-07:00:00,SYN_104096,26,07:11:09,07:11:24,0
pQ45GdSgOyF1CMHTWPmrk-07:00:00,SYN_104097,27,07:11:34,07:11:49,0
pQ45GdSgOyF1CMHTWPmrk-07:00:00,SYN_104098,28,07:11:58,07:12:13,0
pQ45GdSgOyF1CMHTWPmrk-07:00:00,SYN_104099,29,07:12:23,07:12:38,0
pQ45GdSgOyF1CMHTWPmrk-07:00:00,SYN_104100,30,07:12:47,07:13:02,0
pQ45GdSgOyF1CMHTWPmrk-07:00:00,SYN_104101,31,07:13:12,07:13:27,0
pQ45GdSgOyF1CMHTWPmrk-07:00:00,SYN_104102,32,07:13:36,07:13:51,0
pQ45GdSgOyF1CMHTWPmrk-07:00:00,SYN_104103,33,07:14:01,07:14:16,0
pQ45GdSgOyF1CMHTWPmrk-07:00:00,SYN_104104,34,07:14:25,07:14:40,0
pQ45GdSgOyF1CMHTWPmrk-07:00:00,SYN_104105,35,07:14:50,07:15:05,0
pQ45GdSgOyF1CMHTWPmrk-07:00:00,SYN_104106,36,07:15:14,07:15:29,0
pQ45GdSgOyF1CMHTWPmrk-07:00:00,SYN_104107,37,07:15:39,07:15:54,0
pQ45GdSgOyF1CMHTWPmrk-07:00:00,SYN_104108,38,07:16:31,07:16:46,0
pQ45GdSgOyF1CMHTWPmrk-07:00:00,SYN_104109,39,07:17:45,07:18:00,0
pQ45GdSgOyF1CMHTWPmrk-07:00:00,SYN_104110,40,07:18:22,07:18:37,0
pQ45GdSgOyF1CMHTWPmrk-07:00:00,SYN_104111,41,07:18:46,07:19:01,0
pQ45GdSgOyF1CMHTWPmrk-07:00:00,SYN_104112,42,07:19:11,07:19:26,0
pQ45GdSgOyF1CMHTWPmrk-07:00:00,SYN_104113,43,07:19:35,07:19:50,0
pQ45GdSgOyF1CMHTWPmrk-07:00:00,SYN_104114,44,07:19:59,07:20:14,0
pQ45GdSgOyF1CMHTWPmrk-07:00:00,SYN_104115,45,07:20:23,07:20:38,0
pQ45GdSgOyF1CMHTWPmrk-07:00:00,SYN_104116,46,07:20:47,07:21:02,0
pQ45GdSgOyF1CMHTWPmrk-07:00:00,SYN_104117,47,07:21:11,07:21:26,0
pQ45GdSgOyF1CMHTWPmrk-07:00:00,SYN_104118,48,07:21:51,07:22:06,0
pQ45GdSgOyF1CMHTWPmrk-07:00:00,SYN_104119,49,07:22:33,07:22:48,0
pQ45GdSgOyF1CMHTWPmrk-07:00:00,SYN_104120,50,07:23:14,07:23:29,0
pQ45GdSgOyF1CMHTWPmrk-07:00:00,SYN_104121,51,07:23:56,07:24:11,0
pQ45GdSgOyF1CMHTWPmrk-07:00:00,SYN_104122,52,07:24:32,07:24:47,0
pQ45GdSgOyF1CMHTWPmrk-07:00:00,SYN_104123,53,07:25:07,07:25:22,0
pQ45GdSgOyF1CMHTWPmrk-07:00:00,SYN_104124,54,07:25:42,07:25:57,0
pQ45GdSgOyF1CMHTWPmrk-07:00:00,SYN_104125,55,07:26:17,07:26:32,0
pQ45GdSgOyF1CMHTWPmrk-07:00:00,SYN_104126,56,07:26:52,07:27:07,0
pQ45GdSgOyF1CMHTWPmrk-07:00:00,SYN_104127,57,07:27:27,07:27:42,0
hCtxqlnqMmikZr4cnUgjF-07:00:00,SYN_104136,0,07:00:03,07:00:18,0
hCtxqlnqMmikZr4cnUgjF-07:00:00,SYN_104137,1,07:00:32,07:00:47,0
hCtxqlnqMmikZr4cnUgjF-07:00:00,SYN_104138,2,07:01:01,07:01:16,0
hCtxqlnqMmikZr4cnUgjF-07:00:00,SYN_104139,3,07:01:30,07:01:45,0
hCtxqlnqMmikZr4cnUgjF-07:00:00,SYN_104140,4,07:01:58,07:02:13,0
hCtxqlnqMmikZr4cnUgjF-07:00:00,SYN_104141,5,07:02:24,07:02:39,0
hCtxqlnqMmikZr4cnUgjF-07:00:00,SYN_104142,6,07:02:47,07:03:02,0
hCtxqlnqMmikZr4cnUgjF-07:00:00,SYN_104143,7,07:03:29,07:03:44,0
hCtxqlnqMmikZr4cnUgjF-07:00:00,SYN_104144,8,07:04:52,07:05:07,0
hCtxqlnqMmikZr4cnUgjF-07:00:00,SYN_104145,9,07:06:37,07:06:52,0
hCtxqlnqMmikZr4cnUgjF-07:00:00,SYN_104146,10,07:07:33,07:07:48,0
hCtxqlnqMmikZr4cnUgjF-07:00:00,SYN_104147,11,07:08:22,07:08:37,0
hCtxqlnqMmikZr4cnUgjF-07:00:00,SYN_104148,12,07:09:10,07:09:25,0
hCtxqlnqMmikZr4cnUgjF-07:00:00,SYN_104149,13,07:09:59,07:10:14,0
hCtxqlnqMmikZr4cnUgjF-07:00:00,SYN_104150,14,07:10:47,07:11:02,0
hCtxqlnqMmikZr4cnUgjF-07:00:00,SYN_104151,15,07:11:29,07:11:44,0
hCtxqlnqMmikZr4cnUgjF-07:00:00,SYN_104152,16,07:12:08,07:12:23,0
hCtxqlnqMmikZr4cnUgjF-07:00:00,SYN_104153,17,07:12:52,07:13:07,0
hCtxqlnqMmikZr4cnUgjF-07:00:00,SYN_104154,18,07:13:37,07:13:52,0
hCtxqlnqMmikZr4cnUgjF-07:00:00,SYN_104155,19,07:14:22,07:14:37,0
hCtxqlnqMmikZr4cnUgjF-07:00:00,SYN_104156,20,07:15:07,07:15:22,0
hCtxqlnqMmikZr4cnUgjF-07:00:00,SYN_104157,21,07:15:31,07:15:46,0
hCtxqlnqMmikZr4cnUgjF-07:00:00,SYN_104158,22,07:15:55,07:16:10,0
hCtxqlnqMmikZr4cnUgjF-07:00:00,SYN_104159,23,07:16:18,07:16:33,0
hCtxqlnqMmikZr4cnUgjF-07:00:00,SYN_104160,24,07:16:42,07:16:57,0
hCtxqlnqMmikZr4cnUgjF-07:00:00,SYN_104161,25,07:17:06,07:17:21,0
hCtxqlnqMmikZr4cnUgjF-07:00:00,SYN_104162,26,07:17:29,07:17:44,0
hCtxqlnqMmikZr4cnUgjF-07:00:00,SYN_104163,27,07:17:53,07:18:08,0
hCtxqlnqMmikZr4cnUgjF-07:00:00,SYN_104164,28,07:18:18,07:18:33,0
hCtxqlnqMmikZr4cnUgjF-07:00:00,SYN_104165,29,07:18:42,07:18:57,0
hCtxqlnqMmikZr4cnUgjF-07:00:00,SYN_104166,30,07:19:07,07:19:22,0
hCtxqlnqMmikZr4cnUgjF-07:00:00,SYN_104167,31,07:19:31,07:19:46,0
hCtxqlnqMmikZr4cnUgjF-07:00:00,SYN_104168,32,07:19:56,07:20:11,0
hCtxqlnqMmikZr4cnUgjF-07:00:00,SYN_104169,33,07:20:22,07:20:37,0
hCtxqlnqMmikZr4cnUgjF-07:00:00,SYN_104170,34,07:20:47,07:21:02,0
hCtxqlnqMmikZr4cnUgjF-07:00:00,SYN_104171,35,07:21:12,07:21:27,0
hCtxqlnqMmikZr4cnUgjF-07:00:00,SYN_104172,36,07:21:38,07:21:53,0
hCtxqlnqMmikZr4cnUgjF-07:00:00,SYN_104173,37,07:22:03,07:22:18,0
hCtxqlnqMmikZr4cnUgjF-07:00:00,SYN_104174,38,07:22:28,07:22:43,0
hCtxqlnqMmikZr4cnUgjF-07:00:00,SYN_104175,39,07:22:53,07:23:08,0
hCtxqlnqMmikZr4cnUgjF-07:00:00,SYN_104176,40,07:23:19,07:23:34,0
hCtxqlnqMmikZr4cnUgjF-07:00:00,SYN_104177,41,07:23:44,07:23:59,0
hCtxqlnqMmikZr4cnUgjF-07:00:00,SYN_104178,42,07:24:09,07:24:24,0
hCtxqlnqMmikZr4cnUgjF-07:00:00,SYN_104179,43,07:24:34,07:24:49,0
hCtxqlnqMmikZr4cnUgjF-07:00:00,SYN_104180,44,07:25:00,07:25:15,0
hCtxqlnqMmikZr4cnUgjF-07:00:00,SYN_104181,45,07:25:25,07:25:40,0
hCtxqlnqMmikZr4cnUgjF-07:00:00,SYN_104182,46,07:25:50,07:26:05,0
hCtxqlnqMmikZr4cnUgjF-07:00:00,SYN_104183,47,07:26:15,07:26:30,0
hCtxqlnqMmikZr4cnUgjF-07:00:00,SYN_104184,48,07:26:41,07:26:56,0
hCtxqlnqMmikZr4cnUgjF-07:00:00,SYN_104185,49,07:27:06,07:27:21,0
hCtxqlnqMmikZr4cnUgjF-07:00:00,SYN_104186,50,07:27:31,07:27:46,0
hCtxqlnqMmikZr4cnUgjF-07:00:00,SYN_104187,51,07:27:57,07:28:12,0
hCtxqlnqMmikZr4cnUgjF-07:00:00,SYN_104188,52,07:28:21,07:28:36,0
hCtxqlnqMmikZr4cnUgjF-07:00:00,SYN_104189,53,07:28:46,07:29:01,0
hCtxqlnqMmikZr4cnUgjF-07:00:00,SYN_104190,54,07:29:10,07:29:25,0
hCtxqlnqMmikZr4cnUgjF-07:00:00,SYN_104191,55,07:29:35,07:29:50,0
hCtxqlnqMmikZr4cnUgjF-07:00:00,SYN_104192,56,07:29:59,07:30:14,0
hCtxqlnqMmikZr4cnUgjF-07:00:00,SYN_104193,57,07:30:24,07:30:39,0
hCtxqlnqMmikZr4cnUgjF-07:00:00,SYN_104194,58,07:30:48,07:31:03,0
hCtxqlnqMmikZr4cnUgjF-07:00:00,SYN_104195,59,07:31:13,07:31:28,0
hCtxqlnqMmikZr4cnUgjF-07:00:00,SYN_104196,60,07:31:37,07:31:52,0
hCtxqlnqMmikZr4cnUgjF-07:00:00,SYN_104197,61,07:32:02,07:32:17,0
hCtxqlnqMmikZr4cnUgjF-07:00:00,SYN_104198,62,07:32:26,07:32:41,0
hCtxqlnqMmikZr4cnUgjF-07:00:00,SYN_104199,63,07:32:51,07:33:06,0
hCtxqlnqMmikZr4cnUgjF-07:00:00,SYN_104200,64,07:33:16,07:33:31,0
hCtxqlnqMmikZr4cnUgjF-07:00:00,SYN_104201,65,07:33:45,07:34:00,0
hCtxqlnqMmikZr4cnUgjF-07:00:00,SYN_104202,66,07:34:59,07:35:14,0
hCtxqlnqMmikZr4cnUgjF-07:00:00,SYN_104203,67,07:35:59,07:36:14,0
hCtxqlnqMmikZr4cnUgjF-07:00:00,SYN_104204,68,07:36:23,07:36:38,0
hCtxqlnqMmikZr4cnUgjF-07:00:00,SYN_104205,69,07:36:47,07:37:02,0
hCtxqlnqMmikZr4cnUgjF-07:00:00,SYN_104206,70,07:37:11,07:37:26,0
hCtxqlnqMmikZr4cnUgjF-07:00:00,SYN_104207,71,07:37:36,07:37:51,0
hCtxqlnqMmikZr4cnUgjF-07:00:00,SYN_104208,72,07:38:00,07:38:15,0
hCtxqlnqMmikZr4cnUgjF-07:00:00,SYN_104209,73,07:38:24,07:38:39,0
hCtxqlnqMmikZr4cnUgjF-07:00:00,SYN_104210,74,07:38:48,07:39:03,0
hCtxqlnqMmikZr4cnUgjF-07:00:00,SYN_104211,75,07:39:07,07:39:22,0
hCtxqlnqMmikZr4cnUgjF-07:00:00,SYN_104212,76,07:39:19,07:39:34,0
hCtxqlnqMmikZr4cnUgjF-07:00:00,SYN_104213,77,07:39:31,07:39:46,0
hCtxqlnqMmikZr4cnUgjF-07:00:00,SYN_104214,78,07:39:43,07:39:58,0
hCtxqlnqMmikZr4cnUgjF-07:00:00,SYN_104215,79,07:39:56,07:40:11,0
hCtxqlnqMmikZr4cnUgjF-07:00:00,SYN_104216,80,07:40:08,07:40:23,0
hCtxqlnqMmikZr4cnUgjF-07:00:00,SYN_104217,81,07:40:20,07:40:35,0
hCtxqlnqMmikZr4cnUgjF-07:00:00,SYN_104218,82,07:40:32,07:40:47,0
hCtxqlnqMmikZr4cnUgjF-07:00:00,SYN_104219,83,07:40:44,07:40:59,0
hCtxqlnqMmikZr4cnUgjF-07:00:00,SYN_104220,84,07:40:57,07:41:12,0
hCtxqlnqMmikZr4cnUgjF-07:00:00,SYN_104221,85,07:41:09,07:41:24,0
hCtxqlnqMmikZr4cnUgjF-07:00:00,SYN_104222,86,07:41:21,07:41:36,0
hCtxqlnqMmikZr4cnUgjF-07:00:00,SYN_104223,87,07:41:33,07:41:48,0
hCtxqlnqMmikZr4cnUgjF-07:00:00,SYN_104224,88,07:41:45,07:42:00,0
hCtxqlnqMmikZr4cnUgjF-07:00:00,SYN_104225,89,07:42:12,07:42:27,0
hCtxqlnqMmikZr4cnUgjF-07:00:00,SYN_104226,90,07:42:47,07:43:02,0
hCtxqlnqMmikZr4cnUgjF-07:00:00,SYN_104227,91,07:43:22,07:43:37,0
hCtxqlnqMmikZr4cnUgjF-07:00:00,SYN_104228,92,07:43:57,07:44:12,0
hCtxqlnqMmikZr4cnUgjF-07:00:00,SYN_104229,93,07:44:32,07:44:47,0
hCtxqlnqMmikZr4cnUgjF-07:00:00,SYN_104230,94,07:45:07,07:45:22,0
eZVkbWyfsnRxGOMkDoSfl-07:00:00,SYN_104238,0,07:00:21,07:00:36,0
eZVkbWyfsnRxGOMkDoSfl-07:00:00,SYN_104239,1,07:00:42,07:00:57,0
eZVkbWyfsnRxGOMkDoSfl-07:00:00,SYN_104240,2,07:01:04,07:01:19,0
eZVkbWyfsnRxGOMkDoSfl-07:00:00,SYN_104241,3,07:01:25,07:01:40,0
eZVkbWyfsnRxGOMkDoSfl-07:00:00,SYN_104242,4,07:01:46,07:02:01,0
eZVkbWyfsnRxGOMkDoSfl-07:00:00,SYN_104243,5,07:02:08,07:02:23,0
eZVkbWyfsnRxGOMkDoSfl-07:00:00,SYN_104244,6,07:02:29,07:02:44,0
eZVkbWyfsnRxGOMkDoSfl-07:00:00,SYN_104245,7,07:02:51,07:03:06,0
eZVkbWyfsnRxGOMkDoSfl-07:00:00,SYN_104246,8,07:03:12,07:03:27,0
eZVkbWyfsnRxGOMkDoSfl-07:00:00,SYN_104247,9,07:03:33,07:03:48,0
eZVkbWyfsnRxGOMkDoSfl-07:00:00,SYN_104248,10,07:03:55,07:04:10,0
eZVkbWyfsnRxGOMkDoSfl-07:00:00,SYN_104249,11,07:04:16,07:04:31,0
eZVkbWyfsnRxGOMkDoSfl-07:00:00,SYN_104250,12,07:04:37,07:04:52,0
eZVkbWyfsnRxGOMkDoSfl-07:00:00,SYN_104251,13,07:04:59,07:05:14,0
eZVkbWyfsnRxGOMkDoSfl-07:00:00,SYN_104252,14,07:05:20,07:05:35,0
eZVkbWyfsnRxGOMkDoSfl-07:00:00,SYN_104253,15,07:05:42,07:05:57,0
eZVkbWyfsnRxGOMkDoSfl-07:00:00,SYN_104254,16,07:06:03,07:06:18,0
eZVkbWyfsnRxGOMkDoSfl-07:00:00,SYN_104255,17,07:06:24,07:06:39,0
eZVkbWyfsnRxGOMkDoSfl-07:00:00,SYN_104256,18,07:06:46,07:07:01,0
eZVkbWyfsnRxGOMkDoSfl-07:00:00,SYN_104257,19,07:07:07,07:07:22,0
eZVkbWyfsnRxGOMkDoSfl-07:00:00,SYN_104258,20,07:07:28,07:07:43,0
eZVkbWyfsnRxGOMkDoSfl-07:00:00,SYN_104259,21,07:07:50,07:08:05,0
eZVkbWyfsnRxGOMkDoSfl-07:00:00,SYN_104260,22,07:08:11,07:08:26,0
eZVkbWyfsnRxGOMkDoSfl-07:00:00,SYN_104261,23,07:08:33,07:08:48,0
eZVkbWyfsnRxGOMkDoSfl-07:00:00,SYN_104262,24,07:08:54,07:09:09,0
eZVkbWyfsnRxGOMkDoSfl-07:00:00,SYN_104263,25,07:09:15,07:09:30,0
eZVkbWyfsnRxGOMkDoSfl-07:00:00,SYN_104264,26,07:09:37,07:09:52,0
eZVkbWyfsnRxGOMkDoSfl-07:00:00,SYN_104265,27,07:09:58,07:10:13,0
eZVkbWyfsnRxGOMkDoSfl-07:00:00,SYN_104266,28,07:10:19,07:10:34,0
eZVkbWyfsnRxGOMkDoSfl-07:00:00,SYN_104267,29,07:10:41,07:10:56,0
eZVkbWyfsnRxGOMkDoSfl-07:00:00,SYN_104268,30,07:11:02,07:11:17,0
eZVkbWyfsnRxGOMkDoSfl-07:00:00,SYN_104269,31,07:11:24,07:11:39,0
eZVkbWyfsnRxGOMkDoSfl-07:00:00,SYN_104270,32,07:11:45,07:12:00,0
eZVkbWyfsnRxGOMkDoSfl-07:00:00,SYN_104271,33,07:12:06,07:12:21,0
eZVkbWyfsnRxGOMkDoSfl-07:00:00,SYN_104272,34,07:12:28,07:12:43,0
eZVkbWyfsnRxGOMkDoSfl-07:00:00,SYN_104273,35,07:12:49,07:13:04,0
eZVkbWyfsnRxGOMkDoSfl-07:00:00,SYN_104274,36,07:13:10,07:13:25,0
eZVkbWyfsnRxGOMkDoSfl-07:00:00,SYN_104275,37,07:13:32,07:13:47,0
eZVkbWyfsnRxGOMkDoSfl-07:00:00,SYN_104276,38,07:13:56,07:14:11,0
eZVkbWyfsnRxGOMkDoSfl-07:00:00,SYN_104277,39,07:14:27,07:14:42,0
eZVkbWyfsnRxGOMkDoSfl-07:00:00,SYN_104278,40,07:14:59,07:15:14,0
eZVkbWyfsnRxGOMkDoSfl-07:00:00,SYN_104279,41,07:15:31,07:15:46,0
eZVkbWyfsnRxGOMkDoSfl-07:00:00,SYN_104280,42,07:16:03,07:16:18,0
eZVkbWyfsnRxGOMkDoSfl-07:00:00,SYN_104281,43,07:16:34,07:16:49,0
eZVkbWyfsnRxGOMkDoSfl-07:00:00,SYN_104282,44,07:17:06,07:17:21,0
eZVkbWyfsnRxGOMkDoSfl-07:00:00,SYN_104283,45,07:17:38,07:17:53,0
eZVkbWyfsnRxGOMkDoSfl-07:00:00,SYN_104284,46,07:18:10,07:18:25,0
eZVkbWyfsnRxGOMkDoSfl-07:00:00,SYN_104285,47,07:18:42,07:18:57,0
eZVkbWyfsnRxGOMkDoSfl-07:00:00,SYN_104286,48,07:19:16,07:19:31,0
eZVkbWyfsnRxGOMkDoSfl-07:00:00,SYN_104287,49,07:19:50,07:20:05,0
eZVkbWyfsnRxGOMkDoSfl-07:00:00,SYN_104288,50,07:20:24,07:20:39,0
eZVkbWyfsnRxGOMkDoSfl-07:00:00,SYN_104289,51,07:20:57,07:21:12,0
eZVkbWyfsnRxGOMkDoSfl-07:00:00,SYN_104290,52,07:21:31,07:21:46,0
eZVkbWyfsnRxGOMkDoSfl-07:00:00,SYN_104291,53,07:22:03,07:22:18,0
eZVkbWyfsnRxGOMkDoSfl-07:00:00,SYN_104292,54,07:22:35,07:22:50,0
eZVkbWyfsnRxGOMkDoSfl-07:00:00,SYN_104293,55,07:23:08,07:23:23,0
eZVkbWyfsnRxGOMkDoSfl-07:00:00,SYN_104294,56,07:23:52,07:24:07,0
eZVkbWyfsnRxGOMkDoSfl-07:00:00,SYN_104295,57,07:24:35,07:24:50,0
eZVkbWyfsnRxGOMkDoSfl-07:00:00,SYN_104296,58,07:25:19,07:25:34,0
eZVkbWyfsnRxGOMkDoSfl-07:00:00,SYN_104297,59,07:26:02,07:26:17,0
eZVkbWyfsnRxGOMkDoSfl-07:00:00,SYN_104298,60,07:26:38,07:26:53,0
eZVkbWyfsnRxGOMkDoSfl-07:00:00,SYN_104299,61,07:27:15,07:27:30,0
eZVkbWyfsnRxGOMkDoSfl-07:00:00,SYN_104300,62,07:27:51,07:28:06,0
eZVkbWyfsnRxGOMkDoSfl-07:00:00,SYN_104301,63,07:28:28,07:28:43,0
eZVkbWyfsnRxGOMkDoSfl-07:00:00,SYN_104302,64,07:29:10,07:29:25,0
eZVkbWyfsnRxGOMkDoSfl-07:00:00,SYN_104303,65,07:30:00,07:30:15,0
eZVkbWyfsnRxGOMkDoSfl-07:00:00,SYN_104304,66,07:30:49,07:31:04,0
WZZbrVYSieTbnoHnb0AaQ-07:00:00,SYN_104307,0,07:00:24,07:00:39,0
WZZbrVYSieTbnoHnb0AaQ-07:00:00,SYN_104308,1,07:00:49,07:01:04,0
WZZbrVYSieTbnoHnb0AaQ-07:00:00,SYN_104309,2,07:01:13,07:01:28,0
WZZbrVYSieTbnoHnb0AaQ-07:00:00,SYN_104310,3,07:01:38,07:01:53,0
WZZbrVYSieTbnoHnb0AaQ-07:00:00,SYN_104311,4,07:02:03,07:02:18,0
WZZbrVYSieTbnoHnb0AaQ-07:00:00,SYN_104312,5,07:02:27,07:02:42,0
WZZbrVYSieTbnoHnb0AaQ-07:00:00,SYN_104313,6,07:02:52,07:03:07,0
WZZbrVYSieTbnoHnb0AaQ-07:00:00,SYN_104314,7,07:03:17,07:03:32,0
WZZbrVYSieTbnoHnb0AaQ-07:00:00,SYN_104315,8,07:03:41,07:03:56,0
WZZbrVYSieTbnoHnb0AaQ-07:00:00,SYN_104316,9,07:04:44,07:04:59,0
WZZbrVYSieTbnoHnb0AaQ-07:00:00,SYN_104317,10,07:06:05,07:06:20,0
WZZbrVYSieTbnoHnb0AaQ-07:00:00,SYN_104318,11,07:07:27,07:07:42,0
WZZbrVYSieTbnoHnb0AaQ-07:00:00,SYN_104319,12,07:08:48,07:09:03,0
WZZbrVYSieTbnoHnb0AaQ-07:00:00,SYN_104320,13,07:10:09,07:10:24,0
WZZbrVYSieTbnoHnb0AaQ-07:00:00,SYN_104321,14,07:11:30,07:11:45,0
WZZbrVYSieTbnoHnb0AaQ-07:00:00,SYN_104322,15,07:12:52,07:13:07,0
o9FR1QzxiDSovwQlc0MKb-07:00:00,SYN_104323,0,07:00:14,07:00:29,0
o9FR1QzxiDSovwQlc0MKb-07:00:00,SYN_104324,1,07:00:45,07:01:00,0
o9FR1QzxiDSovwQlc0MKb-07:00:00,SYN_104325,2,07:01:17,07:01:32,0
o9FR1QzxiDSovwQlc0MKb-07:00:00,SYN_104326,3,07:01:48,07:02:03,0
o9FR1QzxiDSovwQlc0MKb-07:00:00,SYN_104327,4,07:02:20,07:02:35,0
o9FR1QzxiDSovwQlc0MKb-07:00:00,SYN_104328,5,07:02:51,07:03:06,0
o9FR1QzxiDSovwQlc0MKb-07:00:00,SYN_104329,6,07:03:22,07:03:37,0
o9FR1QzxiDSovwQlc0MKb-07:00:00,SYN_104330,7,07:03:54,07:04:09,0
o9FR1QzxiDSovwQlc0MKb-07:00:00,SYN_104331,8,07:04:25,07:04:40,0
o9FR1QzxiDSovwQlc0MKb-07:00:00,SYN_104332,9,07:04:57,07:05:12,0
o9FR1QzxiDSovwQlc0MKb-07:00:00,SYN_104333,10,07:05:31,07:05:46,0
o9FR1QzxiDSovwQlc0MKb-07:00:00,SYN_104334,11,07:06:14,07:06:29,0
o9FR1QzxiDSovwQlc0MKb-07:00:00,SYN_104335,12,07:06:57,07:07:12,0
o9FR1QzxiDSovwQlc0MKb-07:00:00,SYN_104336,13,07:07:27,07:07:42,0
o9FR1QzxiDSovwQlc0MKb-07:00:00,SYN_104337,14,07:07:51,07:08:06,0
o9FR1QzxiDSovwQlc0MKb-07:00:00,SYN_104338,15,07:08:16,07:08:31,0
o9FR1QzxiDSovwQlc0MKb-07:00:00,SYN_104339,16,07:08:40,07:08:55,0
o9FR1QzxiDSovwQlc0MKb-07:00:00,SYN_104340,17,07:09:05,07:09:20,0
o9FR1QzxiDSovwQlc0MKb-07:00:00,SYN_104341,18,07:09:29,07:09:44,0
o9FR1QzxiDSovwQlc0MKb-07:00:00,SYN_104342,19,07:09:54,07:10:09,0
o9FR1QzxiDSovwQlc0MKb-07:00:00,SYN_104343,20,07:10:18,07:10:33,0
o9FR1QzxiDSovwQlc0MKb-07:00:00,SYN_104344,21,07:10:42,07:10:57,0
o9FR1QzxiDSovwQlc0MKb-07:00:00,SYN_104345,22,07:11:24,07:11:39,0
o9FR1QzxiDSovwQlc0MKb-07:00:00,SYN_104346,23,07:12:53,07:13:08,0
o9FR1QzxiDSovwQlc0MKb-07:00:00,SYN_104347,24,07:14:22,07:14:37,0
o9FR1QzxiDSovwQlc0MKb-07:00:00,SYN_104348,25,07:15:51,07:16:06,0
o9FR1QzxiDSovwQlc0MKb-07:00:00,SYN_104349,26,07:17:21,07:17:36,0
o9FR1QzxiDSovwQlc0MKb-07:00:00,SYN_104350,27,07:18:50,07:19:05,0
o9FR1QzxiDSovwQlc0MKb-07:00:00,SYN_104351,28,07:19:54,07:20:09,0
o9FR1QzxiDSovwQlc0MKb-07:00:00,SYN_104352,29,07:20:47,07:21:02,0
dLkT29EUoWOal9hGBCA4x-07:00:00,SYN_104353,0,07:00:08,07:00:23,0
dLkT29EUoWOal9hGBCA4x-07:00:00,SYN_104354,1,07:01:49,07:02:04,0
dLkT29EUoWOal9hGBCA4x-07:00:00,SYN_104355,2,07:03:06,07:03:21,0
dLkT29EUoWOal9hGBCA4x-07:00:00,SYN_104356,3,07:03:54,07:04:09,0
dLkT29EUoWOal9hGBCA4x-07:00:00,SYN_104357,4,07:04:43,07:04:58,0
dLkT29EUoWOal9hGBCA4x-07:00:00,SYN_104358,5,07:05:31,07:05:46,0
dLkT29EUoWOal9hGBCA4x-07:00:00,SYN_104359,6,07:06:20,07:06:35,0
dLkT29EUoWOal9hGBCA4x-07:00:00,SYN_104360,7,07:07:07,07:07:22,0
dLkT29EUoWOal9hGBCA4x-07:00:00,SYN_104361,8,07:07:46,07:08:01,0
dLkT29EUoWOal9hGBCA4x-07:00:00,SYN_104362,9,07:08:27,07:08:42,0
dLkT29EUoWOal9hGBCA4x-07:00:00,SYN_104363,10,07:09:12,07:09:27,0
dLkT29EUoWOal9hGBCA4x-07:00:00,SYN_104364,11,07:09:57,07:10:12,0
dLkT29EUoWOal9hGBCA4x-07:00:00,SYN_104365,12,07:10:42,07:10:57,0
dLkT29EUoWOal9hGBCA4x-07:00:00,SYN_104366,13,07:11:17,07:11:32,0
dLkT29EUoWOal9hGBCA4x-07:00:00,SYN_104367,14,07:11:41,07:11:56,0
dLkT29EUoWOal9hGBCA4x-07:00:00,SYN_104368,15,07:12:05,07:12:20,0
dLkT29EUoWOal9hGBCA4x-07:00:00,SYN_104369,16,07:12:28,07:12:43,0
dLkT29EUoWOal9hGBCA4x-07:00:00,SYN_104370,17,07:12:52,07:13:07,0
dLkT29EUoWOal9hGBCA4x-07:00:00,SYN_104371,18,07:13:16,07:13:31,0
dLkT29EUoWOal9hGBCA4x-07:00:00,SYN_104372,19,07:13:39,07:13:54,0
dLkT29EUoWOal9hGBCA4x-07:00:00,SYN_104373,20,07:13:57,07:14:12,0
dLkT29EUoWOal9hGBCA4x-07:00:00,SYN_104374,21,07:14:11,07:14:26,0
dLkT29EUoWOal9hGBCA4x-07:00:00,SYN_104375,22,07:14:25,07:14:40,0
dLkT29EUoWOal9hGBCA4x-07:00:00,SYN_104376,23,07:14:40,07:14:55,0
dLkT29EUoWOal9hGBCA4x-07:00:00,SYN_104377,24,07:14:54,07:15:09,0
dLkT29EUoWOal9hGBCA4x-07:00:00,SYN_104378,25,07:15:09,07:15:24,0
dLkT29EUoWOal9hGBCA4x-07:00:00,SYN_104379,26,07:15:23,07:15:38,0
dLkT29EUoWOal9hGBCA4x-07:00:00,SYN_104380,27,07:15:38,07:15:53,0
dLkT29EUoWOal9hGBCA4x-07:00:00,SYN_104381,28,07:15:52,07:16:07,0
dLkT29EUoWOal9hGBCA4x-07:00:00,SYN_104382,29,07:16:07,07:16:22,0
dLkT29EUoWOal9hGBCA4x-07:00:00,SYN_104383,30,07:16:21,07:16:36,0
dLkT29EUoWOal9hGBCA4x-07:00:00,SYN_104384,31,07:16:36,07:16:51,0
dLkT29EUoWOal9hGBCA4x-07:00:00,SYN_104385,32,07:16:50,07:17:05,0
dLkT29EUoWOal9hGBCA4x-07:00:00,SYN_104386,33,07:17:05,07:17:20,0
dLkT29EUoWOal9hGBCA4x-07:00:00,SYN_104387,34,07:17:19,07:17:34,0
dLkT29EUoWOal9hGBCA4x-07:00:00,SYN_104388,35,07:17:34,07:17:49,0
dLkT29EUoWOal9hGBCA4x-07:00:00,SYN_104389,36,07:17:48,07:18:03,0
dLkT29EUoWOal9hGBCA4x-07:00:00,SYN_104390,37,07:18:02,07:18:17,0
dLkT29EUoWOal9hGBCA4x-07:00:00,SYN_104391,38,07:18:17,07:18:32,0
dLkT29EUoWOal9hGBCA4x-07:00:00,SYN_104392,39,07:18:31,07:18:46,0
dLkT29EUoWOal9hGBCA4x-07:00:00,SYN_104393,40,07:18:46,07:19:01,0
dLkT29EUoWOal9hGBCA4x-07:00:00,SYN_104394,41,07:19:00,07:19:15,0
dLkT29EUoWOal9hGBCA4x-07:00:00,SYN_104395,42,07:19:15,07:19:30,0
dLkT29EUoWOal9hGBCA4x-07:00:00,SYN_104396,43,07:19:29,07:19:44,0
dLkT29EUoWOal9hGBCA4x-07:00:00,SYN_104397,44,07:19:44,07:19:59,0
dLkT29EUoWOal9hGBCA4x-07:00:00,SYN_104398,45,07:19:58,07:20:13,0
dLkT29EUoWOal9hGBCA4x-07:00:00,SYN_104399,46,07:20:13,07:20:28,0
dLkT29EUoWOal9hGBCA4x-07:00:00,SYN_104400,47,07:20:27,07:20:42,0
dLkT29EUoWOal9hGBCA4x-07:00:00,SYN_104401,48,07:20:42,07:20:57,0
dLkT29EUoWOal9hGBCA4x-07:00:00,SYN_104402,49,07:20:56,07:21:11,0
dLkT29EUoWOal9hGBCA4x-07:00:00,SYN_104403,50,07:21:11,07:21:26,0
dLkT29EUoWOal9hGBCA4x-07:00:00,SYN_104404,51,07:21:25,07:21:40,0
dLkT29EUoWOal9hGBCA4x-07:00:00,SYN_104405,52,07:21:40,07:21:55,0
dLkT29EUoWOal9hGBCA4x-07:00:00,SYN_104406,53,07:21:54,07:22:09,0
dLkT29EUoWOal9hGBCA4x-07:00:00,SYN_104407,54,07:22:08,07:22:23,0
dLkT29EUoWOal9hGBCA4x-07:00:00,SYN_104408,55,07:22:23,07:22:38,0
dLkT29EUoWOal9hGBCA4x-07:00:00,SYN_104409,56,07:22:37,07:22:52,0
dLkT29EUoWOal9hGBCA4x-07:00:00,SYN_104410,57,07:22:52,07:23:07,0
dLkT29EUoWOal9hGBCA4x-07:00:00,SYN_104411,58,07:23:06,07:23:21,0
dLkT29EUoWOal9hGBCA4x-07:00:00,SYN_104412,59,07:23:21,07:23:36,0
dLkT29EUoWOal9hGBCA4x-07:00:00,SYN_104413,60,07:23:35,07:23:50,0
dLkT29EUoWOal9hGBCA4x-07:00:00,SYN_104414,61,07:23:50,07:24:05,0
dLkT29EUoWOal9hGBCA4x-07:00:00,SYN_104415,62,07:24:04,07:24:19,0
dLkT29EUoWOal9hGBCA4x-07:00:00,SYN_104416,63,07:24:19,07:24:34,0
dLkT29EUoWOal9hGBCA4x-07:00:00,SYN_104417,64,07:24:33,07:24:48,0
dLkT29EUoWOal9hGBCA4x-07:00:00,SYN_104418,65,07:24:48,07:25:03,0
dLkT29EUoWOal9hGBCA4x-07:00:00,SYN_104419,66,07:25:02,07:25:17,0
dLkT29EUoWOal9hGBCA4x-07:00:00,SYN_104420,67,07:25:17,07:25:32,0
dLkT29EUoWOal9hGBCA4x-07:00:00,SYN_104421,68,07:25:31,07:25:46,0
dLkT29EUoWOal9hGBCA4x-07:00:00,SYN_104422,69,07:25:46,07:26:01,0
dLkT29EUoWOal9hGBCA4x-07:00:00,SYN_104423,70,07:26:00,07:26:15,0
dLkT29EUoWOal9hGBCA4x-07:00:00,SYN_104424,71,07:26:14,07:26:29,0
dLkT29EUoWOal9hGBCA4x-07:00:00,SYN_104425,72,07:26:29,07:26:44,0
dLkT29EUoWOal9hGBCA4x-07:00:00,SYN_104426,73,07:26:43,07:26:58,0
dLkT29EUoWOal9hGBCA4x-07:00:00,SYN_104427,74,07:26:58,07:27:13,0
dLkT29EUoWOal9hGBCA4x-07:00:00,SYN_104428,75,07:27:12,07:27:27,0
dLkT29EUoWOal9hGBCA4x-07:00:00,SYN_104429,76,07:27:27,07:27:42,0
dLkT29EUoWOal9hGBCA4x-07:00:00,SYN_104430,77,07:27:41,07:27:56,0
dLkT29EUoWOal9hGBCA4x-07:00:00,SYN_104431,78,07:27:56,07:28:11,0
dLkT29EUoWOal9hGBCA4x-07:00:00,SYN_104432,79,07:28:10,07:28:25,0
dLkT29EUoWOal9hGBCA4x-07:00:00,SYN_104433,80,07:28:25,07:28:40,0
dLkT29EUoWOal9hGBCA4x-07:00:00,SYN_104434,81,07:28:39,07:28:54,0
dLkT29EUoWOal9hGBCA4x-07:00:00,SYN_104435,82,07:28:54,07:29:09,0
dLkT29EUoWOal9hGBCA4x-07:00:00,SYN_104436,83,07:29:08,07:29:23,0
dLkT29EUoWOal9hGBCA4x-07:00:00,SYN_104437,84,07:29:23,07:29:38,0
dLkT29EUoWOal9hGBCA4x-07:00:00,SYN_104438,85,07:29:37,07:29:52,0
dLkT29EUoWOal9hGBCA4x-07:00:00,SYN_104439,86,07:29:51,07:30:06,0
dLkT29EUoWOal9hGBCA4x-07:00:00,SYN_104440,87,07:30:06,07:30:21,0
dLkT29EUoWOal9hGBCA4x-07:00:00,SYN_104441,88,07:30:20,07:30:35,0
dLkT29EUoWOal9hGBCA4x-07:00:00,SYN_104442,89,07:30:35,07:30:50,0
dLkT29EUoWOal9hGBCA4x-07:00:00,SYN_104443,90,07:30:49,07:31:04,0
dLkT29EUoWOal9hGBCA4x-07:00:00,SYN_104444,91,07:31:04,07:31:19,0
dLkT29EUoWOal9hGBCA4x-07:00:00,SYN_104445,92,07:31:18,07:31:33,0
dLkT29EUoWOal9hGBCA4x-07:00:00,SYN_104446,93,07:31:33,07:31:48,0
dLkT29EUoWOal9hGBCA4x-07:00:00,SYN_104447,94,07:31:47,07:32:02,0
dLkT29EUoWOal9hGBCA4x-07:00:00,SYN_104448,95,07:32:02,07:32:17,0
dLkT29EUoWOal9hGBCA4x-07:00:00,SYN_104449,96,07:32:16,07:32:31,0
dLkT29EUoWOal9hGBCA4x-07:00:00,SYN_104450,97,07:32:31,07:32:46,0
dLkT29EUoWOal9hGBCA4x-07:00:00,SYN_104451,98,07:32:45,07:33:00,0
dLkT29EUoWOal9hGBCA4x-07:00:00,SYN_104452,99,07:33:00,07:33:15,0
dLkT29EUoWOal9hGBCA4x-07:00:00,SYN_104453,100,07:33:14,07:33:29,0
Da9EIaUt19ZSMI3qwGvzZ-07:00:00,SYN_104456,0,07:01:14,07:01:29,0
Da9EIaUt19ZSMI3qwGvzZ-07:00:00,SYN_104457,1,07:02:08,07:02:23,0
Da9EIaUt19ZSMI3qwGvzZ-07:00:00,SYN_104458,2,07:02:57,07:03:12,0
Da9EIaUt19ZSMI3qwGvzZ-07:00:00,SYN_104459,3,07:03:45,07:04:00,0
Da9EIaUt19ZSMI3qwGvzZ-07:00:00,SYN_104460,4,07:04:32,07:04:47,0
Da9EIaUt19ZSMI3qwGvzZ-07:00:00,SYN_104461,5,07:05:20,07:05:35,0
Da9EIaUt19ZSMI3qwGvzZ-07:00:00,SYN_104462,6,07:06:08,07:06:23,0
Da9EIaUt19ZSMI3qwGvzZ-07:00:00,SYN_104463,7,07:06:53,07:07:08,0
Da9EIaUt19ZSMI3qwGvzZ-07:00:00,SYN_104464,8,07:07:28,07:07:43,0
Da9EIaUt19ZSMI3qwGvzZ-07:00:00,SYN_104465,9,07:08:03,07:08:18,0
Da9EIaUt19ZSMI3qwGvzZ-07:00:00,SYN_104466,10,07:08:38,07:08:53,0
Da9EIaUt19ZSMI3qwGvzZ-07:00:00,SYN_104467,11,07:09:13,07:09:28,0
Da9EIaUt19ZSMI3qwGvzZ-07:00:00,SYN_104468,12,07:09:48,07:10:03,0
Da9EIaUt19ZSMI3qwGvzZ-07:00:00,SYN_104469,13,07:10:23,07:10:38,0
Da9EIaUt19ZSMI3qwGvzZ-07:00:00,SYN_104470,14,07:10:58,07:11:13,0
Da9EIaUt19ZSMI3qwGvzZ-07:00:00,SYN_104471,15,07:11:33,07:11:48,0
Da9EIaUt19ZSMI3qwGvzZ-07:00:00,SYN_104472,16,07:12:07,07:12:22,0
Da9EIaUt19ZSMI3qwGvzZ-07:00:00,SYN_104473,17,07:12:30,07:12:45,0
Da9EIaUt19ZSMI3qwGvzZ-07:00:00,SYN_104474,18,07:12:54,07:13:09,0
Da9EIaUt19ZSMI3qwGvzZ-07:00:00,SYN_104475,19,07:13:17,07:13:32,0
Da9EIaUt19ZSMI3qwGvzZ-07:00:00,SYN_104476,20,07:13:41,07:13:56,0
Da9EIaUt19ZSMI3qwGvzZ-07:00:00,SYN_104477,21,07:14:04,07:14:19,0
Da9EIaUt19ZSMI3qwGvzZ-07:00:00,SYN_104478,22,07:14:28,07:14:43,0
Da9EIaUt19ZSMI3qwGvzZ-07:00:00,SYN_104479,23,07:14:52,07:15:07,0
Da9EIaUt19ZSMI3qwGvzZ-07:00:00,SYN_104480,24,07:15:19,07:15:34,0
Da9EIaUt19ZSMI3qwGvzZ-07:00:00,SYN_104481,25,07:15:46,07:16:01,0
Da9EIaUt19ZSMI3qwGvzZ-07:00:00,SYN_104482,26,07:16:13,07:16:28,0
Da9EIaUt19ZSMI3qwGvzZ-07:00:00,SYN_104483,27,07:16:40,07:16:55,0
Da9EIaUt19ZSMI3qwGvzZ-07:00:00,SYN_104484,28,07:17:06,07:17:21,0
Da9EIaUt19ZSMI3qwGvzZ-07:00:00,SYN_104485,29,07:17:33,07:17:48,0
Da9EIaUt19ZSMI3qwGvzZ-07:00:00,SYN_104486,30,07:18:00,07:18:15,0
Da9EIaUt19ZSMI3qwGvzZ-07:00:00,SYN_104487,31,07:18:26,07:18:41,0
Da9EIaUt19ZSMI3qwGvzZ-07:00:00,SYN_104488,32,07:18:51,07:19:06,0
Da9EIaUt19ZSMI3qwGvzZ-07:00:00,SYN_104489,33,07:19:16,07:19:31,0
Da9EIaUt19ZSMI3qwGvzZ-07:00:00,SYN_104490,34,07:19:42,07:19:57,0
Da9EIaUt19ZSMI3qwGvzZ-07:00:00,SYN_104491,35,07:20:07,07:20:22,0
wzQQv79eeOAEsj4p6t-wx-07:00:00,SYN_104494,0,07:01:32,07:01:47,0
wzQQv79eeOAEsj4p6t-wx-07:00:00,SYN_104495,1,07:02:58,07:03:13,0
wzQQv79eeOAEsj4p6t-wx-07:00:00,SYN_104496,2,07:03:46,07:04:01,0
wzQQv79eeOAEsj4p6t-wx-07:00:00,SYN_104497,3,07:04:35,07:04:50,0
wzQQv79eeOAEsj4p6t-wx-07:00:00,SYN_104498,4,07:05:23,07:05:38,0
wzQQv79eeOAEsj4p6t-wx-07:00:00,SYN_104499,5,07:06:11,07:06:26,0
wzQQv79eeOAEsj4p6t-wx-07:00:00,SYN_104500,6,07:07:00,07:07:15,0
wzQQv79eeOAEsj4p6t-wx-07:00:00,SYN_104501,7,07:07:39,07:07:54,0
wzQQv79eeOAEsj4p6t-wx-07:00:00,SYN_104502,8,07:08:19,07:08:34,0
wzQQv79eeOAEsj4p6t-wx-07:00:00,SYN_104503,9,07:09:01,07:09:16,0
wzQQv79eeOAEsj4p6t-wx-07:00:00,SYN_104504,10,07:09:43,07:09:58,0
wzQQv79eeOAEsj4p6t-wx-07:00:00,SYN_104505,11,07:10:25,07:10:40,0
wzQQv79eeOAEsj4p6t-wx-07:00:00,SYN_104506,12,07:11:06,07:11:21,0
wzQQv79eeOAEsj4p6t-wx-07:00:00,SYN_104507,13,07:11:38,07:11:53,0
wzQQv79eeOAEsj4p6t-wx-07:00:00,SYN_104508,14,07:12:11,07:12:26,0
wzQQv79eeOAEsj4p6t-wx-07:00:00,SYN_104509,15,07:12:43,07:12:58,0
wzQQv79eeOAEsj4p6t-wx-07:00:00,SYN_104510,16,07:13:15,07:13:30,0
wzQQv79eeOAEsj4p6t-wx-07:00:00,SYN_104511,17,07:13:47,07:14:02,0
wzQQv79eeOAEsj4p6t-wx-07:00:00,SYN_104512,18,07:14:20,07:14:35,0
wzQQv79eeOAEsj4p6t-wx-07:00:00,SYN_104513,19,07:14:42,07:14:57,0
wzQQv79eeOAEsj4p6t-wx-07:00:00,SYN_104514,20,07:14:53,07:15:08,0
wzQQv79eeOAEsj4p6t-wx-07:00:00,SYN_104515,21,07:15:05,07:15:20,0
wzQQv79eeOAEsj4p6t-wx-07:00:00,SYN_104516,22,07:15:17,07:15:32,0
wzQQv79eeOAEsj4p6t-wx-07:00:00,SYN_104517,23,07:15:29,07:15:44,0
wzQQv79eeOAEsj4p6t-wx-07:00:00,SYN_104518,24,07:15:41,07:15:56,0
wzQQv79eeOAEsj4p6t-wx-07:00:00,SYN_104519,25,07:15:53,07:16:08,0
wzQQv79eeOAEsj4p6t-wx-07:00:00,SYN_104520,26,07:16:05,07:16:20,0
wzQQv79eeOAEsj4p6t-wx-07:00:00,SYN_104521,27,07:16:17,07:16:32,0
wzQQv79eeOAEsj4p6t-wx-07:00:00,SYN_104522,28,07:16:29,07:16:44,0
wzQQv79eeOAEsj4p6t-wx-07:00:00,SYN_104523,29,07:16:41,07:16:56,0
wzQQv79eeOAEsj4p6t-wx-07:00:00,SYN_104524,30,07:16:53,07:17:08,0
wzQQv79eeOAEsj4p6t-wx-07:00:00,SYN_104525,31,07:17:05,07:17:20,0
wzQQv79eeOAEsj4p6t-wx-07:00:00,SYN_104526,32,07:17:17,07:17:32,0
wzQQv79eeOAEsj4p6t-wx-07:00:00,SYN_104527,33,07:17:28,07:17:43,0
wzQQv79eeOAEsj4p6t-wx-07:00:00,SYN_104528,34,07:17:40,07:17:55,0
wzQQv79eeOAEsj4p6t-wx-07:00:00,SYN_104529,35,07:17:52,07:18:07,0
wzQQv79eeOAEsj4p6t-wx-07:00:00,SYN_104530,36,07:18:04,07:18:19,0
wzQQv79eeOAEsj4p6t-wx-07:00:00,SYN_104531,37,07:18:16,07:18:31,0
wzQQv79eeOAEsj4p6t-wx-07:00:00,SYN_104532,38,07:18:28,07:18:43,0
wzQQv79eeOAEsj4p6t-wx-07:00:00,SYN_104533,39,07:18:40,07:18:55,0
wzQQv79eeOAEsj4p6t-wx-07:00:00,SYN_104534,40,07:18:52,07:19:07,0
wzQQv79eeOAEsj4p6t-wx-07:00:00,SYN_104535,41,07:19:04,07:19:19,0
wzQQv79eeOAEsj4p6t-wx-07:00:00,SYN_104536,42,07:19:16,07:19:31,0
wzQQv79eeOAEsj4p6t-wx-07:00:00,SYN_104537,43,07:19:28,07:19:43,0
wzQQv79eeOAEsj4p6t-wx-07:00:00,SYN_104538,44,07:19:40,07:19:55,0
wzQQv79eeOAEsj4p6t-wx-07:00:00,SYN_104539,45,07:19:52,07:20:07,0
wzQQv79eeOAEsj4p6t-wx-07:00:00,SYN_104540,46,07:20:03,07:20:18,0
wzQQv79eeOAEsj4p6t-wx-07:00:00,SYN_104541,47,07:20:15,07:20:30,0
wzQQv79eeOAEsj4p6t-wx-07:00:00,SYN_104542,48,07:20:27,07:20:42,0
wzQQv79eeOAEsj4p6t-wx-07:00:00,SYN_104543,49,07:20:39,07:20:54,0
wzQQv79eeOAEsj4p6t-wx-07:00:00,SYN_104544,50,07:20:51,07:21:06,0
wzQQv79eeOAEsj4p6t-wx-07:00:00,SYN_104545,51,07:21:03,07:21:18,0
wzQQv79eeOAEsj4p6t-wx-07:00:00,SYN_104546,52,07:21:15,07:21:30,0
wzQQv79eeOAEsj4p6t-wx-07:00:00,SYN_104547,53,07:21:27,07:21:42,0
wzQQv79eeOAEsj4p6t-wx-07:00:00,SYN_104548,54,07:21:39,07:21:54,0
wzQQv79eeOAEsj4p6t-wx-07:00:00,SYN_104549,55,07:21:51,07:22:06,0
wzQQv79eeOAEsj4p6t-wx-07:00:00,SYN_104550,56,07:22:03,07:22:18,0
wzQQv79eeOAEsj4p6t-wx-07:00:00,SYN_104551,57,07:22:15,07:22:30,0
wzQQv79eeOAEsj4p6t-wx-07:00:00,SYN_104552,58,07:22:27,07:22:42,0
wzQQv79eeOAEsj4p6t-wx-07:00:00,SYN_104553,59,07:22:38,07:22:53,0
wzQQv79eeOAEsj4p6t-wx-07:00:00,SYN_104554,60,07:22:50,07:23:05,0
wzQQv79eeOAEsj4p6t-wx-07:00:00,SYN_104555,61,07:23:02,07:23:17,0
wzQQv79eeOAEsj4p6t-wx-07:00:00,SYN_104556,62,07:23:14,07:23:29,0
wzQQv79eeOAEsj4p6t-wx-07:00:00,SYN_104557,63,07:23:26,07:23:41,0
wzQQv79eeOAEsj4p6t-wx-07:00:00,SYN_104558,64,07:23:38,07:23:53,0
wzQQv79eeOAEsj4p6t-wx-07:00:00,SYN_104559,65,07:23:50,07:24:05,0
wzQQv79eeOAEsj4p6t-wx-07:00:00,SYN_104560,66,07:24:02,07:24:17,0
wzQQv79eeOAEsj4p6t-wx-07:00:00,SYN_104561,67,07:24:14,07:24:29,0
wzQQv79eeOAEsj4p6t-wx-07:00:00,SYN_104562,68,07:24:26,07:24:41,0
wzQQv79eeOAEsj4p6t-wx-07:00:00,SYN_104563,69,07:24:38,07:24:53,0
wzQQv79eeOAEsj4p6t-wx-07:00:00,SYN_104564,70,07:24:50,07:25:05,0
wzQQv79eeOAEsj4p6t-wx-07:00:00,SYN_104565,71,07:25:02,07:25:17,0
wzQQv79eeOAEsj4p6t-wx-07:00:00,SYN_104566,72,07:25:13,07:25:28,0
wzQQv79eeOAEsj4p6t-wx-07:00:00,SYN_104567,73,07:25:25,07:25:40,0
wzQQv79eeOAEsj4p6t-wx-07:00:00,SYN_104568,74,07:25:37,07:25:52,0
wzQQv79eeOAEsj4p6t-wx-07:00:00,SYN_104569,75,07:25:49,07:26:04,0
wzQQv79eeOAEsj4p6t-wx-07:00:00,SYN_104570,76,07:26:01,07:26:16,0
wzQQv79eeOAEsj4p6t-wx-07:00:00,SYN_104571,77,07:26:13,07:26:28,0
wzQQv79eeOAEsj4p6t-wx-07:00:00,SYN_104572,78,07:26:25,07:26:40,0
wzQQv79eeOAEsj4p6t-wx-07:00:00,SYN_104573,79,07:26:37,07:26:52,0
wzQQv79eeOAEsj4p6t-wx-07:00:00,SYN_104574,80,07:26:49,07:27:04,0
wzQQv79eeOAEsj4p6t-wx-07:00:00,SYN_104575,81,07:27:01,07:27:16,0
wzQQv79eeOAEsj4p6t-wx-07:00:00,SYN_104576,82,07:27:13,07:27:28,0
wzQQv79eeOAEsj4p6t-wx-07:00:00,SYN_104577,83,07:27:25,07:27:40,0
wzQQv79eeOAEsj4p6t-wx-07:00:00,SYN_104578,84,07:27:36,07:27:51,0
wzQQv79eeOAEsj4p6t-wx-07:00:00,SYN_104579,85,07:27:48,07:28:03,0
wzQQv79eeOAEsj4p6t-wx-07:00:00,SYN_104580,86,07:28:00,07:28:15,0
wzQQv79eeOAEsj4p6t-wx-07:00:00,SYN_104581,87,07:28:12,07:28:27,0
wzQQv79eeOAEsj4p6t-wx-07:00:00,SYN_104582,88,07:28:24,07:28:39,0
wzQQv79eeOAEsj4p6t-wx-07:00:00,SYN_104583,89,07:28:36,07:28:51,0
wzQQv79eeOAEsj4p6t-wx-07:00:00,SYN_104584,90,07:28:48,07:29:03,0
wzQQv79eeOAEsj4p6t-wx-07:00:00,SYN_104585,91,07:29:00,07:29:15,0
wzQQv79eeOAEsj4p6t-wx-07:00:00,SYN_104586,92,07:29:12,07:29:27,0
wzQQv79eeOAEsj4p6t-wx-07:00:00,SYN_104587,93,07:29:24,07:29:39,0
wzQQv79eeOAEsj4p6t-wx-07:00:00,SYN_104588,94,07:29:36,07:29:51,0
wzQQv79eeOAEsj4p6t-wx-07:00:00,SYN_104589,95,07:29:48,07:30:03,0
wzQQv79eeOAEsj4p6t-wx-07:00:00,SYN_104590,96,07:30:00,07:30:15,0
wzQQv79eeOAEsj4p6t-wx-07:00:00,SYN_104591,97,07:30:11,07:30:26,0
wzQQv79eeOAEsj4p6t-wx-07:00:00,SYN_104592,98,07:30:23,07:30:38,0
wzQQv79eeOAEsj4p6t-wx-07:00:00,SYN_104593,99,07:30:35,07:30:50,0
wzQQv79eeOAEsj4p6t-wx-07:00:00,SYN_104594,100,07:30:47,07:31:02,0
wzQQv79eeOAEsj4p6t-wx-07:00:00,SYN_104595,101,07:30:59,07:31:14,0
wzQQv79eeOAEsj4p6t-wx-07:00:00,SYN_104596,102,07:31:11,07:31:26,0
wzQQv79eeOAEsj4p6t-wx-07:00:00,SYN_104597,103,07:31:23,07:31:38,0
wzQQv79eeOAEsj4p6t-wx-07:00:00,SYN_104598,104,07:31:35,07:31:50,0
wzQQv79eeOAEsj4p6t-wx-07:00:00,SYN_104599,105,07:31:47,07:32:02,0
wzQQv79eeOAEsj4p6t-wx-07:00:00,SYN_104600,106,07:31:59,07:32:14,0
wzQQv79eeOAEsj4p6t-wx-07:00:00,SYN_104601,107,07:32:11,07:32:26,0
wzQQv79eeOAEsj4p6t-wx-07:00:00,SYN_104602,108,07:32:23,07:32:38,0
wzQQv79eeOAEsj4p6t-wx-07:00:00,SYN_104603,109,07:32:35,07:32:50,0
wzQQv79eeOAEsj4p6t-wx-07:00:00,SYN_104604,110,07:32:46,07:33:01,0
wzQQv79eeOAEsj4p6t-wx-07:00:00,SYN_104605,111,07:32:58,07:33:13,0
wzQQv79eeOAEsj4p6t-wx-07:00:00,SYN_104606,112,07:33:10,07:33:25,0
wzQQv79eeOAEsj4p6t-wx-07:00:00,SYN_104607,113,07:33:22,07:33:37,0
wzQQv79eeOAEsj4p6t-wx-07:00:00,SYN_104608,114,07:33:34,07:33:49,0
wzQQv79eeOAEsj4p6t-wx-07:00:00,SYN_104609,115,07:33:49,07:34:04,0
wzQQv79eeOAEsj4p6t-wx-07:00:00,SYN_104610,116,07:34:05,07:34:20,0
wzQQv79eeOAEsj4p6t-wx-07:00:00,SYN_104611,117,07:34:21,07:34:36,0
wzQQv79eeOAEsj4p6t-wx-07:00:00,SYN_104612,118,07:34:39,07:34:54,0
wzQQv79eeOAEsj4p6t-wx-07:00:00,SYN_104613,119,07:34:58,07:35:13,0
wzQQv79eeOAEsj4p6t-wx-07:00:00,SYN_104614,120,07:35:17,07:35:32,0
wzQQv79eeOAEsj4p6t-wx-07:00:00,SYN_104615,121,07:35:36,07:35:51,0
wzQQv79eeOAEsj4p6t-wx-07:00:00,SYN_104616,122,07:35:55,07:36:10,0
wzQQv79eeOAEsj4p6t-wx-07:00:00,SYN_104617,123,07:36:14,07:36:29,0
wzQQv79eeOAEsj4p6t-wx-07:00:00,SYN_104618,124,07:36:33,07:36:48,0
wzQQv79eeOAEsj4p6t-wx-07:00:00,SYN_104619,125,07:36:53,07:37:08,0
wzQQv79eeOAEsj4p6t-wx-07:00:00,SYN_104620,126,07:37:12,07:37:27,0
wzQQv79eeOAEsj4p6t-wx-07:00:00,SYN_104621,127,07:37:31,07:37:46,0
wzQQv79eeOAEsj4p6t-wx-07:00:00,SYN_104622,128,07:37:50,07:38:05,0
wzQQv79eeOAEsj4p6t-wx-07:00:00,SYN_104623,129,07:38:09,07:38:24,0
wzQQv79eeOAEsj4p6t-wx-07:00:00,SYN_104624,130,07:38:28,07:38:43,0
wzQQv79eeOAEsj4p6t-wx-07:00:00,SYN_104625,131,07:38:48,07:39:03,0
wzQQv79eeOAEsj4p6t-wx-07:00:00,SYN_104626,132,07:39:07,07:39:22,0
wzQQv79eeOAEsj4p6t-wx-07:00:00,SYN_104627,133,07:39:26,07:39:41,0
wzQQv79eeOAEsj4p6t-wx-07:00:00,SYN_104628,134,07:39:45,07:40:00,0
wzQQv79eeOAEsj4p6t-wx-07:00:00,SYN_104629,135,07:40:01,07:40:16,0
wzQQv79eeOAEsj4p6t-wx-07:00:00,SYN_104630,136,07:40:17,07:40:32,0
wzQQv79eeOAEsj4p6t-wx-07:00:00,SYN_104631,137,07:40:33,07:40:48,0
wzQQv79eeOAEsj4p6t-wx-07:00:00,SYN_104632,138,07:40:48,07:41:03,0
wzQQv79eeOAEsj4p6t-wx-07:00:00,SYN_104633,139,07:41:04,07:41:19,0
wzQQv79eeOAEsj4p6t-wx-07:00:00,SYN_104634,140,07:41:20,07:41:35,0
wzQQv79eeOAEsj4p6t-wx-07:00:00,SYN_104635,141,07:41:35,07:41:50,0
wzQQv79eeOAEsj4p6t-wx-07:00:00,SYN_104636,142,07:41:50,07:42:05,0
wzQQv79eeOAEsj4p6t-wx-07:00:00,SYN_104637,143,07:42:05,07:42:20,0
wzQQv79eeOAEsj4p6t-wx-07:00:00,SYN_104638,144,07:42:19,07:42:34,0
wzQQv79eeOAEsj4p6t-wx-07:00:00,SYN_104639,145,07:42:34,07:42:49,0
wzQQv79eeOAEsj4p6t-wx-07:00:00,SYN_104640,146,07:42:49,07:43:04,0
wzQQv79eeOAEsj4p6t-wx-07:00:00,SYN_104641,147,07:43:03,07:43:18,0
wzQQv79eeOAEsj4p6t-wx-07:00:00,SYN_104642,148,07:43:18,07:43:33,0
wzQQv79eeOAEsj4p6t-wx-07:00:00,SYN_104643,149,07:43:32,07:43:47,0
wzQQv79eeOAEsj4p6t-wx-07:00:00,SYN_104644,150,07:43:47,07:44:02,0
wzQQv79eeOAEsj4p6t-wx-07:00:00,SYN_104645,151,07:44:01,07:44:16,0
wzQQv79eeOAEsj4p6t-wx-07:00:00,SYN_104646,152,07:44:16,07:44:31,0
wzQQv79eeOAEsj4p6t-wx-07:00:00,SYN_104647,153,07:44:30,07:44:45,0
wzQQv79eeOAEsj4p6t-wx-07:00:00,SYN_104648,154,07:44:45,07:45:00,0
wzQQv79eeOAEsj4p6t-wx-07:00:00,SYN_104649,155,07:44:59,07:45:14,0
wzQQv79eeOAEsj4p6t-wx-07:00:00,SYN_104650,156,07:45:14,07:45:29,0
wzQQv79eeOAEsj4p6t-wx-07:00:00,SYN_104651,157,07:45:28,07:45:43,0
wzQQv79eeOAEsj4p6t-wx-07:00:00,SYN_104652,158,07:45:43,07:45:58,0
wzQQv79eeOAEsj4p6t-wx-07:00:00,SYN_104653,159,07:45:58,07:46:13,0
wzQQv79eeOAEsj4p6t-wx-07:00:00,SYN_104654,160,07:46:12,07:46:27,0
wzQQv79eeOAEsj4p6t-wx-07:00:00,SYN_104655,161,07:46:46,07:47:01,0
wzQQv79eeOAEsj4p6t-wx-07:00:00,SYN_104656,162,07:47:57,07:48:12,0
wzQQv79eeOAEsj4p6t-wx-07:00:00,SYN_104657,163,07:49:37,07:49:52,0
wzQQv79eeOAEsj4p6t-wx-07:00:00,SYN_104658,164,07:50:01,07:50:16,0
wzQQv79eeOAEsj4p6t-wx-07:00:00,SYN_104659,165,07:50:26,07:50:41,0
wzQQv79eeOAEsj4p6t-wx-07:00:00,SYN_104660,166,07:50:54,07:51:09,0
wzQQv79eeOAEsj4p6t-wx-07:00:00,SYN_104661,167,07:51:25,07:51:40,0
wzQQv79eeOAEsj4p6t-wx-07:00:00,SYN_104662,168,07:51:56,07:52:11,0
wzQQv79eeOAEsj4p6t-wx-07:00:00,SYN_104663,169,07:52:27,07:52:42,0
wzQQv79eeOAEsj4p6t-wx-07:00:00,SYN_104664,170,07:52:59,07:53:14,0
wzQQv79eeOAEsj4p6t-wx-07:00:00,SYN_104665,171,07:53:30,07:53:45,0
wzQQv79eeOAEsj4p6t-wx-07:00:00,SYN_104666,172,07:54:01,07:54:16,0
wzQQv79eeOAEsj4p6t-wx-07:00:00,SYN_104667,173,07:54:32,07:54:47,0
wzQQv79eeOAEsj4p6t-wx-07:00:00,SYN_104668,174,07:55:04,07:55:19,0
wzQQv79eeOAEsj4p6t-wx-07:00:00,SYN_104669,175,07:55:35,07:55:50,0
wzQQv79eeOAEsj4p6t-wx-07:00:00,SYN_104670,176,07:56:09,07:56:24,0
wzQQv79eeOAEsj4p6t-wx-07:00:00,SYN_104671,177,07:56:51,07:57:06,0
wzQQv79eeOAEsj4p6t-wx-07:00:00,SYN_104672,178,07:57:33,07:57:48,0
4dazyxD50LYtjM4jq9_Ot-07:00:00,SYN_104673,0,07:00:11,07:00:26,0
4dazyxD50LYtjM4jq9_Ot-07:00:00,SYN_104674,1,07:01:05,07:01:20,0
4dazyxD50LYtjM4jq9_Ot-07:00:00,SYN_104675,2,07:01:59,07:02:14,0
4dazyxD50LYtjM4jq9_Ot-07:00:00,SYN_104676,3,07:02:53,07:03:08,0
4dazyxD50LYtjM4jq9_Ot-07:00:00,SYN_104677,4,07:03:47,07:04:02,0
4dazyxD50LYtjM4jq9_Ot-07:00:00,SYN_104678,5,07:04:41,07:04:56,0
4dazyxD50LYtjM4jq9_Ot-07:00:00,SYN_104679,6,07:05:34,07:05:49,0
4dazyxD50LYtjM4jq9_Ot-07:00:00,SYN_104680,7,07:06:28,07:06:43,0
4dazyxD50LYtjM4jq9_Ot-07:00:00,SYN_104681,8,07:07:22,07:07:37,0
4dazyxD50LYtjM4jq9_Ot-07:00:00,SYN_104682,9,07:08:05,07:08:20,0
4dazyxD50LYtjM4jq9_Ot-07:00:00,SYN_104683,10,07:08:32,07:08:47,0
4dazyxD50LYtjM4jq9_Ot-07:00:00,SYN_104684,11,07:08:59,07:09:14,0
4dazyxD50LYtjM4jq9_Ot-07:00:00,SYN_104685,12,07:09:21,07:09:36,0
4dazyxD50LYtjM4jq9_Ot-07:00:00,SYN_104686,13,07:09:42,07:09:57,0
4dazyxD50LYtjM4jq9_Ot-07:00:00,SYN_104687,14,07:10:03,07:10:18,0
4dazyxD50LYtjM4jq9_Ot-07:00:00,SYN_104688,15,07:10:24,07:10:39,0
4dazyxD50LYtjM4jq9_Ot-07:00:00,SYN_104689,16,07:10:44,07:10:59,0
4dazyxD50LYtjM4jq9_Ot-07:00:00,SYN_104690,17,07:11:04,07:11:19,0
4dazyxD50LYtjM4jq9_Ot-07:00:00,SYN_104691,18,07:11:23,07:11:38,0
4dazyxD50LYtjM4jq9_Ot-07:00:00,SYN_104692,19,07:11:42,07:11:57,0
4dazyxD50LYtjM4jq9_Ot-07:00:00,SYN_104693,20,07:12:01,07:12:16,0
4dazyxD50LYtjM4jq9_Ot-07:00:00,SYN_104694,21,07:12:20,07:12:35,0
4dazyxD50LYtjM4jq9_Ot-07:00:00,SYN_104695,22,07:12:39,07:12:54,0
4dazyxD50LYtjM4jq9_Ot-07:00:00,SYN_104696,23,07:12:58,07:13:13,0
4dazyxD50LYtjM4jq9_Ot-07:00:00,SYN_104697,24,07:13:17,07:13:32,0
4dazyxD50LYtjM4jq9_Ot-07:00:00,SYN_104698,25,07:13:36,07:13:51,0
4dazyxD50LYtjM4jq9_Ot-07:00:00,SYN_104699,26,07:14:08,07:14:23,0
4dazyxD50LYtjM4jq9_Ot-07:00:00,SYN_104700,27,07:14:43,07:14:58,0
4dazyxD50LYtjM4jq9_Ot-07:00:00,SYN_104701,28,07:15:18,07:15:33,0
4dazyxD50LYtjM4jq9_Ot-07:00:00,SYN_104702,29,07:15:53,07:16:08,0
4dazyxD50LYtjM4jq9_Ot-07:00:00,SYN_104703,30,07:16:29,07:16:44,0
4dazyxD50LYtjM4jq9_Ot-07:00:00,SYN_104704,31,07:17:04,07:17:19,0
4dazyxD50LYtjM4jq9_Ot-07:00:00,SYN_104705,32,07:17:39,07:17:54,0
4dazyxD50LYtjM4jq9_Ot-07:00:00,SYN_104706,33,07:18:14,07:18:29,0
4dazyxD50LYtjM4jq9_Ot-07:00:00,SYN_104707,34,07:18:50,07:19:05,0
4dazyxD50LYtjM4jq9_Ot-07:00:00,SYN_104708,35,07:19:13,07:19:28,0
4dazyxD50LYtjM4jq9_Ot-07:00:00,SYN_104709,36,07:19:29,07:19:44,0
4dazyxD50LYtjM4jq9_Ot-07:00:00,SYN_104710,37,07:19:46,07:20:01,0
4dazyxD50LYtjM4jq9_Ot-07:00:00,SYN_104711,38,07:20:03,07:20:18,0
4dazyxD50LYtjM4jq9_Ot-07:00:00,SYN_104712,39,07:20:20,07:20:35,0
4dazyxD50LYtjM4jq9_Ot-07:00:00,SYN_104713,40,07:20:36,07:20:51,0
4dazyxD50LYtjM4jq9_Ot-07:00:00,SYN_104714,41,07:20:53,07:21:08,0
4dazyxD50LYtjM4jq9_Ot-07:00:00,SYN_104715,42,07:21:10,07:21:25,0
4dazyxD50LYtjM4jq9_Ot-07:00:00,SYN_104716,43,07:21:27,07:21:42,0
4dazyxD50LYtjM4jq9_Ot-07:00:00,SYN_104717,44,07:21:43,07:21:58,0
4dazyxD50LYtjM4jq9_Ot-07:00:00,SYN_104718,45,07:22:00,07:22:15,0
4dazyxD50LYtjM4jq9_Ot-07:00:00,SYN_104719,46,07:22:38,07:22:53,0
4dazyxD50LYtjM4jq9_Ot-07:00:00,SYN_104720,47,07:23:16,07:23:31,0
4dazyxD50LYtjM4jq9_Ot-07:00:00,SYN_104721,48,07:23:54,07:24:09,0
4dazyxD50LYtjM4jq9_Ot-07:00:00,SYN_104722,49,07:24:33,07:24:48,0
4dazyxD50LYtjM4jq9_Ot-07:00:00,SYN_104723,50,07:25:11,07:25:26,0
4dazyxD50LYtjM4jq9_Ot-07:00:00,SYN_104724,51,07:25:49,07:26:04,0
4dazyxD50LYtjM4jq9_Ot-07:00:00,SYN_104725,52,07:26:28,07:26:43,0
4dazyxD50LYtjM4jq9_Ot-07:00:00,SYN_104726,53,07:27:06,07:27:21,0
4dazyxD50LYtjM4jq9_Ot-07:00:00,SYN_104727,54,07:27:44,07:27:59,0
4dazyxD50LYtjM4jq9_Ot-07:00:00,SYN_104728,55,07:28:15,07:28:30,0
4dazyxD50LYtjM4jq9_Ot-07:00:00,SYN_104729,56,07:28:43,07:28:58,0
4dazyxD50LYtjM4jq9_Ot-07:00:00,SYN_104730,57,07:29:12,07:29:27,0
4dazyxD50LYtjM4jq9_Ot-07:00:00,SYN_104731,58,07:29:40,07:29:55,0
4dazyxD50LYtjM4jq9_Ot-07:00:00,SYN_104732,59,07:30:09,07:30:24,0
4dazyxD50LYtjM4jq9_Ot-07:00:00,SYN_104733,60,07:30:38,07:30:53,0
4dazyxD50LYtjM4jq9_Ot-07:00:00,SYN_104734,61,07:31:06,07:31:21,0
4dazyxD50LYtjM4jq9_Ot-07:00:00,SYN_104735,62,07:31:35,07:31:50,0
4dazyxD50LYtjM4jq9_Ot-07:00:00,SYN_104736,63,07:32:03,07:32:18,0
4dazyxD50LYtjM4jq9_Ot-07:00:00,SYN_104737,64,07:32:32,07:32:47,0
4dazyxD50LYtjM4jq9_Ot-07:00:00,SYN_104738,65,07:33:00,07:33:15,0
4dazyxD50LYtjM4jq9_Ot-07:00:00,SYN_104739,66,07:33:59,07:34:14,0
4dazyxD50LYtjM4jq9_Ot-07:00:00,SYN_104740,67,07:36:09,07:36:24,0
4dazyxD50LYtjM4jq9_Ot-07:00:00,SYN_104741,68,07:36:33,07:36:48,0
4dazyxD50LYtjM4jq9_Ot-07:00:00,SYN_104742,69,07:36:57,07:37:12,0
4dazyxD50LYtjM4jq9_Ot-07:00:00,SYN_104743,70,07:37:22,07:37:37,0
4dazyxD50LYtjM4jq9_Ot-07:00:00,SYN_104744,71,07:37:52,07:38:07,0
4dazyxD50LYtjM4jq9_Ot-07:00:00,SYN_104745,72,07:38:23,07:38:38,0
4dazyxD50LYtjM4jq9_Ot-07:00:00,SYN_104746,73,07:38:55,07:39:10,0
4dazyxD50LYtjM4jq9_Ot-07:00:00,SYN_104747,74,07:39:26,07:39:41,0
4dazyxD50LYtjM4jq9_Ot-07:00:00,SYN_104748,75,07:39:57,07:40:12,0
4dazyxD50LYtjM4jq9_Ot-07:00:00,SYN_104749,76,07:40:28,07:40:43,0
4dazyxD50LYtjM4jq9_Ot-07:00:00,SYN_104750,77,07:41:00,07:41:15,0
4dazyxD50LYtjM4jq9_Ot-07:00:00,SYN_104751,78,07:41:31,07:41:46,0
4dazyxD50LYtjM4jq9_Ot-07:00:00,SYN_104752,79,07:42:02,07:42:17,0
4dazyxD50LYtjM4jq9_Ot-07:00:00,SYN_104753,80,07:42:33,07:42:48,0
4dazyxD50LYtjM4jq9_Ot-07:00:00,SYN_104754,81,07:43:35,07:43:50,0
4dazyxD50LYtjM4jq9_Ot-07:00:00,SYN_104755,82,07:44:52,07:45:07,0
4dazyxD50LYtjM4jq9_Ot-07:00:00,SYN_104756,83,07:46:08,07:46:23,0
Hn0eoDFbdIiLk49QaqFeX-07:00:00,SYN_104757,0,07:00:21,07:00:36,0
Hn0eoDFbdIiLk49QaqFeX-07:00:00,SYN_104758,1,07:00:43,07:00:58,0
Hn0eoDFbdIiLk49QaqFeX-07:00:00,SYN_104759,2,07:01:05,07:01:20,0
Hn0eoDFbdIiLk49QaqFeX-07:00:00,SYN_104760,3,07:01:27,07:01:42,0
Hn0eoDFbdIiLk49QaqFeX-07:00:00,SYN_104761,4,07:02:09,07:02:24,0
Hn0eoDFbdIiLk49QaqFeX-07:00:00,SYN_104762,5,07:02:33,07:02:48,0
Hn0eoDFbdIiLk49QaqFeX-07:00:00,SYN_104763,6,07:02:51,07:03:06,0
Hn0eoDFbdIiLk49QaqFeX-07:00:00,SYN_104764,7,07:03:10,07:03:25,0
Hn0eoDFbdIiLk49QaqFeX-07:00:00,SYN_104765,8,07:03:39,07:03:54,0
Hn0eoDFbdIiLk49QaqFeX-07:00:00,SYN_104766,9,07:04:12,07:04:27,0
Hn0eoDFbdIiLk49QaqFeX-07:00:00,SYN_104767,10,07:04:42,07:04:57,0
Hn0eoDFbdIiLk49QaqFeX-07:00:00,SYN_104768,11,07:05:20,07:05:35,0
Hn0eoDFbdIiLk49QaqFeX-07:00:00,SYN_104769,12,07:06:11,07:06:26,0
Hn0eoDFbdIiLk49QaqFeX-07:00:00,SYN_104770,13,07:07:01,07:07:16,0
Hn0eoDFbdIiLk49QaqFeX-07:00:00,SYN_104771,14,07:07:51,07:08:06,0
Hn0eoDFbdIiLk49QaqFeX-07:00:00,SYN_104772,15,07:08:41,07:08:56,0
Hn0eoDFbdIiLk49QaqFeX-07:00:00,SYN_104773,16,07:09:13,07:09:28,0
Hn0eoDFbdIiLk49QaqFeX-07:00:00,SYN_104774,17,07:09:45,07:10:00,0
Hn0eoDFbdIiLk49QaqFeX-07:00:00,SYN_104775,18,07:10:25,07:10:40,0
Hn0eoDFbdIiLk49QaqFeX-07:00:00,SYN_104776,19,07:11:15,07:11:30,0
Hn0eoDFbdIiLk49QaqFeX-07:00:00,SYN_104777,20,07:11:48,07:12:03,0
Hn0eoDFbdIiLk49QaqFeX-07:00:00,SYN_104778,21,07:12:18,07:12:33,0
Hn0eoDFbdIiLk49QaqFeX-07:00:00,SYN_104779,22,07:12:38,07:12:53,0
Hn0eoDFbdIiLk49QaqFeX-07:00:00,SYN_104780,23,07:12:56,07:13:11,0
Hn0eoDFbdIiLk49QaqFeX-07:00:00,SYN_104781,24,07:13:14,07:13:29,0
Hn0eoDFbdIiLk49QaqFeX-07:00:00,SYN_104782,25,07:13:33,07:13:48,0
Hn0eoDFbdIiLk49QaqFeX-07:00:00,SYN_104783,26,07:13:51,07:14:06,0
Hn0eoDFbdIiLk49QaqFeX-07:00:00,SYN_104784,27,07:14:09,07:14:24,0
Hn0eoDFbdIiLk49QaqFeX-07:00:00,SYN_104785,28,07:14:27,07:14:42,0
Hn0eoDFbdIiLk49QaqFeX-07:00:00,SYN_104786,29,07:14:48,07:15:03,0
Hn0eoDFbdIiLk49QaqFeX-07:00:00,SYN_104787,30,07:15:13,07:15:28,0
Hn0eoDFbdIiLk49QaqFeX-07:00:00,SYN_104788,31,07:15:39,07:15:54,0
Hn0eoDFbdIiLk49QaqFeX-07:00:00,SYN_104789,32,07:16:05,07:16:20,0
Hn0eoDFbdIiLk49QaqFeX-07:00:00,SYN_104790,33,07:16:33,07:16:48,0
Hn0eoDFbdIiLk49QaqFeX-07:00:00,SYN_104791,34,07:17:02,07:17:17,0
Hn0eoDFbdIiLk49QaqFeX-07:00:00,SYN_104792,35,07:17:31,07:17:46,0
Hn0eoDFbdIiLk49QaqFeX-07:00:00,SYN_104793,36,07:17:57,07:18:12,0
Hn0eoDFbdIiLk49QaqFeX-07:00:00,SYN_104794,37,07:18:22,07:18:37,0
Hn0eoDFbdIiLk49QaqFeX-07:00:00,SYN_104795,38,07:18:47,07:19:02,0
Hn0eoDFbdIiLk49QaqFeX-07:00:00,SYN_104796,39,07:19:19,07:19:34,0
Hn0eoDFbdIiLk49QaqFeX-07:00:00,SYN_104797,40,07:19:50,07:20:05,0
Hn0eoDFbdIiLk49QaqFeX-07:00:00,SYN_104798,41,07:20:16,07:20:31,0
Hn0eoDFbdIiLk49QaqFeX-07:00:00,SYN_104799,42,07:20:39,07:20:54,0
Hn0eoDFbdIiLk49QaqFeX-07:00:00,SYN_104800,43,07:21:02,07:21:17,0
Hn0eoDFbdIiLk49QaqFeX-07:00:00,SYN_104801,44,07:21:25,07:21:40,0
Hn0eoDFbdIiLk49QaqFeX-07:00:00,SYN_104802,45,07:21:48,07:22:03,0
Hn0eoDFbdIiLk49QaqFeX-07:00:00,SYN_104803,46,07:22:14,07:22:29,0
Hn0eoDFbdIiLk49QaqFeX-07:00:00,SYN_104804,47,07:22:47,07:23:02,0
Hn0eoDFbdIiLk49QaqFeX-07:00:00,SYN_104805,48,07:23:09,07:23:24,0
Hn0eoDFbdIiLk49QaqFeX-07:00:00,SYN_104806,49,07:23:25,07:23:40,0
Hn0eoDFbdIiLk49QaqFeX-07:00:00,SYN_104807,50,07:23:41,07:23:56,0
Hn0eoDFbdIiLk49QaqFeX-07:00:00,SYN_104808,51,07:23:58,07:24:13,0
Hn0eoDFbdIiLk49QaqFeX-07:00:00,SYN_104809,52,07:24:15,07:24:30,0
Hn0eoDFbdIiLk49QaqFeX-07:00:00,SYN_104810,53,07:24:33,07:24:48,0
Hn0eoDFbdIiLk49QaqFeX-07:00:00,SYN_104811,54,07:24:50,07:25:05,0
Hn0eoDFbdIiLk49QaqFeX-07:00:00,SYN_104812,55,07:25:08,07:25:23,0
Hn0eoDFbdIiLk49QaqFeX-07:00:00,SYN_104813,56,07:25:26,07:25:41,0
Hn0eoDFbdIiLk49QaqFeX-07:00:00,SYN_104814,57,07:25:48,07:26:03,0
Hn0eoDFbdIiLk49QaqFeX-07:00:00,SYN_104815,58,07:26:09,07:26:24,0
Hn0eoDFbdIiLk49QaqFeX-07:00:00,SYN_104816,59,07:26:31,07:26:46,0
Hn0eoDFbdIiLk49QaqFeX-07:00:00,SYN_104817,60,07:27:02,07:27:17,0
Hn0eoDFbdIiLk49QaqFeX-07:00:00,SYN_104818,61,07:27:36,07:27:51,0
Hn0eoDFbdIiLk49QaqFeX-07:00:00,SYN_104819,62,07:28:08,07:28:23,0
Hn0eoDFbdIiLk49QaqFeX-07:00:00,SYN_104820,63,07:28:40,07:28:55,0
Hn0eoDFbdIiLk49QaqFeX-07:00:00,SYN_104821,64,07:29:12,07:29:27,0
Hn0eoDFbdIiLk49QaqFeX-07:00:00,SYN_104822,65,07:29:38,07:29:53,0
Hn0eoDFbdIiLk49QaqFeX-07:00:00,SYN_104823,66,07:30:03,07:30:18,0
Hn0eoDFbdIiLk49QaqFeX-07:00:00,SYN_104824,67,07:30:27,07:30:42,0
Hn0eoDFbdIiLk49QaqFeX-07:00:00,SYN_104825,68,07:30:52,07:31:07,0
Hn0eoDFbdIiLk49QaqFeX-07:00:00,SYN_104826,69,07:31:17,07:31:32,0
Hn0eoDFbdIiLk49QaqFeX-07:00:00,SYN_104827,70,07:31:41,07:31:56,0
Hn0eoDFbdIiLk49QaqFeX-07:00:00,SYN_104828,71,07:32:06,07:32:21,0
Hn0eoDFbdIiLk49QaqFeX-07:00:00,SYN_104829,72,07:32:31,07:32:46,0
Hn0eoDFbdIiLk49QaqFeX-07:00:00,SYN_104830,73,07:32:56,07:33:11,0
Hn0eoDFbdIiLk49QaqFeX-07:00:00,SYN_104831,74,07:33:23,07:33:38,0
Hn0eoDFbdIiLk49QaqFeX-07:00:00,SYN_104832,75,07:33:50,07:34:05,0
Hn0eoDFbdIiLk49QaqFeX-07:00:00,SYN_104833,76,07:34:12,07:34:27,0
Hn0eoDFbdIiLk49QaqFeX-07:00:00,SYN_104834,77,07:34:33,07:34:48,0
Hn0eoDFbdIiLk49QaqFeX-07:00:00,SYN_104835,78,07:34:54,07:35:09,0
Hn0eoDFbdIiLk49QaqFeX-07:00:00,SYN_104836,79,07:35:14,07:35:29,0
Hn0eoDFbdIiLk49QaqFeX-07:00:00,SYN_104837,80,07:35:35,07:35:50,0
Hn0eoDFbdIiLk49QaqFeX-07:00:00,SYN_104838,81,07:35:58,07:36:13,0
Hn0eoDFbdIiLk49QaqFeX-07:00:00,SYN_104839,82,07:36:24,07:36:39,0
Hn0eoDFbdIiLk49QaqFeX-07:00:00,SYN_104840,83,07:36:50,07:37:05,0
Hn0eoDFbdIiLk49QaqFeX-07:00:00,SYN_104841,84,07:37:17,07:37:32,0
Hn0eoDFbdIiLk49QaqFeX-07:00:00,SYN_104842,85,07:37:43,07:37:58,0
Hn0eoDFbdIiLk49QaqFeX-07:00:00,SYN_104843,86,07:38:09,07:38:24,0
Hn0eoDFbdIiLk49QaqFeX-07:00:00,SYN_104844,87,07:38:35,07:38:50,0
v4sHde8sXh63a1CWeshcp-07:00:00,SYN_104847,0,07:00:07,07:00:22,0
v4sHde8sXh63a1CWeshcp-07:00:00,SYN_104848,1,07:00:56,07:01:11,0
v4sHde8sXh63a1CWeshcp-07:00:00,SYN_104849,2,07:01:46,07:02:01,0
v4sHde8sXh63a1CWeshcp-07:00:00,SYN_104850,3,07:02:38,07:02:53,0
v4sHde8sXh63a1CWeshcp-07:00:00,SYN_104851,4,07:03:37,07:03:52,0
v4sHde8sXh63a1CWeshcp-07:00:00,SYN_104852,5,07:04:35,07:04:50,0
v4sHde8sXh63a1CWeshcp-07:00:00,SYN_104853,6,07:05:14,07:05:29,0
v4sHde8sXh63a1CWeshcp-07:00:00,SYN_104854,7,07:05:53,07:06:08,0
v4sHde8sXh63a1CWeshcp-07:00:00,SYN_104855,8,07:06:33,07:06:48,0
v4sHde8sXh63a1CWeshcp-07:00:00,SYN_104856,9,07:07:12,07:07:27,0
v4sHde8sXh63a1CWeshcp-07:00:00,SYN_104857,10,07:07:51,07:08:06,0
v4sHde8sXh63a1CWeshcp-07:00:00,SYN_104858,11,07:08:30,07:08:45,0
v4sHde8sXh63a1CWeshcp-07:00:00,SYN_104859,12,07:09:02,07:09:17,0
v4sHde8sXh63a1CWeshcp-07:00:00,SYN_104860,13,07:09:32,07:09:47,0
v4sHde8sXh63a1CWeshcp-07:00:00,SYN_104861,14,07:10:03,07:10:18,0
v4sHde8sXh63a1CWeshcp-07:00:00,SYN_104862,15,07:10:33,07:10:48,0
v4sHde8sXh63a1CWeshcp-07:00:00,SYN_104863,16,07:11:03,07:11:18,0
v4sHde8sXh63a1CWeshcp-07:00:00,SYN_104864,17,07:11:34,07:11:49,0
v4sHde8sXh63a1CWeshcp-07:00:00,SYN_104865,18,07:12:04,07:12:19,0
v4sHde8sXh63a1CWeshcp-07:00:00,SYN_104866,19,07:12:35,07:12:50,0
v4sHde8sXh63a1CWeshcp-07:00:00,SYN_104867,20,07:13:03,07:13:18,0
v4sHde8sXh63a1CWeshcp-07:00:00,SYN_104868,21,07:13:30,07:13:45,0
v4sHde8sXh63a1CWeshcp-07:00:00,SYN_104869,22,07:13:57,07:14:12,0
v4sHde8sXh63a1CWeshcp-07:00:00,SYN_104870,23,07:14:18,07:14:33,0
v4sHde8sXh63a1CWeshcp-07:00:00,SYN_104871,24,07:14:39,07:14:54,0
v4sHde8sXh63a1CWeshcp-07:00:00,SYN_104872,25,07:15:00,07:15:15,0
v4sHde8sXh63a1CWeshcp-07:00:00,SYN_104873,26,07:15:21,07:15:36,0
v4sHde8sXh63a1CWeshcp-07:00:00,SYN_104874,27,07:15:41,07:15:56,0
v4sHde8sXh63a1CWeshcp-07:00:00,SYN_104875,28,07:16:05,07:16:20,0
v4sHde8sXh63a1CWeshcp-07:00:00,SYN_104876,29,07:16:31,07:16:46,0
v4sHde8sXh63a1CWeshcp-07:00:00,SYN_104877,30,07:16:57,07:17:12,0
v4sHde8sXh63a1CWeshcp-07:00:00,SYN_104878,31,07:17:23,07:17:38,0
v4sHde8sXh63a1CWeshcp-07:00:00,SYN_104879,32,07:17:50,07:18:05,0
v4sHde8sXh63a1CWeshcp-07:00:00,SYN_104880,33,07:18:16,07:18:31,0
v4sHde8sXh63a1CWeshcp-07:00:00,SYN_104881,34,07:18:42,07:18:57,0
v6Tq-fJZg1OTVvR_yhueB-07:00:00,SYN_104883,0,07:00:30,07:00:45,0
v6Tq-fJZg1OTVvR_yhueB-07:00:00,SYN_104884,1,07:01:17,07:01:32,0
v6Tq-fJZg1OTVvR_yhueB-07:00:00,SYN_104885,2,07:02:04,07:02:19,0
v6Tq-fJZg1OTVvR_yhueB-07:00:00,SYN_104886,3,07:02:51,07:03:06,0
v6Tq-fJZg1OTVvR_yhueB-07:00:00,SYN_104887,4,07:03:40,07:03:55,0
v6Tq-fJZg1OTVvR_yhueB-07:00:00,SYN_104888,5,07:04:29,07:04:44,0
v6Tq-fJZg1OTVvR_yhueB-07:00:00,SYN_104889,6,07:05:18,07:05:33,0
v6Tq-fJZg1OTVvR_yhueB-07:00:00,SYN_104890,7,07:06:14,07:06:29,0
v6Tq-fJZg1OTVvR_yhueB-07:00:00,SYN_104891,8,07:07:15,07:07:30,0
v6Tq-fJZg1OTVvR_yhueB-07:00:00,SYN_104892,9,07:08:15,07:08:30,0
v6Tq-fJZg1OTVvR_yhueB-07:00:00,SYN_104893,10,07:09:16,07:09:31,0
v6Tq-fJZg1OTVvR_yhueB-07:00:00,SYN_104894,11,07:10:04,07:10:19,0
v6Tq-fJZg1OTVvR_yhueB-07:00:00,SYN_104895,12,07:10:24,07:10:39,0
v6Tq-fJZg1OTVvR_yhueB-07:00:00,SYN_104896,13,07:10:43,07:10:58,0
v6Tq-fJZg1OTVvR_yhueB-07:00:00,SYN_104897,14,07:11:02,07:11:17,0
v6Tq-fJZg1OTVvR_yhueB-07:00:00,SYN_104898,15,07:11:22,07:11:37,0
v6Tq-fJZg1OTVvR_yhueB-07:00:00,SYN_104899,16,07:11:41,07:11:56,0
v6Tq-fJZg1OTVvR_yhueB-07:00:00,SYN_104900,17,07:11:59,07:12:14,0
v6Tq-fJZg1OTVvR_yhueB-07:00:00,SYN_104901,18,07:12:16,07:12:31,0
v6Tq-fJZg1OTVvR_yhueB-07:00:00,SYN_104902,19,07:12:32,07:12:47,0
v6Tq-fJZg1OTVvR_yhueB-07:00:00,SYN_104903,20,07:13:33,07:13:48,0
v6Tq-fJZg1OTVvR_yhueB-07:00:00,SYN_104904,21,07:14:53,07:15:08,0
v6Tq-fJZg1OTVvR_yhueB-07:00:00,SYN_104905,22,07:15:23,07:15:38,0
v6Tq-fJZg1OTVvR_yhueB-07:00:00,SYN_104906,23,07:15:36,07:15:51,0
v6Tq-fJZg1OTVvR_yhueB-07:00:00,SYN_104907,24,07:15:50,07:16:05,0
v6Tq-fJZg1OTVvR_yhueB-07:00:00,SYN_104908,25,07:16:04,07:16:19,0
v6Tq-fJZg1OTVvR_yhueB-07:00:00,SYN_104909,26,07:16:17,07:16:32,0
v6Tq-fJZg1OTVvR_yhueB-07:00:00,SYN_104910,27,07:16:31,07:16:46,0
v6Tq-fJZg1OTVvR_yhueB-07:00:00,SYN_104911,28,07:16:44,07:16:59,0
v6Tq-fJZg1OTVvR_yhueB-07:00:00,SYN_104912,29,07:16:58,07:17:13,0
v6Tq-fJZg1OTVvR_yhueB-07:00:00,SYN_104913,30,07:17:11,07:17:26,0
v6Tq-fJZg1OTVvR_yhueB-07:00:00,SYN_104914,31,07:17:25,07:17:40,0
v6Tq-fJZg1OTVvR_yhueB-07:00:00,SYN_104915,32,07:17:38,07:17:53,0
v6Tq-fJZg1OTVvR_yhueB-07:00:00,SYN_104916,33,07:17:52,07:18:07,0
v6Tq-fJZg1OTVvR_yhueB-07:00:00,SYN_104917,34,07:18:05,07:18:20,0
v6Tq-fJZg1OTVvR_yhueB-07:00:00,SYN_104918,35,07:18:19,07:18:34,0
v6Tq-fJZg1OTVvR_yhueB-07:00:00,SYN_104919,36,07:18:32,07:18:47,0
v6Tq-fJZg1OTVvR_yhueB-07:00:00,SYN_104920,37,07:18:46,07:19:01,0
v6Tq-fJZg1OTVvR_yhueB-07:00:00,SYN_104921,38,07:19:00,07:19:15,0
v6Tq-fJZg1OTVvR_yhueB-07:00:00,SYN_104922,39,07:19:13,07:19:28,0
v6Tq-fJZg1OTVvR_yhueB-07:00:00,SYN_104923,40,07:19:27,07:19:42,0
v6Tq-fJZg1OTVvR_yhueB-07:00:00,SYN_104924,41,07:19:42,07:19:57,0
v6Tq-fJZg1OTVvR_yhueB-07:00:00,SYN_104925,42,07:19:58,07:20:13,0
v6Tq-fJZg1OTVvR_yhueB-07:00:00,SYN_104926,43,07:20:15,07:20:30,0
v6Tq-fJZg1OTVvR_yhueB-07:00:00,SYN_104927,44,07:20:31,07:20:46,0
v6Tq-fJZg1OTVvR_yhueB-07:00:00,SYN_104928,45,07:20:48,07:21:03,0
v6Tq-fJZg1OTVvR_yhueB-07:00:00,SYN_104929,46,07:21:04,07:21:19,0
v6Tq-fJZg1OTVvR_yhueB-07:00:00,SYN_104930,47,07:21:21,07:21:36,0
v6Tq-fJZg1OTVvR_yhueB-07:00:00,SYN_104931,48,07:21:36,07:21:51,0
v6Tq-fJZg1OTVvR_yhueB-07:00:00,SYN_104932,49,07:21:48,07:22:03,0
v6Tq-fJZg1OTVvR_yhueB-07:00:00,SYN_104933,50,07:22:00,07:22:15,0
v6Tq-fJZg1OTVvR_yhueB-07:00:00,SYN_104934,51,07:22:12,07:22:27,0
v6Tq-fJZg1OTVvR_yhueB-07:00:00,SYN_104935,52,07:22:24,07:22:39,0
v6Tq-fJZg1OTVvR_yhueB-07:00:00,SYN_104936,53,07:22:37,07:22:52,0
v6Tq-fJZg1OTVvR_yhueB-07:00:00,SYN_104937,54,07:22:49,07:23:04,0
v6Tq-fJZg1OTVvR_yhueB-07:00:00,SYN_104938,55,07:23:01,07:23:16,0
v6Tq-fJZg1OTVvR_yhueB-07:00:00,SYN_104939,56,07:23:13,07:23:28,0
v6Tq-fJZg1OTVvR_yhueB-07:00:00,SYN_104940,57,07:23:25,07:23:40,0
v6Tq-fJZg1OTVvR_yhueB-07:00:00,SYN_104941,58,07:23:37,07:23:52,0
v6Tq-fJZg1OTVvR_yhueB-07:00:00,SYN_104942,59,07:23:49,07:24:04,0
v6Tq-fJZg1OTVvR_yhueB-07:00:00,SYN_104943,60,07:24:01,07:24:16,0
v6Tq-fJZg1OTVvR_yhueB-07:00:00,SYN_104944,61,07:24:14,07:24:29,0
v6Tq-fJZg1OTVvR_yhueB-07:00:00,SYN_104945,62,07:24:31,07:24:46,0
v6Tq-fJZg1OTVvR_yhueB-07:00:00,SYN_104946,63,07:24:48,07:25:03,0
v6Tq-fJZg1OTVvR_yhueB-07:00:00,SYN_104947,64,07:25:05,07:25:20,0
v6Tq-fJZg1OTVvR_yhueB-07:00:00,SYN_104948,65,07:25:21,07:25:36,0
v6Tq-fJZg1OTVvR_yhueB-07:00:00,SYN_104949,66,07:25:36,07:25:51,0
v6Tq-fJZg1OTVvR_yhueB-07:00:00,SYN_104950,67,07:25:51,07:26:06,0
v6Tq-fJZg1OTVvR_yhueB-07:00:00,SYN_104951,68,07:26:08,07:26:23,0
v6Tq-fJZg1OTVvR_yhueB-07:00:00,SYN_104952,69,07:26:27,07:26:42,0
v6Tq-fJZg1OTVvR_yhueB-07:00:00,SYN_104953,70,07:26:46,07:27:01,0
v6Tq-fJZg1OTVvR_yhueB-07:00:00,SYN_104954,71,07:27:05,07:27:20,0
v6Tq-fJZg1OTVvR_yhueB-07:00:00,SYN_104955,72,07:27:24,07:27:39,0
v6Tq-fJZg1OTVvR_yhueB-07:00:00,SYN_104956,73,07:27:43,07:27:58,0
v6Tq-fJZg1OTVvR_yhueB-07:00:00,SYN_104957,74,07:28:03,07:28:18,0
v6Tq-fJZg1OTVvR_yhueB-07:00:00,SYN_104958,75,07:28:24,07:28:39,0
v6Tq-fJZg1OTVvR_yhueB-07:00:00,SYN_104959,76,07:28:45,07:29:00,0
v6Tq-fJZg1OTVvR_yhueB-07:00:00,SYN_104960,77,07:29:07,07:29:22,0
v6Tq-fJZg1OTVvR_yhueB-07:00:00,SYN_104961,78,07:29:28,07:29:43,0
v6Tq-fJZg1OTVvR_yhueB-07:00:00,SYN_104962,79,07:29:49,07:30:04,0
v6Tq-fJZg1OTVvR_yhueB-07:00:00,SYN_104963,80,07:30:10,07:30:25,0
v6Tq-fJZg1OTVvR_yhueB-07:00:00,SYN_104964,81,07:30:32,07:30:47,0
v6Tq-fJZg1OTVvR_yhueB-07:00:00,SYN_104965,82,07:30:53,07:31:08,0
v6Tq-fJZg1OTVvR_yhueB-07:00:00,SYN_104966,83,07:31:14,07:31:29,0
v6Tq-fJZg1OTVvR_yhueB-07:00:00,SYN_104967,84,07:31:35,07:31:50,0
v6Tq-fJZg1OTVvR_yhueB-07:00:00,SYN_104968,85,07:31:57,07:32:12,0
v6Tq-fJZg1OTVvR_yhueB-07:00:00,SYN_104969,86,07:32:18,07:32:33,0
v6Tq-fJZg1OTVvR_yhueB-07:00:00,SYN_104970,87,07:32:39,07:32:54,0
DQG7BcWUYPP3fo9nY8SBc-07:00:00,SYN_104975,0,07:00:15,07:00:30,0
DQG7BcWUYPP3fo9nY8SBc-07:00:00,SYN_104976,1,07:00:48,07:01:03,0
DQG7BcWUYPP3fo9nY8SBc-07:00:00,SYN_104977,2,07:01:21,07:01:36,0
DQG7BcWUYPP3fo9nY8SBc-07:00:00,SYN_104978,3,07:01:54,07:02:09,0
DQG7BcWUYPP3fo9nY8SBc-07:00:00,SYN_104979,4,07:02:27,07:02:42,0
DQG7BcWUYPP3fo9nY8SBc-07:00:00,SYN_104980,5,07:02:57,07:03:12,0
DQG7BcWUYPP3fo9nY8SBc-07:00:00,SYN_104981,6,07:03:24,07:03:39,0
DQG7BcWUYPP3fo9nY8SBc-07:00:00,SYN_104982,7,07:03:51,07:04:06,0
DQG7BcWUYPP3fo9nY8SBc-07:00:00,SYN_104983,8,07:04:13,07:04:28,0
DQG7BcWUYPP3fo9nY8SBc-07:00:00,SYN_104984,9,07:04:33,07:04:48,0
DQG7BcWUYPP3fo9nY8SBc-07:00:00,SYN_104985,10,07:04:54,07:05:09,0
DQG7BcWUYPP3fo9nY8SBc-07:00:00,SYN_104986,11,07:05:15,07:05:30,0
DQG7BcWUYPP3fo9nY8SBc-07:00:00,SYN_104987,12,07:05:36,07:05:51,0
DQG7BcWUYPP3fo9nY8SBc-07:00:00,SYN_104988,13,07:05:59,07:06:14,0
DQG7BcWUYPP3fo9nY8SBc-07:00:00,SYN_104989,14,07:06:25,07:06:40,0
DQG7BcWUYPP3fo9nY8SBc-07:00:00,SYN_104990,15,07:06:51,07:07:06,0
DQG7BcWUYPP3fo9nY8SBc-07:00:00,SYN_104991,16,07:07:17,07:07:32,0
DQG7BcWUYPP3fo9nY8SBc-07:00:00,SYN_104992,17,07:07:43,07:07:58,0
DQG7BcWUYPP3fo9nY8SBc-07:00:00,SYN_104993,18,07:08:10,07:08:25,0
DQG7BcWUYPP3fo9nY8SBc-07:00:00,SYN_104994,19,07:08:36,07:08:51,0
f33WNkS3h2sqBmb32LsDI-07:00:00,SYN_104997,0,07:01:05,07:01:20,0
f33WNkS3h2sqBmb32LsDI-07:00:00,SYN_104998,1,07:01:56,07:02:11,0
f33WNkS3h2sqBmb32LsDI-07:00:00,SYN_104999,2,07:02:23,07:02:38,0
f33WNkS3h2sqBmb32LsDI-07:00:00,SYN_105000,3,07:02:37,07:02:52,0
f33WNkS3h2sqBmb32LsDI-07:00:00,SYN_105001,4,07:02:50,07:03:05,0
f33WNkS3h2sqBmb32LsDI-07:00:00,SYN_105002,5,07:03:04,07:03:19,0
f33WNkS3h2sqBmb32LsDI-07:00:00,SYN_105003,6,07:03:17,07:03:32,0
f33WNkS3h2sqBmb32LsDI-07:00:00,SYN_105004,7,07:03:31,07:03:46,0
f33WNkS3h2sqBmb32LsDI-07:00:00,SYN_105005,8,07:03:44,07:03:59,0
f33WNkS3h2sqBmb32LsDI-07:00:00,SYN_105006,9,07:03:58,07:04:13,0
f33WNkS3h2sqBmb32LsDI-07:00:00,SYN_105007,10,07:04:11,07:04:26,0
f33WNkS3h2sqBmb32LsDI-07:00:00,SYN_105008,11,07:04:25,07:04:40,0
f33WNkS3h2sqBmb32LsDI-07:00:00,SYN_105009,12,07:04:39,07:04:54,0
f33WNkS3h2sqBmb32LsDI-07:00:00,SYN_105010,13,07:04:52,07:05:07,0
f33WNkS3h2sqBmb32LsDI-07:00:00,SYN_105011,14,07:05:06,07:05:21,0
f33WNkS3h2sqBmb32LsDI-07:00:00,SYN_105012,15,07:05:19,07:05:34,0
f33WNkS3h2sqBmb32LsDI-07:00:00,SYN_105013,16,07:05:33,07:05:48,0
f33WNkS3h2sqBmb32LsDI-07:00:00,SYN_105014,17,07:05:46,07:06:01,0
f33WNkS3h2sqBmb32LsDI-07:00:00,SYN_105015,18,07:06:00,07:06:15,0
f33WNkS3h2sqBmb32LsDI-07:00:00,SYN_105016,19,07:06:13,07:06:28,0
f33WNkS3h2sqBmb32LsDI-07:00:00,SYN_105017,20,07:06:27,07:06:42,0
f33WNkS3h2sqBmb32LsDI-07:00:00,SYN_105018,21,07:06:42,07:06:57,0
f33WNkS3h2sqBmb32LsDI-07:00:00,SYN_105019,22,07:06:59,07:07:14,0
f33WNkS3h2sqBmb32LsDI-07:00:00,SYN_105020,23,07:07:15,07:07:30,0
f33WNkS3h2sqBmb32LsDI-07:00:00,SYN_105021,24,07:07:32,07:07:47,0
f33WNkS3h2sqBmb32LsDI-07:00:00,SYN_105022,25,07:07:48,07:08:03,0
f33WNkS3h2sqBmb32LsDI-07:00:00,SYN_105023,26,07:08:05,07:08:20,0
f33WNkS3h2sqBmb32LsDI-07:00:00,SYN_105024,27,07:08:21,07:08:36,0
f33WNkS3h2sqBmb32LsDI-07:00:00,SYN_105025,28,07:08:36,07:08:51,0
f33WNkS3h2sqBmb32LsDI-07:00:00,SYN_105026,29,07:08:48,07:09:03,0
f33WNkS3h2sqBmb32LsDI-07:00:00,SYN_105027,30,07:09:00,07:09:15,0
f33WNkS3h2sqBmb32LsDI-07:00:00,SYN_105028,31,07:09:13,07:09:28,0
f33WNkS3h2sqBmb32LsDI-07:00:00,SYN_105029,32,07:09:25,07:09:40,0
f33WNkS3h2sqBmb32LsDI-07:00:00,SYN_105030,33,07:09:37,07:09:52,0
f33WNkS3h2sqBmb32LsDI-07:00:00,SYN_105031,34,07:09:49,07:10:04,0
f33WNkS3h2sqBmb32LsDI-07:00:00,SYN_105032,35,07:10:01,07:10:16,0
f33WNkS3h2sqBmb32LsDI-07:00:00,SYN_105033,36,07:10:13,07:10:28,0
f33WNkS3h2sqBmb32LsDI-07:00:00,SYN_105034,37,07:10:25,07:10:40,0
f33WNkS3h2sqBmb32LsDI-07:00:00,SYN_105035,38,07:10:37,07:10:52,0
f33WNkS3h2sqBmb32LsDI-07:00:00,SYN_105036,39,07:10:49,07:11:04,0
f33WNkS3h2sqBmb32LsDI-07:00:00,SYN_105037,40,07:11:01,07:11:16,0
f33WNkS3h2sqBmb32LsDI-07:00:00,SYN_105038,41,07:11:15,07:11:30,0
f33WNkS3h2sqBmb32LsDI-07:00:00,SYN_105039,42,07:11:32,07:11:47,0
f33WNkS3h2sqBmb32LsDI-07:00:00,SYN_105040,43,07:11:49,07:12:04,0
f33WNkS3h2sqBmb32LsDI-07:00:00,SYN_105041,44,07:12:06,07:12:21,0
f33WNkS3h2sqBmb32LsDI-07:00:00,SYN_105042,45,07:12:22,07:12:37,0
f33WNkS3h2sqBmb32LsDI-07:00:00,SYN_105043,46,07:12:36,07:12:51,0
f33WNkS3h2sqBmb32LsDI-07:00:00,SYN_105044,47,07:12:51,07:13:06,0
f33WNkS3h2sqBmb32LsDI-07:00:00,SYN_105045,48,07:13:09,07:13:24,0
f33WNkS3h2sqBmb32LsDI-07:00:00,SYN_105046,49,07:13:28,07:13:43,0
f33WNkS3h2sqBmb32LsDI-07:00:00,SYN_105047,50,07:13:47,07:14:02,0
f33WNkS3h2sqBmb32LsDI-07:00:00,SYN_105048,51,07:14:06,07:14:21,0
f33WNkS3h2sqBmb32LsDI-07:00:00,SYN_105049,52,07:14:25,07:14:40,0
f33WNkS3h2sqBmb32LsDI-07:00:00,SYN_105050,53,07:14:43,07:14:58,0
f33WNkS3h2sqBmb32LsDI-07:00:00,SYN_105051,54,07:15:04,07:15:19,0
f33WNkS3h2sqBmb32LsDI-07:00:00,SYN_105052,55,07:15:25,07:15:40,0
f33WNkS3h2sqBmb32LsDI-07:00:00,SYN_105053,56,07:15:46,07:16:01,0
f33WNkS3h2sqBmb32LsDI-07:00:00,SYN_105054,57,07:16:08,07:16:23,0
f33WNkS3h2sqBmb32LsDI-07:00:00,SYN_105055,58,07:16:29,07:16:44,0
f33WNkS3h2sqBmb32LsDI-07:00:00,SYN_105056,59,07:16:50,07:17:05,0
f33WNkS3h2sqBmb32LsDI-07:00:00,SYN_105057,60,07:17:11,07:17:26,0
f33WNkS3h2sqBmb32LsDI-07:00:00,SYN_105058,61,07:17:33,07:17:48,0
f33WNkS3h2sqBmb32LsDI-07:00:00,SYN_105059,62,07:17:54,07:18:09,0
f33WNkS3h2sqBmb32LsDI-07:00:00,SYN_105060,63,07:18:15,07:18:30,0
f33WNkS3h2sqBmb32LsDI-07:00:00,SYN_105061,64,07:18:36,07:18:51,0
f33WNkS3h2sqBmb32LsDI-07:00:00,SYN_105062,65,07:18:58,07:19:13,0
f33WNkS3h2sqBmb32LsDI-07:00:00,SYN_105063,66,07:19:19,07:19:34,0
f33WNkS3h2sqBmb32LsDI-07:00:00,SYN_105064,67,07:19:40,07:19:55,0
3CgzuUO_dn1teCfMyugyc-07:00:00,SYN_105066,0,07:00:27,07:00:42,0
3CgzuUO_dn1teCfMyugyc-07:00:00,SYN_105067,1,07:00:56,07:01:11,0
3CgzuUO_dn1teCfMyugyc-07:00:00,SYN_105068,2,07:01:34,07:01:49,0
3CgzuUO_dn1teCfMyugyc-07:00:00,SYN_105069,3,07:02:16,07:02:31,0
3CgzuUO_dn1teCfMyugyc-07:00:00,SYN_105070,4,07:02:55,07:03:10,0
3CgzuUO_dn1teCfMyugyc-07:00:00,SYN_105071,5,07:03:44,07:03:59,0
3CgzuUO_dn1teCfMyugyc-07:00:00,SYN_105072,6,07:04:36,07:04:51,0
3CgzuUO_dn1teCfMyugyc-07:00:00,SYN_105073,7,07:05:28,07:05:43,0
3CgzuUO_dn1teCfMyugyc-07:00:00,SYN_105074,8,07:06:04,07:06:19,0
3CgzuUO_dn1teCfMyugyc-07:00:00,SYN_105075,9,07:06:26,07:06:41,0
3CgzuUO_dn1teCfMyugyc-07:00:00,SYN_105076,10,07:06:50,07:07:05,0
3CgzuUO_dn1teCfMyugyc-07:00:00,SYN_105077,11,07:07:21,07:07:36,0
3CgzuUO_dn1teCfMyugyc-07:00:00,SYN_105078,12,07:07:52,07:08:07,0
3CgzuUO_dn1teCfMyugyc-07:00:00,SYN_105079,13,07:08:24,07:08:39,0
3CgzuUO_dn1teCfMyugyc-07:00:00,SYN_105080,14,07:09:00,07:09:15,0
3CgzuUO_dn1teCfMyugyc-07:00:00,SYN_105081,15,07:09:30,07:09:45,0
3CgzuUO_dn1teCfMyugyc-07:00:00,SYN_105082,16,07:10:00,07:10:15,0
3CgzuUO_dn1teCfMyugyc-07:00:00,SYN_105083,17,07:10:50,07:11:05,0
3CgzuUO_dn1teCfMyugyc-07:00:00,SYN_105084,18,07:11:40,07:11:55,0
3CgzuUO_dn1teCfMyugyc-07:00:00,SYN_105085,19,07:12:30,07:12:45,0
3CgzuUO_dn1teCfMyugyc-07:00:00,SYN_105086,20,07:13:20,07:13:35,0
3CgzuUO_dn1teCfMyugyc-07:00:00,SYN_105087,21,07:14:00,07:14:15,0
3CgzuUO_dn1teCfMyugyc-07:00:00,SYN_105088,22,07:14:32,07:14:47,0
3CgzuUO_dn1teCfMyugyc-07:00:00,SYN_105089,23,07:15:05,07:15:20,0
3CgzuUO_dn1teCfMyugyc-07:00:00,SYN_105090,24,07:15:55,07:16:10,0
3CgzuUO_dn1teCfMyugyc-07:00:00,SYN_105091,25,07:16:36,07:16:51,0
3CgzuUO_dn1teCfMyugyc-07:00:00,SYN_105092,26,07:17:06,07:17:21,0
3CgzuUO_dn1teCfMyugyc-07:00:00,SYN_105093,27,07:17:31,07:17:46,0
3CgzuUO_dn1teCfMyugyc-07:00:00,SYN_105094,28,07:17:49,07:18:04,0
3CgzuUO_dn1teCfMyugyc-07:00:00,SYN_105095,29,07:18:08,07:18:23,0
3CgzuUO_dn1teCfMyugyc-07:00:00,SYN_105096,30,07:18:26,07:18:41,0
3CgzuUO_dn1teCfMyugyc-07:00:00,SYN_105097,31,07:18:44,07:18:59,0
3CgzuUO_dn1teCfMyugyc-07:00:00,SYN_105098,32,07:19:02,07:19:17,0
3CgzuUO_dn1teCfMyugyc-07:00:00,SYN_105099,33,07:19:21,07:19:36,0
3CgzuUO_dn1teCfMyugyc-07:00:00,SYN_105100,34,07:19:39,07:19:54,0
3CgzuUO_dn1teCfMyugyc-07:00:00,SYN_105101,35,07:20:03,07:20:18,0
3CgzuUO_dn1teCfMyugyc-07:00:00,SYN_105102,36,07:20:29,07:20:44,0
3CgzuUO_dn1teCfMyugyc-07:00:00,SYN_105103,37,07:20:55,07:21:10,0
3CgzuUO_dn1teCfMyugyc-07:00:00,SYN_105104,38,07:21:22,07:21:37,0
3CgzuUO_dn1teCfMyugyc-07:00:00,SYN_105105,39,07:21:51,07:22:06,0
3CgzuUO_dn1teCfMyugyc-07:00:00,SYN_105106,40,07:22:20,07:22:35,0
3CgzuUO_dn1teCfMyugyc-07:00:00,SYN_105107,41,07:22:48,07:23:03,0
3CgzuUO_dn1teCfMyugyc-07:00:00,SYN_105108,42,07:23:12,07:23:27,0
3CgzuUO_dn1teCfMyugyc-07:00:00,SYN_105109,43,07:23:37,07:23:52,0
3CgzuUO_dn1teCfMyugyc-07:00:00,SYN_105110,44,07:24:06,07:24:21,0
3CgzuUO_dn1teCfMyugyc-07:00:00,SYN_105111,45,07:24:38,07:24:53,0
3CgzuUO_dn1teCfMyugyc-07:00:00,SYN_105112,46,07:25:07,07:25:22,0
3CgzuUO_dn1teCfMyugyc-07:00:00,SYN_105113,47,07:25:30,07:25:45,0
3CgzuUO_dn1teCfMyugyc-07:00:00,SYN_105114,48,07:25:53,07:26:08,0
3CgzuUO_dn1teCfMyugyc-07:00:00,SYN_105115,49,07:26:16,07:26:31,0
3CgzuUO_dn1teCfMyugyc-07:00:00,SYN_105116,50,07:26:39,07:26:54,0
3CgzuUO_dn1teCfMyugyc-07:00:00,SYN_105117,51,07:27:03,07:27:18,0
3CgzuUO_dn1teCfMyugyc-07:00:00,SYN_105118,52,07:27:33,07:27:48,0
3CgzuUO_dn1teCfMyugyc-07:00:00,SYN_105119,53,07:28:03,07:28:18,0
3CgzuUO_dn1teCfMyugyc-07:00:00,SYN_105120,54,07:28:19,07:28:34,0
3CgzuUO_dn1teCfMyugyc-07:00:00,SYN_105121,55,07:28:35,07:28:50,0
3CgzuUO_dn1teCfMyugyc-07:00:00,SYN_105122,56,07:28:52,07:29:07,0
3CgzuUO_dn1teCfMyugyc-07:00:00,SYN_105123,57,07:29:09,07:29:24,0
3CgzuUO_dn1teCfMyugyc-07:00:00,SYN_105124,58,07:29:26,07:29:41,0
3CgzuUO_dn1teCfMyugyc-07:00:00,SYN_105125,59,07:29:44,07:29:59,0
3CgzuUO_dn1teCfMyugyc-07:00:00,SYN_105126,60,07:30:01,07:30:16,0
3CgzuUO_dn1teCfMyugyc-07:00:00,SYN_105127,61,07:30:19,07:30:34,0
3CgzuUO_dn1teCfMyugyc-07:00:00,SYN_105128,62,07:30:39,07:30:54,0
3CgzuUO_dn1teCfMyugyc-07:00:00,SYN_105129,63,07:31:01,07:31:16,0
3CgzuUO_dn1teCfMyugyc-07:00:00,SYN_105130,64,07:31:23,07:31:38,0
3CgzuUO_dn1teCfMyugyc-07:00:00,SYN_105131,65,07:31:48,07:32:03,0
3CgzuUO_dn1teCfMyugyc-07:00:00,SYN_105132,66,07:32:23,07:32:38,0
3CgzuUO_dn1teCfMyugyc-07:00:00,SYN_105133,67,07:32:56,07:33:11,0
3CgzuUO_dn1teCfMyugyc-07:00:00,SYN_105134,68,07:33:27,07:33:42,0
3CgzuUO_dn1teCfMyugyc-07:00:00,SYN_105135,69,07:33:59,07:34:14,0
3CgzuUO_dn1teCfMyugyc-07:00:00,SYN_105136,70,07:34:28,07:34:43,0
3CgzuUO_dn1teCfMyugyc-07:00:00,SYN_105137,71,07:34:53,07:35:08,0
3CgzuUO_dn1teCfMyugyc-07:00:00,SYN_105138,72,07:35:18,07:35:33,0
3CgzuUO_dn1teCfMyugyc-07:00:00,SYN_105139,73,07:35:42,07:35:57,0
3CgzuUO_dn1teCfMyugyc-07:00:00,SYN_105140,74,07:36:07,07:36:22,0
3CgzuUO_dn1teCfMyugyc-07:00:00,SYN_105141,75,07:36:32,07:36:47,0
3CgzuUO_dn1teCfMyugyc-07:00:00,SYN_105142,76,07:36:56,07:37:11,0
3CgzuUO_dn1teCfMyugyc-07:00:00,SYN_105143,77,07:37:21,07:37:36,0
3CgzuUO_dn1teCfMyugyc-07:00:00,SYN_105144,78,07:37:46,07:38:01,0
3CgzuUO_dn1teCfMyugyc-07:00:00,SYN_105145,79,07:38:13,07:38:28,0
3CgzuUO_dn1teCfMyugyc-07:00:00,SYN_105146,80,07:38:40,07:38:55,0
3CgzuUO_dn1teCfMyugyc-07:00:00,SYN_105147,81,07:39:04,07:39:19,0
3CgzuUO_dn1teCfMyugyc-07:00:00,SYN_105148,82,07:39:25,07:39:40,0
3CgzuUO_dn1teCfMyugyc-07:00:00,SYN_105149,83,07:39:46,07:40:01,0
3CgzuUO_dn1teCfMyugyc-07:00:00,SYN_105150,84,07:40:06,07:40:21,0
3CgzuUO_dn1teCfMyugyc-07:00:00,SYN_105151,85,07:40:27,07:40:42,0
3CgzuUO_dn1teCfMyugyc-07:00:00,SYN_105152,86,07:40:48,07:41:03,0
3CgzuUO_dn1teCfMyugyc-07:00:00,SYN_105153,87,07:41:14,07:41:29,0
3CgzuUO_dn1teCfMyugyc-07:00:00,SYN_105154,88,07:41:40,07:41:55,0
3CgzuUO_dn1teCfMyugyc-07:00:00,SYN_105155,89,07:42:06,07:42:21,0
3CgzuUO_dn1teCfMyugyc-07:00:00,SYN_105156,90,07:42:33,07:42:48,0
3CgzuUO_dn1teCfMyugyc-07:00:00,SYN_105157,91,07:42:59,07:43:14,0
3CgzuUO_dn1teCfMyugyc-07:00:00,SYN_105158,92,07:43:25,07:43:40,0
tObSXctDA10XZJ6oW1EYp-07:00:00,SYN_105161,0,07:00:06,07:00:21,0
tObSXctDA10XZJ6oW1EYp-07:00:00,SYN_105162,1,07:01:20,07:01:35,0
tObSXctDA10XZJ6oW1EYp-07:00:00,SYN_105163,2,07:02:07,07:02:22,0
tObSXctDA10XZJ6oW1EYp-07:00:00,SYN_105164,3,07:02:58,07:03:13,0
tObSXctDA10XZJ6oW1EYp-07:00:00,SYN_105165,4,07:04:14,07:04:29,0
tObSXctDA10XZJ6oW1EYp-07:00:00,SYN_105166,5,07:05:11,07:05:26,0
tObSXctDA10XZJ6oW1EYp-07:00:00,SYN_105167,6,07:06:06,07:06:21,0
tObSXctDA10XZJ6oW1EYp-07:00:00,SYN_105168,7,07:07:01,07:07:16,0
tObSXctDA10XZJ6oW1EYp-07:00:00,SYN_105169,8,07:07:56,07:08:11,0
tObSXctDA10XZJ6oW1EYp-07:00:00,SYN_105170,9,07:08:38,07:08:53,0
tObSXctDA10XZJ6oW1EYp-07:00:00,SYN_105171,10,07:09:18,07:09:33,0
tObSXctDA10XZJ6oW1EYp-07:00:00,SYN_105172,11,07:10:36,07:10:51,0
tObSXctDA10XZJ6oW1EYp-07:00:00,SYN_105173,12,07:13:51,07:14:06,0
tObSXctDA10XZJ6oW1EYp-07:00:00,SYN_105174,13,07:17:06,07:17:21,0
tObSXctDA10XZJ6oW1EYp-07:00:00,SYN_105175,14,07:18:56,07:19:11,0
tObSXctDA10XZJ6oW1EYp-07:00:00,SYN_105176,15,07:20:20,07:20:35,0
tObSXctDA10XZJ6oW1EYp-07:00:00,SYN_105177,16,07:21:19,07:21:34,0
tObSXctDA10XZJ6oW1EYp-07:00:00,SYN_105178,17,07:22:18,07:22:33,0
tObSXctDA10XZJ6oW1EYp-07:00:00,SYN_105179,18,07:23:06,07:23:21,0
tObSXctDA10XZJ6oW1EYp-07:00:00,SYN_105180,19,07:23:52,07:24:07,0
tObSXctDA10XZJ6oW1EYp-07:00:00,SYN_105181,20,07:24:56,07:25:11,0
tObSXctDA10XZJ6oW1EYp-07:00:00,SYN_105182,21,07:26:02,07:26:17,0
tObSXctDA10XZJ6oW1EYp-07:00:00,SYN_105183,22,07:26:40,07:26:55,0
tObSXctDA10XZJ6oW1EYp-07:00:00,SYN_105184,23,07:27:18,07:27:33,0
tObSXctDA10XZJ6oW1EYp-07:00:00,SYN_105185,24,07:27:51,07:28:06,0
tObSXctDA10XZJ6oW1EYp-07:00:00,SYN_105186,25,07:28:22,07:28:37,0
tObSXctDA10XZJ6oW1EYp-07:00:00,SYN_105187,26,07:28:54,07:29:09,0
tObSXctDA10XZJ6oW1EYp-07:00:00,SYN_105188,27,07:29:26,07:29:41,0
tObSXctDA10XZJ6oW1EYp-07:00:00,SYN_105189,28,07:29:58,07:30:13,0
tObSXctDA10XZJ6oW1EYp-07:00:00,SYN_105190,29,07:30:29,07:30:44,0
tObSXctDA10XZJ6oW1EYp-07:00:00,SYN_105191,30,07:31:01,07:31:16,0
tObSXctDA10XZJ6oW1EYp-07:00:00,SYN_105192,31,07:31:33,07:31:48,0
tObSXctDA10XZJ6oW1EYp-07:00:00,SYN_105193,32,07:32:00,07:32:15,0
tObSXctDA10XZJ6oW1EYp-07:00:00,SYN_105194,33,07:32:27,07:32:42,0
tObSXctDA10XZJ6oW1EYp-07:00:00,SYN_105195,34,07:32:53,07:33:08,0
tObSXctDA10XZJ6oW1EYp-07:00:00,SYN_105196,35,07:33:14,07:33:29,0
tObSXctDA10XZJ6oW1EYp-07:00:00,SYN_105197,36,07:33:35,07:33:50,0
tObSXctDA10XZJ6oW1EYp-07:00:00,SYN_105198,37,07:33:55,07:34:10,0
tObSXctDA10XZJ6oW1EYp-07:00:00,SYN_105199,38,07:34:16,07:34:31,0
tObSXctDA10XZJ6oW1EYp-07:00:00,SYN_105200,39,07:34:37,07:34:52,0
tObSXctDA10XZJ6oW1EYp-07:00:00,SYN_105201,40,07:35:02,07:35:17,0
tObSXctDA10XZJ6oW1EYp-07:00:00,SYN_105202,41,07:35:28,07:35:43,0
tObSXctDA10XZJ6oW1EYp-07:00:00,SYN_105203,42,07:35:54,07:36:09,0
tObSXctDA10XZJ6oW1EYp-07:00:00,SYN_105204,43,07:36:20,07:36:35,0
tObSXctDA10XZJ6oW1EYp-07:00:00,SYN_105205,44,07:36:47,07:37:02,0
tObSXctDA10XZJ6oW1EYp-07:00:00,SYN_105206,45,07:37:13,07:37:28,0
nYPyDFvmKgS3bcDV6-0-U-07:00:00,SYN_105210,0,07:00:05,07:00:20,0
nYPyDFvmKgS3bcDV6-0-U-07:00:00,SYN_105211,1,07:00:26,07:00:41,0
nYPyDFvmKgS3bcDV6-0-U-07:00:00,SYN_105212,2,07:00:47,07:01:02,0
nYPyDFvmKgS3bcDV6-0-U-07:00:00,SYN_105213,3,07:01:09,07:01:24,0
nYPyDFvmKgS3bcDV6-0-U-07:00:00,SYN_105214,4,07:01:30,07:01:45,0
nYPyDFvmKgS3bcDV6-0-U-07:00:00,SYN_105215,5,07:01:51,07:02:06,0
nYPyDFvmKgS3bcDV6-0-U-07:00:00,SYN_105216,6,07:02:13,07:02:28,0
nYPyDFvmKgS3bcDV6-0-U-07:00:00,SYN_105217,7,07:02:34,07:02:49,0
nYPyDFvmKgS3bcDV6-0-U-07:00:00,SYN_105218,8,07:02:59,07:03:14,0
nYPyDFvmKgS3bcDV6-0-U-07:00:00,SYN_105219,9,07:03:36,07:03:51,0
nYPyDFvmKgS3bcDV6-0-U-07:00:00,SYN_105220,10,07:03:48,07:04:03,0
nYPyDFvmKgS3bcDV6-0-U-07:00:00,SYN_105221,11,07:03:57,07:04:12,0
nYPyDFvmKgS3bcDV6-0-U-07:00:00,SYN_105222,12,07:04:05,07:04:20,0
nYPyDFvmKgS3bcDV6-0-U-07:00:00,SYN_105223,13,07:04:13,07:04:28,0
nYPyDFvmKgS3bcDV6-0-U-07:00:00,SYN_105224,14,07:04:21,07:04:36,0
nYPyDFvmKgS3bcDV6-0-U-07:00:00,SYN_105225,15,07:04:29,07:04:44,0
nYPyDFvmKgS3bcDV6-0-U-07:00:00,SYN_105226,16,07:04:38,07:04:53,0
nYPyDFvmKgS3bcDV6-0-U-07:00:00,SYN_105227,17,07:04:46,07:05:01,0
nYPyDFvmKgS3bcDV6-0-U-07:00:00,SYN_105228,18,07:04:54,07:05:09,0
nYPyDFvmKgS3bcDV6-0-U-07:00:00,SYN_105229,19,07:05:02,07:05:17,0
nYPyDFvmKgS3bcDV6-0-U-07:00:00,SYN_105230,20,07:05:10,07:05:25,0
nYPyDFvmKgS3bcDV6-0-U-07:00:00,SYN_105231,21,07:05:19,07:05:34,0
nYPyDFvmKgS3bcDV6-0-U-07:00:00,SYN_105232,22,07:05:27,07:05:42,0
nYPyDFvmKgS3bcDV6-0-U-07:00:00,SYN_105233,23,07:05:35,07:05:50,0
nYPyDFvmKgS3bcDV6-0-U-07:00:00,SYN_105234,24,07:05:43,07:05:58,0
nYPyDFvmKgS3bcDV6-0-U-07:00:00,SYN_105235,25,07:05:51,07:06:06,0
nYPyDFvmKgS3bcDV6-0-U-07:00:00,SYN_105236,26,07:06:00,07:06:15,0
nYPyDFvmKgS3bcDV6-0-U-07:00:00,SYN_105237,27,07:06:08,07:06:23,0
nYPyDFvmKgS3bcDV6-0-U-07:00:00,SYN_105238,28,07:06:16,07:06:31,0
nYPyDFvmKgS3bcDV6-0-U-07:00:00,SYN_105239,29,07:06:24,07:06:39,0
nYPyDFvmKgS3bcDV6-0-U-07:00:00,SYN_105240,30,07:06:33,07:06:48,0
nYPyDFvmKgS3bcDV6-0-U-07:00:00,SYN_105241,31,07:06:41,07:06:56,0
nYPyDFvmKgS3bcDV6-0-U-07:00:00,SYN_105242,32,07:06:49,07:07:04,0
nYPyDFvmKgS3bcDV6-0-U-07:00:00,SYN_105243,33,07:06:57,07:07:12,0
nYPyDFvmKgS3bcDV6-0-U-07:00:00,SYN_105244,34,07:07:05,07:07:20,0
nYPyDFvmKgS3bcDV6-0-U-07:00:00,SYN_105245,35,07:07:15,07:07:30,0
nYPyDFvmKgS3bcDV6-0-U-07:00:00,SYN_105246,36,07:07:25,07:07:40,0
nYPyDFvmKgS3bcDV6-0-U-07:00:00,SYN_105247,37,07:07:34,07:07:49,0
nYPyDFvmKgS3bcDV6-0-U-07:00:00,SYN_105248,38,07:07:44,07:07:59,0
nYPyDFvmKgS3bcDV6-0-U-07:00:00,SYN_105249,39,07:07:53,07:08:08,0
nYPyDFvmKgS3bcDV6-0-U-07:00:00,SYN_105250,40,07:08:03,07:08:18,0
nYPyDFvmKgS3bcDV6-0-U-07:00:00,SYN_105251,41,07:08:12,07:08:27,0
nYPyDFvmKgS3bcDV6-0-U-07:00:00,SYN_105252,42,07:08:22,07:08:37,0
nYPyDFvmKgS3bcDV6-0-U-07:00:00,SYN_105253,43,07:08:31,07:08:46,0
nYPyDFvmKgS3bcDV6-0-U-07:00:00,SYN_105254,44,07:08:41,07:08:56,0
nYPyDFvmKgS3bcDV6-0-U-07:00:00,SYN_105255,45,07:08:50,07:09:05,0
nYPyDFvmKgS3bcDV6-0-U-07:00:00,SYN_105256,46,07:09:00,07:09:15,0
nYPyDFvmKgS3bcDV6-0-U-07:00:00,SYN_105257,47,07:09:10,07:09:25,0
nYPyDFvmKgS3bcDV6-0-U-07:00:00,SYN_105258,48,07:09:19,07:09:34,0
nYPyDFvmKgS3bcDV6-0-U-07:00:00,SYN_105259,49,07:09:29,07:09:44,0
nYPyDFvmKgS3bcDV6-0-U-07:00:00,SYN_105260,50,07:09:40,07:09:55,0
nYPyDFvmKgS3bcDV6-0-U-07:00:00,SYN_105261,51,07:09:51,07:10:06,0
nYPyDFvmKgS3bcDV6-0-U-07:00:00,SYN_105262,52,07:10:02,07:10:17,0
nYPyDFvmKgS3bcDV6-0-U-07:00:00,SYN_105263,53,07:10:13,07:10:28,0
nYPyDFvmKgS3bcDV6-0-U-07:00:00,SYN_105264,54,07:10:25,07:10:40,0
nYPyDFvmKgS3bcDV6-0-U-07:00:00,SYN_105265,55,07:10:36,07:10:51,0
nYPyDFvmKgS3bcDV6-0-U-07:00:00,SYN_105266,56,07:10:47,07:11:02,0
nYPyDFvmKgS3bcDV6-0-U-07:00:00,SYN_105267,57,07:10:58,07:11:13,0
nYPyDFvmKgS3bcDV6-0-U-07:00:00,SYN_105268,58,07:11:14,07:11:29,0
nYPyDFvmKgS3bcDV6-0-U-07:00:00,SYN_105269,59,07:11:34,07:11:49,0
nYPyDFvmKgS3bcDV6-0-U-07:00:00,SYN_105270,60,07:11:55,07:12:10,0
nYPyDFvmKgS3bcDV6-0-U-07:00:00,SYN_105271,61,07:12:15,07:12:30,0
nYPyDFvmKgS3bcDV6-0-U-07:00:00,SYN_105272,62,07:12:36,07:12:51,0
nYPyDFvmKgS3bcDV6-0-U-07:00:00,SYN_105273,63,07:12:57,07:13:12,0
nYPyDFvmKgS3bcDV6-0-U-07:00:00,SYN_105274,64,07:13:17,07:13:32,0
nYPyDFvmKgS3bcDV6-0-U-07:00:00,SYN_105275,65,07:13:38,07:13:53,0
nYPyDFvmKgS3bcDV6-0-U-07:00:00,SYN_105276,66,07:13:59,07:14:14,0
nYPyDFvmKgS3bcDV6-0-U-07:00:00,SYN_105277,67,07:14:19,07:14:34,0
nYPyDFvmKgS3bcDV6-0-U-07:00:00,SYN_105278,68,07:14:40,07:14:55,0
nYPyDFvmKgS3bcDV6-0-U-07:00:00,SYN_105279,69,07:15:01,07:15:16,0
nYPyDFvmKgS3bcDV6-0-U-07:00:00,SYN_105280,70,07:15:21,07:15:36,0
nYPyDFvmKgS3bcDV6-0-U-07:00:00,SYN_105281,71,07:15:42,07:15:57,0
nYPyDFvmKgS3bcDV6-0-U-07:00:00,SYN_105282,72,07:16:03,07:16:18,0
nYPyDFvmKgS3bcDV6-0-U-07:00:00,SYN_105283,73,07:16:23,07:16:38,0
nYPyDFvmKgS3bcDV6-0-U-07:00:00,SYN_105284,74,07:16:44,07:16:59,0
nYPyDFvmKgS3bcDV6-0-U-07:00:00,SYN_105285,75,07:17:04,07:17:19,0
nYPyDFvmKgS3bcDV6-0-U-07:00:00,SYN_105286,76,07:17:25,07:17:40,0
nYPyDFvmKgS3bcDV6-0-U-07:00:00,SYN_105287,77,07:17:46,07:18:01,0
nYPyDFvmKgS3bcDV6-0-U-07:00:00,SYN_105288,78,07:18:06,07:18:21,0
nYPyDFvmKgS3bcDV6-0-U-07:00:00,SYN_105289,79,07:18:27,07:18:42,0
nYPyDFvmKgS3bcDV6-0-U-07:00:00,SYN_105290,80,07:18:48,07:19:03,0
nYPyDFvmKgS3bcDV6-0-U-07:00:00,SYN_105291,81,07:19:08,07:19:23,0
nYPyDFvmKgS3bcDV6-0-U-07:00:00,SYN_105292,82,07:19:29,07:19:44,0
nYPyDFvmKgS3bcDV6-0-U-07:00:00,SYN_105293,83,07:19:50,07:20:05,0
nYPyDFvmKgS3bcDV6-0-U-07:00:00,SYN_105294,84,07:20:10,07:20:25,0
nYPyDFvmKgS3bcDV6-0-U-07:00:00,SYN_105295,85,07:20:31,07:20:46,0
nYPyDFvmKgS3bcDV6-0-U-07:00:00,SYN_105296,86,07:20:51,07:21:06,0
nYPyDFvmKgS3bcDV6-0-U-07:00:00,SYN_105297,87,07:21:11,07:21:26,0
nYPyDFvmKgS3bcDV6-0-U-07:00:00,SYN_105298,88,07:21:32,07:21:47,0
nYPyDFvmKgS3bcDV6-0-U-07:00:00,SYN_105299,89,07:21:52,07:22:07,0
nYPyDFvmKgS3bcDV6-0-U-07:00:00,SYN_105300,90,07:22:12,07:22:27,0
nYPyDFvmKgS3bcDV6-0-U-07:00:00,SYN_105301,91,07:22:32,07:22:47,0
nYPyDFvmKgS3bcDV6-0-U-07:00:00,SYN_105302,92,07:22:53,07:23:08,0
nYPyDFvmKgS3bcDV6-0-U-07:00:00,SYN_105303,93,07:23:13,07:23:28,0
nYPyDFvmKgS3bcDV6-0-U-07:00:00,SYN_105304,94,07:23:33,07:23:48,0
nYPyDFvmKgS3bcDV6-0-U-07:00:00,SYN_105305,95,07:23:53,07:24:08,0
nYPyDFvmKgS3bcDV6-0-U-07:00:00,SYN_105306,96,07:24:13,07:24:28,0
nYPyDFvmKgS3bcDV6-0-U-07:00:00,SYN_105307,97,07:24:34,07:24:49,0
nYPyDFvmKgS3bcDV6-0-U-07:00:00,SYN_105308,98,07:24:54,07:25:09,0
nYPyDFvmKgS3bcDV6-0-U-07:00:00,SYN_105309,99,07:25:14,07:25:29,0
nYPyDFvmKgS3bcDV6-0-U-07:00:00,SYN_105310,100,07:25:34,07:25:49,0
nYPyDFvmKgS3bcDV6-0-U-07:00:00,SYN_105311,101,07:25:55,07:26:10,0
nYPyDFvmKgS3bcDV6-0-U-07:00:00,SYN_105312,102,07:26:15,07:26:30,0
nYPyDFvmKgS3bcDV6-0-U-07:00:00,SYN_105313,103,07:26:35,07:26:50,0
nYPyDFvmKgS3bcDV6-0-U-07:00:00,SYN_105314,104,07:26:55,07:27:10,0
nYPyDFvmKgS3bcDV6-0-U-07:00:00,SYN_105315,105,07:27:16,07:27:31,0
nYPyDFvmKgS3bcDV6-0-U-07:00:00,SYN_105316,106,07:27:36,07:27:51,0
nYPyDFvmKgS3bcDV6-0-U-07:00:00,SYN_105317,107,07:27:56,07:28:11,0
nYPyDFvmKgS3bcDV6-0-U-07:00:00,SYN_105318,108,07:28:12,07:28:27,0
nYPyDFvmKgS3bcDV6-0-U-07:00:00,SYN_105319,109,07:28:27,07:28:42,0
nYPyDFvmKgS3bcDV6-0-U-07:00:00,SYN_105320,110,07:28:42,07:28:57,0
nYPyDFvmKgS3bcDV6-0-U-07:00:00,SYN_105321,111,07:28:57,07:29:12,0
nYPyDFvmKgS3bcDV6-0-U-07:00:00,SYN_105322,112,07:29:11,07:29:26,0
nYPyDFvmKgS3bcDV6-0-U-07:00:00,SYN_105323,113,07:29:26,07:29:41,0
nYPyDFvmKgS3bcDV6-0-U-07:00:00,SYN_105324,114,07:29:41,07:29:56,0
nYPyDFvmKgS3bcDV6-0-U-07:00:00,SYN_105325,115,07:29:56,07:30:11,0
nYPyDFvmKgS3bcDV6-0-U-07:00:00,SYN_105326,116,07:30:11,07:30:26,0
nYPyDFvmKgS3bcDV6-0-U-07:00:00,SYN_105327,117,07:30:26,07:30:41,0
nYPyDFvmKgS3bcDV6-0-U-07:00:00,SYN_105328,118,07:30:41,07:30:56,0
nYPyDFvmKgS3bcDV6-0-U-07:00:00,SYN_105329,119,07:31:00,07:31:15,0
nYPyDFvmKgS3bcDV6-0-U-07:00:00,SYN_105330,120,07:31:21,07:31:36,0
nYPyDFvmKgS3bcDV6-0-U-07:00:00,SYN_105331,121,07:31:43,07:31:58,0
nYPyDFvmKgS3bcDV6-0-U-07:00:00,SYN_105332,122,07:32:04,07:32:19,0
nYPyDFvmKgS3bcDV6-0-U-07:00:00,SYN_105333,123,07:32:25,07:32:40,0
nYPyDFvmKgS3bcDV6-0-U-07:00:00,SYN_105334,124,07:32:47,07:33:02,0
nYPyDFvmKgS3bcDV6-0-U-07:00:00,SYN_105335,125,07:33:08,07:33:23,0
nYPyDFvmKgS3bcDV6-0-U-07:00:00,SYN_105336,126,07:33:29,07:33:44,0
nYPyDFvmKgS3bcDV6-0-U-07:00:00,SYN_105337,127,07:33:50,07:34:05,0
nYPyDFvmKgS3bcDV6-0-U-07:00:00,SYN_105338,128,07:34:12,07:34:27,0
nYPyDFvmKgS3bcDV6-0-U-07:00:00,SYN_105339,129,07:34:33,07:34:48,0
nYPyDFvmKgS3bcDV6-0-U-07:00:00,SYN_105340,130,07:34:54,07:35:09,0
nYPyDFvmKgS3bcDV6-0-U-07:00:00,SYN_105341,131,07:35:15,07:35:30,0
qZcHenAJ7pJVpkcbhNg9l-07:00:00,SYN_105345,0,07:00:18,07:00:33,0
qZcHenAJ7pJVpkcbhNg9l-07:00:00,SYN_105346,1,07:00:36,07:00:51,0
qZcHenAJ7pJVpkcbhNg9l-07:00:00,SYN_105347,2,07:00:55,07:01:10,0
qZcHenAJ7pJVpkcbhNg9l-07:00:00,SYN_105348,3,07:01:13,07:01:28,0
qZcHenAJ7pJVpkcbhNg9l-07:00:00,SYN_105349,4,07:01:31,07:01:46,0
qZcHenAJ7pJVpkcbhNg9l-07:00:00,SYN_105350,5,07:01:50,07:02:05,0
qZcHenAJ7pJVpkcbhNg9l-07:00:00,SYN_105351,6,07:02:08,07:02:23,0
qZcHenAJ7pJVpkcbhNg9l-07:00:00,SYN_105352,7,07:02:26,07:02:41,0
qZcHenAJ7pJVpkcbhNg9l-07:00:00,SYN_105353,8,07:02:45,07:03:00,0
qZcHenAJ7pJVpkcbhNg9l-07:00:00,SYN_105354,9,07:03:03,07:03:18,0
qZcHenAJ7pJVpkcbhNg9l-07:00:00,SYN_105355,10,07:03:21,07:03:36,0
qZcHenAJ7pJVpkcbhNg9l-07:00:00,SYN_105356,11,07:03:40,07:03:55,0
qZcHenAJ7pJVpkcbhNg9l-07:00:00,SYN_105357,12,07:03:53,07:04:08,0
qZcHenAJ7pJVpkcbhNg9l-07:00:00,SYN_105358,13,07:04:03,07:04:18,0
qZcHenAJ7pJVpkcbhNg9l-07:00:00,SYN_105359,14,07:04:13,07:04:28,0
qZcHenAJ7pJVpkcbhNg9l-07:00:00,SYN_105360,15,07:04:23,07:04:38,0
qZcHenAJ7pJVpkcbhNg9l-07:00:00,SYN_105361,16,07:04:32,07:04:47,0
qZcHenAJ7pJVpkcbhNg9l-07:00:00,SYN_105362,17,07:04:42,07:04:57,0
qZcHenAJ7pJVpkcbhNg9l-07:00:00,SYN_105363,18,07:04:52,07:05:07,0
qZcHenAJ7pJVpkcbhNg9l-07:00:00,SYN_105364,19,07:05:02,07:05:17,0
qZcHenAJ7pJVpkcbhNg9l-07:00:00,SYN_105365,20,07:05:12,07:05:27,0
qZcHenAJ7pJVpkcbhNg9l-07:00:00,SYN_105366,21,07:05:22,07:05:37,0
qZcHenAJ7pJVpkcbhNg9l-07:00:00,SYN_105367,22,07:05:31,07:05:46,0
qZcHenAJ7pJVpkcbhNg9l-07:00:00,SYN_105368,23,07:05:41,07:05:56,0
qZcHenAJ7pJVpkcbhNg9l-07:00:00,SYN_105369,24,07:05:51,07:06:06,0
qZcHenAJ7pJVpkcbhNg9l-07:00:00,SYN_105370,25,07:06:01,07:06:16,0
qZcHenAJ7pJVpkcbhNg9l-07:00:00,SYN_105371,26,07:06:11,07:06:26,0
qZcHenAJ7pJVpkcbhNg9l-07:00:00,SYN_105372,27,07:06:20,07:06:35,0
qZcHenAJ7pJVpkcbhNg9l-07:00:00,SYN_105373,28,07:06:30,07:06:45,0
qZcHenAJ7pJVpkcbhNg9l-07:00:00,SYN_105374,29,07:06:40,07:06:55,0
qZcHenAJ7pJVpkcbhNg9l-07:00:00,SYN_105375,30,07:06:50,07:07:05,0
qZcHenAJ7pJVpkcbhNg9l-07:00:00,SYN_105376,31,07:07:00,07:07:15,0
qZcHenAJ7pJVpkcbhNg9l-07:00:00,SYN_105377,32,07:07:10,07:07:25,0
qZcHenAJ7pJVpkcbhNg9l-07:00:00,SYN_105378,33,07:07:19,07:07:34,0
qZcHenAJ7pJVpkcbhNg9l-07:00:00,SYN_105379,34,07:07:29,07:07:44,0
qZcHenAJ7pJVpkcbhNg9l-07:00:00,SYN_105380,35,07:07:39,07:07:54,0
qZcHenAJ7pJVpkcbhNg9l-07:00:00,SYN_105381,36,07:07:49,07:08:04,0
qZcHenAJ7pJVpkcbhNg9l-07:00:00,SYN_105382,37,07:07:59,07:08:14,0
qZcHenAJ7pJVpkcbhNg9l-07:00:00,SYN_105383,38,07:08:09,07:08:24,0
qZcHenAJ7pJVpkcbhNg9l-07:00:00,SYN_105384,39,07:08:18,07:08:33,0
qZcHenAJ7pJVpkcbhNg9l-07:00:00,SYN_105385,40,07:08:28,07:08:43,0
qZcHenAJ7pJVpkcbhNg9l-07:00:00,SYN_105386,41,07:08:38,07:08:53,0
qZcHenAJ7pJVpkcbhNg9l-07:00:00,SYN_105387,42,07:08:48,07:09:03,0
qZcHenAJ7pJVpkcbhNg9l-07:00:00,SYN_105388,43,07:08:58,07:09:13,0
qZcHenAJ7pJVpkcbhNg9l-07:00:00,SYN_105389,44,07:09:07,07:09:22,0
qZcHenAJ7pJVpkcbhNg9l-07:00:00,SYN_105390,45,07:09:17,07:09:32,0
qZcHenAJ7pJVpkcbhNg9l-07:00:00,SYN_105391,46,07:09:27,07:09:42,0
qZcHenAJ7pJVpkcbhNg9l-07:00:00,SYN_105392,47,07:09:37,07:09:52,0
qZcHenAJ7pJVpkcbhNg9l-07:00:00,SYN_105393,48,07:09:47,07:10:02,0
qZcHenAJ7pJVpkcbhNg9l-07:00:00,SYN_105394,49,07:09:57,07:10:12,0
qZcHenAJ7pJVpkcbhNg9l-07:00:00,SYN_105395,50,07:10:06,07:10:21,0
qZcHenAJ7pJVpkcbhNg9l-07:00:00,SYN_105396,51,07:10:16,07:10:31,0
qZcHenAJ7pJVpkcbhNg9l-07:00:00,SYN_105397,52,07:10:26,07:10:41,0
qZcHenAJ7pJVpkcbhNg9l-07:00:00,SYN_105398,53,07:10:36,07:10:51,0
qZcHenAJ7pJVpkcbhNg9l-07:00:00,SYN_105399,54,07:10:46,07:11:01,0
qZcHenAJ7pJVpkcbhNg9l-07:00:00,SYN_105400,55,07:10:56,07:11:11,0
qZcHenAJ7pJVpkcbhNg9l-07:00:00,SYN_105401,56,07:11:05,07:11:20,0
qZcHenAJ7pJVpkcbhNg9l-07:00:00,SYN_105402,57,07:11:15,07:11:30,0
qZcHenAJ7pJVpkcbhNg9l-07:00:00,SYN_105403,58,07:11:25,07:11:40,0
qZcHenAJ7pJVpkcbhNg9l-07:00:00,SYN_105404,59,07:11:35,07:11:50,0
qZcHenAJ7pJVpkcbhNg9l-07:00:00,SYN_105405,60,07:11:45,07:12:00,0
qZcHenAJ7pJVpkcbhNg9l-07:00:00,SYN_105406,61,07:11:54,07:12:09,0
qZcHenAJ7pJVpkcbhNg9l-07:00:00,SYN_105407,62,07:12:04,07:12:19,0
qZcHenAJ7pJVpkcbhNg9l-07:00:00,SYN_105408,63,07:12:14,07:12:29,0
qZcHenAJ7pJVpkcbhNg9l-07:00:00,SYN_105409,64,07:12:24,07:12:39,0
qZcHenAJ7pJVpkcbhNg9l-07:00:00,SYN_105410,65,07:12:34,07:12:49,0
qZcHenAJ7pJVpkcbhNg9l-07:00:00,SYN_105411,66,07:12:44,07:12:59,0
qZcHenAJ7pJVpkcbhNg9l-07:00:00,SYN_105412,67,07:12:53,07:13:08,0
qZcHenAJ7pJVpkcbhNg9l-07:00:00,SYN_105413,68,07:13:03,07:13:18,0
qZcHenAJ7pJVpkcbhNg9l-07:00:00,SYN_105414,69,07:13:13,07:13:28,0
qZcHenAJ7pJVpkcbhNg9l-07:00:00,SYN_105415,70,07:13:23,07:13:38,0
qZcHenAJ7pJVpkcbhNg9l-07:00:00,SYN_105416,71,07:13:33,07:13:48,0
qZcHenAJ7pJVpkcbhNg9l-07:00:00,SYN_105417,72,07:13:42,07:13:57,0
qZcHenAJ7pJVpkcbhNg9l-07:00:00,SYN_105418,73,07:13:52,07:14:07,0
qZcHenAJ7pJVpkcbhNg9l-07:00:00,SYN_105419,74,07:14:02,07:14:17,0
qZcHenAJ7pJVpkcbhNg9l-07:00:00,SYN_105420,75,07:14:12,07:14:27,0
qZcHenAJ7pJVpkcbhNg9l-07:00:00,SYN_105421,76,07:14:22,07:14:37,0
qZcHenAJ7pJVpkcbhNg9l-07:00:00,SYN_105422,77,07:14:32,07:14:47,0
qZcHenAJ7pJVpkcbhNg9l-07:00:00,SYN_105423,78,07:14:41,07:14:56,0
qZcHenAJ7pJVpkcbhNg9l-07:00:00,SYN_105424,79,07:14:51,07:15:06,0
qZcHenAJ7pJVpkcbhNg9l-07:00:00,SYN_105425,80,07:15:01,07:15:16,0
qZcHenAJ7pJVpkcbhNg9l-07:00:00,SYN_105426,81,07:15:11,07:15:26,0
qZcHenAJ7pJVpkcbhNg9l-07:00:00,SYN_105427,82,07:15:21,07:15:36,0
qZcHenAJ7pJVpkcbhNg9l-07:00:00,SYN_105428,83,07:15:31,07:15:46,0
qZcHenAJ7pJVpkcbhNg9l-07:00:00,SYN_105429,84,07:15:40,07:15:55,0
qZcHenAJ7pJVpkcbhNg9l-07:00:00,SYN_105430,85,07:15:50,07:16:05,0
qZcHenAJ7pJVpkcbhNg9l-07:00:00,SYN_105431,86,07:16:00,07:16:15,0
qZcHenAJ7pJVpkcbhNg9l-07:00:00,SYN_105432,87,07:16:10,07:16:25,0
qZcHenAJ7pJVpkcbhNg9l-07:00:00,SYN_105433,88,07:16:20,07:16:35,0
qZcHenAJ7pJVpkcbhNg9l-07:00:00,SYN_105434,89,07:16:29,07:16:44,0
qZcHenAJ7pJVpkcbhNg9l-07:00:00,SYN_105435,90,07:16:39,07:16:54,0
qZcHenAJ7pJVpkcbhNg9l-07:00:00,SYN_105436,91,07:16:49,07:17:04,0
qZcHenAJ7pJVpkcbhNg9l-07:00:00,SYN_105437,92,07:16:59,07:17:14,0
qZcHenAJ7pJVpkcbhNg9l-07:00:00,SYN_105438,93,07:17:09,07:17:24,0
qZcHenAJ7pJVpkcbhNg9l-07:00:00,SYN_105439,94,07:17:19,07:17:34,0
qZcHenAJ7pJVpkcbhNg9l-07:00:00,SYN_105440,95,07:17:28,07:17:43,0
qZcHenAJ7pJVpkcbhNg9l-07:00:00,SYN_105441,96,07:17:38,07:17:53,0
qZcHenAJ7pJVpkcbhNg9l-07:00:00,SYN_105442,97,07:17:48,07:18:03,0
qZcHenAJ7pJVpkcbhNg9l-07:00:00,SYN_105443,98,07:17:58,07:18:13,0
qZcHenAJ7pJVpkcbhNg9l-07:00:00,SYN_105444,99,07:18:08,07:18:23,0
qZcHenAJ7pJVpkcbhNg9l-07:00:00,SYN_105445,100,07:18:17,07:18:32,0
qZcHenAJ7pJVpkcbhNg9l-07:00:00,SYN_105446,101,07:18:27,07:18:42,0
qZcHenAJ7pJVpkcbhNg9l-07:00:00,SYN_105447,102,07:18:37,07:18:52,0
qZcHenAJ7pJVpkcbhNg9l-07:00:00,SYN_105448,103,07:18:47,07:19:02,0
qZcHenAJ7pJVpkcbhNg9l-07:00:00,SYN_105449,104,07:18:57,07:19:12,0
qZcHenAJ7pJVpkcbhNg9l-07:00:00,SYN_105450,105,07:19:07,07:19:22,0
qZcHenAJ7pJVpkcbhNg9l-07:00:00,SYN_105451,106,07:19:16,07:19:31,0
qZcHenAJ7pJVpkcbhNg9l-07:00:00,SYN_105452,107,07:19:26,07:19:41,0
qZcHenAJ7pJVpkcbhNg9l-07:00:00,SYN_105453,108,07:19:36,07:19:51,0
qZcHenAJ7pJVpkcbhNg9l-07:00:00,SYN_105454,109,07:19:46,07:20:01,0
qZcHenAJ7pJVpkcbhNg9l-07:00:00,SYN_105455,110,07:19:56,07:20:11,0
qZcHenAJ7pJVpkcbhNg9l-07:00:00,SYN_105456,111,07:20:06,07:20:21,0
qZcHenAJ7pJVpkcbhNg9l-07:00:00,SYN_105457,112,07:20:15,07:20:30,0
qZcHenAJ7pJVpkcbhNg9l-07:00:00,SYN_105458,113,07:20:25,07:20:40,0
qZcHenAJ7pJVpkcbhNg9l-07:00:00,SYN_105459,114,07:20:35,07:20:50,0
qZcHenAJ7pJVpkcbhNg9l-07:00:00,SYN_105460,115,07:20:45,07:21:00,0
qZcHenAJ7pJVpkcbhNg9l-07:00:00,SYN_105461,116,07:20:55,07:21:10,0
qZcHenAJ7pJVpkcbhNg9l-07:00:00,SYN_105462,117,07:21:04,07:21:19,0
qZcHenAJ7pJVpkcbhNg9l-07:00:00,SYN_105463,118,07:21:14,07:21:29,0
qZcHenAJ7pJVpkcbhNg9l-07:00:00,SYN_105464,119,07:21:24,07:21:39,0
qZcHenAJ7pJVpkcbhNg9l-07:00:00,SYN_105465,120,07:21:34,07:21:49,0
qZcHenAJ7pJVpkcbhNg9l-07:00:00,SYN_105466,121,07:21:44,07:21:59,0
qZcHenAJ7pJVpkcbhNg9l-07:00:00,SYN_105467,122,07:21:54,07:22:09,0
3DsaT0dcW0e0BLcyD3Q6E-07:00:00,SYN_105468,0,07:00:08,07:00:23,0
3DsaT0dcW0e0BLcyD3Q6E-07:00:00,SYN_105469,1,07:01:20,07:01:35,0
3DsaT0dcW0e0BLcyD3Q6E-07:00:00,SYN_105470,2,07:02:03,07:02:18,0
3DsaT0dcW0e0BLcyD3Q6E-07:00:00,SYN_105471,3,07:02:46,07:03:01,0
3DsaT0dcW0e0BLcyD3Q6E-07:00:00,SYN_105472,4,07:04:00,07:04:15,0
3DsaT0dcW0e0BLcyD3Q6E-07:00:00,SYN_105473,5,07:05:01,07:05:16,0
3DsaT0dcW0e0BLcyD3Q6E-07:00:00,SYN_105474,6,07:05:56,07:06:11,0
3DsaT0dcW0e0BLcyD3Q6E-07:00:00,SYN_105475,7,07:06:52,07:07:07,0
3DsaT0dcW0e0BLcyD3Q6E-07:00:00,SYN_105476,8,07:07:47,07:08:02,0
3DsaT0dcW0e0BLcyD3Q6E-07:00:00,SYN_105477,9,07:08:30,07:08:45,0
3DsaT0dcW0e0BLcyD3Q6E-07:00:00,SYN_105478,10,07:09:09,07:09:24,0
3DsaT0dcW0e0BLcyD3Q6E-07:00:00,SYN_105479,11,07:09:44,07:09:59,0
3DsaT0dcW0e0BLcyD3Q6E-07:00:00,SYN_105480,12,07:12:50,07:13:05,0
3DsaT0dcW0e0BLcyD3Q6E-07:00:00,SYN_105481,13,07:16:10,07:16:25,0
3DsaT0dcW0e0BLcyD3Q6E-07:00:00,SYN_105482,14,07:18:33,07:18:48,0
3DsaT0dcW0e0BLcyD3Q6E-07:00:00,SYN_105483,15,07:19:59,07:20:14,0
3DsaT0dcW0e0BLcyD3Q6E-07:00:00,SYN_105484,16,07:21:05,07:21:20,0
3DsaT0dcW0e0BLcyD3Q6E-07:00:00,SYN_105485,17,07:22:07,07:22:22,0
3DsaT0dcW0e0BLcyD3Q6E-07:00:00,SYN_105486,18,07:22:57,07:23:12,0
3DsaT0dcW0e0BLcyD3Q6E-07:00:00,SYN_105487,19,07:23:44,07:23:59,0
3DsaT0dcW0e0BLcyD3Q6E-07:00:00,SYN_105488,20,07:24:40,07:24:55,0
3DsaT0dcW0e0BLcyD3Q6E-07:00:00,SYN_105489,21,07:25:55,07:26:10,0
3DsaT0dcW0e0BLcyD3Q6E-07:00:00,SYN_105490,22,07:26:33,07:26:48,0
3DsaT0dcW0e0BLcyD3Q6E-07:00:00,SYN_105491,23,07:27:11,07:27:26,0
3DsaT0dcW0e0BLcyD3Q6E-07:00:00,SYN_105492,24,07:27:56,07:28:11,0
3DsaT0dcW0e0BLcyD3Q6E-07:00:00,SYN_105493,25,07:28:44,07:28:59,0
3DsaT0dcW0e0BLcyD3Q6E-07:00:00,SYN_105494,26,07:29:33,07:29:48,0
3DsaT0dcW0e0BLcyD3Q6E-07:00:00,SYN_105495,27,07:30:21,07:30:36,0
3DsaT0dcW0e0BLcyD3Q6E-07:00:00,SYN_105496,28,07:31:09,07:31:24,0
3DsaT0dcW0e0BLcyD3Q6E-07:00:00,SYN_105497,29,07:31:58,07:32:13,0
3DsaT0dcW0e0BLcyD3Q6E-07:00:00,SYN_105498,30,07:32:52,07:33:07,0
3DsaT0dcW0e0BLcyD3Q6E-07:00:00,SYN_105499,31,07:33:49,07:34:04,0
3DsaT0dcW0e0BLcyD3Q6E-07:00:00,SYN_105500,32,07:34:58,07:35:13,0
3DsaT0dcW0e0BLcyD3Q6E-07:00:00,SYN_105501,33,07:36:12,07:36:27,0
3DsaT0dcW0e0BLcyD3Q6E-07:00:00,SYN_105502,34,07:37:27,07:37:42,0
3DsaT0dcW0e0BLcyD3Q6E-07:00:00,SYN_105503,35,07:38:23,07:38:38,0
3DsaT0dcW0e0BLcyD3Q6E-07:00:00,SYN_105504,36,07:39:08,07:39:23,0
3DsaT0dcW0e0BLcyD3Q6E-07:00:00,SYN_105505,37,07:39:52,07:40:07,0
3DsaT0dcW0e0BLcyD3Q6E-07:00:00,SYN_105506,38,07:40:37,07:40:52,0
3DsaT0dcW0e0BLcyD3Q6E-07:00:00,SYN_105507,39,07:41:22,07:41:37,0
3DsaT0dcW0e0BLcyD3Q6E-07:00:00,SYN_105508,40,07:42:07,07:42:22,0
CmIaLLjNex2vbIMiilGN5-07:00:00,SYN_105509,0,07:00:30,07:00:45,0
CmIaLLjNex2vbIMiilGN5-07:00:00,SYN_105510,1,07:01:00,07:01:15,0
CmIaLLjNex2vbIMiilGN5-07:00:00,SYN_105511,2,07:01:30,07:01:45,0
CmIaLLjNex2vbIMiilGN5-07:00:00,SYN_105512,3,07:02:00,07:02:15,0
CmIaLLjNex2vbIMiilGN5-07:00:00,SYN_105513,4,07:02:30,07:02:45,0
CmIaLLjNex2vbIMiilGN5-07:00:00,SYN_105514,5,07:03:00,07:03:15,0
CmIaLLjNex2vbIMiilGN5-07:00:00,SYN_105515,6,07:03:30,07:03:45,0
CmIaLLjNex2vbIMiilGN5-07:00:00,SYN_105516,7,07:03:44,07:03:59,0
CmIaLLjNex2vbIMiilGN5-07:00:00,SYN_105517,8,07:03:58,07:04:13,0
CmIaLLjNex2vbIMiilGN5-07:00:00,SYN_105518,9,07:04:12,07:04:27,0
CmIaLLjNex2vbIMiilGN5-07:00:00,SYN_105519,10,07:04:26,07:04:41,0
CmIaLLjNex2vbIMiilGN5-07:00:00,SYN_105520,11,07:04:40,07:04:55,0
CmIaLLjNex2vbIMiilGN5-07:00:00,SYN_105521,12,07:04:55,07:05:10,0
CmIaLLjNex2vbIMiilGN5-07:00:00,SYN_105522,13,07:05:09,07:05:24,0
CmIaLLjNex2vbIMiilGN5-07:00:00,SYN_105523,14,07:05:23,07:05:38,0
CmIaLLjNex2vbIMiilGN5-07:00:00,SYN_105524,15,07:05:37,07:05:52,0
CmIaLLjNex2vbIMiilGN5-07:00:00,SYN_105525,16,07:05:51,07:06:06,0
CmIaLLjNex2vbIMiilGN5-07:00:00,SYN_105526,17,07:06:05,07:06:20,0
CmIaLLjNex2vbIMiilGN5-07:00:00,SYN_105527,18,07:06:19,07:06:34,0
CmIaLLjNex2vbIMiilGN5-07:00:00,SYN_105528,19,07:06:33,07:06:48,0
CmIaLLjNex2vbIMiilGN5-07:00:00,SYN_105529,20,07:06:47,07:07:02,0
CmIaLLjNex2vbIMiilGN5-07:00:00,SYN_105530,21,07:07:01,07:07:16,0
CmIaLLjNex2vbIMiilGN5-07:00:00,SYN_105531,22,07:07:15,07:07:30,0
CmIaLLjNex2vbIMiilGN5-07:00:00,SYN_105532,23,07:07:29,07:07:44,0
CmIaLLjNex2vbIMiilGN5-07:00:00,SYN_105533,24,07:07:43,07:07:58,0
CmIaLLjNex2vbIMiilGN5-07:00:00,SYN_105534,25,07:07:57,07:08:12,0
CmIaLLjNex2vbIMiilGN5-07:00:00,SYN_105535,26,07:08:12,07:08:27,0
CmIaLLjNex2vbIMiilGN5-07:00:00,SYN_105536,27,07:08:26,07:08:41,0
CmIaLLjNex2vbIMiilGN5-07:00:00,SYN_105537,28,07:08:40,07:08:55,0
CmIaLLjNex2vbIMiilGN5-07:00:00,SYN_105538,29,07:08:54,07:09:09,0
CmIaLLjNex2vbIMiilGN5-07:00:00,SYN_105539,30,07:09:08,07:09:23,0
CmIaLLjNex2vbIMiilGN5-07:00:00,SYN_105540,31,07:09:22,07:09:37,0
CmIaLLjNex2vbIMiilGN5-07:00:00,SYN_105541,32,07:09:36,07:09:51,0
CmIaLLjNex2vbIMiilGN5-07:00:00,SYN_105542,33,07:09:50,07:10:05,0
CmIaLLjNex2vbIMiilGN5-07:00:00,SYN_105543,34,07:10:04,07:10:19,0
CmIaLLjNex2vbIMiilGN5-07:00:00,SYN_105544,35,07:10:18,07:10:33,0
CmIaLLjNex2vbIMiilGN5-07:00:00,SYN_105545,36,07:10:32,07:10:47,0
CmIaLLjNex2vbIMiilGN5-07:00:00,SYN_105546,37,07:10:46,07:11:01,0
CmIaLLjNex2vbIMiilGN5-07:00:00,SYN_105547,38,07:11:00,07:11:15,0
CmIaLLjNex2vbIMiilGN5-07:00:00,SYN_105548,39,07:11:14,07:11:29,0
CmIaLLjNex2vbIMiilGN5-07:00:00,SYN_105549,40,07:11:29,07:11:44,0
CmIaLLjNex2vbIMiilGN5-07:00:00,SYN_105550,41,07:11:43,07:11:58,0
CmIaLLjNex2vbIMiilGN5-07:00:00,SYN_105551,42,07:11:57,07:12:12,0
CmIaLLjNex2vbIMiilGN5-07:00:00,SYN_105552,43,07:12:11,07:12:26,0
CmIaLLjNex2vbIMiilGN5-07:00:00,SYN_105553,44,07:12:25,07:12:40,0
CmIaLLjNex2vbIMiilGN5-07:00:00,SYN_105554,45,07:12:39,07:12:54,0
CmIaLLjNex2vbIMiilGN5-07:00:00,SYN_105555,46,07:12:53,07:13:08,0
CmIaLLjNex2vbIMiilGN5-07:00:00,SYN_105556,47,07:13:07,07:13:22,0
CmIaLLjNex2vbIMiilGN5-07:00:00,SYN_105557,48,07:13:21,07:13:36,0
CmIaLLjNex2vbIMiilGN5-07:00:00,SYN_105558,49,07:13:35,07:13:50,0
CmIaLLjNex2vbIMiilGN5-07:00:00,SYN_105559,50,07:13:49,07:14:04,0
CmIaLLjNex2vbIMiilGN5-07:00:00,SYN_105560,51,07:14:03,07:14:18,0
CmIaLLjNex2vbIMiilGN5-07:00:00,SYN_105561,52,07:14:17,07:14:32,0
CmIaLLjNex2vbIMiilGN5-07:00:00,SYN_105562,53,07:14:31,07:14:46,0
CmIaLLjNex2vbIMiilGN5-07:00:00,SYN_105563,54,07:14:46,07:15:01,0
CmIaLLjNex2vbIMiilGN5-07:00:00,SYN_105564,55,07:15:00,07:15:15,0
CmIaLLjNex2vbIMiilGN5-07:00:00,SYN_105565,56,07:15:14,07:15:29,0
CmIaLLjNex2vbIMiilGN5-07:00:00,SYN_105566,57,07:15:28,07:15:43,0
CmIaLLjNex2vbIMiilGN5-07:00:00,SYN_105567,58,07:15:42,07:15:57,0
CmIaLLjNex2vbIMiilGN5-07:00:00,SYN_105568,59,07:15:56,07:16:11,0
CmIaLLjNex2vbIMiilGN5-07:00:00,SYN_105569,60,07:16:10,07:16:25,0
CmIaLLjNex2vbIMiilGN5-07:00:00,SYN_105570,61,07:16:24,07:16:39,0
CmIaLLjNex2vbIMiilGN5-07:00:00,SYN_105571,62,07:16:38,07:16:53,0
CmIaLLjNex2vbIMiilGN5-07:00:00,SYN_105572,63,07:16:52,07:17:07,0
CmIaLLjNex2vbIMiilGN5-07:00:00,SYN_105573,64,07:17:06,07:17:21,0
CmIaLLjNex2vbIMiilGN5-07:00:00,SYN_105574,65,07:17:20,07:17:35,0
CmIaLLjNex2vbIMiilGN5-07:00:00,SYN_105575,66,07:17:34,07:17:49,0
CmIaLLjNex2vbIMiilGN5-07:00:00,SYN_105576,67,07:17:48,07:18:03,0
CmIaLLjNex2vbIMiilGN5-07:00:00,SYN_105577,68,07:18:03,07:18:18,0
CmIaLLjNex2vbIMiilGN5-07:00:00,SYN_105578,69,07:18:17,07:18:32,0
CmIaLLjNex2vbIMiilGN5-07:00:00,SYN_105579,70,07:18:31,07:18:46,0
CmIaLLjNex2vbIMiilGN5-07:00:00,SYN_105580,71,07:18:45,07:19:00,0
CmIaLLjNex2vbIMiilGN5-07:00:00,SYN_105581,72,07:18:59,07:19:14,0
CmIaLLjNex2vbIMiilGN5-07:00:00,SYN_105582,73,07:19:13,07:19:28,0
CmIaLLjNex2vbIMiilGN5-07:00:00,SYN_105583,74,07:19:27,07:19:42,0
CmIaLLjNex2vbIMiilGN5-07:00:00,SYN_105584,75,07:19:41,07:19:56,0
CmIaLLjNex2vbIMiilGN5-07:00:00,SYN_105585,76,07:19:55,07:20:10,0
CmIaLLjNex2vbIMiilGN5-07:00:00,SYN_105586,77,07:20:09,07:20:24,0
CmIaLLjNex2vbIMiilGN5-07:00:00,SYN_105587,78,07:20:23,07:20:38,0
CmIaLLjNex2vbIMiilGN5-07:00:00,SYN_105588,79,07:20:37,07:20:52,0
CmIaLLjNex2vbIMiilGN5-07:00:00,SYN_105589,80,07:20:51,07:21:06,0
CmIaLLjNex2vbIMiilGN5-07:00:00,SYN_105590,81,07:21:06,07:21:21,0
CmIaLLjNex2vbIMiilGN5-07:00:00,SYN_105591,82,07:21:20,07:21:35,0
CmIaLLjNex2vbIMiilGN5-07:00:00,SYN_105592,83,07:21:34,07:21:49,0
CmIaLLjNex2vbIMiilGN5-07:00:00,SYN_105593,84,07:21:48,07:22:03,0
CmIaLLjNex2vbIMiilGN5-07:00:00,SYN_105594,85,07:22:02,07:22:17,0
CmIaLLjNex2vbIMiilGN5-07:00:00,SYN_105595,86,07:22:16,07:22:31,0
CmIaLLjNex2vbIMiilGN5-07:00:00,SYN_105596,87,07:22:30,07:22:45,0
CmIaLLjNex2vbIMiilGN5-07:00:00,SYN_105597,88,07:22:44,07:22:59,0
CmIaLLjNex2vbIMiilGN5-07:00:00,SYN_105598,89,07:22:58,07:23:13,0
zZjzzNbMESUGofW2jqGDZ-07:00:00,SYN_105603,0,07:00:19,07:00:34,0
zZjzzNbMESUGofW2jqGDZ-07:00:00,SYN_105604,1,07:00:51,07:01:06,0
zZjzzNbMESUGofW2jqGDZ-07:00:00,SYN_105605,2,07:01:23,07:01:38,0
zZjzzNbMESUGofW2jqGDZ-07:00:00,SYN_105606,3,07:01:53,07:02:08,0
zZjzzNbMESUGofW2jqGDZ-07:00:00,SYN_105607,4,07:02:18,07:02:33,0
zZjzzNbMESUGofW2jqGDZ-07:00:00,SYN_105608,5,07:02:43,07:02:58,0
zZjzzNbMESUGofW2jqGDZ-07:00:00,SYN_105609,6,07:03:07,07:03:22,0
zZjzzNbMESUGofW2jqGDZ-07:00:00,SYN_105610,7,07:03:32,07:03:47,0
zZjzzNbMESUGofW2jqGDZ-07:00:00,SYN_105611,8,07:03:57,07:04:12,0
zZjzzNbMESUGofW2jqGDZ-07:00:00,SYN_105612,9,07:04:21,07:04:36,0
zZjzzNbMESUGofW2jqGDZ-07:00:00,SYN_105613,10,07:04:46,07:05:01,0
zZjzzNbMESUGofW2jqGDZ-07:00:00,SYN_105614,11,07:05:11,07:05:26,0
zZjzzNbMESUGofW2jqGDZ-07:00:00,SYN_105615,12,07:05:37,07:05:52,0
zZjzzNbMESUGofW2jqGDZ-07:00:00,SYN_105616,13,07:06:04,07:06:19,0
zZjzzNbMESUGofW2jqGDZ-07:00:00,SYN_105617,14,07:06:30,07:06:45,0
zZjzzNbMESUGofW2jqGDZ-07:00:00,SYN_105618,15,07:06:51,07:07:06,0
zZjzzNbMESUGofW2jqGDZ-07:00:00,SYN_105619,16,07:07:11,07:07:26,0
zZjzzNbMESUGofW2jqGDZ-07:00:00,SYN_105620,17,07:07:32,07:07:47,0
zZjzzNbMESUGofW2jqGDZ-07:00:00,SYN_105621,18,07:07:53,07:08:08,0
zZjzzNbMESUGofW2jqGDZ-07:00:00,SYN_105622,19,07:08:14,07:08:29,0
zZjzzNbMESUGofW2jqGDZ-07:00:00,SYN_105623,20,07:08:39,07:08:54,0
zZjzzNbMESUGofW2jqGDZ-07:00:00,SYN_105624,21,07:09:05,07:09:20,0
zZjzzNbMESUGofW2jqGDZ-07:00:00,SYN_105625,22,07:09:31,07:09:46,0
zZjzzNbMESUGofW2jqGDZ-07:00:00,SYN_105626,23,07:09:57,07:10:12,0
zZjzzNbMESUGofW2jqGDZ-07:00:00,SYN_105627,24,07:10:24,07:10:39,0
zZjzzNbMESUGofW2jqGDZ-07:00:00,SYN_105628,25,07:10:50,07:11:05,0
U_QqLo01UyKjXo_inGS9s-07:00:00,SYN_105630,0,07:00:58,07:01:13,0
U_QqLo01UyKjXo_inGS9s-07:00:00,SYN_105631,1,07:01:57,07:02:12,0
U_QqLo01UyKjXo_inGS9s-07:00:00,SYN_105632,2,07:02:56,07:03:11,0
U_QqLo01UyKjXo_inGS9s-07:00:00,SYN_105633,3,07:03:55,07:04:10,0
U_QqLo01UyKjXo_inGS9s-07:00:00,SYN_105634,4,07:04:54,07:05:09,0
U_QqLo01UyKjXo_inGS9s-07:00:00,SYN_105635,5,07:05:48,07:06:03,0
U_QqLo01UyKjXo_inGS9s-07:00:00,SYN_105636,6,07:06:20,07:06:35,0
U_QqLo01UyKjXo_inGS9s-07:00:00,SYN_105637,7,07:06:52,07:07:07,0
U_QqLo01UyKjXo_inGS9s-07:00:00,SYN_105638,8,07:07:24,07:07:39,0
U_QqLo01UyKjXo_inGS9s-07:00:00,SYN_105639,9,07:07:56,07:08:11,0
U_QqLo01UyKjXo_inGS9s-07:00:00,SYN_105640,10,07:08:28,07:08:43,0
U_QqLo01UyKjXo_inGS9s-07:00:00,SYN_105641,11,07:08:48,07:09:03,0
U_QqLo01UyKjXo_inGS9s-07:00:00,SYN_105642,12,07:09:08,07:09:23,0
U_QqLo01UyKjXo_inGS9s-07:00:00,SYN_105643,13,07:09:28,07:09:43,0
U_QqLo01UyKjXo_inGS9s-07:00:00,SYN_105644,14,07:09:48,07:10:03,0
U_QqLo01UyKjXo_inGS9s-07:00:00,SYN_105645,15,07:10:08,07:10:23,0
U_QqLo01UyKjXo_inGS9s-07:00:00,SYN_105646,16,07:10:28,07:10:43,0
U_QqLo01UyKjXo_inGS9s-07:00:00,SYN_105647,17,07:10:48,07:11:03,0
U_QqLo01UyKjXo_inGS9s-07:00:00,SYN_105648,18,07:11:08,07:11:23,0
U_QqLo01UyKjXo_inGS9s-07:00:00,SYN_105649,19,07:11:28,07:11:43,0
U_QqLo01UyKjXo_inGS9s-07:00:00,SYN_105650,20,07:11:48,07:12:03,0
U_QqLo01UyKjXo_inGS9s-07:00:00,SYN_105651,21,07:12:08,07:12:23,0
U_QqLo01UyKjXo_inGS9s-07:00:00,SYN_105652,22,07:12:28,07:12:43,0
U_QqLo01UyKjXo_inGS9s-07:00:00,SYN_105653,23,07:12:48,07:13:03,0
U_QqLo01UyKjXo_inGS9s-07:00:00,SYN_105654,24,07:13:08,07:13:23,0
U_QqLo01UyKjXo_inGS9s-07:00:00,SYN_105655,25,07:13:28,07:13:43,0
U_QqLo01UyKjXo_inGS9s-07:00:00,SYN_105656,26,07:13:48,07:14:03,0
U_QqLo01UyKjXo_inGS9s-07:00:00,SYN_105657,27,07:14:08,07:14:23,0
U_QqLo01UyKjXo_inGS9s-07:00:00,SYN_105658,28,07:14:28,07:14:43,0
U_QqLo01UyKjXo_inGS9s-07:00:00,SYN_105659,29,07:14:48,07:15:03,0
U_QqLo01UyKjXo_inGS9s-07:00:00,SYN_105660,30,07:15:08,07:15:23,0
U_QqLo01UyKjXo_inGS9s-07:00:00,SYN_105661,31,07:15:28,07:15:43,0
U_QqLo01UyKjXo_inGS9s-07:00:00,SYN_105662,32,07:15:48,07:16:03,0
U_QqLo01UyKjXo_inGS9s-07:00:00,SYN_105663,33,07:16:08,07:16:23,0
U_QqLo01UyKjXo_inGS9s-07:00:00,SYN_105664,34,07:16:28,07:16:43,0
U_QqLo01UyKjXo_inGS9s-07:00:00,SYN_105665,35,07:16:48,07:17:03,0
U_QqLo01UyKjXo_inGS9s-07:00:00,SYN_105666,36,07:17:08,07:17:23,0
U_QqLo01UyKjXo_inGS9s-07:00:00,SYN_105667,37,07:17:28,07:17:43,0
U_QqLo01UyKjXo_inGS9s-07:00:00,SYN_105668,38,07:17:48,07:18:03,0
U_QqLo01UyKjXo_inGS9s-07:00:00,SYN_105669,39,07:18:08,07:18:23,0
U_QqLo01UyKjXo_inGS9s-07:00:00,SYN_105670,40,07:18:28,07:18:43,0
U_QqLo01UyKjXo_inGS9s-07:00:00,SYN_105671,41,07:18:48,07:19:03,0
U_QqLo01UyKjXo_inGS9s-07:00:00,SYN_105672,42,07:19:08,07:19:23,0
U_QqLo01UyKjXo_inGS9s-07:00:00,SYN_105673,43,07:19:28,07:19:43,0
U_QqLo01UyKjXo_inGS9s-07:00:00,SYN_105674,44,07:19:48,07:20:03,0
U_QqLo01UyKjXo_inGS9s-07:00:00,SYN_105675,45,07:20:08,07:20:23,0
U_QqLo01UyKjXo_inGS9s-07:00:00,SYN_105676,46,07:20:28,07:20:43,0
U_QqLo01UyKjXo_inGS9s-07:00:00,SYN_105677,47,07:20:48,07:21:03,0
U_QqLo01UyKjXo_inGS9s-07:00:00,SYN_105678,48,07:21:08,07:21:23,0
U_QqLo01UyKjXo_inGS9s-07:00:00,SYN_105679,49,07:21:28,07:21:43,0
U_QqLo01UyKjXo_inGS9s-07:00:00,SYN_105680,50,07:21:48,07:22:03,0
U_QqLo01UyKjXo_inGS9s-07:00:00,SYN_105681,51,07:22:08,07:22:23,0
U_QqLo01UyKjXo_inGS9s-07:00:00,SYN_105682,52,07:22:28,07:22:43,0
U_QqLo01UyKjXo_inGS9s-07:00:00,SYN_105683,53,07:22:48,07:23:03,0
U_QqLo01UyKjXo_inGS9s-07:00:00,SYN_105684,54,07:23:08,07:23:23,0
U_QqLo01UyKjXo_inGS9s-07:00:00,SYN_105685,55,07:23:28,07:23:43,0
U_QqLo01UyKjXo_inGS9s-07:00:00,SYN_105686,56,07:23:48,07:24:03,0
U_QqLo01UyKjXo_inGS9s-07:00:00,SYN_105687,57,07:24:08,07:24:23,0
U_QqLo01UyKjXo_inGS9s-07:00:00,SYN_105688,58,07:24:28,07:24:43,0
U_QqLo01UyKjXo_inGS9s-07:00:00,SYN_105689,59,07:24:48,07:25:03,0
U_QqLo01UyKjXo_inGS9s-07:00:00,SYN_105690,60,07:25:08,07:25:23,0
U_QqLo01UyKjXo_inGS9s-07:00:00,SYN_105691,61,07:25:28,07:25:43,0
U_QqLo01UyKjXo_inGS9s-07:00:00,SYN_105692,62,07:25:48,07:26:03,0
U_QqLo01UyKjXo_inGS9s-07:00:00,SYN_105693,63,07:26:07,07:26:22,0
U_QqLo01UyKjXo_inGS9s-07:00:00,SYN_105694,64,07:26:27,07:26:42,0
U_QqLo01UyKjXo_inGS9s-07:00:00,SYN_105695,65,07:26:47,07:27:02,0
U_QqLo01UyKjXo_inGS9s-07:00:00,SYN_105696,66,07:27:07,07:27:22,0
U_QqLo01UyKjXo_inGS9s-07:00:00,SYN_105697,67,07:27:27,07:27:42,0
U_QqLo01UyKjXo_inGS9s-07:00:00,SYN_105698,68,07:27:47,07:28:02,0
U_QqLo01UyKjXo_inGS9s-07:00:00,SYN_105699,69,07:28:07,07:28:22,0
U_QqLo01UyKjXo_inGS9s-07:00:00,SYN_105700,70,07:28:27,07:28:42,0
U_QqLo01UyKjXo_inGS9s-07:00:00,SYN_105701,71,07:28:47,07:29:02,0
U_QqLo01UyKjXo_inGS9s-07:00:00,SYN_105702,72,07:29:07,07:29:22,0
U_QqLo01UyKjXo_inGS9s-07:00:00,SYN_105703,73,07:29:27,07:29:42,0
U_QqLo01UyKjXo_inGS9s-07:00:00,SYN_105704,74,07:29:47,07:30:02,0
U_QqLo01UyKjXo_inGS9s-07:00:00,SYN_105705,75,07:30:07,07:30:22,0
U_QqLo01UyKjXo_inGS9s-07:00:00,SYN_105706,76,07:30:27,07:30:42,0
U_QqLo01UyKjXo_inGS9s-07:00:00,SYN_105707,77,07:30:47,07:31:02,0
U_QqLo01UyKjXo_inGS9s-07:00:00,SYN_105708,78,07:31:07,07:31:22,0
U_QqLo01UyKjXo_inGS9s-07:00:00,SYN_105709,79,07:31:27,07:31:42,0
U_QqLo01UyKjXo_inGS9s-07:00:00,SYN_105710,80,07:31:47,07:32:02,0
U_QqLo01UyKjXo_inGS9s-07:00:00,SYN_105711,81,07:32:07,07:32:22,0
U_QqLo01UyKjXo_inGS9s-07:00:00,SYN_105712,82,07:32:27,07:32:42,0
U_QqLo01UyKjXo_inGS9s-07:00:00,SYN_105713,83,07:32:47,07:33:02,0
U_QqLo01UyKjXo_inGS9s-07:00:00,SYN_105714,84,07:33:07,07:33:22,0
U_QqLo01UyKjXo_inGS9s-07:00:00,SYN_105715,85,07:33:27,07:33:42,0
U_QqLo01UyKjXo_inGS9s-07:00:00,SYN_105716,86,07:33:47,07:34:02,0
U_QqLo01UyKjXo_inGS9s-07:00:00,SYN_105717,87,07:34:07,07:34:22,0
U_QqLo01UyKjXo_inGS9s-07:00:00,SYN_105718,88,07:34:27,07:34:42,0
U_QqLo01UyKjXo_inGS9s-07:00:00,SYN_105719,89,07:34:47,07:35:02,0
U_QqLo01UyKjXo_inGS9s-07:00:00,SYN_105720,90,07:35:07,07:35:22,0
U_QqLo01UyKjXo_inGS9s-07:00:00,SYN_105721,91,07:35:27,07:35:42,0
U_QqLo01UyKjXo_inGS9s-07:00:00,SYN_105722,92,07:35:47,07:36:02,0
U_QqLo01UyKjXo_inGS9s-07:00:00,SYN_105723,93,07:36:07,07:36:22,0
U_QqLo01UyKjXo_inGS9s-07:00:00,SYN_105724,94,07:36:27,07:36:42,0
U_QqLo01UyKjXo_inGS9s-07:00:00,SYN_105725,95,07:36:47,07:37:02,0
U_QqLo01UyKjXo_inGS9s-07:00:00,SYN_105726,96,07:37:07,07:37:22,0
U_QqLo01UyKjXo_inGS9s-07:00:00,SYN_105727,97,07:37:27,07:37:42,0
U_QqLo01UyKjXo_inGS9s-07:00:00,SYN_105728,98,07:37:47,07:38:02,0
U_QqLo01UyKjXo_inGS9s-07:00:00,SYN_105729,99,07:38:07,07:38:22,0
U_QqLo01UyKjXo_inGS9s-07:00:00,SYN_105730,100,07:38:27,07:38:42,0
U_QqLo01UyKjXo_inGS9s-07:00:00,SYN_105731,101,07:38:47,07:39:02,0
U_QqLo01UyKjXo_inGS9s-07:00:00,SYN_105732,102,07:39:07,07:39:22,0
U_QqLo01UyKjXo_inGS9s-07:00:00,SYN_105733,103,07:39:27,07:39:42,0
U_QqLo01UyKjXo_inGS9s-07:00:00,SYN_105734,104,07:39:47,07:40:02,0
U_QqLo01UyKjXo_inGS9s-07:00:00,SYN_105735,105,07:40:07,07:40:22,0
U_QqLo01UyKjXo_inGS9s-07:00:00,SYN_105736,106,07:40:27,07:40:42,0
U_QqLo01UyKjXo_inGS9s-07:00:00,SYN_105737,107,07:40:47,07:41:02,0
U_QqLo01UyKjXo_inGS9s-07:00:00,SYN_105738,108,07:41:07,07:41:22,0
U_QqLo01UyKjXo_inGS9s-07:00:00,SYN_105739,109,07:41:27,07:41:42,0
U_QqLo01UyKjXo_inGS9s-07:00:00,SYN_105740,110,07:41:47,07:42:02,0
U_QqLo01UyKjXo_inGS9s-07:00:00,SYN_105741,111,07:42:07,07:42:22,0
U_QqLo01UyKjXo_inGS9s-07:00:00,SYN_105742,112,07:42:27,07:42:42,0
U_QqLo01UyKjXo_inGS9s-07:00:00,SYN_105743,113,07:42:47,07:43:02,0
U_QqLo01UyKjXo_inGS9s-07:00:00,SYN_105744,114,07:43:07,07:43:22,0
U_QqLo01UyKjXo_inGS9s-07:00:00,SYN_105745,115,07:43:27,07:43:42,0
U_QqLo01UyKjXo_inGS9s-07:00:00,SYN_105746,116,07:43:47,07:44:02,0
U_QqLo01UyKjXo_inGS9s-07:00:00,SYN_105747,117,07:44:07,07:44:22,0
U_QqLo01UyKjXo_inGS9s-07:00:00,SYN_105748,118,07:44:27,07:44:42,0
U_QqLo01UyKjXo_inGS9s-07:00:00,SYN_105749,119,07:44:47,07:45:02,0
U_QqLo01UyKjXo_inGS9s-07:00:00,SYN_105750,120,07:45:13,07:45:28,0
U_QqLo01UyKjXo_inGS9s-07:00:00,SYN_105751,121,07:45:46,07:46:01,0
U_QqLo01UyKjXo_inGS9s-07:00:00,SYN_105752,122,07:46:20,07:46:35,0
U_QqLo01UyKjXo_inGS9s-07:00:00,SYN_105753,123,07:46:50,07:47:05,0
U_QqLo01UyKjXo_inGS9s-07:00:00,SYN_105754,124,07:47:03,07:47:18,0
U_QqLo01UyKjXo_inGS9s-07:00:00,SYN_105755,125,07:47:17,07:47:32,0
U_QqLo01UyKjXo_inGS9s-07:00:00,SYN_105756,126,07:47:30,07:47:45,0
U_QqLo01UyKjXo_inGS9s-07:00:00,SYN_105757,127,07:47:44,07:47:59,0
U_QqLo01UyKjXo_inGS9s-07:00:00,SYN_105758,128,07:48:54,07:49:09,0
U_QqLo01UyKjXo_inGS9s-07:00:00,SYN_105759,129,07:49:24,07:49:39,0
U_QqLo01UyKjXo_inGS9s-07:00:00,SYN_105760,130,07:50:08,07:50:23,0
U_QqLo01UyKjXo_inGS9s-07:00:00,SYN_105761,131,07:51:12,07:51:27,0
3g4cs6y1Zst9EwOYH-YQE-07:00:00,SYN_105794,0,07:00:24,07:00:39,0
3g4cs6y1Zst9EwOYH-YQE-07:00:00,SYN_105795,1,07:01:02,07:01:17,0
3g4cs6y1Zst9EwOYH-YQE-07:00:00,SYN_105796,2,07:01:25,07:01:40,0
3g4cs6y1Zst9EwOYH-YQE-07:00:00,SYN_105797,3,07:01:36,07:01:51,0
3g4cs6y1Zst9EwOYH-YQE-07:00:00,SYN_105798,4,07:01:46,07:02:01,0
3g4cs6y1Zst9EwOYH-YQE-07:00:00,SYN_105799,5,07:01:56,07:02:11,0
3g4cs6y1Zst9EwOYH-YQE-07:00:00,SYN_105800,6,07:02:07,07:02:22,0
3g4cs6y1Zst9EwOYH-YQE-07:00:00,SYN_105801,7,07:02:17,07:02:32,0
3g4cs6y1Zst9EwOYH-YQE-07:00:00,SYN_105802,8,07:02:27,07:02:42,0
3g4cs6y1Zst9EwOYH-YQE-07:00:00,SYN_105803,9,07:02:38,07:02:53,0
3g4cs6y1Zst9EwOYH-YQE-07:00:00,SYN_105804,10,07:02:48,07:03:03,0
3g4cs6y1Zst9EwOYH-YQE-07:00:00,SYN_105805,11,07:02:58,07:03:13,0
3g4cs6y1Zst9EwOYH-YQE-07:00:00,SYN_105806,12,07:03:09,07:03:24,0
3g4cs6y1Zst9EwOYH-YQE-07:00:00,SYN_105807,13,07:03:19,07:03:34,0
3g4cs6y1Zst9EwOYH-YQE-07:00:00,SYN_105808,14,07:03:29,07:03:44,0
3g4cs6y1Zst9EwOYH-YQE-07:00:00,SYN_105809,15,07:03:40,07:03:55,0
3g4cs6y1Zst9EwOYH-YQE-07:00:00,SYN_105810,16,07:03:50,07:04:05,0
3g4cs6y1Zst9EwOYH-YQE-07:00:00,SYN_105811,17,07:04:00,07:04:15,0
3g4cs6y1Zst9EwOYH-YQE-07:00:00,SYN_105812,18,07:04:11,07:04:26,0
3g4cs6y1Zst9EwOYH-YQE-07:00:00,SYN_105813,19,07:04:21,07:04:36,0
3g4cs6y1Zst9EwOYH-YQE-07:00:00,SYN_105814,20,07:04:31,07:04:46,0
3g4cs6y1Zst9EwOYH-YQE-07:00:00,SYN_105815,21,07:04:42,07:04:57,0
3g4cs6y1Zst9EwOYH-YQE-07:00:00,SYN_105816,22,07:04:52,07:05:07,0
3g4cs6y1Zst9EwOYH-YQE-07:00:00,SYN_105817,23,07:05:03,07:05:18,0
3g4cs6y1Zst9EwOYH-YQE-07:00:00,SYN_105818,24,07:05:13,07:05:28,0
3g4cs6y1Zst9EwOYH-YQE-07:00:00,SYN_105819,25,07:05:23,07:05:38,0
3g4cs6y1Zst9EwOYH-YQE-07:00:00,SYN_105820,26,07:05:34,07:05:49,0
3g4cs6y1Zst9EwOYH-YQE-07:00:00,SYN_105821,27,07:05:44,07:05:59,0
3g4cs6y1Zst9EwOYH-YQE-07:00:00,SYN_105822,28,07:05:54,07:06:09,0
3g4cs6y1Zst9EwOYH-YQE-07:00:00,SYN_105823,29,07:06:05,07:06:20,0
3g4cs6y1Zst9EwOYH-YQE-07:00:00,SYN_105824,30,07:06:15,07:06:30,0
3g4cs6y1Zst9EwOYH-YQE-07:00:00,SYN_105825,31,07:06:25,07:06:40,0
3g4cs6y1Zst9EwOYH-YQE-07:00:00,SYN_105826,32,07:06:36,07:06:51,0
3g4cs6y1Zst9EwOYH-YQE-07:00:00,SYN_105827,33,07:06:46,07:07:01,0
3g4cs6y1Zst9EwOYH-YQE-07:00:00,SYN_105828,34,07:06:56,07:07:11,0
3g4cs6y1Zst9EwOYH-YQE-07:00:00,SYN_105829,35,07:07:07,07:07:22,0
3g4cs6y1Zst9EwOYH-YQE-07:00:00,SYN_105830,36,07:07:17,07:07:32,0
3g4cs6y1Zst9EwOYH-YQE-07:00:00,SYN_105831,37,07:07:27,07:07:42,0
3g4cs6y1Zst9EwOYH-YQE-07:00:00,SYN_105832,38,07:07:38,07:07:53,0
3g4cs6y1Zst9EwOYH-YQE-07:00:00,SYN_105833,39,07:07:48,07:08:03,0
3g4cs6y1Zst9EwOYH-YQE-07:00:00,SYN_105834,40,07:07:58,07:08:13,0
3g4cs6y1Zst9EwOYH-YQE-07:00:00,SYN_105835,41,07:08:09,07:08:24,0
3g4cs6y1Zst9EwOYH-YQE-07:00:00,SYN_105836,42,07:08:19,07:08:34,0
3g4cs6y1Zst9EwOYH-YQE-07:00:00,SYN_105837,43,07:08:29,07:08:44,0
3g4cs6y1Zst9EwOYH-YQE-07:00:00,SYN_105838,44,07:08:40,07:08:55,0
3g4cs6y1Zst9EwOYH-YQE-07:00:00,SYN_105839,45,07:08:50,07:09:05,0
3g4cs6y1Zst9EwOYH-YQE-07:00:00,SYN_105840,46,07:09:01,07:09:16,0
3g4cs6y1Zst9EwOYH-YQE-07:00:00,SYN_105841,47,07:09:11,07:09:26,0
3g4cs6y1Zst9EwOYH-YQE-07:00:00,SYN_105842,48,07:09:21,07:09:36,0
3g4cs6y1Zst9EwOYH-YQE-07:00:00,SYN_105843,49,07:09:32,07:09:47,0
3g4cs6y1Zst9EwOYH-YQE-07:00:00,SYN_105844,50,07:09:42,07:09:57,0
3g4cs6y1Zst9EwOYH-YQE-07:00:00,SYN_105845,51,07:09:52,07:10:07,0
3g4cs6y1Zst9EwOYH-YQE-07:00:00,SYN_105846,52,07:10:03,07:10:18,0
3g4cs6y1Zst9EwOYH-YQE-07:00:00,SYN_105847,53,07:10:13,07:10:28,0
3g4cs6y1Zst9EwOYH-YQE-07:00:00,SYN_105848,54,07:10:23,07:10:38,0
3g4cs6y1Zst9EwOYH-YQE-07:00:00,SYN_105849,55,07:10:34,07:10:49,0
3g4cs6y1Zst9EwOYH-YQE-07:00:00,SYN_105850,56,07:10:44,07:10:59,0
3g4cs6y1Zst9EwOYH-YQE-07:00:00,SYN_105851,57,07:10:54,07:11:09,0
3g4cs6y1Zst9EwOYH-YQE-07:00:00,SYN_105852,58,07:11:05,07:11:20,0
3g4cs6y1Zst9EwOYH-YQE-07:00:00,SYN_105853,59,07:11:15,07:11:30,0
3g4cs6y1Zst9EwOYH-YQE-07:00:00,SYN_105854,60,07:11:25,07:11:40,0
3g4cs6y1Zst9EwOYH-YQE-07:00:00,SYN_105855,61,07:11:36,07:11:51,0
3g4cs6y1Zst9EwOYH-YQE-07:00:00,SYN_105856,62,07:11:46,07:12:01,0
3g4cs6y1Zst9EwOYH-YQE-07:00:00,SYN_105857,63,07:11:56,07:12:11,0
3g4cs6y1Zst9EwOYH-YQE-07:00:00,SYN_105858,64,07:12:07,07:12:22,0
3g4cs6y1Zst9EwOYH-YQE-07:00:00,SYN_105859,65,07:12:17,07:12:32,0
3g4cs6y1Zst9EwOYH-YQE-07:00:00,SYN_105860,66,07:12:28,07:12:43,0
3g4cs6y1Zst9EwOYH-YQE-07:00:00,SYN_105861,67,07:12:38,07:12:53,0
3g4cs6y1Zst9EwOYH-YQE-07:00:00,SYN_105862,68,07:12:48,07:13:03,0
3g4cs6y1Zst9EwOYH-YQE-07:00:00,SYN_105863,69,07:12:59,07:13:14,0
3g4cs6y1Zst9EwOYH-YQE-07:00:00,SYN_105864,70,07:13:09,07:13:24,0
3g4cs6y1Zst9EwOYH-YQE-07:00:00,SYN_105865,71,07:13:19,07:13:34,0
3g4cs6y1Zst9EwOYH-YQE-07:00:00,SYN_105866,72,07:13:30,07:13:45,0
3g4cs6y1Zst9EwOYH-YQE-07:00:00,SYN_105867,73,07:13:40,07:13:55,0
3g4cs6y1Zst9EwOYH-YQE-07:00:00,SYN_105868,74,07:13:50,07:14:05,0
3g4cs6y1Zst9EwOYH-YQE-07:00:00,SYN_105869,75,07:14:01,07:14:16,0
3g4cs6y1Zst9EwOYH-YQE-07:00:00,SYN_105870,76,07:14:11,07:14:26,0
3g4cs6y1Zst9EwOYH-YQE-07:00:00,SYN_105871,77,07:14:21,07:14:36,0
3g4cs6y1Zst9EwOYH-YQE-07:00:00,SYN_105872,78,07:14:32,07:14:47,0
3g4cs6y1Zst9EwOYH-YQE-07:00:00,SYN_105873,79,07:14:42,07:14:57,0
3g4cs6y1Zst9EwOYH-YQE-07:00:00,SYN_105874,80,07:14:52,07:15:07,0
3g4cs6y1Zst9EwOYH-YQE-07:00:00,SYN_105875,81,07:15:03,07:15:18,0
3g4cs6y1Zst9EwOYH-YQE-07:00:00,SYN_105876,82,07:15:13,07:15:28,0
3g4cs6y1Zst9EwOYH-YQE-07:00:00,SYN_105877,83,07:15:23,07:15:38,0
3g4cs6y1Zst9EwOYH-YQE-07:00:00,SYN_105878,84,07:15:34,07:15:49,0
3g4cs6y1Zst9EwOYH-YQE-07:00:00,SYN_105879,85,07:15:44,07:15:59,0
3g4cs6y1Zst9EwOYH-YQE-07:00:00,SYN_105880,86,07:15:54,07:16:09,0
3g4cs6y1Zst9EwOYH-YQE-07:00:00,SYN_105881,87,07:16:05,07:16:20,0
3g4cs6y1Zst9EwOYH-YQE-07:00:00,SYN_105882,88,07:16:15,07:16:30,0
3g4cs6y1Zst9EwOYH-YQE-07:00:00,SYN_105883,89,07:16:26,07:16:41,0
3g4cs6y1Zst9EwOYH-YQE-07:00:00,SYN_105884,90,07:16:36,07:16:51,0
3g4cs6y1Zst9EwOYH-YQE-07:00:00,SYN_105885,91,07:16:46,07:17:01,0
3g4cs6y1Zst9EwOYH-YQE-07:00:00,SYN_105886,92,07:16:57,07:17:12,0
3g4cs6y1Zst9EwOYH-YQE-07:00:00,SYN_105887,93,07:17:07,07:17:22,0
3g4cs6y1Zst9EwOYH-YQE-07:00:00,SYN_105888,94,07:17:17,07:17:32,0
3g4cs6y1Zst9EwOYH-YQE-07:00:00,SYN_105889,95,07:17:28,07:17:43,0
3g4cs6y1Zst9EwOYH-YQE-07:00:00,SYN_105890,96,07:17:38,07:17:53,0
3g4cs6y1Zst9EwOYH-YQE-07:00:00,SYN_105891,97,07:17:48,07:18:03,0
3g4cs6y1Zst9EwOYH-YQE-07:00:00,SYN_105892,98,07:17:59,07:18:14,0
3g4cs6y1Zst9EwOYH-YQE-07:00:00,SYN_105893,99,07:18:09,07:18:24,0
3g4cs6y1Zst9EwOYH-YQE-07:00:00,SYN_105894,100,07:18:19,07:18:34,0
3g4cs6y1Zst9EwOYH-YQE-07:00:00,SYN_105895,101,07:18:30,07:18:45,0
3g4cs6y1Zst9EwOYH-YQE-07:00:00,SYN_105896,102,07:18:40,07:18:55,0
3g4cs6y1Zst9EwOYH-YQE-07:00:00,SYN_105897,103,07:18:50,07:19:05,0
3g4cs6y1Zst9EwOYH-YQE-07:00:00,SYN_105898,104,07:19:01,07:19:16,0
3g4cs6y1Zst9EwOYH-YQE-07:00:00,SYN_105899,105,07:19:11,07:19:26,0
3g4cs6y1Zst9EwOYH-YQE-07:00:00,SYN_105900,106,07:19:21,07:19:36,0
3g4cs6y1Zst9EwOYH-YQE-07:00:00,SYN_105901,107,07:19:32,07:19:47,0
3g4cs6y1Zst9EwOYH-YQE-07:00:00,SYN_105902,108,07:19:42,07:19:57,0
3g4cs6y1Zst9EwOYH-YQE-07:00:00,SYN_105903,109,07:19:53,07:20:08,0
3g4cs6y1Zst9EwOYH-YQE-07:00:00,SYN_105904,110,07:20:03,07:20:18,0
3g4cs6y1Zst9EwOYH-YQE-07:00:00,SYN_105905,111,07:20:13,07:20:28,0
3g4cs6y1Zst9EwOYH-YQE-07:00:00,SYN_105906,112,07:20:24,07:20:39,0
3g4cs6y1Zst9EwOYH-YQE-07:00:00,SYN_105907,113,07:20:34,07:20:49,0
3g4cs6y1Zst9EwOYH-YQE-07:00:00,SYN_105908,114,07:20:44,07:20:59,0
3g4cs6y1Zst9EwOYH-YQE-07:00:00,SYN_105909,115,07:20:55,07:21:10,0
3g4cs6y1Zst9EwOYH-YQE-07:00:00,SYN_105910,116,07:21:05,07:21:20,0
3g4cs6y1Zst9EwOYH-YQE-07:00:00,SYN_105911,117,07:21:15,07:21:30,0
3g4cs6y1Zst9EwOYH-YQE-07:00:00,SYN_105912,118,07:21:26,07:21:41,0
3g4cs6y1Zst9EwOYH-YQE-07:00:00,SYN_105913,119,07:21:36,07:21:51,0
3g4cs6y1Zst9EwOYH-YQE-07:00:00,SYN_105914,120,07:21:46,07:22:01,0
3g4cs6y1Zst9EwOYH-YQE-07:00:00,SYN_105915,121,07:21:57,07:22:12,0
3g4cs6y1Zst9EwOYH-YQE-07:00:00,SYN_105916,122,07:22:07,07:22:22,0
3g4cs6y1Zst9EwOYH-YQE-07:00:00,SYN_105917,123,07:22:17,07:22:32,0
3g4cs6y1Zst9EwOYH-YQE-07:00:00,SYN_105918,124,07:22:28,07:22:43,0
3g4cs6y1Zst9EwOYH-YQE-07:00:00,SYN_105919,125,07:22:38,07:22:53,0
3g4cs6y1Zst9EwOYH-YQE-07:00:00,SYN_105920,126,07:22:48,07:23:03,0
3g4cs6y1Zst9EwOYH-YQE-07:00:00,SYN_105921,127,07:22:59,07:23:14,0
3g4cs6y1Zst9EwOYH-YQE-07:00:00,SYN_105922,128,07:23:09,07:23:24,0
3g4cs6y1Zst9EwOYH-YQE-07:00:00,SYN_105923,129,07:23:19,07:23:34,0
3g4cs6y1Zst9EwOYH-YQE-07:00:00,SYN_105924,130,07:23:30,07:23:45,0
3g4cs6y1Zst9EwOYH-YQE-07:00:00,SYN_105925,131,07:23:40,07:23:55,0
3g4cs6y1Zst9EwOYH-YQE-07:00:00,SYN_105926,132,07:23:51,07:24:06,0
3g4cs6y1Zst9EwOYH-YQE-07:00:00,SYN_105927,133,07:24:01,07:24:16,0
3g4cs6y1Zst9EwOYH-YQE-07:00:00,SYN_105928,134,07:24:11,07:24:26,0
3g4cs6y1Zst9EwOYH-YQE-07:00:00,SYN_105929,135,07:24:22,07:24:37,0
3g4cs6y1Zst9EwOYH-YQE-07:00:00,SYN_105930,136,07:24:32,07:24:47,0
3g4cs6y1Zst9EwOYH-YQE-07:00:00,SYN_105931,137,07:24:42,07:24:57,0
3g4cs6y1Zst9EwOYH-YQE-07:00:00,SYN_105932,138,07:24:53,07:25:08,0
3g4cs6y1Zst9EwOYH-YQE-07:00:00,SYN_105933,139,07:25:03,07:25:18,0
3g4cs6y1Zst9EwOYH-YQE-07:00:00,SYN_105934,140,07:25:13,07:25:28,0
3g4cs6y1Zst9EwOYH-YQE-07:00:00,SYN_105935,141,07:25:24,07:25:39,0
3g4cs6y1Zst9EwOYH-YQE-07:00:00,SYN_105936,142,07:25:34,07:25:49,0
3g4cs6y1Zst9EwOYH-YQE-07:00:00,SYN_105937,143,07:25:44,07:25:59,0
3g4cs6y1Zst9EwOYH-YQE-07:00:00,SYN_105938,144,07:26:13,07:26:28,0
3g4cs6y1Zst9EwOYH-YQE-07:00:00,SYN_105939,145,07:26:42,07:26:57,0
3g4cs6y1Zst9EwOYH-YQE-07:00:00,SYN_105940,146,07:26:50,07:27:05,0
3g4cs6y1Zst9EwOYH-YQE-07:00:00,SYN_105941,147,07:26:58,07:27:13,0
3g4cs6y1Zst9EwOYH-YQE-07:00:00,SYN_105942,148,07:27:06,07:27:21,0
3g4cs6y1Zst9EwOYH-YQE-07:00:00,SYN_105943,149,07:27:15,07:27:30,0
3g4cs6y1Zst9EwOYH-YQE-07:00:00,SYN_105944,150,07:27:23,07:27:38,0
3g4cs6y1Zst9EwOYH-YQE-07:00:00,SYN_105945,151,07:27:31,07:27:46,0
3g4cs6y1Zst9EwOYH-YQE-07:00:00,SYN_105946,152,07:27:39,07:27:54,0
3g4cs6y1Zst9EwOYH-YQE-07:00:00,SYN_105947,153,07:27:47,07:28:02,0
3g4cs6y1Zst9EwOYH-YQE-07:00:00,SYN_105948,154,07:27:56,07:28:11,0
3g4cs6y1Zst9EwOYH-YQE-07:00:00,SYN_105949,155,07:28:04,07:28:19,0
3g4cs6y1Zst9EwOYH-YQE-07:00:00,SYN_105950,156,07:28:12,07:28:27,0
3g4cs6y1Zst9EwOYH-YQE-07:00:00,SYN_105951,157,07:28:20,07:28:35,0
3g4cs6y1Zst9EwOYH-YQE-07:00:00,SYN_105952,158,07:28:28,07:28:43,0
3g4cs6y1Zst9EwOYH-YQE-07:00:00,SYN_105953,159,07:28:37,07:28:52,0
3g4cs6y1Zst9EwOYH-YQE-07:00:00,SYN_105954,160,07:28:45,07:29:00,0
3g4cs6y1Zst9EwOYH-YQE-07:00:00,SYN_105955,161,07:28:53,07:29:08,0
3g4cs6y1Zst9EwOYH-YQE-07:00:00,SYN_105956,162,07:29:01,07:29:16,0
3g4cs6y1Zst9EwOYH-YQE-07:00:00,SYN_105957,163,07:29:09,07:29:24,0
3g4cs6y1Zst9EwOYH-YQE-07:00:00,SYN_105958,164,07:29:18,07:29:33,0
3g4cs6y1Zst9EwOYH-YQE-07:00:00,SYN_105959,165,07:29:26,07:29:41,0
3g4cs6y1Zst9EwOYH-YQE-07:00:00,SYN_105960,166,07:29:34,07:29:49,0
3g4cs6y1Zst9EwOYH-YQE-07:00:00,SYN_105961,167,07:29:42,07:29:57,0
3g4cs6y1Zst9EwOYH-YQE-07:00:00,SYN_105962,168,07:29:50,07:30:05,0
3g4cs6y1Zst9EwOYH-YQE-07:00:00,SYN_105963,169,07:29:59,07:30:14,0
3g4cs6y1Zst9EwOYH-YQE-07:00:00,SYN_105964,170,07:30:08,07:30:23,0
3g4cs6y1Zst9EwOYH-YQE-07:00:00,SYN_105965,171,07:30:17,07:30:32,0
3g4cs6y1Zst9EwOYH-YQE-07:00:00,SYN_105966,172,07:30:27,07:30:42,0
3g4cs6y1Zst9EwOYH-YQE-07:00:00,SYN_105967,173,07:30:36,07:30:51,0
3g4cs6y1Zst9EwOYH-YQE-07:00:00,SYN_105968,174,07:30:46,07:31:01,0
3g4cs6y1Zst9EwOYH-YQE-07:00:00,SYN_105969,175,07:30:55,07:31:10,0
3g4cs6y1Zst9EwOYH-YQE-07:00:00,SYN_105970,176,07:31:05,07:31:20,0
3g4cs6y1Zst9EwOYH-YQE-07:00:00,SYN_105971,177,07:31:14,07:31:29,0
3g4cs6y1Zst9EwOYH-YQE-07:00:00,SYN_105972,178,07:31:24,07:31:39,0
3g4cs6y1Zst9EwOYH-YQE-07:00:00,SYN_105973,179,07:31:33,07:31:48,0
3g4cs6y1Zst9EwOYH-YQE-07:00:00,SYN_105974,180,07:31:43,07:31:58,0
3g4cs6y1Zst9EwOYH-YQE-07:00:00,SYN_105975,181,07:31:53,07:32:08,0
3g4cs6y1Zst9EwOYH-YQE-07:00:00,SYN_105976,182,07:32:02,07:32:17,0
3g4cs6y1Zst9EwOYH-YQE-07:00:00,SYN_105977,183,07:32:12,07:32:27,0
3g4cs6y1Zst9EwOYH-YQE-07:00:00,SYN_105978,184,07:32:21,07:32:36,0
3g4cs6y1Zst9EwOYH-YQE-07:00:00,SYN_105979,185,07:32:31,07:32:46,0
3g4cs6y1Zst9EwOYH-YQE-07:00:00,SYN_105980,186,07:32:42,07:32:57,0
3g4cs6y1Zst9EwOYH-YQE-07:00:00,SYN_105981,187,07:32:54,07:33:09,0
3g4cs6y1Zst9EwOYH-YQE-07:00:00,SYN_105982,188,07:33:05,07:33:20,0
3g4cs6y1Zst9EwOYH-YQE-07:00:00,SYN_105983,189,07:33:16,07:33:31,0
3g4cs6y1Zst9EwOYH-YQE-07:00:00,SYN_105984,190,07:33:27,07:33:42,0
3g4cs6y1Zst9EwOYH-YQE-07:00:00,SYN_105985,191,07:33:39,07:33:54,0
3g4cs6y1Zst9EwOYH-YQE-07:00:00,SYN_105986,192,07:33:50,07:34:05,0
3g4cs6y1Zst9EwOYH-YQE-07:00:00,SYN_105987,193,07:34:01,07:34:16,0
3g4cs6y1Zst9EwOYH-YQE-07:00:00,SYN_105988,194,07:34:20,07:34:35,0
3g4cs6y1Zst9EwOYH-YQE-07:00:00,SYN_105989,195,07:34:40,07:34:55,0
3g4cs6y1Zst9EwOYH-YQE-07:00:00,SYN_105990,196,07:35:01,07:35:16,0
3g4cs6y1Zst9EwOYH-YQE-07:00:00,SYN_105991,197,07:35:21,07:35:36,0
3g4cs6y1Zst9EwOYH-YQE-07:00:00,SYN_105992,198,07:35:41,07:35:56,0
3g4cs6y1Zst9EwOYH-YQE-07:00:00,SYN_105993,199,07:36:01,07:36:16,0
3g4cs6y1Zst9EwOYH-YQE-07:00:00,SYN_105994,200,07:36:22,07:36:37,0
3g4cs6y1Zst9EwOYH-YQE-07:00:00,SYN_105995,201,07:36:42,07:36:57,0
3g4cs6y1Zst9EwOYH-YQE-07:00:00,SYN_105996,202,07:37:02,07:37:17,0
3g4cs6y1Zst9EwOYH-YQE-07:00:00,SYN_105997,203,07:37:22,07:37:37,0
3g4cs6y1Zst9EwOYH-YQE-07:00:00,SYN_105998,204,07:37:43,07:37:58,0
3g4cs6y1Zst9EwOYH-YQE-07:00:00,SYN_105999,205,07:38:03,07:38:18,0
3g4cs6y1Zst9EwOYH-YQE-07:00:00,SYN_106000,206,07:38:23,07:38:38,0
3g4cs6y1Zst9EwOYH-YQE-07:00:00,SYN_106001,207,07:38:43,07:38:58,0
3g4cs6y1Zst9EwOYH-YQE-07:00:00,SYN_106002,208,07:39:04,07:39:19,0
3g4cs6y1Zst9EwOYH-YQE-07:00:00,SYN_106003,209,07:39:24,07:39:39,0
3g4cs6y1Zst9EwOYH-YQE-07:00:00,SYN_106004,210,07:39:44,07:39:59,0
3g4cs6y1Zst9EwOYH-YQE-07:00:00,SYN_106005,211,07:40:04,07:40:19,0
3g4cs6y1Zst9EwOYH-YQE-07:00:00,SYN_106006,212,07:40:25,07:40:40,0
3g4cs6y1Zst9EwOYH-YQE-07:00:00,SYN_106007,213,07:40:45,07:41:00,0
3g4cs6y1Zst9EwOYH-YQE-07:00:00,SYN_106008,214,07:41:05,07:41:20,0
3g4cs6y1Zst9EwOYH-YQE-07:00:00,SYN_106009,215,07:41:25,07:41:40,0
3g4cs6y1Zst9EwOYH-YQE-07:00:00,SYN_106010,216,07:41:46,07:42:01,0
3g4cs6y1Zst9EwOYH-YQE-07:00:00,SYN_106011,217,07:42:06,07:42:21,0
3g4cs6y1Zst9EwOYH-YQE-07:00:00,SYN_106012,218,07:42:26,07:42:41,0
3g4cs6y1Zst9EwOYH-YQE-07:00:00,SYN_106013,219,07:42:46,07:43:01,0
3g4cs6y1Zst9EwOYH-YQE-07:00:00,SYN_106014,220,07:43:07,07:43:22,0
3g4cs6y1Zst9EwOYH-YQE-07:00:00,SYN_106015,221,07:43:27,07:43:42,0
3g4cs6y1Zst9EwOYH-YQE-07:00:00,SYN_106016,222,07:43:47,07:44:02,0
3g4cs6y1Zst9EwOYH-YQE-07:00:00,SYN_106017,223,07:44:06,07:44:21,0
3g4cs6y1Zst9EwOYH-YQE-07:00:00,SYN_106018,224,07:44:26,07:44:41,0
3g4cs6y1Zst9EwOYH-YQE-07:00:00,SYN_106019,225,07:44:46,07:45:01,0
3g4cs6y1Zst9EwOYH-YQE-07:00:00,SYN_106020,226,07:45:06,07:45:21,0
3g4cs6y1Zst9EwOYH-YQE-07:00:00,SYN_106021,227,07:45:26,07:45:41,0
3g4cs6y1Zst9EwOYH-YQE-07:00:00,SYN_106022,228,07:45:46,07:46:01,0
3g4cs6y1Zst9EwOYH-YQE-07:00:00,SYN_106023,229,07:46:06,07:46:21,0
3g4cs6y1Zst9EwOYH-YQE-07:00:00,SYN_106024,230,07:46:25,07:46:40,0
3g4cs6y1Zst9EwOYH-YQE-07:00:00,SYN_106025,231,07:46:45,07:47:00,0
3g4cs6y1Zst9EwOYH-YQE-07:00:00,SYN_106026,232,07:47:05,07:47:20,0
3g4cs6y1Zst9EwOYH-YQE-07:00:00,SYN_106027,233,07:47:25,07:47:40,0
3g4cs6y1Zst9EwOYH-YQE-07:00:00,SYN_106028,234,07:47:45,07:48:00,0
3g4cs6y1Zst9EwOYH-YQE-07:00:00,SYN_106029,235,07:48:05,07:48:20,0
3g4cs6y1Zst9EwOYH-YQE-07:00:00,SYN_106030,236,07:48:25,07:48:40,0
3g4cs6y1Zst9EwOYH-YQE-07:00:00,SYN_106031,237,07:48:44,07:48:59,0
3g4cs6y1Zst9EwOYH-YQE-07:00:00,SYN_106032,238,07:49:04,07:49:19,0
3g4cs6y1Zst9EwOYH-YQE-07:00:00,SYN_106033,239,07:49:24,07:49:39,0
3g4cs6y1Zst9EwOYH-YQE-07:00:00,SYN_106034,240,07:49:44,07:49:59,0
3g4cs6y1Zst9EwOYH-YQE-07:00:00,SYN_106035,241,07:50:04,07:50:19,0
3g4cs6y1Zst9EwOYH-YQE-07:00:00,SYN_106036,242,07:50:24,07:50:39,0
3g4cs6y1Zst9EwOYH-YQE-07:00:00,SYN_106037,243,07:50:42,07:50:57,0
3g4cs6y1Zst9EwOYH-YQE-07:00:00,SYN_106038,244,07:50:57,07:51:12,0
3g4cs6y1Zst9EwOYH-YQE-07:00:00,SYN_106039,245,07:51:12,07:51:27,0
3g4cs6y1Zst9EwOYH-YQE-07:00:00,SYN_106040,246,07:51:27,07:51:42,0
3g4cs6y1Zst9EwOYH-YQE-07:00:00,SYN_106041,247,07:51:42,07:51:57,0
3g4cs6y1Zst9EwOYH-YQE-07:00:00,SYN_106042,248,07:51:57,07:52:12,0
3g4cs6y1Zst9EwOYH-YQE-07:00:00,SYN_106043,249,07:52:12,07:52:27,0
3g4cs6y1Zst9EwOYH-YQE-07:00:00,SYN_106044,250,07:52:27,07:52:42,0
3g4cs6y1Zst9EwOYH-YQE-07:00:00,SYN_106045,251,07:52:42,07:52:57,0
3g4cs6y1Zst9EwOYH-YQE-07:00:00,SYN_106046,252,07:52:57,07:53:12,0
3g4cs6y1Zst9EwOYH-YQE-07:00:00,SYN_106047,253,07:53:11,07:53:26,0
3g4cs6y1Zst9EwOYH-YQE-07:00:00,SYN_106048,254,07:53:27,07:53:42,0
3g4cs6y1Zst9EwOYH-YQE-07:00:00,SYN_106049,255,07:53:48,07:54:03,0
3g4cs6y1Zst9EwOYH-YQE-07:00:00,SYN_106050,256,07:54:10,07:54:25,0
3g4cs6y1Zst9EwOYH-YQE-07:00:00,SYN_106051,257,07:54:31,07:54:46,0
3g4cs6y1Zst9EwOYH-YQE-07:00:00,SYN_106052,258,07:54:52,07:55:07,0
3g4cs6y1Zst9EwOYH-YQE-07:00:00,SYN_106053,259,07:55:13,07:55:28,0
3g4cs6y1Zst9EwOYH-YQE-07:00:00,SYN_106054,260,07:55:35,07:55:50,0
3g4cs6y1Zst9EwOYH-YQE-07:00:00,SYN_106055,261,07:55:56,07:56:11,0
3g4cs6y1Zst9EwOYH-YQE-07:00:00,SYN_106056,262,07:56:17,07:56:32,0
3g4cs6y1Zst9EwOYH-YQE-07:00:00,SYN_106057,263,07:56:39,07:56:54,0
3g4cs6y1Zst9EwOYH-YQE-07:00:00,SYN_106058,264,07:57:00,07:57:15,0
3g4cs6y1Zst9EwOYH-YQE-07:00:00,SYN_106059,265,07:57:21,07:57:36,0
3g4cs6y1Zst9EwOYH-YQE-07:00:00,SYN_106060,266,07:57:42,07:57:57,0
3g4cs6y1Zst9EwOYH-YQE-07:00:00,SYN_106061,267,07:58:04,07:58:19,0
9LVHJSd6OMdlCKboaE00V-07:00:00,SYN_106064,0,07:00:44,07:00:59,0
9LVHJSd6OMdlCKboaE00V-07:00:00,SYN_106065,1,07:01:46,07:02:01,0
9LVHJSd6OMdlCKboaE00V-07:00:00,SYN_106066,2,07:02:36,07:02:51,0
9LVHJSd6OMdlCKboaE00V-07:00:00,SYN_106067,3,07:03:16,07:03:31,0
9LVHJSd6OMdlCKboaE00V-07:00:00,SYN_106068,4,07:03:56,07:04:11,0
9LVHJSd6OMdlCKboaE00V-07:00:00,SYN_106069,5,07:04:36,07:04:51,0
9LVHJSd6OMdlCKboaE00V-07:00:00,SYN_106070,6,07:05:16,07:05:31,0
9LVHJSd6OMdlCKboaE00V-07:00:00,SYN_106071,7,07:05:52,07:06:07,0
9LVHJSd6OMdlCKboaE00V-07:00:00,SYN_106072,8,07:06:29,07:06:44,0
9LVHJSd6OMdlCKboaE00V-07:00:00,SYN_106073,9,07:07:05,07:07:20,0
9LVHJSd6OMdlCKboaE00V-07:00:00,SYN_106074,10,07:08:38,07:08:53,0
9LVHJSd6OMdlCKboaE00V-07:00:00,SYN_106075,11,07:10:11,07:10:26,0
9LVHJSd6OMdlCKboaE00V-07:00:00,SYN_106076,12,07:11:20,07:11:35,0
9LVHJSd6OMdlCKboaE00V-07:00:00,SYN_106077,13,07:12:28,07:12:43,0
9LVHJSd6OMdlCKboaE00V-07:00:00,SYN_106078,14,07:13:34,07:13:49,0
9LVHJSd6OMdlCKboaE00V-07:00:00,SYN_106079,15,07:14:38,07:14:53,0
9LVHJSd6OMdlCKboaE00V-07:00:00,SYN_106080,16,07:15:37,07:15:52,0
9LVHJSd6OMdlCKboaE00V-07:00:00,SYN_106081,17,07:15:58,07:16:13,0
9LVHJSd6OMdlCKboaE00V-07:00:00,SYN_106082,18,07:16:18,07:16:33,0
9LVHJSd6OMdlCKboaE00V-07:00:00,SYN_106083,19,07:16:38,07:16:53,0
9LVHJSd6OMdlCKboaE00V-07:00:00,SYN_106084,20,07:16:58,07:17:13,0
9LVHJSd6OMdlCKboaE00V-07:00:00,SYN_106085,21,07:17:18,07:17:33,0
9LVHJSd6OMdlCKboaE00V-07:00:00,SYN_106086,22,07:17:38,07:17:53,0
9LVHJSd6OMdlCKboaE00V-07:00:00,SYN_106087,23,07:17:58,07:18:13,0
9LVHJSd6OMdlCKboaE00V-07:00:00,SYN_106088,24,07:18:22,07:18:37,0
9LVHJSd6OMdlCKboaE00V-07:00:00,SYN_106089,25,07:18:45,07:19:00,0
9LVHJSd6OMdlCKboaE00V-07:00:00,SYN_106090,26,07:19:09,07:19:24,0
9LVHJSd6OMdlCKboaE00V-07:00:00,SYN_106091,27,07:19:42,07:19:57,0
9LVHJSd6OMdlCKboaE00V-07:00:00,SYN_106092,28,07:20:17,07:20:32,0
9LVHJSd6OMdlCKboaE00V-07:00:00,SYN_106093,29,07:20:51,07:21:06,0
9LVHJSd6OMdlCKboaE00V-07:00:00,SYN_106094,30,07:21:20,07:21:35,0
9LVHJSd6OMdlCKboaE00V-07:00:00,SYN_106095,31,07:21:49,07:22:04,0
9LVHJSd6OMdlCKboaE00V-07:00:00,SYN_106096,32,07:22:18,07:22:33,0
9LVHJSd6OMdlCKboaE00V-07:00:00,SYN_106097,33,07:23:00,07:23:15,0
9LVHJSd6OMdlCKboaE00V-07:00:00,SYN_106098,34,07:23:44,07:23:59,0
9LVHJSd6OMdlCKboaE00V-07:00:00,SYN_106099,35,07:24:41,07:24:56,0
9LVHJSd6OMdlCKboaE00V-07:00:00,SYN_106100,36,07:25:28,07:25:43,0
9LVHJSd6OMdlCKboaE00V-07:00:00,SYN_106101,37,07:25:53,07:26:08,0
9LVHJSd6OMdlCKboaE00V-07:00:00,SYN_106102,38,07:26:17,07:26:32,0
9LVHJSd6OMdlCKboaE00V-07:00:00,SYN_106103,39,07:26:41,07:26:56,0
7OIDYqQb_VCEwYHFGH_e5-07:00:00,SYN_106106,0,07:00:10,07:00:25,0
7OIDYqQb_VCEwYHFGH_e5-07:00:00,SYN_106107,1,07:00:52,07:01:07,0
7OIDYqQb_VCEwYHFGH_e5-07:00:00,SYN_106108,2,07:01:37,07:01:52,0
7OIDYqQb_VCEwYHFGH_e5-07:00:00,SYN_106109,3,07:02:28,07:02:43,0
7OIDYqQb_VCEwYHFGH_e5-07:00:00,SYN_106110,4,07:03:20,07:03:35,0
7OIDYqQb_VCEwYHFGH_e5-07:00:00,SYN_106111,5,07:04:11,07:04:26,0
7OIDYqQb_VCEwYHFGH_e5-07:00:00,SYN_106112,6,07:05:02,07:05:17,0
7OIDYqQb_VCEwYHFGH_e5-07:00:00,SYN_106113,7,07:05:53,07:06:08,0
7OIDYqQb_VCEwYHFGH_e5-07:00:00,SYN_106114,8,07:06:44,07:06:59,0
7OIDYqQb_VCEwYHFGH_e5-07:00:00,SYN_106115,9,07:07:34,07:07:49,0
7OIDYqQb_VCEwYHFGH_e5-07:00:00,SYN_106116,10,07:08:25,07:08:40,0
gSfwa8Ce0UZivfHRgFQmi-07:00:00,SYN_106118,0,07:01:33,07:01:48,0
gSfwa8Ce0UZivfHRgFQmi-07:00:00,SYN_106119,1,07:02:58,07:03:13,0
gSfwa8Ce0UZivfHRgFQmi-07:00:00,SYN_106120,2,07:03:47,07:04:02,0
gSfwa8Ce0UZivfHRgFQmi-07:00:00,SYN_106121,3,07:04:35,07:04:50,0
gSfwa8Ce0UZivfHRgFQmi-07:00:00,SYN_106122,4,07:05:24,07:05:39,0
gSfwa8Ce0UZivfHRgFQmi-07:00:00,SYN_106123,5,07:06:12,07:06:27,0
gSfwa8Ce0UZivfHRgFQmi-07:00:00,SYN_106124,6,07:07:00,07:07:15,0
gSfwa8Ce0UZivfHRgFQmi-07:00:00,SYN_106125,7,07:07:40,07:07:55,0
gSfwa8Ce0UZivfHRgFQmi-07:00:00,SYN_106126,8,07:08:20,07:08:35,0
gSfwa8Ce0UZivfHRgFQmi-07:00:00,SYN_106127,9,07:09:05,07:09:20,0
gSfwa8Ce0UZivfHRgFQmi-07:00:00,SYN_106128,10,07:09:50,07:10:05,0
gSfwa8Ce0UZivfHRgFQmi-07:00:00,SYN_106129,11,07:10:35,07:10:50,0
gSfwa8Ce0UZivfHRgFQmi-07:00:00,SYN_106130,12,07:11:13,07:11:28,0
gSfwa8Ce0UZivfHRgFQmi-07:00:00,SYN_106131,13,07:11:37,07:11:52,0
gSfwa8Ce0UZivfHRgFQmi-07:00:00,SYN_106132,14,07:12:01,07:12:16,0
gSfwa8Ce0UZivfHRgFQmi-07:00:00,SYN_106133,15,07:12:24,07:12:39,0
gSfwa8Ce0UZivfHRgFQmi-07:00:00,SYN_106134,16,07:12:48,07:13:03,0
gSfwa8Ce0UZivfHRgFQmi-07:00:00,SYN_106135,17,07:13:12,07:13:27,0
gSfwa8Ce0UZivfHRgFQmi-07:00:00,SYN_106136,18,07:13:36,07:13:51,0
gSfwa8Ce0UZivfHRgFQmi-07:00:00,SYN_106137,19,07:13:54,07:14:09,0
gSfwa8Ce0UZivfHRgFQmi-07:00:00,SYN_106138,20,07:14:09,07:14:24,0
gSfwa8Ce0UZivfHRgFQmi-07:00:00,SYN_106139,21,07:14:24,07:14:39,0
gSfwa8Ce0UZivfHRgFQmi-07:00:00,SYN_106140,22,07:14:39,07:14:54,0
gSfwa8Ce0UZivfHRgFQmi-07:00:00,SYN_106141,23,07:14:53,07:15:08,0
gSfwa8Ce0UZivfHRgFQmi-07:00:00,SYN_106142,24,07:15:08,07:15:23,0
gSfwa8Ce0UZivfHRgFQmi-07:00:00,SYN_106143,25,07:15:23,07:15:38,0
gSfwa8Ce0UZivfHRgFQmi-07:00:00,SYN_106144,26,07:15:38,07:15:53,0
gSfwa8Ce0UZivfHRgFQmi-07:00:00,SYN_106145,27,07:15:53,07:16:08,0
gSfwa8Ce0UZivfHRgFQmi-07:00:00,SYN_106146,28,07:16:07,07:16:22,0
gSfwa8Ce0UZivfHRgFQmi-07:00:00,SYN_106147,29,07:16:22,07:16:37,0
gSfwa8Ce0UZivfHRgFQmi-07:00:00,SYN_106148,30,07:16:37,07:16:52,0
gSfwa8Ce0UZivfHRgFQmi-07:00:00,SYN_106149,31,07:16:52,07:17:07,0
gSfwa8Ce0UZivfHRgFQmi-07:00:00,SYN_106150,32,07:17:06,07:17:21,0
gSfwa8Ce0UZivfHRgFQmi-07:00:00,SYN_106151,33,07:17:21,07:17:36,0
gSfwa8Ce0UZivfHRgFQmi-07:00:00,SYN_106152,34,07:17:36,07:17:51,0
gSfwa8Ce0UZivfHRgFQmi-07:00:00,SYN_106153,35,07:17:51,07:18:06,0
gSfwa8Ce0UZivfHRgFQmi-07:00:00,SYN_106154,36,07:18:05,07:18:20,0
gSfwa8Ce0UZivfHRgFQmi-07:00:00,SYN_106155,37,07:18:20,07:18:35,0
gSfwa8Ce0UZivfHRgFQmi-07:00:00,SYN_106156,38,07:18:35,07:18:50,0
gSfwa8Ce0UZivfHRgFQmi-07:00:00,SYN_106157,39,07:18:50,07:19:05,0
gSfwa8Ce0UZivfHRgFQmi-07:00:00,SYN_106158,40,07:19:04,07:19:19,0
gSfwa8Ce0UZivfHRgFQmi-07:00:00,SYN_106159,41,07:19:19,07:19:34,0
gSfwa8Ce0UZivfHRgFQmi-07:00:00,SYN_106160,42,07:19:34,07:19:49,0
gSfwa8Ce0UZivfHRgFQmi-07:00:00,SYN_106161,43,07:19:49,07:20:04,0
gSfwa8Ce0UZivfHRgFQmi-07:00:00,SYN_106162,44,07:20:04,07:20:19,0
gSfwa8Ce0UZivfHRgFQmi-07:00:00,SYN_106163,45,07:20:18,07:20:33,0
gSfwa8Ce0UZivfHRgFQmi-07:00:00,SYN_106164,46,07:20:33,07:20:48,0
gSfwa8Ce0UZivfHRgFQmi-07:00:00,SYN_106165,47,07:20:48,07:21:03,0
gSfwa8Ce0UZivfHRgFQmi-07:00:00,SYN_106166,48,07:21:03,07:21:18,0
gSfwa8Ce0UZivfHRgFQmi-07:00:00,SYN_106167,49,07:21:17,07:21:32,0
gSfwa8Ce0UZivfHRgFQmi-07:00:00,SYN_106168,50,07:21:32,07:21:47,0
gSfwa8Ce0UZivfHRgFQmi-07:00:00,SYN_106169,51,07:21:47,07:22:02,0
gSfwa8Ce0UZivfHRgFQmi-07:00:00,SYN_106170,52,07:22:02,07:22:17,0
gSfwa8Ce0UZivfHRgFQmi-07:00:00,SYN_106171,53,07:22:16,07:22:31,0
gSfwa8Ce0UZivfHRgFQmi-07:00:00,SYN_106172,54,07:22:31,07:22:46,0
gSfwa8Ce0UZivfHRgFQmi-07:00:00,SYN_106173,55,07:22:46,07:23:01,0
gSfwa8Ce0UZivfHRgFQmi-07:00:00,SYN_106174,56,07:23:01,07:23:16,0
gSfwa8Ce0UZivfHRgFQmi-07:00:00,SYN_106175,57,07:23:15,07:23:30,0
gSfwa8Ce0UZivfHRgFQmi-07:00:00,SYN_106176,58,07:23:30,07:23:45,0
gSfwa8Ce0UZivfHRgFQmi-07:00:00,SYN_106177,59,07:23:45,07:24:00,0
gSfwa8Ce0UZivfHRgFQmi-07:00:00,SYN_106178,60,07:24:00,07:24:15,0
gSfwa8Ce0UZivfHRgFQmi-07:00:00,SYN_106179,61,07:24:15,07:24:30,0
gSfwa8Ce0UZivfHRgFQmi-07:00:00,SYN_106180,62,07:24:29,07:24:44,0
gSfwa8Ce0UZivfHRgFQmi-07:00:00,SYN_106181,63,07:24:44,07:24:59,0
gSfwa8Ce0UZivfHRgFQmi-07:00:00,SYN_106182,64,07:24:59,07:25:14,0
gSfwa8Ce0UZivfHRgFQmi-07:00:00,SYN_106183,65,07:25:14,07:25:29,0
gSfwa8Ce0UZivfHRgFQmi-07:00:00,SYN_106184,66,07:25:28,07:25:43,0
gSfwa8Ce0UZivfHRgFQmi-07:00:00,SYN_106185,67,07:25:43,07:25:58,0
gSfwa8Ce0UZivfHRgFQmi-07:00:00,SYN_106186,68,07:25:58,07:26:13,0
gSfwa8Ce0UZivfHRgFQmi-07:00:00,SYN_106187,69,07:26:13,07:26:28,0
gSfwa8Ce0UZivfHRgFQmi-07:00:00,SYN_106188,70,07:26:27,07:26:42,0
gSfwa8Ce0UZivfHRgFQmi-07:00:00,SYN_106189,71,07:26:42,07:26:57,0
gSfwa8Ce0UZivfHRgFQmi-07:00:00,SYN_106190,72,07:26:57,07:27:12,0
gSfwa8Ce0UZivfHRgFQmi-07:00:00,SYN_106191,73,07:27:12,07:27:27,0
gSfwa8Ce0UZivfHRgFQmi-07:00:00,SYN_106192,74,07:27:26,07:27:41,0
gSfwa8Ce0UZivfHRgFQmi-07:00:00,SYN_106193,75,07:27:41,07:27:56,0
gSfwa8Ce0UZivfHRgFQmi-07:00:00,SYN_106194,76,07:27:56,07:28:11,0
gSfwa8Ce0UZivfHRgFQmi-07:00:00,SYN_106195,77,07:28:11,07:28:26,0
gSfwa8Ce0UZivfHRgFQmi-07:00:00,SYN_106196,78,07:28:26,07:28:41,0
gSfwa8Ce0UZivfHRgFQmi-07:00:00,SYN_106197,79,07:28:40,07:28:55,0
gSfwa8Ce0UZivfHRgFQmi-07:00:00,SYN_106198,80,07:28:55,07:29:10,0
gSfwa8Ce0UZivfHRgFQmi-07:00:00,SYN_106199,81,07:29:10,07:29:25,0
gSfwa8Ce0UZivfHRgFQmi-07:00:00,SYN_106200,82,07:29:25,07:29:40,0
gSfwa8Ce0UZivfHRgFQmi-07:00:00,SYN_106201,83,07:29:39,07:29:54,0
gSfwa8Ce0UZivfHRgFQmi-07:00:00,SYN_106202,84,07:29:54,07:30:09,0
gSfwa8Ce0UZivfHRgFQmi-07:00:00,SYN_106203,85,07:30:09,07:30:24,0
gSfwa8Ce0UZivfHRgFQmi-07:00:00,SYN_106204,86,07:30:24,07:30:39,0
gSfwa8Ce0UZivfHRgFQmi-07:00:00,SYN_106205,87,07:30:38,07:30:53,0
gSfwa8Ce0UZivfHRgFQmi-07:00:00,SYN_106206,88,07:30:53,07:31:08,0
gSfwa8Ce0UZivfHRgFQmi-07:00:00,SYN_106207,89,07:31:08,07:31:23,0
gSfwa8Ce0UZivfHRgFQmi-07:00:00,SYN_106208,90,07:31:23,07:31:38,0
gSfwa8Ce0UZivfHRgFQmi-07:00:00,SYN_106209,91,07:31:37,07:31:52,0
gSfwa8Ce0UZivfHRgFQmi-07:00:00,SYN_106210,92,07:31:52,07:32:07,0
gSfwa8Ce0UZivfHRgFQmi-07:00:00,SYN_106211,93,07:32:07,07:32:22,0
gSfwa8Ce0UZivfHRgFQmi-07:00:00,SYN_106212,94,07:32:22,07:32:37,0
gSfwa8Ce0UZivfHRgFQmi-07:00:00,SYN_106213,95,07:32:37,07:32:52,0
gSfwa8Ce0UZivfHRgFQmi-07:00:00,SYN_106214,96,07:32:51,07:33:06,0
gSfwa8Ce0UZivfHRgFQmi-07:00:00,SYN_106215,97,07:33:06,07:33:21,0
gSfwa8Ce0UZivfHRgFQmi-07:00:00,SYN_106216,98,07:33:21,07:33:36,0
gSfwa8Ce0UZivfHRgFQmi-07:00:00,SYN_106217,99,07:33:36,07:33:51,0
gSfwa8Ce0UZivfHRgFQmi-07:00:00,SYN_106218,100,07:33:52,07:34:07,0
gSfwa8Ce0UZivfHRgFQmi-07:00:00,SYN_106219,101,07:34:14,07:34:29,0
gSfwa8Ce0UZivfHRgFQmi-07:00:00,SYN_106220,102,07:34:36,07:34:51,0
gSfwa8Ce0UZivfHRgFQmi-07:00:00,SYN_106221,103,07:34:58,07:35:13,0
gSfwa8Ce0UZivfHRgFQmi-07:00:00,SYN_106222,104,07:35:20,07:35:35,0
gSfwa8Ce0UZivfHRgFQmi-07:00:00,SYN_106223,105,07:35:42,07:35:57,0
gSfwa8Ce0UZivfHRgFQmi-07:00:00,SYN_106224,106,07:36:05,07:36:20,0
gSfwa8Ce0UZivfHRgFQmi-07:00:00,SYN_106225,107,07:36:27,07:36:42,0
gSfwa8Ce0UZivfHRgFQmi-07:00:00,SYN_106226,108,07:36:49,07:37:04,0
gSfwa8Ce0UZivfHRgFQmi-07:00:00,SYN_106227,109,07:37:11,07:37:26,0
gSfwa8Ce0UZivfHRgFQmi-07:00:00,SYN_106228,110,07:37:33,07:37:48,0
gSfwa8Ce0UZivfHRgFQmi-07:00:00,SYN_106229,111,07:37:55,07:38:10,0
gSfwa8Ce0UZivfHRgFQmi-07:00:00,SYN_106230,112,07:38:18,07:38:33,0
gSfwa8Ce0UZivfHRgFQmi-07:00:00,SYN_106231,113,07:38:53,07:39:08,0
gSfwa8Ce0UZivfHRgFQmi-07:00:00,SYN_106232,114,07:39:28,07:39:43,0
gSfwa8Ce0UZivfHRgFQmi-07:00:00,SYN_106233,115,07:40:03,07:40:18,0
gSfwa8Ce0UZivfHRgFQmi-07:00:00,SYN_106234,116,07:40:39,07:40:54,0
gSfwa8Ce0UZivfHRgFQmi-07:00:00,SYN_106235,117,07:41:14,07:41:29,0
gSfwa8Ce0UZivfHRgFQmi-07:00:00,SYN_106236,118,07:41:49,07:42:04,0
gSfwa8Ce0UZivfHRgFQmi-07:00:00,SYN_106237,119,07:42:24,07:42:39,0
gSfwa8Ce0UZivfHRgFQmi-07:00:00,SYN_106238,120,07:43:00,07:43:15,0
gSfwa8Ce0UZivfHRgFQmi-07:00:00,SYN_106239,121,07:43:35,07:43:50,0
gSfwa8Ce0UZivfHRgFQmi-07:00:00,SYN_106240,122,07:43:56,07:44:11,0
gSfwa8Ce0UZivfHRgFQmi-07:00:00,SYN_106241,123,07:44:16,07:44:31,0
gSfwa8Ce0UZivfHRgFQmi-07:00:00,SYN_106242,124,07:44:36,07:44:51,0
gSfwa8Ce0UZivfHRgFQmi-07:00:00,SYN_106243,125,07:44:56,07:45:11,0
gSfwa8Ce0UZivfHRgFQmi-07:00:00,SYN_106244,126,07:45:16,07:45:31,0
gSfwa8Ce0UZivfHRgFQmi-07:00:00,SYN_106245,127,07:45:36,07:45:51,0
gSfwa8Ce0UZivfHRgFQmi-07:00:00,SYN_106246,128,07:45:56,07:46:11,0
gSfwa8Ce0UZivfHRgFQmi-07:00:00,SYN_106247,129,07:46:16,07:46:31,0
gSfwa8Ce0UZivfHRgFQmi-07:00:00,SYN_106248,130,07:46:36,07:46:51,0
gSfwa8Ce0UZivfHRgFQmi-07:00:00,SYN_106249,131,07:46:56,07:47:11,0
gSfwa8Ce0UZivfHRgFQmi-07:00:00,SYN_106250,132,07:47:16,07:47:31,0
gSfwa8Ce0UZivfHRgFQmi-07:00:00,SYN_106251,133,07:47:36,07:47:51,0
gSfwa8Ce0UZivfHRgFQmi-07:00:00,SYN_106252,134,07:47:57,07:48:12,0
gSfwa8Ce0UZivfHRgFQmi-07:00:00,SYN_106253,135,07:48:21,07:48:36,0
gSfwa8Ce0UZivfHRgFQmi-07:00:00,SYN_106254,136,07:48:48,07:49:03,0
gSfwa8Ce0UZivfHRgFQmi-07:00:00,SYN_106255,137,07:49:15,07:49:30,0
gSfwa8Ce0UZivfHRgFQmi-07:00:00,SYN_106256,138,07:49:42,07:49:57,0
gSfwa8Ce0UZivfHRgFQmi-07:00:00,SYN_106257,139,07:50:09,07:50:24,0
gSfwa8Ce0UZivfHRgFQmi-07:00:00,SYN_106258,140,07:50:35,07:50:50,0
gSfwa8Ce0UZivfHRgFQmi-07:00:00,SYN_106259,141,07:51:02,07:51:17,0
gSfwa8Ce0UZivfHRgFQmi-07:00:00,SYN_106260,142,07:51:29,07:51:44,0
gSfwa8Ce0UZivfHRgFQmi-07:00:00,SYN_106261,143,07:53:26,07:53:41,0
gSfwa8Ce0UZivfHRgFQmi-07:00:00,SYN_106262,144,07:55:03,07:55:18,0
gSfwa8Ce0UZivfHRgFQmi-07:00:00,SYN_106263,145,07:56:25,07:56:40,0
gSfwa8Ce0UZivfHRgFQmi-07:00:00,SYN_106264,146,07:57:46,07:58:01,0
gSfwa8Ce0UZivfHRgFQmi-07:00:00,SYN_106265,147,07:59:08,07:59:23,0
-vGMBy-ffWWJVczaRlv5z-07:00:00,SYN_106267,0,07:00:02,07:00:17,0
-vGMBy-ffWWJVczaRlv5z-07:00:00,SYN_106268,1,07:00:24,07:00:39,0
-vGMBy-ffWWJVczaRlv5z-07:00:00,SYN_106269,2,07:00:45,07:01:00,0
-vGMBy-ffWWJVczaRlv5z-07:00:00,SYN_106270,3,07:01:07,07:01:22,0
-vGMBy-ffWWJVczaRlv5z-07:00:00,SYN_106271,4,07:01:29,07:01:44,0
-vGMBy-ffWWJVczaRlv5z-07:00:00,SYN_106272,5,07:01:51,07:02:06,0
-vGMBy-ffWWJVczaRlv5z-07:00:00,SYN_106273,6,07:02:13,07:02:28,0
-vGMBy-ffWWJVczaRlv5z-07:00:00,SYN_106274,7,07:02:34,07:02:49,0
-vGMBy-ffWWJVczaRlv5z-07:00:00,SYN_106275,8,07:02:56,07:03:11,0
-vGMBy-ffWWJVczaRlv5z-07:00:00,SYN_106276,9,07:03:18,07:03:33,0
-vGMBy-ffWWJVczaRlv5z-07:00:00,SYN_106277,10,07:03:40,07:03:55,0
-vGMBy-ffWWJVczaRlv5z-07:00:00,SYN_106278,11,07:04:02,07:04:17,0
-vGMBy-ffWWJVczaRlv5z-07:00:00,SYN_106279,12,07:04:23,07:04:38,0
-vGMBy-ffWWJVczaRlv5z-07:00:00,SYN_106280,13,07:04:57,07:05:12,0
-vGMBy-ffWWJVczaRlv5z-07:00:00,SYN_106281,14,07:05:33,07:05:48,0
-vGMBy-ffWWJVczaRlv5z-07:00:00,SYN_106282,15,07:06:08,07:06:23,0
-vGMBy-ffWWJVczaRlv5z-07:00:00,SYN_106283,16,07:06:43,07:06:58,0
-vGMBy-ffWWJVczaRlv5z-07:00:00,SYN_106284,17,07:07:18,07:07:33,0
-vGMBy-ffWWJVczaRlv5z-07:00:00,SYN_106285,18,07:07:54,07:08:09,0
-vGMBy-ffWWJVczaRlv5z-07:00:00,SYN_106286,19,07:08:29,07:08:44,0
-vGMBy-ffWWJVczaRlv5z-07:00:00,SYN_106287,20,07:09:04,07:09:19,0
-vGMBy-ffWWJVczaRlv5z-07:00:00,SYN_106288,21,07:09:39,07:09:54,0
-vGMBy-ffWWJVczaRlv5z-07:00:00,SYN_106289,22,07:10:02,07:10:17,0
-vGMBy-ffWWJVczaRlv5z-07:00:00,SYN_106290,23,07:10:23,07:10:38,0
-vGMBy-ffWWJVczaRlv5z-07:00:00,SYN_106291,24,07:10:43,07:10:58,0
-vGMBy-ffWWJVczaRlv5z-07:00:00,SYN_106292,25,07:11:03,07:11:18,0
-vGMBy-ffWWJVczaRlv5z-07:00:00,SYN_106293,26,07:11:23,07:11:38,0
-vGMBy-ffWWJVczaRlv5z-07:00:00,SYN_106294,27,07:11:43,07:11:58,0
-vGMBy-ffWWJVczaRlv5z-07:00:00,SYN_106295,28,07:12:03,07:12:18,0
-vGMBy-ffWWJVczaRlv5z-07:00:00,SYN_106296,29,07:12:23,07:12:38,0
-vGMBy-ffWWJVczaRlv5z-07:00:00,SYN_106297,30,07:12:43,07:12:58,0
-vGMBy-ffWWJVczaRlv5z-07:00:00,SYN_106298,31,07:13:03,07:13:18,0
-vGMBy-ffWWJVczaRlv5z-07:00:00,SYN_106299,32,07:13:23,07:13:38,0
-vGMBy-ffWWJVczaRlv5z-07:00:00,SYN_106300,33,07:13:43,07:13:58,0
-vGMBy-ffWWJVczaRlv5z-07:00:00,SYN_106301,34,07:14:03,07:14:18,0
-vGMBy-ffWWJVczaRlv5z-07:00:00,SYN_106302,35,07:14:27,07:14:42,0
-vGMBy-ffWWJVczaRlv5z-07:00:00,SYN_106303,36,07:14:54,07:15:09,0
-vGMBy-ffWWJVczaRlv5z-07:00:00,SYN_106304,37,07:15:21,07:15:36,0
-vGMBy-ffWWJVczaRlv5z-07:00:00,SYN_106305,38,07:15:48,07:16:03,0
-vGMBy-ffWWJVczaRlv5z-07:00:00,SYN_106306,39,07:16:14,07:16:29,0
-vGMBy-ffWWJVczaRlv5z-07:00:00,SYN_106307,40,07:16:41,07:16:56,0
-vGMBy-ffWWJVczaRlv5z-07:00:00,SYN_106308,41,07:17:08,07:17:23,0
-vGMBy-ffWWJVczaRlv5z-07:00:00,SYN_106309,42,07:17:35,07:17:50,0
-vGMBy-ffWWJVczaRlv5z-07:00:00,SYN_106310,43,07:19:18,07:19:33,0
-vGMBy-ffWWJVczaRlv5z-07:00:00,SYN_106311,44,07:21:00,07:21:15,0
-vGMBy-ffWWJVczaRlv5z-07:00:00,SYN_106312,45,07:22:22,07:22:37,0
-vGMBy-ffWWJVczaRlv5z-07:00:00,SYN_106313,46,07:23:43,07:23:58,0
-vGMBy-ffWWJVczaRlv5z-07:00:00,SYN_106314,47,07:25:05,07:25:20,0
z8pSD1wGRKg4oVh4eC0Iw-07:00:00,SYN_106316,0,07:00:06,07:00:21,0
z8pSD1wGRKg4oVh4eC0Iw-07:00:00,SYN_106317,1,07:00:29,07:00:44,0
z8pSD1wGRKg4oVh4eC0Iw-07:00:00,SYN_106318,2,07:00:53,07:01:08,0
z8pSD1wGRKg4oVh4eC0Iw-07:00:00,SYN_106319,3,07:01:16,07:01:31,0
z8pSD1wGRKg4oVh4eC0Iw-07:00:00,SYN_106320,4,07:01:39,07:01:54,0
z8pSD1wGRKg4oVh4eC0Iw-07:00:00,SYN_106321,5,07:02:02,07:02:17,0
z8pSD1wGRKg4oVh4eC0Iw-07:00:00,SYN_106322,6,07:02:25,07:02:40,0
z8pSD1wGRKg4oVh4eC0Iw-07:00:00,SYN_106323,7,07:02:49,07:03:04,0
z8pSD1wGRKg4oVh4eC0Iw-07:00:00,SYN_106324,8,07:03:12,07:03:27,0
z8pSD1wGRKg4oVh4eC0Iw-07:00:00,SYN_106325,9,07:03:35,07:03:50,0
z8pSD1wGRKg4oVh4eC0Iw-07:00:00,SYN_106326,10,07:03:58,07:04:13,0
z8pSD1wGRKg4oVh4eC0Iw-07:00:00,SYN_106327,11,07:04:23,07:04:38,0
z8pSD1wGRKg4oVh4eC0Iw-07:00:00,SYN_106328,12,07:04:47,07:05:02,0
z8pSD1wGRKg4oVh4eC0Iw-07:00:00,SYN_106329,13,07:05:12,07:05:27,0
z8pSD1wGRKg4oVh4eC0Iw-07:00:00,SYN_106330,14,07:05:36,07:05:51,0
z8pSD1wGRKg4oVh4eC0Iw-07:00:00,SYN_106331,15,07:06:54,07:07:09,0
z8pSD1wGRKg4oVh4eC0Iw-07:00:00,SYN_106332,16,07:08:49,07:09:04,0
z8pSD1wGRKg4oVh4eC0Iw-07:00:00,SYN_106333,17,07:10:45,07:11:00,0
z8pSD1wGRKg4oVh4eC0Iw-07:00:00,SYN_106334,18,07:12:40,07:12:55,0
z8pSD1wGRKg4oVh4eC0Iw-07:00:00,SYN_106335,19,07:14:35,07:14:50,0
z8pSD1wGRKg4oVh4eC0Iw-07:00:00,SYN_106336,20,07:16:30,07:16:45,0
r7hUDDmUQxs4nQXOpk7pC-07:00:00,SYN_106342,0,07:00:11,07:00:26,0
r7hUDDmUQxs4nQXOpk7pC-07:00:00,SYN_106343,1,07:00:30,07:00:45,0
r7hUDDmUQxs4nQXOpk7pC-07:00:00,SYN_106344,2,07:00:48,07:01:03,0
r7hUDDmUQxs4nQXOpk7pC-07:00:00,SYN_106345,3,07:01:07,07:01:22,0
r7hUDDmUQxs4nQXOpk7pC-07:00:00,SYN_106346,4,07:01:26,07:01:41,0
r7hUDDmUQxs4nQXOpk7pC-07:00:00,SYN_106347,5,07:01:45,07:02:00,0
r7hUDDmUQxs4nQXOpk7pC-07:00:00,SYN_106348,6,07:02:04,07:02:19,0
r7hUDDmUQxs4nQXOpk7pC-07:00:00,SYN_106349,7,07:02:22,07:02:37,0
r7hUDDmUQxs4nQXOpk7pC-07:00:00,SYN_106350,8,07:02:41,07:02:56,0
r7hUDDmUQxs4nQXOpk7pC-07:00:00,SYN_106351,9,07:03:00,07:03:15,0
r7hUDDmUQxs4nQXOpk7pC-07:00:00,SYN_106352,10,07:03:19,07:03:34,0
r7hUDDmUQxs4nQXOpk7pC-07:00:00,SYN_106353,11,07:03:38,07:03:53,0
r7hUDDmUQxs4nQXOpk7pC-07:00:00,SYN_106354,12,07:03:52,07:04:07,0
r7hUDDmUQxs4nQXOpk7pC-07:00:00,SYN_106355,13,07:04:01,07:04:16,0
r7hUDDmUQxs4nQXOpk7pC-07:00:00,SYN_106356,14,07:04:11,07:04:26,0
r7hUDDmUQxs4nQXOpk7pC-07:00:00,SYN_106357,15,07:04:20,07:04:35,0
r7hUDDmUQxs4nQXOpk7pC-07:00:00,SYN_106358,16,07:04:29,07:04:44,0
r7hUDDmUQxs4nQXOpk7pC-07:00:00,SYN_106359,17,07:04:39,07:04:54,0
r7hUDDmUQxs4nQXOpk7pC-07:00:00,SYN_106360,18,07:04:48,07:05:03,0
r7hUDDmUQxs4nQXOpk7pC-07:00:00,SYN_106361,19,07:04:57,07:05:12,0
r7hUDDmUQxs4nQXOpk7pC-07:00:00,SYN_106362,20,07:05:07,07:05:22,0
r7hUDDmUQxs4nQXOpk7pC-07:00:00,SYN_106363,21,07:05:16,07:05:31,0
r7hUDDmUQxs4nQXOpk7pC-07:00:00,SYN_106364,22,07:05:26,07:05:41,0
r7hUDDmUQxs4nQXOpk7pC-07:00:00,SYN_106365,23,07:05:35,07:05:50,0
r7hUDDmUQxs4nQXOpk7pC-07:00:00,SYN_106366,24,07:05:44,07:05:59,0
r7hUDDmUQxs4nQXOpk7pC-07:00:00,SYN_106367,25,07:05:54,07:06:09,0
r7hUDDmUQxs4nQXOpk7pC-07:00:00,SYN_106368,26,07:06:03,07:06:18,0
r7hUDDmUQxs4nQXOpk7pC-07:00:00,SYN_106369,27,07:06:12,07:06:27,0
r7hUDDmUQxs4nQXOpk7pC-07:00:00,SYN_106370,28,07:06:22,07:06:37,0
r7hUDDmUQxs4nQXOpk7pC-07:00:00,SYN_106371,29,07:06:31,07:06:46,0
r7hUDDmUQxs4nQXOpk7pC-07:00:00,SYN_106372,30,07:06:41,07:06:56,0
r7hUDDmUQxs4nQXOpk7pC-07:00:00,SYN_106373,31,07:06:50,07:07:05,0
r7hUDDmUQxs4nQXOpk7pC-07:00:00,SYN_106374,32,07:06:59,07:07:14,0
r7hUDDmUQxs4nQXOpk7pC-07:00:00,SYN_106375,33,07:07:09,07:07:24,0
r7hUDDmUQxs4nQXOpk7pC-07:00:00,SYN_106376,34,07:07:18,07:07:33,0
r7hUDDmUQxs4nQXOpk7pC-07:00:00,SYN_106377,35,07:07:27,07:07:42,0
r7hUDDmUQxs4nQXOpk7pC-07:00:00,SYN_106378,36,07:07:37,07:07:52,0
r7hUDDmUQxs4nQXOpk7pC-07:00:00,SYN_106379,37,07:07:46,07:08:01,0
r7hUDDmUQxs4nQXOpk7pC-07:00:00,SYN_106380,38,07:07:56,07:08:11,0
r7hUDDmUQxs4nQXOpk7pC-07:00:00,SYN_106381,39,07:08:05,07:08:20,0
r7hUDDmUQxs4nQXOpk7pC-07:00:00,SYN_106382,40,07:08:14,07:08:29,0
r7hUDDmUQxs4nQXOpk7pC-07:00:00,SYN_106383,41,07:08:24,07:08:39,0
r7hUDDmUQxs4nQXOpk7pC-07:00:00,SYN_106384,42,07:08:33,07:08:48,0
r7hUDDmUQxs4nQXOpk7pC-07:00:00,SYN_106385,43,07:08:42,07:08:57,0
r7hUDDmUQxs4nQXOpk7pC-07:00:00,SYN_106386,44,07:08:52,07:09:07,0
r7hUDDmUQxs4nQXOpk7pC-07:00:00,SYN_106387,45,07:09:01,07:09:16,0
r7hUDDmUQxs4nQXOpk7pC-07:00:00,SYN_106388,46,07:09:11,07:09:26,0
r7hUDDmUQxs4nQXOpk7pC-07:00:00,SYN_106389,47,07:09:20,07:09:35,0
r7hUDDmUQxs4nQXOpk7pC-07:00:00,SYN_106390,48,07:09:29,07:09:44,0
r7hUDDmUQxs4nQXOpk7pC-07:00:00,SYN_106391,49,07:09:39,07:09:54,0
r7hUDDmUQxs4nQXOpk7pC-07:00:00,SYN_106392,50,07:09:48,07:10:03,0
r7hUDDmUQxs4nQXOpk7pC-07:00:00,SYN_106393,51,07:09:57,07:10:12,0
r7hUDDmUQxs4nQXOpk7pC-07:00:00,SYN_106394,52,07:10:07,07:10:22,0
r7hUDDmUQxs4nQXOpk7pC-07:00:00,SYN_106395,53,07:10:16,07:10:31,0
r7hUDDmUQxs4nQXOpk7pC-07:00:00,SYN_106396,54,07:10:25,07:10:40,0
r7hUDDmUQxs4nQXOpk7pC-07:00:00,SYN_106397,55,07:10:35,07:10:50,0
r7hUDDmUQxs4nQXOpk7pC-07:00:00,SYN_106398,56,07:10:44,07:10:59,0
r7hUDDmUQxs4nQXOpk7pC-07:00:00,SYN_106399,57,07:10:54,07:11:09,0
r7hUDDmUQxs4nQXOpk7pC-07:00:00,SYN_106400,58,07:11:03,07:11:18,0
r7hUDDmUQxs4nQXOpk7pC-07:00:00,SYN_106401,59,07:11:12,07:11:27,0
r7hUDDmUQxs4nQXOpk7pC-07:00:00,SYN_106402,60,07:11:22,07:11:37,0
r7hUDDmUQxs4nQXOpk7pC-07:00:00,SYN_106403,61,07:11:31,07:11:46,0
r7hUDDmUQxs4nQXOpk7pC-07:00:00,SYN_106404,62,07:11:40,07:11:55,0
r7hUDDmUQxs4nQXOpk7pC-07:00:00,SYN_106405,63,07:11:50,07:12:05,0
r7hUDDmUQxs4nQXOpk7pC-07:00:00,SYN_106406,64,07:11:59,07:12:14,0
r7hUDDmUQxs4nQXOpk7pC-07:00:00,SYN_106407,65,07:12:09,07:12:24,0
r7hUDDmUQxs4nQXOpk7pC-07:00:00,SYN_106408,66,07:12:18,07:12:33,0
r7hUDDmUQxs4nQXOpk7pC-07:00:00,SYN_106409,67,07:12:27,07:12:42,0
r7hUDDmUQxs4nQXOpk7pC-07:00:00,SYN_106410,68,07:12:37,07:12:52,0
r7hUDDmUQxs4nQXOpk7pC-07:00:00,SYN_106411,69,07:12:46,07:13:01,0
r7hUDDmUQxs4nQXOpk7pC-07:00:00,SYN_106412,70,07:12:55,07:13:10,0
r7hUDDmUQxs4nQXOpk7pC-07:00:00,SYN_106413,71,07:13:05,07:13:20,0
r7hUDDmUQxs4nQXOpk7pC-07:00:00,SYN_106414,72,07:13:14,07:13:29,0
r7hUDDmUQxs4nQXOpk7pC-07:00:00,SYN_106415,73,07:13:24,07:13:39,0
r7hUDDmUQxs4nQXOpk7pC-07:00:00,SYN_106416,74,07:13:33,07:13:48,0
r7hUDDmUQxs4nQXOpk7pC-07:00:00,SYN_106417,75,07:13:42,07:13:57,0
r7hUDDmUQxs4nQXOpk7pC-07:00:00,SYN_106418,76,07:13:52,07:14:07,0
r7hUDDmUQxs4nQXOpk7pC-07:00:00,SYN_106419,77,07:14:01,07:14:16,0
r7hUDDmUQxs4nQXOpk7pC-07:00:00,SYN_106420,78,07:14:10,07:14:25,0
r7hUDDmUQxs4nQXOpk7pC-07:00:00,SYN_106421,79,07:14:20,07:14:35,0
r7hUDDmUQxs4nQXOpk7pC-07:00:00,SYN_106422,80,07:14:29,07:14:44,0
r7hUDDmUQxs4nQXOpk7pC-07:00:00,SYN_106423,81,07:14:38,07:14:53,0
r7hUDDmUQxs4nQXOpk7pC-07:00:00,SYN_106424,82,07:14:48,07:15:03,0
r7hUDDmUQxs4nQXOpk7pC-07:00:00,SYN_106425,83,07:14:57,07:15:12,0
r7hUDDmUQxs4nQXOpk7pC-07:00:00,SYN_106426,84,07:15:07,07:15:22,0
r7hUDDmUQxs4nQXOpk7pC-07:00:00,SYN_106427,85,07:15:16,07:15:31,0
r7hUDDmUQxs4nQXOpk7pC-07:00:00,SYN_106428,86,07:15:25,07:15:40,0
r7hUDDmUQxs4nQXOpk7pC-07:00:00,SYN_106429,87,07:15:35,07:15:50,0
r7hUDDmUQxs4nQXOpk7pC-07:00:00,SYN_106430,88,07:15:44,07:15:59,0
r7hUDDmUQxs4nQXOpk7pC-07:00:00,SYN_106431,89,07:15:53,07:16:08,0
r7hUDDmUQxs4nQXOpk7pC-07:00:00,SYN_106432,90,07:16:03,07:16:18,0
r7hUDDmUQxs4nQXOpk7pC-07:00:00,SYN_106433,91,07:16:12,07:16:27,0
r7hUDDmUQxs4nQXOpk7pC-07:00:00,SYN_106434,92,07:16:22,07:16:37,0
r7hUDDmUQxs4nQXOpk7pC-07:00:00,SYN_106435,93,07:16:31,07:16:46,0
r7hUDDmUQxs4nQXOpk7pC-07:00:00,SYN_106436,94,07:16:40,07:16:55,0
r7hUDDmUQxs4nQXOpk7pC-07:00:00,SYN_106437,95,07:16:50,07:17:05,0
r7hUDDmUQxs4nQXOpk7pC-07:00:00,SYN_106438,96,07:16:59,07:17:14,0
r7hUDDmUQxs4nQXOpk7pC-07:00:00,SYN_106439,97,07:17:08,07:17:23,0
r7hUDDmUQxs4nQXOpk7pC-07:00:00,SYN_106440,98,07:17:18,07:17:33,0
r7hUDDmUQxs4nQXOpk7pC-07:00:00,SYN_106441,99,07:17:27,07:17:42,0
r7hUDDmUQxs4nQXOpk7pC-07:00:00,SYN_106442,100,07:17:37,07:17:52,0
r7hUDDmUQxs4nQXOpk7pC-07:00:00,SYN_106443,101,07:17:46,07:18:01,0
r7hUDDmUQxs4nQXOpk7pC-07:00:00,SYN_106444,102,07:17:55,07:18:10,0
r7hUDDmUQxs4nQXOpk7pC-07:00:00,SYN_106445,103,07:18:05,07:18:20,0
r7hUDDmUQxs4nQXOpk7pC-07:00:00,SYN_106446,104,07:18:14,07:18:29,0
r7hUDDmUQxs4nQXOpk7pC-07:00:00,SYN_106447,105,07:18:23,07:18:38,0
r7hUDDmUQxs4nQXOpk7pC-07:00:00,SYN_106448,106,07:18:33,07:18:48,0
r7hUDDmUQxs4nQXOpk7pC-07:00:00,SYN_106449,107,07:18:42,07:18:57,0
r7hUDDmUQxs4nQXOpk7pC-07:00:00,SYN_106450,108,07:18:52,07:19:07,0
r7hUDDmUQxs4nQXOpk7pC-07:00:00,SYN_106451,109,07:19:01,07:19:16,0
r7hUDDmUQxs4nQXOpk7pC-07:00:00,SYN_106452,110,07:19:10,07:19:25,0
r7hUDDmUQxs4nQXOpk7pC-07:00:00,SYN_106453,111,07:19:20,07:19:35,0
r7hUDDmUQxs4nQXOpk7pC-07:00:00,SYN_106454,112,07:19:29,07:19:44,0
r7hUDDmUQxs4nQXOpk7pC-07:00:00,SYN_106455,113,07:19:38,07:19:53,0
r7hUDDmUQxs4nQXOpk7pC-07:00:00,SYN_106456,114,07:19:48,07:20:03,0
r7hUDDmUQxs4nQXOpk7pC-07:00:00,SYN_106457,115,07:19:57,07:20:12,0
r7hUDDmUQxs4nQXOpk7pC-07:00:00,SYN_106458,116,07:20:06,07:20:21,0
r7hUDDmUQxs4nQXOpk7pC-07:00:00,SYN_106459,117,07:20:16,07:20:31,0
r7hUDDmUQxs4nQXOpk7pC-07:00:00,SYN_106460,118,07:20:25,07:20:40,0
r7hUDDmUQxs4nQXOpk7pC-07:00:00,SYN_106461,119,07:20:35,07:20:50,0
r7hUDDmUQxs4nQXOpk7pC-07:00:00,SYN_106462,120,07:20:44,07:20:59,0
r7hUDDmUQxs4nQXOpk7pC-07:00:00,SYN_106463,121,07:20:53,07:21:08,0
r7hUDDmUQxs4nQXOpk7pC-07:00:00,SYN_106464,122,07:21:03,07:21:18,0
r7hUDDmUQxs4nQXOpk7pC-07:00:00,SYN_106465,123,07:21:16,07:21:31,0
r7hUDDmUQxs4nQXOpk7pC-07:00:00,SYN_106466,124,07:21:37,07:21:52,0
r7hUDDmUQxs4nQXOpk7pC-07:00:00,SYN_106467,125,07:21:57,07:22:12,0
r7hUDDmUQxs4nQXOpk7pC-07:00:00,SYN_106468,126,07:22:17,07:22:32,0
r7hUDDmUQxs4nQXOpk7pC-07:00:00,SYN_106469,127,07:22:38,07:22:53,0
r7hUDDmUQxs4nQXOpk7pC-07:00:00,SYN_106470,128,07:22:58,07:23:13,0
r7hUDDmUQxs4nQXOpk7pC-07:00:00,SYN_106471,129,07:23:18,07:23:33,0
r7hUDDmUQxs4nQXOpk7pC-07:00:00,SYN_106472,130,07:23:39,07:23:54,0
r7hUDDmUQxs4nQXOpk7pC-07:00:00,SYN_106473,131,07:24:00,07:24:15,0
r7hUDDmUQxs4nQXOpk7pC-07:00:00,SYN_106474,132,07:24:34,07:24:49,0
r7hUDDmUQxs4nQXOpk7pC-07:00:00,SYN_106475,133,07:25:08,07:25:23,0
r7hUDDmUQxs4nQXOpk7pC-07:00:00,SYN_106476,134,07:25:42,07:25:57,0
r7hUDDmUQxs4nQXOpk7pC-07:00:00,SYN_106477,135,07:26:15,07:26:30,0
r7hUDDmUQxs4nQXOpk7pC-07:00:00,SYN_106478,136,07:26:49,07:27:04,0
r7hUDDmUQxs4nQXOpk7pC-07:00:00,SYN_106479,137,07:27:22,07:27:37,0
r7hUDDmUQxs4nQXOpk7pC-07:00:00,SYN_106480,138,07:27:53,07:28:08,0
r7hUDDmUQxs4nQXOpk7pC-07:00:00,SYN_106481,139,07:28:25,07:28:40,0
r7hUDDmUQxs4nQXOpk7pC-07:00:00,SYN_106482,140,07:29:04,07:29:19,0
r7hUDDmUQxs4nQXOpk7pC-07:00:00,SYN_106483,141,07:29:44,07:29:59,0
r7hUDDmUQxs4nQXOpk7pC-07:00:00,SYN_106484,142,07:30:24,07:30:39,0
r7hUDDmUQxs4nQXOpk7pC-07:00:00,SYN_106485,143,07:31:03,07:31:18,0
r7hUDDmUQxs4nQXOpk7pC-07:00:00,SYN_106486,144,07:31:43,07:31:58,0
r7hUDDmUQxs4nQXOpk7pC-07:00:00,SYN_106487,145,07:32:22,07:32:37,0
r7hUDDmUQxs4nQXOpk7pC-07:00:00,SYN_106488,146,07:33:02,07:33:17,0
r7hUDDmUQxs4nQXOpk7pC-07:00:00,SYN_106489,147,07:33:41,07:33:56,0
r7hUDDmUQxs4nQXOpk7pC-07:00:00,SYN_106490,148,07:35:38,07:35:53,0
r7hUDDmUQxs4nQXOpk7pC-07:00:00,SYN_106491,149,07:37:13,07:37:28,0
r7hUDDmUQxs4nQXOpk7pC-07:00:00,SYN_106492,150,07:37:46,07:38:01,0
r7hUDDmUQxs4nQXOpk7pC-07:00:00,SYN_106493,151,07:38:20,07:38:35,0
r7hUDDmUQxs4nQXOpk7pC-07:00:00,SYN_106494,152,07:38:55,07:39:10,0
r7hUDDmUQxs4nQXOpk7pC-07:00:00,SYN_106495,153,07:39:29,07:39:44,0
r7hUDDmUQxs4nQXOpk7pC-07:00:00,SYN_106496,154,07:40:01,07:40:16,0
r7hUDDmUQxs4nQXOpk7pC-07:00:00,SYN_106497,155,07:40:32,07:40:47,0
r7hUDDmUQxs4nQXOpk7pC-07:00:00,SYN_106498,156,07:41:03,07:41:18,0
r7hUDDmUQxs4nQXOpk7pC-07:00:00,SYN_106499,157,07:41:34,07:41:49,0
r7hUDDmUQxs4nQXOpk7pC-07:00:00,SYN_106500,158,07:42:05,07:42:20,0
r7hUDDmUQxs4nQXOpk7pC-07:00:00,SYN_106501,159,07:42:39,07:42:54,0
r7hUDDmUQxs4nQXOpk7pC-07:00:00,SYN_106502,160,07:43:22,07:43:37,0
r7hUDDmUQxs4nQXOpk7pC-07:00:00,SYN_106503,161,07:44:04,07:44:19,0
r7hUDDmUQxs4nQXOpk7pC-07:00:00,SYN_106504,162,07:44:47,07:45:02,0
r7hUDDmUQxs4nQXOpk7pC-07:00:00,SYN_106505,163,07:46:27,07:46:42,0
r7hUDDmUQxs4nQXOpk7pC-07:00:00,SYN_106506,164,07:47:41,07:47:56,0
r7hUDDmUQxs4nQXOpk7pC-07:00:00,SYN_106507,165,07:48:00,07:48:15,0
r7hUDDmUQxs4nQXOpk7pC-07:00:00,SYN_106508,166,07:48:19,07:48:34,0
r7hUDDmUQxs4nQXOpk7pC-07:00:00,SYN_106509,167,07:48:38,07:48:53,0
r7hUDDmUQxs4nQXOpk7pC-07:00:00,SYN_106510,168,07:48:57,07:49:12,0
r7hUDDmUQxs4nQXOpk7pC-07:00:00,SYN_106511,169,07:49:17,07:49:32,0
r7hUDDmUQxs4nQXOpk7pC-07:00:00,SYN_106512,170,07:49:36,07:49:51,0
r7hUDDmUQxs4nQXOpk7pC-07:00:00,SYN_106513,171,07:49:55,07:50:10,0
r7hUDDmUQxs4nQXOpk7pC-07:00:00,SYN_106514,172,07:50:14,07:50:29,0
r7hUDDmUQxs4nQXOpk7pC-07:00:00,SYN_106515,173,07:50:33,07:50:48,0
r7hUDDmUQxs4nQXOpk7pC-07:00:00,SYN_106516,174,07:50:53,07:51:08,0
r7hUDDmUQxs4nQXOpk7pC-07:00:00,SYN_106517,175,07:51:12,07:51:27,0
YhJAaZa87Cn-vbr4gAMuB-07:00:00,SYN_106519,0,07:00:13,07:00:28,0
YhJAaZa87Cn-vbr4gAMuB-07:00:00,SYN_106520,1,07:00:33,07:00:48,0
YhJAaZa87Cn-vbr4gAMuB-07:00:00,SYN_106521,2,07:00:53,07:01:08,0
YhJAaZa87Cn-vbr4gAMuB-07:00:00,SYN_106522,3,07:01:13,07:01:28,0
YhJAaZa87Cn-vbr4gAMuB-07:00:00,SYN_106523,4,07:01:33,07:01:48,0
YhJAaZa87Cn-vbr4gAMuB-07:00:00,SYN_106524,5,07:01:53,07:02:08,0
YhJAaZa87Cn-vbr4gAMuB-07:00:00,SYN_106525,6,07:02:13,07:02:28,0
YhJAaZa87Cn-vbr4gAMuB-07:00:00,SYN_106526,7,07:02:33,07:02:48,0
YhJAaZa87Cn-vbr4gAMuB-07:00:00,SYN_106527,8,07:02:53,07:03:08,0
YhJAaZa87Cn-vbr4gAMuB-07:00:00,SYN_106528,9,07:03:13,07:03:28,0
YhJAaZa87Cn-vbr4gAMuB-07:00:00,SYN_106529,10,07:03:34,07:03:49,0
YhJAaZa87Cn-vbr4gAMuB-07:00:00,SYN_106530,11,07:03:54,07:04:09,0
YhJAaZa87Cn-vbr4gAMuB-07:00:00,SYN_106531,12,07:04:14,07:04:29,0
YhJAaZa87Cn-vbr4gAMuB-07:00:00,SYN_106532,13,07:04:34,07:04:49,0
YhJAaZa87Cn-vbr4gAMuB-07:00:00,SYN_106533,14,07:04:54,07:05:09,0
YhJAaZa87Cn-vbr4gAMuB-07:00:00,SYN_106534,15,07:05:14,07:05:29,0
YhJAaZa87Cn-vbr4gAMuB-07:00:00,SYN_106535,16,07:05:34,07:05:49,0
YhJAaZa87Cn-vbr4gAMuB-07:00:00,SYN_106536,17,07:05:54,07:06:09,0
YhJAaZa87Cn-vbr4gAMuB-07:00:00,SYN_106537,18,07:06:14,07:06:29,0
YhJAaZa87Cn-vbr4gAMuB-07:00:00,SYN_106538,19,07:06:34,07:06:49,0
YhJAaZa87Cn-vbr4gAMuB-07:00:00,SYN_106539,20,07:06:54,07:07:09,0
YhJAaZa87Cn-vbr4gAMuB-07:00:00,SYN_106540,21,07:07:14,07:07:29,0
YhJAaZa87Cn-vbr4gAMuB-07:00:00,SYN_106541,22,07:07:34,07:07:49,0
YhJAaZa87Cn-vbr4gAMuB-07:00:00,SYN_106542,23,07:07:54,07:08:09,0
YhJAaZa87Cn-vbr4gAMuB-07:00:00,SYN_106543,24,07:08:14,07:08:29,0
YhJAaZa87Cn-vbr4gAMuB-07:00:00,SYN_106544,25,07:08:34,07:08:49,0
YhJAaZa87Cn-vbr4gAMuB-07:00:00,SYN_106545,26,07:08:54,07:09:09,0
YhJAaZa87Cn-vbr4gAMuB-07:00:00,SYN_106546,27,07:09:15,07:09:30,0
YhJAaZa87Cn-vbr4gAMuB-07:00:00,SYN_106547,28,07:09:35,07:09:50,0
YhJAaZa87Cn-vbr4gAMuB-07:00:00,SYN_106548,29,07:09:55,07:10:10,0
YhJAaZa87Cn-vbr4gAMuB-07:00:00,SYN_106549,30,07:10:15,07:10:30,0
YhJAaZa87Cn-vbr4gAMuB-07:00:00,SYN_106550,31,07:10:35,07:10:50,0
YhJAaZa87Cn-vbr4gAMuB-07:00:00,SYN_106551,32,07:10:55,07:11:10,0
YhJAaZa87Cn-vbr4gAMuB-07:00:00,SYN_106552,33,07:11:15,07:11:30,0
YhJAaZa87Cn-vbr4gAMuB-07:00:00,SYN_106553,34,07:11:35,07:11:50,0
YhJAaZa87Cn-vbr4gAMuB-07:00:00,SYN_106554,35,07:11:55,07:12:10,0
YhJAaZa87Cn-vbr4gAMuB-07:00:00,SYN_106555,36,07:12:15,07:12:30,0
YhJAaZa87Cn-vbr4gAMuB-07:00:00,SYN_106556,37,07:12:35,07:12:50,0
YhJAaZa87Cn-vbr4gAMuB-07:00:00,SYN_106557,38,07:12:55,07:13:10,0
YhJAaZa87Cn-vbr4gAMuB-07:00:00,SYN_106558,39,07:13:15,07:13:30,0
YhJAaZa87Cn-vbr4gAMuB-07:00:00,SYN_106559,40,07:13:35,07:13:50,0
YhJAaZa87Cn-vbr4gAMuB-07:00:00,SYN_106560,41,07:13:55,07:14:10,0
YhJAaZa87Cn-vbr4gAMuB-07:00:00,SYN_106561,42,07:14:15,07:14:30,0
YhJAaZa87Cn-vbr4gAMuB-07:00:00,SYN_106562,43,07:14:35,07:14:50,0
YhJAaZa87Cn-vbr4gAMuB-07:00:00,SYN_106563,44,07:14:56,07:15:11,0
YhJAaZa87Cn-vbr4gAMuB-07:00:00,SYN_106564,45,07:15:16,07:15:31,0
YhJAaZa87Cn-vbr4gAMuB-07:00:00,SYN_106565,46,07:15:36,07:15:51,0
YhJAaZa87Cn-vbr4gAMuB-07:00:00,SYN_106566,47,07:15:56,07:16:11,0
YhJAaZa87Cn-vbr4gAMuB-07:00:00,SYN_106567,48,07:16:16,07:16:31,0
YhJAaZa87Cn-vbr4gAMuB-07:00:00,SYN_106568,49,07:16:36,07:16:51,0
YhJAaZa87Cn-vbr4gAMuB-07:00:00,SYN_106569,50,07:16:56,07:17:11,0
YhJAaZa87Cn-vbr4gAMuB-07:00:00,SYN_106570,51,07:17:16,07:17:31,0
YhJAaZa87Cn-vbr4gAMuB-07:00:00,SYN_106571,52,07:17:36,07:17:51,0
YhJAaZa87Cn-vbr4gAMuB-07:00:00,SYN_106572,53,07:17:56,07:18:11,0
YhJAaZa87Cn-vbr4gAMuB-07:00:00,SYN_106573,54,07:18:16,07:18:31,0
YhJAaZa87Cn-vbr4gAMuB-07:00:00,SYN_106574,55,07:18:36,07:18:51,0
YhJAaZa87Cn-vbr4gAMuB-07:00:00,SYN_106575,56,07:18:56,07:19:11,0
YhJAaZa87Cn-vbr4gAMuB-07:00:00,SYN_106576,57,07:19:16,07:19:31,0
YhJAaZa87Cn-vbr4gAMuB-07:00:00,SYN_106577,58,07:19:36,07:19:51,0
YhJAaZa87Cn-vbr4gAMuB-07:00:00,SYN_106578,59,07:19:56,07:20:11,0
YhJAaZa87Cn-vbr4gAMuB-07:00:00,SYN_106579,60,07:20:16,07:20:31,0
YhJAaZa87Cn-vbr4gAMuB-07:00:00,SYN_106580,61,07:20:37,07:20:52,0
YhJAaZa87Cn-vbr4gAMuB-07:00:00,SYN_106581,62,07:20:57,07:21:12,0
YhJAaZa87Cn-vbr4gAMuB-07:00:00,SYN_106582,63,07:21:17,07:21:32,0
YhJAaZa87Cn-vbr4gAMuB-07:00:00,SYN_106583,64,07:21:37,07:21:52,0
YhJAaZa87Cn-vbr4gAMuB-07:00:00,SYN_106584,65,07:21:57,07:22:12,0
YhJAaZa87Cn-vbr4gAMuB-07:00:00,SYN_106585,66,07:22:17,07:22:32,0
YhJAaZa87Cn-vbr4gAMuB-07:00:00,SYN_106586,67,07:22:37,07:22:52,0
YhJAaZa87Cn-vbr4gAMuB-07:00:00,SYN_106587,68,07:22:57,07:23:12,0
YhJAaZa87Cn-vbr4gAMuB-07:00:00,SYN_106588,69,07:23:17,07:23:32,0
YhJAaZa87Cn-vbr4gAMuB-07:00:00,SYN_106589,70,07:23:37,07:23:52,0
YhJAaZa87Cn-vbr4gAMuB-07:00:00,SYN_106590,71,07:23:57,07:24:12,0
YhJAaZa87Cn-vbr4gAMuB-07:00:00,SYN_106591,72,07:24:17,07:24:32,0
YhJAaZa87Cn-vbr4gAMuB-07:00:00,SYN_106592,73,07:24:37,07:24:52,0
YhJAaZa87Cn-vbr4gAMuB-07:00:00,SYN_106593,74,07:24:57,07:25:12,0
YhJAaZa87Cn-vbr4gAMuB-07:00:00,SYN_106594,75,07:25:17,07:25:32,0
YhJAaZa87Cn-vbr4gAMuB-07:00:00,SYN_106595,76,07:25:37,07:25:52,0
YhJAaZa87Cn-vbr4gAMuB-07:00:00,SYN_106596,77,07:25:57,07:26:12,0
YhJAaZa87Cn-vbr4gAMuB-07:00:00,SYN_106597,78,07:26:18,07:26:33,0
YhJAaZa87Cn-vbr4gAMuB-07:00:00,SYN_106598,79,07:26:38,07:26:53,0
YhJAaZa87Cn-vbr4gAMuB-07:00:00,SYN_106599,80,07:26:58,07:27:13,0
YhJAaZa87Cn-vbr4gAMuB-07:00:00,SYN_106600,81,07:27:18,07:27:33,0
YhJAaZa87Cn-vbr4gAMuB-07:00:00,SYN_106601,82,07:27:38,07:27:53,0
YhJAaZa87Cn-vbr4gAMuB-07:00:00,SYN_106602,83,07:27:58,07:28:13,0
YhJAaZa87Cn-vbr4gAMuB-07:00:00,SYN_106603,84,07:28:18,07:28:33,0
YhJAaZa87Cn-vbr4gAMuB-07:00:00,SYN_106604,85,07:28:38,07:28:53,0
YhJAaZa87Cn-vbr4gAMuB-07:00:00,SYN_106605,86,07:28:58,07:29:13,0
YhJAaZa87Cn-vbr4gAMuB-07:00:00,SYN_106606,87,07:29:18,07:29:33,0
YhJAaZa87Cn-vbr4gAMuB-07:00:00,SYN_106607,88,07:29:38,07:29:53,0
YhJAaZa87Cn-vbr4gAMuB-07:00:00,SYN_106608,89,07:29:58,07:30:13,0
YhJAaZa87Cn-vbr4gAMuB-07:00:00,SYN_106609,90,07:30:18,07:30:33,0
YhJAaZa87Cn-vbr4gAMuB-07:00:00,SYN_106610,91,07:30:38,07:30:53,0
YhJAaZa87Cn-vbr4gAMuB-07:00:00,SYN_106611,92,07:30:58,07:31:13,0
YhJAaZa87Cn-vbr4gAMuB-07:00:00,SYN_106612,93,07:31:18,07:31:33,0
YhJAaZa87Cn-vbr4gAMuB-07:00:00,SYN_106613,94,07:31:38,07:31:53,0
YhJAaZa87Cn-vbr4gAMuB-07:00:00,SYN_106614,95,07:31:59,07:32:14,0
YhJAaZa87Cn-vbr4gAMuB-07:00:00,SYN_106615,96,07:32:19,07:32:34,0
YhJAaZa87Cn-vbr4gAMuB-07:00:00,SYN_106616,97,07:32:39,07:32:54,0
YhJAaZa87Cn-vbr4gAMuB-07:00:00,SYN_106617,98,07:32:59,07:33:14,0
YhJAaZa87Cn-vbr4gAMuB-07:00:00,SYN_106618,99,07:33:19,07:33:34,0
YhJAaZa87Cn-vbr4gAMuB-07:00:00,SYN_106619,100,07:33:39,07:33:54,0
YhJAaZa87Cn-vbr4gAMuB-07:00:00,SYN_106620,101,07:33:59,07:34:14,0
YhJAaZa87Cn-vbr4gAMuB-07:00:00,SYN_106621,102,07:34:19,07:34:34,0
YhJAaZa87Cn-vbr4gAMuB-07:00:00,SYN_106622,103,07:34:39,07:34:54,0
YhJAaZa87Cn-vbr4gAMuB-07:00:00,SYN_106623,104,07:34:59,07:35:14,0
YhJAaZa87Cn-vbr4gAMuB-07:00:00,SYN_106624,105,07:35:29,07:35:44,0
YhJAaZa87Cn-vbr4gAMuB-07:00:00,SYN_106625,106,07:36:02,07:36:17,0
YhJAaZa87Cn-vbr4gAMuB-07:00:00,SYN_106626,107,07:36:36,07:36:51,0
YhJAaZa87Cn-vbr4gAMuB-07:00:00,SYN_106627,108,07:37:00,07:37:15,0
YhJAaZa87Cn-vbr4gAMuB-07:00:00,SYN_106628,109,07:37:13,07:37:28,0
YhJAaZa87Cn-vbr4gAMuB-07:00:00,SYN_106629,110,07:37:27,07:37:42,0
YhJAaZa87Cn-vbr4gAMuB-07:00:00,SYN_106630,111,07:37:40,07:37:55,0
YhJAaZa87Cn-vbr4gAMuB-07:00:00,SYN_106631,112,07:37:54,07:38:09,0
YhJAaZa87Cn-vbr4gAMuB-07:00:00,SYN_106632,113,07:39:09,07:39:24,0
YhJAaZa87Cn-vbr4gAMuB-07:00:00,SYN_106633,114,07:39:39,07:39:54,0
ZBtB-FXg8HG9MZ8swYNuQ-07:00:00,SYN_106635,0,07:01:27,07:01:42,0
ZBtB-FXg8HG9MZ8swYNuQ-07:00:00,SYN_106636,1,07:02:54,07:03:09,0
ZBtB-FXg8HG9MZ8swYNuQ-07:00:00,SYN_106637,2,07:04:21,07:04:36,0
ZBtB-FXg8HG9MZ8swYNuQ-07:00:00,SYN_106638,3,07:05:45,07:06:00,0
ZBtB-FXg8HG9MZ8swYNuQ-07:00:00,SYN_106639,4,07:06:26,07:06:41,0
ZBtB-FXg8HG9MZ8swYNuQ-07:00:00,SYN_106640,5,07:07:06,07:07:21,0
ZBtB-FXg8HG9MZ8swYNuQ-07:00:00,SYN_106641,6,07:07:47,07:08:02,0
ZBtB-FXg8HG9MZ8swYNuQ-07:00:00,SYN_106642,7,07:08:28,07:08:43,0
ZBtB-FXg8HG9MZ8swYNuQ-07:00:00,SYN_106643,8,07:08:52,07:09:07,0
ZBtB-FXg8HG9MZ8swYNuQ-07:00:00,SYN_106644,9,07:09:13,07:09:28,0
ZBtB-FXg8HG9MZ8swYNuQ-07:00:00,SYN_106645,10,07:09:35,07:09:50,0
ZBtB-FXg8HG9MZ8swYNuQ-07:00:00,SYN_106646,11,07:09:56,07:10:11,0
ZBtB-FXg8HG9MZ8swYNuQ-07:00:00,SYN_106647,12,07:10:17,07:10:32,0
ZBtB-FXg8HG9MZ8swYNuQ-07:00:00,SYN_106648,13,07:10:39,07:10:54,0
ZBtB-FXg8HG9MZ8swYNuQ-07:00:00,SYN_106649,14,07:11:00,07:11:15,0
ZBtB-FXg8HG9MZ8swYNuQ-07:00:00,SYN_106650,15,07:11:21,07:11:36,0
ZBtB-FXg8HG9MZ8swYNuQ-07:00:00,SYN_106651,16,07:11:42,07:11:57,0
ZBtB-FXg8HG9MZ8swYNuQ-07:00:00,SYN_106652,17,07:12:05,07:12:20,0
ZBtB-FXg8HG9MZ8swYNuQ-07:00:00,SYN_106653,18,07:12:31,07:12:46,0
ZBtB-FXg8HG9MZ8swYNuQ-07:00:00,SYN_106654,19,07:12:56,07:13:11,0
ZBtB-FXg8HG9MZ8swYNuQ-07:00:00,SYN_106655,20,07:13:21,07:13:36,0
ZBtB-FXg8HG9MZ8swYNuQ-07:00:00,SYN_106656,21,07:13:47,07:14:02,0
ZBtB-FXg8HG9MZ8swYNuQ-07:00:00,SYN_106657,22,07:14:12,07:14:27,0
ZBtB-FXg8HG9MZ8swYNuQ-07:00:00,SYN_106658,23,07:14:37,07:14:52,0
ZBtB-FXg8HG9MZ8swYNuQ-07:00:00,SYN_106659,24,07:15:03,07:15:18,0
ZBtB-FXg8HG9MZ8swYNuQ-07:00:00,SYN_106660,25,07:15:28,07:15:43,0
ZBtB-FXg8HG9MZ8swYNuQ-07:00:00,SYN_106661,26,07:15:51,07:16:06,0
ZBtB-FXg8HG9MZ8swYNuQ-07:00:00,SYN_106662,27,07:16:13,07:16:28,0
ZBtB-FXg8HG9MZ8swYNuQ-07:00:00,SYN_106663,28,07:16:35,07:16:50,0
ZBtB-FXg8HG9MZ8swYNuQ-07:00:00,SYN_106664,29,07:16:58,07:17:13,0
ZBtB-FXg8HG9MZ8swYNuQ-07:00:00,SYN_106665,30,07:17:20,07:17:35,0
ZBtB-FXg8HG9MZ8swYNuQ-07:00:00,SYN_106666,31,07:17:42,07:17:57,0
ZBtB-FXg8HG9MZ8swYNuQ-07:00:00,SYN_106667,32,07:18:04,07:18:19,0
ZBtB-FXg8HG9MZ8swYNuQ-07:00:00,SYN_106668,33,07:18:26,07:18:41,0
ZBtB-FXg8HG9MZ8swYNuQ-07:00:00,SYN_106669,34,07:18:48,07:19:03,0
ZBtB-FXg8HG9MZ8swYNuQ-07:00:00,SYN_106670,35,07:19:10,07:19:25,0
ZBtB-FXg8HG9MZ8swYNuQ-07:00:00,SYN_106671,36,07:19:32,07:19:47,0
ZBtB-FXg8HG9MZ8swYNuQ-07:00:00,SYN_106672,37,07:19:54,07:20:09,0
ZBtB-FXg8HG9MZ8swYNuQ-07:00:00,SYN_106673,38,07:20:15,07:20:30,0
ZBtB-FXg8HG9MZ8swYNuQ-07:00:00,SYN_106674,39,07:20:35,07:20:50,0
ZBtB-FXg8HG9MZ8swYNuQ-07:00:00,SYN_106675,40,07:20:55,07:21:10,0
ZBtB-FXg8HG9MZ8swYNuQ-07:00:00,SYN_106676,41,07:21:15,07:21:30,0
ZBtB-FXg8HG9MZ8swYNuQ-07:00:00,SYN_106677,42,07:21:35,07:21:50,0
ZBtB-FXg8HG9MZ8swYNuQ-07:00:00,SYN_106678,43,07:21:55,07:22:10,0
ZBtB-FXg8HG9MZ8swYNuQ-07:00:00,SYN_106679,44,07:22:15,07:22:30,0
ZBtB-FXg8HG9MZ8swYNuQ-07:00:00,SYN_106680,45,07:22:35,07:22:50,0
ZBtB-FXg8HG9MZ8swYNuQ-07:00:00,SYN_106681,46,07:22:56,07:23:11,0
ZBtB-FXg8HG9MZ8swYNuQ-07:00:00,SYN_106682,47,07:23:16,07:23:31,0
ZBtB-FXg8HG9MZ8swYNuQ-07:00:00,SYN_106683,48,07:23:36,07:23:51,0
ZBtB-FXg8HG9MZ8swYNuQ-07:00:00,SYN_106684,49,07:23:56,07:24:11,0
ZBtB-FXg8HG9MZ8swYNuQ-07:00:00,SYN_106685,50,07:24:16,07:24:31,0
ZBtB-FXg8HG9MZ8swYNuQ-07:00:00,SYN_106686,51,07:24:36,07:24:51,0
ZBtB-FXg8HG9MZ8swYNuQ-07:00:00,SYN_106687,52,07:24:56,07:25:11,0
ZBtB-FXg8HG9MZ8swYNuQ-07:00:00,SYN_106688,53,07:25:16,07:25:31,0
ZBtB-FXg8HG9MZ8swYNuQ-07:00:00,SYN_106689,54,07:25:36,07:25:51,0
ZBtB-FXg8HG9MZ8swYNuQ-07:00:00,SYN_106690,55,07:25:57,07:26:12,0
ZBtB-FXg8HG9MZ8swYNuQ-07:00:00,SYN_106691,56,07:26:17,07:26:32,0
ZBtB-FXg8HG9MZ8swYNuQ-07:00:00,SYN_106692,57,07:26:37,07:26:52,0
ZBtB-FXg8HG9MZ8swYNuQ-07:00:00,SYN_106693,58,07:26:57,07:27:12,0
ZBtB-FXg8HG9MZ8swYNuQ-07:00:00,SYN_106694,59,07:27:17,07:27:32,0
ZBtB-FXg8HG9MZ8swYNuQ-07:00:00,SYN_106695,60,07:27:37,07:27:52,0
ZBtB-FXg8HG9MZ8swYNuQ-07:00:00,SYN_106696,61,07:27:57,07:28:12,0
ZBtB-FXg8HG9MZ8swYNuQ-07:00:00,SYN_106697,62,07:28:17,07:28:32,0
ZBtB-FXg8HG9MZ8swYNuQ-07:00:00,SYN_106698,63,07:28:38,07:28:53,0
ZBtB-FXg8HG9MZ8swYNuQ-07:00:00,SYN_106699,64,07:28:58,07:29:13,0
ZBtB-FXg8HG9MZ8swYNuQ-07:00:00,SYN_106700,65,07:29:18,07:29:33,0
ZBtB-FXg8HG9MZ8swYNuQ-07:00:00,SYN_106701,66,07:29:38,07:29:53,0
ZBtB-FXg8HG9MZ8swYNuQ-07:00:00,SYN_106702,67,07:29:58,07:30:13,0
ZBtB-FXg8HG9MZ8swYNuQ-07:00:00,SYN_106703,68,07:30:18,07:30:33,0
ZBtB-FXg8HG9MZ8swYNuQ-07:00:00,SYN_106704,69,07:30:38,07:30:53,0
ZBtB-FXg8HG9MZ8swYNuQ-07:00:00,SYN_106705,70,07:30:58,07:31:13,0
ZBtB-FXg8HG9MZ8swYNuQ-07:00:00,SYN_106706,71,07:31:18,07:31:33,0
ZBtB-FXg8HG9MZ8swYNuQ-07:00:00,SYN_106707,72,07:31:39,07:31:54,0
ZBtB-FXg8HG9MZ8swYNuQ-07:00:00,SYN_106708,73,07:31:59,07:32:14,0
ZBtB-FXg8HG9MZ8swYNuQ-07:00:00,SYN_106709,74,07:32:19,07:32:34,0
ZBtB-FXg8HG9MZ8swYNuQ-07:00:00,SYN_106710,75,07:32:39,07:32:54,0
ZBtB-FXg8HG9MZ8swYNuQ-07:00:00,SYN_106711,76,07:32:59,07:33:14,0
ZBtB-FXg8HG9MZ8swYNuQ-07:00:00,SYN_106712,77,07:33:19,07:33:34,0
ZBtB-FXg8HG9MZ8swYNuQ-07:00:00,SYN_106713,78,07:33:39,07:33:54,0
ZBtB-FXg8HG9MZ8swYNuQ-07:00:00,SYN_106714,79,07:33:59,07:34:14,0
ZBtB-FXg8HG9MZ8swYNuQ-07:00:00,SYN_106715,80,07:34:20,07:34:35,0
ZBtB-FXg8HG9MZ8swYNuQ-07:00:00,SYN_106716,81,07:34:40,07:34:55,0
ZBtB-FXg8HG9MZ8swYNuQ-07:00:00,SYN_106717,82,07:35:00,07:35:15,0
ZBtB-FXg8HG9MZ8swYNuQ-07:00:00,SYN_106718,83,07:35:20,07:35:35,0
ZBtB-FXg8HG9MZ8swYNuQ-07:00:00,SYN_106719,84,07:35:40,07:35:55,0
ZBtB-FXg8HG9MZ8swYNuQ-07:00:00,SYN_106720,85,07:36:00,07:36:15,0
ZBtB-FXg8HG9MZ8swYNuQ-07:00:00,SYN_106721,86,07:36:20,07:36:35,0
ZBtB-FXg8HG9MZ8swYNuQ-07:00:00,SYN_106722,87,07:36:40,07:36:55,0
ZBtB-FXg8HG9MZ8swYNuQ-07:00:00,SYN_106723,88,07:37:00,07:37:15,0
ZBtB-FXg8HG9MZ8swYNuQ-07:00:00,SYN_106724,89,07:37:21,07:37:36,0
ZBtB-FXg8HG9MZ8swYNuQ-07:00:00,SYN_106725,90,07:37:41,07:37:56,0
ZBtB-FXg8HG9MZ8swYNuQ-07:00:00,SYN_106726,91,07:38:01,07:38:16,0
ZBtB-FXg8HG9MZ8swYNuQ-07:00:00,SYN_106727,92,07:38:21,07:38:36,0
ZBtB-FXg8HG9MZ8swYNuQ-07:00:00,SYN_106728,93,07:38:41,07:38:56,0
ZBtB-FXg8HG9MZ8swYNuQ-07:00:00,SYN_106729,94,07:39:01,07:39:16,0
ZBtB-FXg8HG9MZ8swYNuQ-07:00:00,SYN_106730,95,07:39:21,07:39:36,0
ZBtB-FXg8HG9MZ8swYNuQ-07:00:00,SYN_106731,96,07:39:41,07:39:56,0
ZBtB-FXg8HG9MZ8swYNuQ-07:00:00,SYN_106732,97,07:40:02,07:40:17,0
ZBtB-FXg8HG9MZ8swYNuQ-07:00:00,SYN_106733,98,07:40:22,07:40:37,0
ZBtB-FXg8HG9MZ8swYNuQ-07:00:00,SYN_106734,99,07:40:42,07:40:57,0
ZBtB-FXg8HG9MZ8swYNuQ-07:00:00,SYN_106735,100,07:41:02,07:41:17,0
ZBtB-FXg8HG9MZ8swYNuQ-07:00:00,SYN_106736,101,07:41:22,07:41:37,0
ZBtB-FXg8HG9MZ8swYNuQ-07:00:00,SYN_106737,102,07:41:42,07:41:57,0
ZBtB-FXg8HG9MZ8swYNuQ-07:00:00,SYN_106738,103,07:42:02,07:42:17,0
ZBtB-FXg8HG9MZ8swYNuQ-07:00:00,SYN_106739,104,07:42:22,07:42:37,0
ZBtB-FXg8HG9MZ8swYNuQ-07:00:00,SYN_106740,105,07:42:43,07:42:58,0
ZBtB-FXg8HG9MZ8swYNuQ-07:00:00,SYN_106741,106,07:43:03,07:43:18,0
ZBtB-FXg8HG9MZ8swYNuQ-07:00:00,SYN_106742,107,07:43:23,07:43:38,0
ZBtB-FXg8HG9MZ8swYNuQ-07:00:00,SYN_106743,108,07:43:43,07:43:58,0
ZBtB-FXg8HG9MZ8swYNuQ-07:00:00,SYN_106744,109,07:44:03,07:44:18,0
ZBtB-FXg8HG9MZ8swYNuQ-07:00:00,SYN_106745,110,07:44:21,07:44:36,0
ZBtB-FXg8HG9MZ8swYNuQ-07:00:00,SYN_106746,111,07:44:39,07:44:54,0
ZBtB-FXg8HG9MZ8swYNuQ-07:00:00,SYN_106747,112,07:44:57,07:45:12,0
ZBtB-FXg8HG9MZ8swYNuQ-07:00:00,SYN_106748,113,07:45:14,07:45:29,0
ZBtB-FXg8HG9MZ8swYNuQ-07:00:00,SYN_106749,114,07:45:32,07:45:47,0
ZBtB-FXg8HG9MZ8swYNuQ-07:00:00,SYN_106750,115,07:46:12,07:46:27,0
ZBtB-FXg8HG9MZ8swYNuQ-07:00:00,SYN_106751,116,07:46:54,07:47:09,0
ZBtB-FXg8HG9MZ8swYNuQ-07:00:00,SYN_106752,117,07:47:36,07:47:51,0
ZBtB-FXg8HG9MZ8swYNuQ-07:00:00,SYN_106753,118,07:48:17,07:48:32,0
ZBtB-FXg8HG9MZ8swYNuQ-07:00:00,SYN_106754,119,07:48:59,07:49:14,0
ZBtB-FXg8HG9MZ8swYNuQ-07:00:00,SYN_106755,120,07:49:41,07:49:56,0
ZBtB-FXg8HG9MZ8swYNuQ-07:00:00,SYN_106756,121,07:50:23,07:50:38,0
ZBtB-FXg8HG9MZ8swYNuQ-07:00:00,SYN_106757,122,07:51:05,07:51:20,0
ZBtB-FXg8HG9MZ8swYNuQ-07:00:00,SYN_106758,123,07:51:47,07:52:02,0
ZBtB-FXg8HG9MZ8swYNuQ-07:00:00,SYN_106759,124,07:52:29,07:52:44,0
ZBtB-FXg8HG9MZ8swYNuQ-07:00:00,SYN_106760,125,07:53:00,07:53:15,0
ZBtB-FXg8HG9MZ8swYNuQ-07:00:00,SYN_106761,126,07:53:26,07:53:41,0
ZBtB-FXg8HG9MZ8swYNuQ-07:00:00,SYN_106762,127,07:53:53,07:54:08,0
ZBtB-FXg8HG9MZ8swYNuQ-07:00:00,SYN_106763,128,07:54:54,07:55:09,0
ZBtB-FXg8HG9MZ8swYNuQ-07:00:00,SYN_106764,129,07:56:13,07:56:28,0
ZBtB-FXg8HG9MZ8swYNuQ-07:00:00,SYN_106765,130,07:57:32,07:57:47,0
ZBtB-FXg8HG9MZ8swYNuQ-07:00:00,SYN_106766,131,07:58:51,07:59:06,0
ZBtB-FXg8HG9MZ8swYNuQ-07:00:00,SYN_106767,132,08:00:06,08:00:21,0
ZBtB-FXg8HG9MZ8swYNuQ-07:00:00,SYN_106768,133,08:01:10,08:01:25,0
ZBtB-FXg8HG9MZ8swYNuQ-07:00:00,SYN_106769,134,08:02:17,08:02:32,0
ZBtB-FXg8HG9MZ8swYNuQ-07:00:00,SYN_106770,135,08:04:47,08:05:02,0
ZBtB-FXg8HG9MZ8swYNuQ-07:00:00,SYN_106771,136,08:05:10,08:05:25,0
ZBtB-FXg8HG9MZ8swYNuQ-07:00:00,SYN_106772,137,08:05:35,08:05:50,0
ZBtB-FXg8HG9MZ8swYNuQ-07:00:00,SYN_106773,138,08:06:04,08:06:19,0
ZBtB-FXg8HG9MZ8swYNuQ-07:00:00,SYN_106774,139,08:06:33,08:06:48,0
ZBtB-FXg8HG9MZ8swYNuQ-07:00:00,SYN_106775,140,08:07:02,08:07:17,0
ZBtB-FXg8HG9MZ8swYNuQ-07:00:00,SYN_106776,141,08:07:31,08:07:46,0
ZBtB-FXg8HG9MZ8swYNuQ-07:00:00,SYN_106777,142,08:08:00,08:08:15,0
ZBtB-FXg8HG9MZ8swYNuQ-07:00:00,SYN_106778,143,08:08:33,08:08:48,0
ZBtB-FXg8HG9MZ8swYNuQ-07:00:00,SYN_106779,144,08:09:03,08:09:18,0
ZBtB-FXg8HG9MZ8swYNuQ-07:00:00,SYN_106780,145,08:09:22,08:09:37,0
ZBtB-FXg8HG9MZ8swYNuQ-07:00:00,SYN_106781,146,08:09:41,08:09:56,0
ZBtB-FXg8HG9MZ8swYNuQ-07:00:00,SYN_106782,147,08:10:00,08:10:15,0
ZBtB-FXg8HG9MZ8swYNuQ-07:00:00,SYN_106783,148,08:10:19,08:10:34,0
ZBtB-FXg8HG9MZ8swYNuQ-07:00:00,SYN_106784,149,08:11:06,08:11:21,0
ZBtB-FXg8HG9MZ8swYNuQ-07:00:00,SYN_106785,150,08:11:53,08:12:08,0
ZBtB-FXg8HG9MZ8swYNuQ-07:00:00,SYN_106786,151,08:12:11,08:12:26,0
ZBtB-FXg8HG9MZ8swYNuQ-07:00:00,SYN_106787,152,08:12:29,08:12:44,0
ZBtB-FXg8HG9MZ8swYNuQ-07:00:00,SYN_106788,153,08:12:47,08:13:02,0
ZBtB-FXg8HG9MZ8swYNuQ-07:00:00,SYN_106789,154,08:13:05,08:13:20,0
ZBtB-FXg8HG9MZ8swYNuQ-07:00:00,SYN_106790,155,08:13:23,08:13:38,0
lMQXKFc6iKvul6yn9yxiz-07:00:00,SYN_106793,0,07:00:08,07:00:23,0
lMQXKFc6iKvul6yn9yxiz-07:00:00,SYN_106794,1,07:00:30,07:00:45,0
lMQXKFc6iKvul6yn9yxiz-07:00:00,SYN_106795,2,07:00:51,07:01:06,0
lMQXKFc6iKvul6yn9yxiz-07:00:00,SYN_106796,3,07:01:12,07:01:27,0
lMQXKFc6iKvul6yn9yxiz-07:00:00,SYN_106797,4,07:01:34,07:01:49,0
lMQXKFc6iKvul6yn9yxiz-07:00:00,SYN_106798,5,07:01:55,07:02:10,0
lMQXKFc6iKvul6yn9yxiz-07:00:00,SYN_106799,6,07:02:17,07:02:32,0
lMQXKFc6iKvul6yn9yxiz-07:00:00,SYN_106800,7,07:02:38,07:02:53,0
lMQXKFc6iKvul6yn9yxiz-07:00:00,SYN_106801,8,07:03:06,07:03:21,0
lMQXKFc6iKvul6yn9yxiz-07:00:00,SYN_106802,9,07:03:42,07:03:57,0
lMQXKFc6iKvul6yn9yxiz-07:00:00,SYN_106803,10,07:04:02,07:04:17,0
lMQXKFc6iKvul6yn9yxiz-07:00:00,SYN_106804,11,07:04:22,07:04:37,0
lMQXKFc6iKvul6yn9yxiz-07:00:00,SYN_106805,12,07:04:42,07:04:57,0
lMQXKFc6iKvul6yn9yxiz-07:00:00,SYN_106806,13,07:05:03,07:05:18,0
lMQXKFc6iKvul6yn9yxiz-07:00:00,SYN_106807,14,07:05:23,07:05:38,0
lMQXKFc6iKvul6yn9yxiz-07:00:00,SYN_106808,15,07:05:43,07:05:58,0
lMQXKFc6iKvul6yn9yxiz-07:00:00,SYN_106809,16,07:06:03,07:06:18,0
lMQXKFc6iKvul6yn9yxiz-07:00:00,SYN_106810,17,07:06:23,07:06:38,0
lMQXKFc6iKvul6yn9yxiz-07:00:00,SYN_106811,18,07:06:43,07:06:58,0
lMQXKFc6iKvul6yn9yxiz-07:00:00,SYN_106812,19,07:07:03,07:07:18,0
lMQXKFc6iKvul6yn9yxiz-07:00:00,SYN_106813,20,07:07:23,07:07:38,0
lMQXKFc6iKvul6yn9yxiz-07:00:00,SYN_106814,21,07:07:43,07:07:58,0
lMQXKFc6iKvul6yn9yxiz-07:00:00,SYN_106815,22,07:08:03,07:08:18,0
lMQXKFc6iKvul6yn9yxiz-07:00:00,SYN_106816,23,07:08:23,07:08:38,0
lMQXKFc6iKvul6yn9yxiz-07:00:00,SYN_106817,24,07:08:43,07:08:58,0
lMQXKFc6iKvul6yn9yxiz-07:00:00,SYN_106818,25,07:09:04,07:09:19,0
lMQXKFc6iKvul6yn9yxiz-07:00:00,SYN_106819,26,07:09:24,07:09:39,0
lMQXKFc6iKvul6yn9yxiz-07:00:00,SYN_106820,27,07:09:44,07:09:59,0
lMQXKFc6iKvul6yn9yxiz-07:00:00,SYN_106821,28,07:10:04,07:10:19,0
lMQXKFc6iKvul6yn9yxiz-07:00:00,SYN_106822,29,07:10:24,07:10:39,0
lMQXKFc6iKvul6yn9yxiz-07:00:00,SYN_106823,30,07:10:44,07:10:59,0
lMQXKFc6iKvul6yn9yxiz-07:00:00,SYN_106824,31,07:11:04,07:11:19,0
lMQXKFc6iKvul6yn9yxiz-07:00:00,SYN_106825,32,07:11:24,07:11:39,0
lMQXKFc6iKvul6yn9yxiz-07:00:00,SYN_106826,33,07:11:44,07:11:59,0
lMQXKFc6iKvul6yn9yxiz-07:00:00,SYN_106827,34,07:12:05,07:12:20,0
lMQXKFc6iKvul6yn9yxiz-07:00:00,SYN_106828,35,07:12:39,07:12:54,0
lMQXKFc6iKvul6yn9yxiz-07:00:00,SYN_106829,36,07:13:12,07:13:27,0
lMQXKFc6iKvul6yn9yxiz-07:00:00,SYN_106830,37,07:13:46,07:14:01,0
lMQXKFc6iKvul6yn9yxiz-07:00:00,SYN_106831,38,07:14:07,07:14:22,0
lMQXKFc6iKvul6yn9yxiz-07:00:00,SYN_106832,39,07:14:26,07:14:41,0
lMQXKFc6iKvul6yn9yxiz-07:00:00,SYN_106833,40,07:14:45,07:15:00,0
lMQXKFc6iKvul6yn9yxiz-07:00:00,SYN_106834,41,07:15:11,07:15:26,0
lMQXKFc6iKvul6yn9yxiz-07:00:00,SYN_106835,42,07:15:47,07:16:02,0
lMQXKFc6iKvul6yn9yxiz-07:00:00,SYN_106836,43,07:16:18,07:16:33,0
lMQXKFc6iKvul6yn9yxiz-07:00:00,SYN_106837,44,07:17:10,07:17:25,0
lMQXKFc6iKvul6yn9yxiz-07:00:00,SYN_106838,45,07:22:46,07:23:01,0
pvjC2m5XDlTvQWgPayp9C-07:00:00,SYN_106839,0,07:00:27,07:00:42,0
pvjC2m5XDlTvQWgPayp9C-07:00:00,SYN_106840,1,07:01:27,07:01:42,0
pvjC2m5XDlTvQWgPayp9C-07:00:00,SYN_106841,2,07:02:22,07:02:37,0
pvjC2m5XDlTvQWgPayp9C-07:00:00,SYN_106842,3,07:03:09,07:03:24,0
pvjC2m5XDlTvQWgPayp9C-07:00:00,SYN_106843,4,07:03:56,07:04:11,0
pvjC2m5XDlTvQWgPayp9C-07:00:00,SYN_106844,5,07:05:14,07:05:29,0
pvjC2m5XDlTvQWgPayp9C-07:00:00,SYN_106845,6,07:06:02,07:06:17,0
pvjC2m5XDlTvQWgPayp9C-07:00:00,SYN_106846,7,07:06:40,07:06:55,0
pvjC2m5XDlTvQWgPayp9C-07:00:00,SYN_106847,8,07:07:17,07:07:32,0
pvjC2m5XDlTvQWgPayp9C-07:00:00,SYN_106848,9,07:07:49,07:08:04,0
pvjC2m5XDlTvQWgPayp9C-07:00:00,SYN_106849,10,07:08:20,07:08:35,0
pvjC2m5XDlTvQWgPayp9C-07:00:00,SYN_106850,11,07:08:52,07:09:07,0
pvjC2m5XDlTvQWgPayp9C-07:00:00,SYN_106851,12,07:09:24,07:09:39,0
pvjC2m5XDlTvQWgPayp9C-07:00:00,SYN_106852,13,07:09:56,07:10:11,0
pvjC2m5XDlTvQWgPayp9C-07:00:00,SYN_106853,14,07:10:27,07:10:42,0
pvjC2m5XDlTvQWgPayp9C-07:00:00,SYN_106854,15,07:10:59,07:11:14,0
pvjC2m5XDlTvQWgPayp9C-07:00:00,SYN_106855,16,07:11:30,07:11:45,0
pvjC2m5XDlTvQWgPayp9C-07:00:00,SYN_106856,17,07:11:57,07:12:12,0
pvjC2m5XDlTvQWgPayp9C-07:00:00,SYN_106857,18,07:12:24,07:12:39,0
pvjC2m5XDlTvQWgPayp9C-07:00:00,SYN_106858,19,07:12:47,07:13:02,0
pvjC2m5XDlTvQWgPayp9C-07:00:00,SYN_106859,20,07:13:08,07:13:23,0
pvjC2m5XDlTvQWgPayp9C-07:00:00,SYN_106860,21,07:13:29,07:13:44,0
pvjC2m5XDlTvQWgPayp9C-07:00:00,SYN_106861,22,07:13:49,07:14:04,0
pvjC2m5XDlTvQWgPayp9C-07:00:00,SYN_106862,23,07:14:10,07:14:25,0
pvjC2m5XDlTvQWgPayp9C-07:00:00,SYN_106863,24,07:14:32,07:14:47,0
pvjC2m5XDlTvQWgPayp9C-07:00:00,SYN_106864,25,07:14:58,07:15:13,0
pvjC2m5XDlTvQWgPayp9C-07:00:00,SYN_106865,26,07:15:24,07:15:39,0
pvjC2m5XDlTvQWgPayp9C-07:00:00,SYN_106866,27,07:15:50,07:16:05,0
pvjC2m5XDlTvQWgPayp9C-07:00:00,SYN_106867,28,07:16:17,07:16:32,0
pvjC2m5XDlTvQWgPayp9C-07:00:00,SYN_106868,29,07:16:43,07:16:58,0
pvjC2m5XDlTvQWgPayp9C-07:00:00,SYN_106869,30,07:17:09,07:17:24,0
pvjC2m5XDlTvQWgPayp9C-07:00:00,SYN_106870,31,07:17:32,07:17:47,0
pvjC2m5XDlTvQWgPayp9C-07:00:00,SYN_106871,32,07:17:52,07:18:07,0
pvjC2m5XDlTvQWgPayp9C-07:00:00,SYN_106872,33,07:18:12,07:18:27,0
pvjC2m5XDlTvQWgPayp9C-07:00:00,SYN_106873,34,07:18:32,07:18:47,0
pvjC2m5XDlTvQWgPayp9C-07:00:00,SYN_106874,35,07:18:52,07:19:07,0
pvjC2m5XDlTvQWgPayp9C-07:00:00,SYN_106875,36,07:19:12,07:19:27,0
pvjC2m5XDlTvQWgPayp9C-07:00:00,SYN_106876,37,07:19:32,07:19:47,0
pvjC2m5XDlTvQWgPayp9C-07:00:00,SYN_106877,38,07:19:53,07:20:08,0
pvjC2m5XDlTvQWgPayp9C-07:00:00,SYN_106878,39,07:20:13,07:20:28,0
pvjC2m5XDlTvQWgPayp9C-07:00:00,SYN_106879,40,07:20:33,07:20:48,0
pvjC2m5XDlTvQWgPayp9C-07:00:00,SYN_106880,41,07:20:53,07:21:08,0
pvjC2m5XDlTvQWgPayp9C-07:00:00,SYN_106881,42,07:21:13,07:21:28,0
pvjC2m5XDlTvQWgPayp9C-07:00:00,SYN_106882,43,07:21:33,07:21:48,0
pvjC2m5XDlTvQWgPayp9C-07:00:00,SYN_106883,44,07:21:53,07:22:08,0
pvjC2m5XDlTvQWgPayp9C-07:00:00,SYN_106884,45,07:22:14,07:22:29,0
pvjC2m5XDlTvQWgPayp9C-07:00:00,SYN_106885,46,07:22:34,07:22:49,0
pvjC2m5XDlTvQWgPayp9C-07:00:00,SYN_106886,47,07:22:54,07:23:09,0
pvjC2m5XDlTvQWgPayp9C-07:00:00,SYN_106887,48,07:23:14,07:23:29,0
pvjC2m5XDlTvQWgPayp9C-07:00:00,SYN_106888,49,07:23:34,07:23:49,0
pvjC2m5XDlTvQWgPayp9C-07:00:00,SYN_106889,50,07:23:54,07:24:09,0
pvjC2m5XDlTvQWgPayp9C-07:00:00,SYN_106890,51,07:24:14,07:24:29,0
pvjC2m5XDlTvQWgPayp9C-07:00:00,SYN_106891,52,07:24:35,07:24:50,0
pvjC2m5XDlTvQWgPayp9C-07:00:00,SYN_106892,53,07:24:55,07:25:10,0
pvjC2m5XDlTvQWgPayp9C-07:00:00,SYN_106893,54,07:25:15,07:25:30,0
pvjC2m5XDlTvQWgPayp9C-07:00:00,SYN_106894,55,07:25:35,07:25:50,0
pvjC2m5XDlTvQWgPayp9C-07:00:00,SYN_106895,56,07:25:55,07:26:10,0
pvjC2m5XDlTvQWgPayp9C-07:00:00,SYN_106896,57,07:26:15,07:26:30,0
pvjC2m5XDlTvQWgPayp9C-07:00:00,SYN_106897,58,07:26:36,07:26:51,0
pvjC2m5XDlTvQWgPayp9C-07:00:00,SYN_106898,59,07:26:56,07:27:11,0
pvjC2m5XDlTvQWgPayp9C-07:00:00,SYN_106899,60,07:27:16,07:27:31,0
pvjC2m5XDlTvQWgPayp9C-07:00:00,SYN_106900,61,07:27:36,07:27:51,0
pvjC2m5XDlTvQWgPayp9C-07:00:00,SYN_106901,62,07:27:56,07:28:11,0
pvjC2m5XDlTvQWgPayp9C-07:00:00,SYN_106902,63,07:28:16,07:28:31,0
pvjC2m5XDlTvQWgPayp9C-07:00:00,SYN_106903,64,07:28:36,07:28:51,0
pvjC2m5XDlTvQWgPayp9C-07:00:00,SYN_106904,65,07:28:57,07:29:12,0
pvjC2m5XDlTvQWgPayp9C-07:00:00,SYN_106905,66,07:29:17,07:29:32,0
pvjC2m5XDlTvQWgPayp9C-07:00:00,SYN_106906,67,07:29:37,07:29:52,0
pvjC2m5XDlTvQWgPayp9C-07:00:00,SYN_106907,68,07:29:57,07:30:12,0
pvjC2m5XDlTvQWgPayp9C-07:00:00,SYN_106908,69,07:30:17,07:30:32,0
pvjC2m5XDlTvQWgPayp9C-07:00:00,SYN_106909,70,07:30:37,07:30:52,0
pvjC2m5XDlTvQWgPayp9C-07:00:00,SYN_106910,71,07:30:57,07:31:12,0
pvjC2m5XDlTvQWgPayp9C-07:00:00,SYN_106911,72,07:31:18,07:31:33,0
pvjC2m5XDlTvQWgPayp9C-07:00:00,SYN_106912,73,07:31:38,07:31:53,0
pvjC2m5XDlTvQWgPayp9C-07:00:00,SYN_106913,74,07:31:58,07:32:13,0
pvjC2m5XDlTvQWgPayp9C-07:00:00,SYN_106914,75,07:32:18,07:32:33,0
pvjC2m5XDlTvQWgPayp9C-07:00:00,SYN_106915,76,07:32:38,07:32:53,0
pvjC2m5XDlTvQWgPayp9C-07:00:00,SYN_106916,77,07:32:58,07:33:13,0
pvjC2m5XDlTvQWgPayp9C-07:00:00,SYN_106917,78,07:33:18,07:33:33,0
pvjC2m5XDlTvQWgPayp9C-07:00:00,SYN_106918,79,07:33:39,07:33:54,0
pvjC2m5XDlTvQWgPayp9C-07:00:00,SYN_106919,80,07:33:59,07:34:14,0
pvjC2m5XDlTvQWgPayp9C-07:00:00,SYN_106920,81,07:34:19,07:34:34,0
pvjC2m5XDlTvQWgPayp9C-07:00:00,SYN_106921,82,07:34:39,07:34:54,0
pvjC2m5XDlTvQWgPayp9C-07:00:00,SYN_106922,83,07:34:59,07:35:14,0
pvjC2m5XDlTvQWgPayp9C-07:00:00,SYN_106923,84,07:35:19,07:35:34,0
pvjC2m5XDlTvQWgPayp9C-07:00:00,SYN_106924,85,07:35:40,07:35:55,0
pvjC2m5XDlTvQWgPayp9C-07:00:00,SYN_106925,86,07:36:00,07:36:15,0
pvjC2m5XDlTvQWgPayp9C-07:00:00,SYN_106926,87,07:36:20,07:36:35,0
pvjC2m5XDlTvQWgPayp9C-07:00:00,SYN_106927,88,07:36:40,07:36:55,0
pvjC2m5XDlTvQWgPayp9C-07:00:00,SYN_106928,89,07:37:00,07:37:15,0
pvjC2m5XDlTvQWgPayp9C-07:00:00,SYN_106929,90,07:37:20,07:37:35,0
pvjC2m5XDlTvQWgPayp9C-07:00:00,SYN_106930,91,07:37:40,07:37:55,0
pvjC2m5XDlTvQWgPayp9C-07:00:00,SYN_106931,92,07:38:01,07:38:16,0
pvjC2m5XDlTvQWgPayp9C-07:00:00,SYN_106932,93,07:38:21,07:38:36,0
pvjC2m5XDlTvQWgPayp9C-07:00:00,SYN_106933,94,07:38:41,07:38:56,0
pvjC2m5XDlTvQWgPayp9C-07:00:00,SYN_106934,95,07:39:01,07:39:16,0
pvjC2m5XDlTvQWgPayp9C-07:00:00,SYN_106935,96,07:39:21,07:39:36,0
pvjC2m5XDlTvQWgPayp9C-07:00:00,SYN_106936,97,07:39:41,07:39:56,0
pvjC2m5XDlTvQWgPayp9C-07:00:00,SYN_106937,98,07:40:01,07:40:16,0
pvjC2m5XDlTvQWgPayp9C-07:00:00,SYN_106938,99,07:40:22,07:40:37,0
pvjC2m5XDlTvQWgPayp9C-07:00:00,SYN_106939,100,07:40:42,07:40:57,0
pvjC2m5XDlTvQWgPayp9C-07:00:00,SYN_106940,101,07:41:02,07:41:17,0
pvjC2m5XDlTvQWgPayp9C-07:00:00,SYN_106941,102,07:41:22,07:41:37,0
pvjC2m5XDlTvQWgPayp9C-07:00:00,SYN_106942,103,07:41:42,07:41:57,0
pvjC2m5XDlTvQWgPayp9C-07:00:00,SYN_106943,104,07:42:02,07:42:17,0
pvjC2m5XDlTvQWgPayp9C-07:00:00,SYN_106944,105,07:42:22,07:42:37,0
pvjC2m5XDlTvQWgPayp9C-07:00:00,SYN_106945,106,07:42:43,07:42:58,0
pvjC2m5XDlTvQWgPayp9C-07:00:00,SYN_106946,107,07:43:03,07:43:18,0
pvjC2m5XDlTvQWgPayp9C-07:00:00,SYN_106947,108,07:43:23,07:43:38,0
pvjC2m5XDlTvQWgPayp9C-07:00:00,SYN_106948,109,07:43:43,07:43:58,0
pvjC2m5XDlTvQWgPayp9C-07:00:00,SYN_106949,110,07:44:03,07:44:18,0
pvjC2m5XDlTvQWgPayp9C-07:00:00,SYN_106950,111,07:44:23,07:44:38,0
pvjC2m5XDlTvQWgPayp9C-07:00:00,SYN_106951,112,07:44:44,07:44:59,0
pvjC2m5XDlTvQWgPayp9C-07:00:00,SYN_106952,113,07:45:04,07:45:19,0
pvjC2m5XDlTvQWgPayp9C-07:00:00,SYN_106953,114,07:45:24,07:45:39,0
pvjC2m5XDlTvQWgPayp9C-07:00:00,SYN_106954,115,07:45:44,07:45:59,0
pvjC2m5XDlTvQWgPayp9C-07:00:00,SYN_106955,116,07:46:04,07:46:19,0
pvjC2m5XDlTvQWgPayp9C-07:00:00,SYN_106956,117,07:46:24,07:46:39,0
pvjC2m5XDlTvQWgPayp9C-07:00:00,SYN_106957,118,07:46:44,07:46:59,0
pvjC2m5XDlTvQWgPayp9C-07:00:00,SYN_106958,119,07:47:05,07:47:20,0
pvjC2m5XDlTvQWgPayp9C-07:00:00,SYN_106959,120,07:47:25,07:47:40,0
pvjC2m5XDlTvQWgPayp9C-07:00:00,SYN_106960,121,07:47:45,07:48:00,0
pvjC2m5XDlTvQWgPayp9C-07:00:00,SYN_106961,122,07:48:05,07:48:20,0
pvjC2m5XDlTvQWgPayp9C-07:00:00,SYN_106962,123,07:48:25,07:48:40,0
pvjC2m5XDlTvQWgPayp9C-07:00:00,SYN_106963,124,07:48:45,07:49:00,0
pvjC2m5XDlTvQWgPayp9C-07:00:00,SYN_106964,125,07:49:05,07:49:20,0
pvjC2m5XDlTvQWgPayp9C-07:00:00,SYN_106965,126,07:49:26,07:49:41,0
pvjC2m5XDlTvQWgPayp9C-07:00:00,SYN_106966,127,07:49:46,07:50:01,0
pvjC2m5XDlTvQWgPayp9C-07:00:00,SYN_106967,128,07:50:06,07:50:21,0
pvjC2m5XDlTvQWgPayp9C-07:00:00,SYN_106968,129,07:50:26,07:50:41,0
pvjC2m5XDlTvQWgPayp9C-07:00:00,SYN_106969,130,07:50:46,07:51:01,0
pvjC2m5XDlTvQWgPayp9C-07:00:00,SYN_106970,131,07:51:06,07:51:21,0
pvjC2m5XDlTvQWgPayp9C-07:00:00,SYN_106971,132,07:51:26,07:51:41,0
pvjC2m5XDlTvQWgPayp9C-07:00:00,SYN_106972,133,07:51:47,07:52:02,0
pvjC2m5XDlTvQWgPayp9C-07:00:00,SYN_106973,134,07:52:07,07:52:22,0
pvjC2m5XDlTvQWgPayp9C-07:00:00,SYN_106974,135,07:52:27,07:52:42,0
pvjC2m5XDlTvQWgPayp9C-07:00:00,SYN_106975,136,07:52:47,07:53:02,0
pvjC2m5XDlTvQWgPayp9C-07:00:00,SYN_106976,137,07:53:16,07:53:31,0
pvjC2m5XDlTvQWgPayp9C-07:00:00,SYN_106977,138,07:53:49,07:54:04,0
pvjC2m5XDlTvQWgPayp9C-07:00:00,SYN_106978,139,07:54:22,07:54:37,0
pvjC2m5XDlTvQWgPayp9C-07:00:00,SYN_106979,140,07:54:49,07:55:04,0
pvjC2m5XDlTvQWgPayp9C-07:00:00,SYN_106980,141,07:55:02,07:55:17,0
pvjC2m5XDlTvQWgPayp9C-07:00:00,SYN_106981,142,07:55:16,07:55:31,0
pvjC2m5XDlTvQWgPayp9C-07:00:00,SYN_106982,143,07:55:29,07:55:44,0
pvjC2m5XDlTvQWgPayp9C-07:00:00,SYN_106983,144,07:55:43,07:55:58,0
pvjC2m5XDlTvQWgPayp9C-07:00:00,SYN_106984,145,07:56:56,07:57:11,0
pvjC2m5XDlTvQWgPayp9C-07:00:00,SYN_106985,146,07:57:26,07:57:41,0
pvjC2m5XDlTvQWgPayp9C-07:00:00,SYN_106986,147,08:02:31,08:02:46,0
5gdYQVlYNdFvy7jCqIDu7-07:00:00,SYN_106988,0,07:00:14,07:00:29,0
5gdYQVlYNdFvy7jCqIDu7-07:00:00,SYN_106989,1,07:00:38,07:00:53,0
5gdYQVlYNdFvy7jCqIDu7-07:00:00,SYN_106990,2,07:01:02,07:01:17,0
5gdYQVlYNdFvy7jCqIDu7-07:00:00,SYN_106991,3,07:01:25,07:01:40,0
5gdYQVlYNdFvy7jCqIDu7-07:00:00,SYN_106992,4,07:01:49,07:02:04,0
5gdYQVlYNdFvy7jCqIDu7-07:00:00,SYN_106993,5,07:02:13,07:02:28,0
5gdYQVlYNdFvy7jCqIDu7-07:00:00,SYN_106994,6,07:02:37,07:02:52,0
5gdYQVlYNdFvy7jCqIDu7-07:00:00,SYN_106995,7,07:03:01,07:03:16,0
5gdYQVlYNdFvy7jCqIDu7-07:00:00,SYN_106996,8,07:03:25,07:03:40,0
5gdYQVlYNdFvy7jCqIDu7-07:00:00,SYN_106997,9,07:03:49,07:04:04,0
5gdYQVlYNdFvy7jCqIDu7-07:00:00,SYN_106998,10,07:04:13,07:04:28,0
5gdYQVlYNdFvy7jCqIDu7-07:00:00,SYN_106999,11,07:04:37,07:04:52,0
5gdYQVlYNdFvy7jCqIDu7-07:00:00,SYN_107000,12,07:05:01,07:05:16,0
5gdYQVlYNdFvy7jCqIDu7-07:00:00,SYN_107001,13,07:05:24,07:05:39,0
5gdYQVlYNdFvy7jCqIDu7-07:00:00,SYN_107002,14,07:05:45,07:06:00,0
5gdYQVlYNdFvy7jCqIDu7-07:00:00,SYN_107003,15,07:06:05,07:06:20,0
5gdYQVlYNdFvy7jCqIDu7-07:00:00,SYN_107004,16,07:06:26,07:06:41,0
5gdYQVlYNdFvy7jCqIDu7-07:00:00,SYN_107005,17,07:06:47,07:07:02,0
5gdYQVlYNdFvy7jCqIDu7-07:00:00,SYN_107006,18,07:07:08,07:07:23,0
5gdYQVlYNdFvy7jCqIDu7-07:00:00,SYN_107007,19,07:07:29,07:07:44,0
5gdYQVlYNdFvy7jCqIDu7-07:00:00,SYN_107008,20,07:07:49,07:08:04,0
5gdYQVlYNdFvy7jCqIDu7-07:00:00,SYN_107009,21,07:08:10,07:08:25,0
5gdYQVlYNdFvy7jCqIDu7-07:00:00,SYN_107010,22,07:08:31,07:08:46,0
5gdYQVlYNdFvy7jCqIDu7-07:00:00,SYN_107011,23,07:08:52,07:09:07,0
5gdYQVlYNdFvy7jCqIDu7-07:00:00,SYN_107012,24,07:09:12,07:09:27,0
5gdYQVlYNdFvy7jCqIDu7-07:00:00,SYN_107013,25,07:09:33,07:09:48,0
5gdYQVlYNdFvy7jCqIDu7-07:00:00,SYN_107014,26,07:09:54,07:10:09,0
5gdYQVlYNdFvy7jCqIDu7-07:00:00,SYN_107015,27,07:10:15,07:10:30,0
5gdYQVlYNdFvy7jCqIDu7-07:00:00,SYN_107016,28,07:10:36,07:10:51,0
5gdYQVlYNdFvy7jCqIDu7-07:00:00,SYN_107017,29,07:10:56,07:11:11,0
5gdYQVlYNdFvy7jCqIDu7-07:00:00,SYN_107018,30,07:11:17,07:11:32,0
5gdYQVlYNdFvy7jCqIDu7-07:00:00,SYN_107019,31,07:11:38,07:11:53,0
5gdYQVlYNdFvy7jCqIDu7-07:00:00,SYN_107020,32,07:11:59,07:12:14,0
5gdYQVlYNdFvy7jCqIDu7-07:00:00,SYN_107021,33,07:13:01,07:13:16,0
5gdYQVlYNdFvy7jCqIDu7-07:00:00,SYN_107022,34,07:14:16,07:14:31,0
5gdYQVlYNdFvy7jCqIDu7-07:00:00,SYN_107023,35,07:15:30,07:15:45,0
5gdYQVlYNdFvy7jCqIDu7-07:00:00,SYN_107024,36,07:16:48,07:17:03,0
5gdYQVlYNdFvy7jCqIDu7-07:00:00,SYN_107025,37,07:18:09,07:18:24,0
5gdYQVlYNdFvy7jCqIDu7-07:00:00,SYN_107026,38,07:19:01,07:19:16,0
5gdYQVlYNdFvy7jCqIDu7-07:00:00,SYN_107027,39,07:19:40,07:19:55,0
5gdYQVlYNdFvy7jCqIDu7-07:00:00,SYN_107028,40,07:20:18,07:20:33,0
5gdYQVlYNdFvy7jCqIDu7-07:00:00,SYN_107029,41,07:20:56,07:21:11,0
5gdYQVlYNdFvy7jCqIDu7-07:00:00,SYN_107030,42,07:22:05,07:22:20,0
5gdYQVlYNdFvy7jCqIDu7-07:00:00,SYN_107031,43,07:23:47,07:24:02,0
5gdYQVlYNdFvy7jCqIDu7-07:00:00,SYN_107032,44,07:24:59,07:25:14,0
RHazPXn1EQ_y4RbVe6HYc-07:00:00,SYN_107035,0,07:00:31,07:00:46,0
RHazPXn1EQ_y4RbVe6HYc-07:00:00,SYN_107036,1,07:01:34,07:01:49,0
RHazPXn1EQ_y4RbVe6HYc-07:00:00,SYN_107037,2,07:02:36,07:02:51,0
RHazPXn1EQ_y4RbVe6HYc-07:00:00,SYN_107038,3,07:03:39,07:03:54,0
RHazPXn1EQ_y4RbVe6HYc-07:00:00,SYN_107039,4,07:04:42,07:04:57,0
RHazPXn1EQ_y4RbVe6HYc-07:00:00,SYN_107040,5,07:05:44,07:05:59,0
RHazPXn1EQ_y4RbVe6HYc-07:00:00,SYN_107041,6,07:06:36,07:06:51,0
RHazPXn1EQ_y4RbVe6HYc-07:00:00,SYN_107042,7,07:07:27,07:07:42,0
RHazPXn1EQ_y4RbVe6HYc-07:00:00,SYN_107043,8,07:08:19,07:08:34,0
RHazPXn1EQ_y4RbVe6HYc-07:00:00,SYN_107044,9,07:09:10,07:09:25,0
RHazPXn1EQ_y4RbVe6HYc-07:00:00,SYN_107045,10,07:10:02,07:10:17,0
RHazPXn1EQ_y4RbVe6HYc-07:00:00,SYN_107046,11,07:10:53,07:11:08,0
RHazPXn1EQ_y4RbVe6HYc-07:00:00,SYN_107047,12,07:11:45,07:12:00,0
RHazPXn1EQ_y4RbVe6HYc-07:00:00,SYN_107048,13,07:12:56,07:13:11,0
RHazPXn1EQ_y4RbVe6HYc-07:00:00,SYN_107049,14,07:14:11,07:14:26,0
RHazPXn1EQ_y4RbVe6HYc-07:00:00,SYN_107050,15,07:15:26,07:15:41,0
RHazPXn1EQ_y4RbVe6HYc-07:00:00,SYN_107051,16,07:16:44,07:16:59,0
RHazPXn1EQ_y4RbVe6HYc-07:00:00,SYN_107052,17,07:18:05,07:18:20,0
RHazPXn1EQ_y4RbVe6HYc-07:00:00,SYN_107053,18,07:19:26,07:19:41,0
RHazPXn1EQ_y4RbVe6HYc-07:00:00,SYN_107054,19,07:20:46,07:21:01,0
RHazPXn1EQ_y4RbVe6HYc-07:00:00,SYN_107055,20,07:22:06,07:22:21,0
d84WDadbu5AjbQpkTV2r4-07:00:00,SYN_107056,0,07:00:29,07:00:44,0
d84WDadbu5AjbQpkTV2r4-07:00:00,SYN_107057,1,07:00:59,07:01:14,0
d84WDadbu5AjbQpkTV2r4-07:00:00,SYN_107058,2,07:01:39,07:01:54,0
d84WDadbu5AjbQpkTV2r4-07:00:00,SYN_107059,3,07:02:21,07:02:36,0
d84WDadbu5AjbQpkTV2r4-07:00:00,SYN_107060,4,07:03:00,07:03:15,0
d84WDadbu5AjbQpkTV2r4-07:00:00,SYN_107061,5,07:03:51,07:04:06,0
d84WDadbu5AjbQpkTV2r4-07:00:00,SYN_107062,6,07:04:43,07:04:58,0
d84WDadbu5AjbQpkTV2r4-07:00:00,SYN_107063,7,07:05:35,07:05:50,0
d84WDadbu5AjbQpkTV2r4-07:00:00,SYN_107064,8,07:06:07,07:06:22,0
d84WDadbu5AjbQpkTV2r4-07:00:00,SYN_107065,9,07:06:29,07:06:44,0
d84WDadbu5AjbQpkTV2r4-07:00:00,SYN_107066,10,07:06:54,07:07:09,0
d84WDadbu5AjbQpkTV2r4-07:00:00,SYN_107067,11,07:07:25,07:07:40,0
d84WDadbu5AjbQpkTV2r4-07:00:00,SYN_107068,12,07:07:56,07:08:11,0
d84WDadbu5AjbQpkTV2r4-07:00:00,SYN_107069,13,07:08:28,07:08:43,0
d84WDadbu5AjbQpkTV2r4-07:00:00,SYN_107070,14,07:09:04,07:09:19,0
d84WDadbu5AjbQpkTV2r4-07:00:00,SYN_107071,15,07:09:34,07:09:49,0
d84WDadbu5AjbQpkTV2r4-07:00:00,SYN_107072,16,07:10:06,07:10:21,0
d84WDadbu5AjbQpkTV2r4-07:00:00,SYN_107073,17,07:10:57,07:11:12,0
d84WDadbu5AjbQpkTV2r4-07:00:00,SYN_107074,18,07:11:47,07:12:02,0
d84WDadbu5AjbQpkTV2r4-07:00:00,SYN_107075,19,07:12:37,07:12:52,0
d84WDadbu5AjbQpkTV2r4-07:00:00,SYN_107076,20,07:13:26,07:13:41,0
d84WDadbu5AjbQpkTV2r4-07:00:00,SYN_107077,21,07:14:04,07:14:19,0
d84WDadbu5AjbQpkTV2r4-07:00:00,SYN_107078,22,07:14:36,07:14:51,0
d84WDadbu5AjbQpkTV2r4-07:00:00,SYN_107079,23,07:15:11,07:15:26,0
d84WDadbu5AjbQpkTV2r4-07:00:00,SYN_107080,24,07:16:01,07:16:16,0
d84WDadbu5AjbQpkTV2r4-07:00:00,SYN_107081,25,07:16:40,07:16:55,0
d84WDadbu5AjbQpkTV2r4-07:00:00,SYN_107082,26,07:17:10,07:17:25,0
d84WDadbu5AjbQpkTV2r4-07:00:00,SYN_107083,27,07:17:33,07:17:48,0
d84WDadbu5AjbQpkTV2r4-07:00:00,SYN_107084,28,07:17:52,07:18:07,0
d84WDadbu5AjbQpkTV2r4-07:00:00,SYN_107085,29,07:18:10,07:18:25,0
d84WDadbu5AjbQpkTV2r4-07:00:00,SYN_107086,30,07:18:28,07:18:43,0
d84WDadbu5AjbQpkTV2r4-07:00:00,SYN_107087,31,07:18:46,07:19:01,0
d84WDadbu5AjbQpkTV2r4-07:00:00,SYN_107088,32,07:19:05,07:19:20,0
d84WDadbu5AjbQpkTV2r4-07:00:00,SYN_107089,33,07:19:23,07:19:38,0
d84WDadbu5AjbQpkTV2r4-07:00:00,SYN_107090,34,07:19:41,07:19:56,0
d84WDadbu5AjbQpkTV2r4-07:00:00,SYN_107091,35,07:20:07,07:20:22,0
d84WDadbu5AjbQpkTV2r4-07:00:00,SYN_107092,36,07:20:32,07:20:47,0
d84WDadbu5AjbQpkTV2r4-07:00:00,SYN_107093,37,07:20:58,07:21:13,0
d84WDadbu5AjbQpkTV2r4-07:00:00,SYN_107094,38,07:21:25,07:21:40,0
d84WDadbu5AjbQpkTV2r4-07:00:00,SYN_107095,39,07:21:54,07:22:09,0
d84WDadbu5AjbQpkTV2r4-07:00:00,SYN_107096,40,07:22:23,07:22:38,0
d84WDadbu5AjbQpkTV2r4-07:00:00,SYN_107097,41,07:22:51,07:23:06,0
d84WDadbu5AjbQpkTV2r4-07:00:00,SYN_107098,42,07:23:16,07:23:31,0
d84WDadbu5AjbQpkTV2r4-07:00:00,SYN_107099,43,07:23:40,07:23:55,0
d84WDadbu5AjbQpkTV2r4-07:00:00,SYN_107100,44,07:24:10,07:24:25,0
d84WDadbu5AjbQpkTV2r4-07:00:00,SYN_107101,45,07:24:42,07:24:57,0
d84WDadbu5AjbQpkTV2r4-07:00:00,SYN_107102,46,07:25:10,07:25:25,0
d84WDadbu5AjbQpkTV2r4-07:00:00,SYN_107103,47,07:25:33,07:25:48,0
d84WDadbu5AjbQpkTV2r4-07:00:00,SYN_107104,48,07:25:56,07:26:11,0
d84WDadbu5AjbQpkTV2r4-07:00:00,SYN_107105,49,07:26:19,07:26:34,0
d84WDadbu5AjbQpkTV2r4-07:00:00,SYN_107106,50,07:26:42,07:26:57,0
d84WDadbu5AjbQpkTV2r4-07:00:00,SYN_107107,51,07:27:05,07:27:20,0
d84WDadbu5AjbQpkTV2r4-07:00:00,SYN_107108,52,07:27:38,07:27:53,0
d84WDadbu5AjbQpkTV2r4-07:00:00,SYN_107109,53,07:28:05,07:28:20,0
d84WDadbu5AjbQpkTV2r4-07:00:00,SYN_107110,54,07:28:21,07:28:36,0
d84WDadbu5AjbQpkTV2r4-07:00:00,SYN_107111,55,07:28:38,07:28:53,0
d84WDadbu5AjbQpkTV2r4-07:00:00,SYN_107112,56,07:28:54,07:29:09,0
d84WDadbu5AjbQpkTV2r4-07:00:00,SYN_107113,57,07:29:11,07:29:26,0
d84WDadbu5AjbQpkTV2r4-07:00:00,SYN_107114,58,07:29:28,07:29:43,0
d84WDadbu5AjbQpkTV2r4-07:00:00,SYN_107115,59,07:29:46,07:30:01,0
d84WDadbu5AjbQpkTV2r4-07:00:00,SYN_107116,60,07:30:04,07:30:19,0
d84WDadbu5AjbQpkTV2r4-07:00:00,SYN_107117,61,07:30:21,07:30:36,0
d84WDadbu5AjbQpkTV2r4-07:00:00,SYN_107118,62,07:30:42,07:30:57,0
d84WDadbu5AjbQpkTV2r4-07:00:00,SYN_107119,63,07:31:04,07:31:19,0
d84WDadbu5AjbQpkTV2r4-07:00:00,SYN_107120,64,07:31:25,07:31:40,0
d84WDadbu5AjbQpkTV2r4-07:00:00,SYN_107121,65,07:31:52,07:32:07,0
d84WDadbu5AjbQpkTV2r4-07:00:00,SYN_107122,66,07:32:28,07:32:43,0
d84WDadbu5AjbQpkTV2r4-07:00:00,SYN_107123,67,07:32:58,07:33:13,0
d84WDadbu5AjbQpkTV2r4-07:00:00,SYN_107124,68,07:33:29,07:33:44,0
d84WDadbu5AjbQpkTV2r4-07:00:00,SYN_107125,69,07:33:59,07:34:14,0
d84WDadbu5AjbQpkTV2r4-07:00:00,SYN_107126,70,07:34:33,07:34:48,0
d84WDadbu5AjbQpkTV2r4-07:00:00,SYN_107127,71,07:35:21,07:35:36,0
d84WDadbu5AjbQpkTV2r4-07:00:00,SYN_107128,72,07:35:48,07:36:03,0
d84WDadbu5AjbQpkTV2r4-07:00:00,SYN_107129,73,07:36:14,07:36:29,0
d84WDadbu5AjbQpkTV2r4-07:00:00,SYN_107130,74,07:37:03,07:37:18,0
d84WDadbu5AjbQpkTV2r4-07:00:00,SYN_107131,75,07:37:57,07:38:12,0
d84WDadbu5AjbQpkTV2r4-07:00:00,SYN_107132,76,07:38:44,07:38:59,0
d84WDadbu5AjbQpkTV2r4-07:00:00,SYN_107133,77,07:39:30,07:39:45,0
d84WDadbu5AjbQpkTV2r4-07:00:00,SYN_107134,78,07:40:29,07:40:44,0
d84WDadbu5AjbQpkTV2r4-07:00:00,SYN_107135,79,07:41:28,07:41:43,0
d84WDadbu5AjbQpkTV2r4-07:00:00,SYN_107136,80,07:42:18,07:42:33,0
d84WDadbu5AjbQpkTV2r4-07:00:00,SYN_107137,81,07:42:58,07:43:13,0
d84WDadbu5AjbQpkTV2r4-07:00:00,SYN_107138,82,07:43:36,07:43:51,0
d84WDadbu5AjbQpkTV2r4-07:00:00,SYN_107139,83,07:44:06,07:44:21,0
d84WDadbu5AjbQpkTV2r4-07:00:00,SYN_107140,84,07:44:35,07:44:50,0
d84WDadbu5AjbQpkTV2r4-07:00:00,SYN_107141,85,07:45:04,07:45:19,0
d84WDadbu5AjbQpkTV2r4-07:00:00,SYN_107142,86,07:45:33,07:45:48,0
d84WDadbu5AjbQpkTV2r4-07:00:00,SYN_107143,87,07:46:24,07:46:39,0
d84WDadbu5AjbQpkTV2r4-07:00:00,SYN_107144,88,07:47:15,07:47:30,0
d84WDadbu5AjbQpkTV2r4-07:00:00,SYN_107145,89,07:48:03,07:48:18,0
d84WDadbu5AjbQpkTV2r4-07:00:00,SYN_107146,90,07:48:53,07:49:08,0
d84WDadbu5AjbQpkTV2r4-07:00:00,SYN_107147,91,07:49:38,07:49:53,0
zu8jTrRbozlA63gSOD4cA-07:00:00,SYN_107158,0,07:00:27,07:00:42,0
zu8jTrRbozlA63gSOD4cA-07:00:00,SYN_107159,1,07:00:58,07:01:13,0
zu8jTrRbozlA63gSOD4cA-07:00:00,SYN_107160,2,07:01:31,07:01:46,0
zu8jTrRbozlA63gSOD4cA-07:00:00,SYN_107161,3,07:02:11,07:02:26,0
zu8jTrRbozlA63gSOD4cA-07:00:00,SYN_107162,4,07:02:51,07:03:06,0
zu8jTrRbozlA63gSOD4cA-07:00:00,SYN_107163,5,07:03:30,07:03:45,0
zu8jTrRbozlA63gSOD4cA-07:00:00,SYN_107164,6,07:04:10,07:04:25,0
zu8jTrRbozlA63gSOD4cA-07:00:00,SYN_107165,7,07:04:49,07:05:04,0
zu8jTrRbozlA63gSOD4cA-07:00:00,SYN_107166,8,07:05:29,07:05:44,0
zu8jTrRbozlA63gSOD4cA-07:00:00,SYN_107167,9,07:06:08,07:06:23,0
zu8jTrRbozlA63gSOD4cA-07:00:00,SYN_107168,10,07:06:48,07:07:03,0
zu8jTrRbozlA63gSOD4cA-07:00:00,SYN_107169,11,07:09:46,07:10:01,0
zu8jTrRbozlA63gSOD4cA-07:00:00,SYN_107170,12,07:10:19,07:10:34,0
zu8jTrRbozlA63gSOD4cA-07:00:00,SYN_107171,13,07:10:51,07:11:06,0
zu8jTrRbozlA63gSOD4cA-07:00:00,SYN_107172,14,07:11:07,07:11:22,0
zu8jTrRbozlA63gSOD4cA-07:00:00,SYN_107173,15,07:11:23,07:11:38,0
zu8jTrRbozlA63gSOD4cA-07:00:00,SYN_107174,16,07:11:40,07:11:55,0
zu8jTrRbozlA63gSOD4cA-07:00:00,SYN_107175,17,07:11:56,07:12:11,0
zu8jTrRbozlA63gSOD4cA-07:00:00,SYN_107176,18,07:12:12,07:12:27,0
zu8jTrRbozlA63gSOD4cA-07:00:00,SYN_107177,19,07:12:28,07:12:43,0
zu8jTrRbozlA63gSOD4cA-07:00:00,SYN_107178,20,07:12:44,07:12:59,0
zu8jTrRbozlA63gSOD4cA-07:00:00,SYN_107179,21,07:13:01,07:13:16,0
zu8jTrRbozlA63gSOD4cA-07:00:00,SYN_107180,22,07:13:27,07:13:42,0
zu8jTrRbozlA63gSOD4cA-07:00:00,SYN_107181,23,07:14:11,07:14:26,0
zu8jTrRbozlA63gSOD4cA-07:00:00,SYN_107182,24,07:14:38,07:14:53,0
zu8jTrRbozlA63gSOD4cA-07:00:00,SYN_107183,25,07:15:05,07:15:20,0
zu8jTrRbozlA63gSOD4cA-07:00:00,SYN_107184,26,07:16:02,07:16:17,0
zu8jTrRbozlA63gSOD4cA-07:00:00,SYN_107185,27,07:17:05,07:17:20,0
zu8jTrRbozlA63gSOD4cA-07:00:00,SYN_107186,28,07:17:42,07:17:57,0
zu8jTrRbozlA63gSOD4cA-07:00:00,SYN_107187,29,07:18:23,07:18:38,0
zu8jTrRbozlA63gSOD4cA-07:00:00,SYN_107188,30,07:19:22,07:19:37,0
zu8jTrRbozlA63gSOD4cA-07:00:00,SYN_107189,31,07:20:21,07:20:36,0
zu8jTrRbozlA63gSOD4cA-07:00:00,SYN_107190,32,07:21:13,07:21:28,0
zu8jTrRbozlA63gSOD4cA-07:00:00,SYN_107191,33,07:21:54,07:22:09,0
zu8jTrRbozlA63gSOD4cA-07:00:00,SYN_107192,34,07:22:27,07:22:42,0
zu8jTrRbozlA63gSOD4cA-07:00:00,SYN_107193,35,07:22:57,07:23:12,0
zu8jTrRbozlA63gSOD4cA-07:00:00,SYN_107194,36,07:23:25,07:23:40,0
zu8jTrRbozlA63gSOD4cA-07:00:00,SYN_107195,37,07:23:54,07:24:09,0
zu8jTrRbozlA63gSOD4cA-07:00:00,SYN_107196,38,07:24:23,07:24:38,0
zu8jTrRbozlA63gSOD4cA-07:00:00,SYN_107197,39,07:25:17,07:25:32,0
zu8jTrRbozlA63gSOD4cA-07:00:00,SYN_107198,40,07:26:07,07:26:22,0
zu8jTrRbozlA63gSOD4cA-07:00:00,SYN_107199,41,07:26:54,07:27:09,0
zu8jTrRbozlA63gSOD4cA-07:00:00,SYN_107200,42,07:27:46,07:28:01,0
zu8jTrRbozlA63gSOD4cA-07:00:00,SYN_107201,43,07:28:29,07:28:44,0
N7niHD4FSKKz4wzURqkFW-07:00:00,SYN_107203,0,07:00:09,07:00:24,0
N7niHD4FSKKz4wzURqkFW-07:00:00,SYN_107204,1,07:00:46,07:01:01,0
N7niHD4FSKKz4wzURqkFW-07:00:00,SYN_107205,2,07:01:24,07:01:39,0
N7niHD4FSKKz4wzURqkFW-07:00:00,SYN_107206,3,07:02:02,07:02:17,0
N7niHD4FSKKz4wzURqkFW-07:00:00,SYN_107207,4,07:02:40,07:02:55,0
N7niHD4FSKKz4wzURqkFW-07:00:00,SYN_107208,5,07:03:18,07:03:33,0
N7niHD4FSKKz4wzURqkFW-07:00:00,SYN_107209,6,07:03:56,07:04:11,0
N7niHD4FSKKz4wzURqkFW-07:00:00,SYN_107210,7,07:04:33,07:04:48,0
N7niHD4FSKKz4wzURqkFW-07:00:00,SYN_107211,8,07:04:56,07:05:11,0
N7niHD4FSKKz4wzURqkFW-07:00:00,SYN_107212,9,07:05:14,07:05:29,0
N7niHD4FSKKz4wzURqkFW-07:00:00,SYN_107213,10,07:05:31,07:05:46,0
N7niHD4FSKKz4wzURqkFW-07:00:00,SYN_107214,11,07:05:49,07:06:04,0
N7niHD4FSKKz4wzURqkFW-07:00:00,SYN_107215,12,07:06:06,07:06:21,0
N7niHD4FSKKz4wzURqkFW-07:00:00,SYN_107216,13,07:06:24,07:06:39,0
N7niHD4FSKKz4wzURqkFW-07:00:00,SYN_107217,14,07:06:41,07:06:56,0
N7niHD4FSKKz4wzURqkFW-07:00:00,SYN_107218,15,07:06:59,07:07:14,0
N7niHD4FSKKz4wzURqkFW-07:00:00,SYN_107219,16,07:07:16,07:07:31,0
N7niHD4FSKKz4wzURqkFW-07:00:00,SYN_107220,17,07:07:32,07:07:47,0
N7niHD4FSKKz4wzURqkFW-07:00:00,SYN_107221,18,07:07:44,07:07:59,0
N7niHD4FSKKz4wzURqkFW-07:00:00,SYN_107222,19,07:07:56,07:08:11,0
N7niHD4FSKKz4wzURqkFW-07:00:00,SYN_107223,20,07:08:08,07:08:23,0
N7niHD4FSKKz4wzURqkFW-07:00:00,SYN_107224,21,07:08:21,07:08:36,0
N7niHD4FSKKz4wzURqkFW-07:00:00,SYN_107225,22,07:08:33,07:08:48,0
N7niHD4FSKKz4wzURqkFW-07:00:00,SYN_107226,23,07:08:45,07:09:00,0
N7niHD4FSKKz4wzURqkFW-07:00:00,SYN_107227,24,07:08:57,07:09:12,0
N7niHD4FSKKz4wzURqkFW-07:00:00,SYN_107228,25,07:09:09,07:09:24,0
N7niHD4FSKKz4wzURqkFW-07:00:00,SYN_107229,26,07:09:22,07:09:37,0
N7niHD4FSKKz4wzURqkFW-07:00:00,SYN_107230,27,07:09:34,07:09:49,0
N7niHD4FSKKz4wzURqkFW-07:00:00,SYN_107231,28,07:09:43,07:09:58,0
N7niHD4FSKKz4wzURqkFW-07:00:00,SYN_107232,29,07:09:52,07:10:07,0
N7niHD4FSKKz4wzURqkFW-07:00:00,SYN_107233,30,07:10:00,07:10:15,0
N7niHD4FSKKz4wzURqkFW-07:00:00,SYN_107234,31,07:10:09,07:10:24,0
N7niHD4FSKKz4wzURqkFW-07:00:00,SYN_107235,32,07:10:18,07:10:33,0
N7niHD4FSKKz4wzURqkFW-07:00:00,SYN_107236,33,07:10:26,07:10:41,0
N7niHD4FSKKz4wzURqkFW-07:00:00,SYN_107237,34,07:10:35,07:10:50,0
N7niHD4FSKKz4wzURqkFW-07:00:00,SYN_107238,35,07:10:43,07:10:58,0
N7niHD4FSKKz4wzURqkFW-07:00:00,SYN_107239,36,07:10:52,07:11:07,0
N7niHD4FSKKz4wzURqkFW-07:00:00,SYN_107240,37,07:11:01,07:11:16,0
N7niHD4FSKKz4wzURqkFW-07:00:00,SYN_107241,38,07:11:09,07:11:24,0
N7niHD4FSKKz4wzURqkFW-07:00:00,SYN_107242,39,07:11:18,07:11:33,0
N7niHD4FSKKz4wzURqkFW-07:00:00,SYN_107243,40,07:11:26,07:11:41,0
N7niHD4FSKKz4wzURqkFW-07:00:00,SYN_107244,41,07:11:35,07:11:50,0
N7niHD4FSKKz4wzURqkFW-07:00:00,SYN_107245,42,07:11:44,07:11:59,0
N7niHD4FSKKz4wzURqkFW-07:00:00,SYN_107246,43,07:11:52,07:12:07,0
N7niHD4FSKKz4wzURqkFW-07:00:00,SYN_107247,44,07:12:01,07:12:16,0
N7niHD4FSKKz4wzURqkFW-07:00:00,SYN_107248,45,07:12:09,07:12:24,0
N7niHD4FSKKz4wzURqkFW-07:00:00,SYN_107249,46,07:12:18,07:12:33,0
N7niHD4FSKKz4wzURqkFW-07:00:00,SYN_107250,47,07:12:27,07:12:42,0
N7niHD4FSKKz4wzURqkFW-07:00:00,SYN_107251,48,07:12:37,07:12:52,0
N7niHD4FSKKz4wzURqkFW-07:00:00,SYN_107252,49,07:12:58,07:13:13,0
N7niHD4FSKKz4wzURqkFW-07:00:00,SYN_107253,50,07:13:18,07:13:33,0
N7niHD4FSKKz4wzURqkFW-07:00:00,SYN_107254,51,07:13:39,07:13:54,0
N7niHD4FSKKz4wzURqkFW-07:00:00,SYN_107255,52,07:13:59,07:14:14,0
N7niHD4FSKKz4wzURqkFW-07:00:00,SYN_107256,53,07:14:20,07:14:35,0
N7niHD4FSKKz4wzURqkFW-07:00:00,SYN_107257,54,07:14:40,07:14:55,0
N7niHD4FSKKz4wzURqkFW-07:00:00,SYN_107258,55,07:15:01,07:15:16,0
N7niHD4FSKKz4wzURqkFW-07:00:00,SYN_107259,56,07:15:21,07:15:36,0
N7niHD4FSKKz4wzURqkFW-07:00:00,SYN_107260,57,07:15:42,07:15:57,0
N7niHD4FSKKz4wzURqkFW-07:00:00,SYN_107261,58,07:16:02,07:16:17,0
N7niHD4FSKKz4wzURqkFW-07:00:00,SYN_107262,59,07:16:23,07:16:38,0
N7niHD4FSKKz4wzURqkFW-07:00:00,SYN_107263,60,07:16:43,07:16:58,0
N7niHD4FSKKz4wzURqkFW-07:00:00,SYN_107264,61,07:17:04,07:17:19,0
N7niHD4FSKKz4wzURqkFW-07:00:00,SYN_107265,62,07:17:24,07:17:39,0
N7niHD4FSKKz4wzURqkFW-07:00:00,SYN_107266,63,07:17:45,07:18:00,0
N7niHD4FSKKz4wzURqkFW-07:00:00,SYN_107267,64,07:18:05,07:18:20,0
N7niHD4FSKKz4wzURqkFW-07:00:00,SYN_107268,65,07:18:26,07:18:41,0
N7niHD4FSKKz4wzURqkFW-07:00:00,SYN_107269,66,07:18:46,07:19:01,0
N7niHD4FSKKz4wzURqkFW-07:00:00,SYN_107270,67,07:19:07,07:19:22,0
N7niHD4FSKKz4wzURqkFW-07:00:00,SYN_107271,68,07:19:27,07:19:42,0
N7niHD4FSKKz4wzURqkFW-07:00:00,SYN_107272,69,07:19:48,07:20:03,0
N7niHD4FSKKz4wzURqkFW-07:00:00,SYN_107273,70,07:20:08,07:20:23,0
N7niHD4FSKKz4wzURqkFW-07:00:00,SYN_107274,71,07:20:29,07:20:44,0
N7niHD4FSKKz4wzURqkFW-07:00:00,SYN_107275,72,07:20:49,07:21:04,0
N7niHD4FSKKz4wzURqkFW-07:00:00,SYN_107276,73,07:21:10,07:21:25,0
N7niHD4FSKKz4wzURqkFW-07:00:00,SYN_107277,74,07:21:30,07:21:45,0
N7niHD4FSKKz4wzURqkFW-07:00:00,SYN_107278,75,07:21:51,07:22:06,0
N7niHD4FSKKz4wzURqkFW-07:00:00,SYN_107279,76,07:22:11,07:22:26,0
N7niHD4FSKKz4wzURqkFW-07:00:00,SYN_107280,77,07:22:32,07:22:47,0
N7niHD4FSKKz4wzURqkFW-07:00:00,SYN_107281,78,07:22:53,07:23:08,0
N7niHD4FSKKz4wzURqkFW-07:00:00,SYN_107282,79,07:23:14,07:23:29,0
N7niHD4FSKKz4wzURqkFW-07:00:00,SYN_107283,80,07:23:35,07:23:50,0
N7niHD4FSKKz4wzURqkFW-07:00:00,SYN_107284,81,07:23:56,07:24:11,0
N7niHD4FSKKz4wzURqkFW-07:00:00,SYN_107285,82,07:24:17,07:24:32,0
N7niHD4FSKKz4wzURqkFW-07:00:00,SYN_107286,83,07:24:39,07:24:54,0
N7niHD4FSKKz4wzURqkFW-07:00:00,SYN_107287,84,07:25:00,07:25:15,0
N7niHD4FSKKz4wzURqkFW-07:00:00,SYN_107288,85,07:25:21,07:25:36,0
N7niHD4FSKKz4wzURqkFW-07:00:00,SYN_107289,86,07:25:41,07:25:56,0
N7niHD4FSKKz4wzURqkFW-07:00:00,SYN_107290,87,07:26:01,07:26:16,0
N7niHD4FSKKz4wzURqkFW-07:00:00,SYN_107291,88,07:26:22,07:26:37,0
N7niHD4FSKKz4wzURqkFW-07:00:00,SYN_107292,89,07:26:42,07:26:57,0
N7niHD4FSKKz4wzURqkFW-07:00:00,SYN_107293,90,07:27:02,07:27:17,0
N7niHD4FSKKz4wzURqkFW-07:00:00,SYN_107294,91,07:27:22,07:27:37,0
N7niHD4FSKKz4wzURqkFW-07:00:00,SYN_107295,92,07:27:42,07:27:57,0
N7niHD4FSKKz4wzURqkFW-07:00:00,SYN_107296,93,07:28:03,07:28:18,0
N7niHD4FSKKz4wzURqkFW-07:00:00,SYN_107297,94,07:28:23,07:28:38,0
N7niHD4FSKKz4wzURqkFW-07:00:00,SYN_107298,95,07:28:43,07:28:58,0
N7niHD4FSKKz4wzURqkFW-07:00:00,SYN_107299,96,07:29:03,07:29:18,0
N7niHD4FSKKz4wzURqkFW-07:00:00,SYN_107300,97,07:29:24,07:29:39,0
N7niHD4FSKKz4wzURqkFW-07:00:00,SYN_107301,98,07:29:44,07:29:59,0
N7niHD4FSKKz4wzURqkFW-07:00:00,SYN_107302,99,07:30:04,07:30:19,0
N7niHD4FSKKz4wzURqkFW-07:00:00,SYN_107303,100,07:30:24,07:30:39,0
N7niHD4FSKKz4wzURqkFW-07:00:00,SYN_107304,101,07:30:43,07:30:58,0
N7niHD4FSKKz4wzURqkFW-07:00:00,SYN_107305,102,07:30:55,07:31:10,0
N7niHD4FSKKz4wzURqkFW-07:00:00,SYN_107306,103,07:31:07,07:31:22,0
N7niHD4FSKKz4wzURqkFW-07:00:00,SYN_107307,104,07:31:19,07:31:34,0
N7niHD4FSKKz4wzURqkFW-07:00:00,SYN_107308,105,07:31:31,07:31:46,0
N7niHD4FSKKz4wzURqkFW-07:00:00,SYN_107309,106,07:31:43,07:31:58,0
N7niHD4FSKKz4wzURqkFW-07:00:00,SYN_107310,107,07:31:55,07:32:10,0
N7niHD4FSKKz4wzURqkFW-07:00:00,SYN_107311,108,07:32:08,07:32:23,0
N7niHD4FSKKz4wzURqkFW-07:00:00,SYN_107312,109,07:32:20,07:32:35,0
N7niHD4FSKKz4wzURqkFW-07:00:00,SYN_107313,110,07:32:32,07:32:47,0
N7niHD4FSKKz4wzURqkFW-07:00:00,SYN_107314,111,07:32:44,07:32:59,0
N7niHD4FSKKz4wzURqkFW-07:00:00,SYN_107315,112,07:32:56,07:33:11,0
N7niHD4FSKKz4wzURqkFW-07:00:00,SYN_107316,113,07:33:08,07:33:23,0
N7niHD4FSKKz4wzURqkFW-07:00:00,SYN_107317,114,07:33:20,07:33:35,0
N7niHD4FSKKz4wzURqkFW-07:00:00,SYN_107318,115,07:33:32,07:33:47,0
N7niHD4FSKKz4wzURqkFW-07:00:00,SYN_107319,116,07:33:44,07:33:59,0
N7niHD4FSKKz4wzURqkFW-07:00:00,SYN_107320,117,07:33:56,07:34:11,0
N7niHD4FSKKz4wzURqkFW-07:00:00,SYN_107321,118,07:34:08,07:34:23,0
N7niHD4FSKKz4wzURqkFW-07:00:00,SYN_107322,119,07:34:20,07:34:35,0
N7niHD4FSKKz4wzURqkFW-07:00:00,SYN_107323,120,07:34:32,07:34:47,0
N7niHD4FSKKz4wzURqkFW-07:00:00,SYN_107324,121,07:34:44,07:34:59,0
N7niHD4FSKKz4wzURqkFW-07:00:00,SYN_107325,122,07:34:56,07:35:11,0
N7niHD4FSKKz4wzURqkFW-07:00:00,SYN_107326,123,07:35:08,07:35:23,0
N7niHD4FSKKz4wzURqkFW-07:00:00,SYN_107327,124,07:35:20,07:35:35,0
N7niHD4FSKKz4wzURqkFW-07:00:00,SYN_107328,125,07:35:42,07:35:57,0
N7niHD4FSKKz4wzURqkFW-07:00:00,SYN_107329,126,07:36:04,07:36:19,0
N7niHD4FSKKz4wzURqkFW-07:00:00,SYN_107330,127,07:36:26,07:36:41,0
N7niHD4FSKKz4wzURqkFW-07:00:00,SYN_107331,128,07:36:46,07:37:01,0
N7niHD4FSKKz4wzURqkFW-07:00:00,SYN_107332,129,07:37:06,07:37:21,0
N7niHD4FSKKz4wzURqkFW-07:00:00,SYN_107333,130,07:37:26,07:37:41,0
N7niHD4FSKKz4wzURqkFW-07:00:00,SYN_107334,131,07:37:46,07:38:01,0
N7niHD4FSKKz4wzURqkFW-07:00:00,SYN_107335,132,07:38:06,07:38:21,0
N7niHD4FSKKz4wzURqkFW-07:00:00,SYN_107336,133,07:38:27,07:38:42,0
N7niHD4FSKKz4wzURqkFW-07:00:00,SYN_107337,134,07:38:47,07:39:02,0
iHxp5k-_O7q56ncOSt9aW-07:00:00,SYN_107340,0,07:01:30,07:01:45,0
iHxp5k-_O7q56ncOSt9aW-07:00:00,SYN_107341,1,07:04:58,07:05:13,0
iHxp5k-_O7q56ncOSt9aW-07:00:00,SYN_107342,2,07:08:26,07:08:41,0
iHxp5k-_O7q56ncOSt9aW-07:00:00,SYN_107343,3,07:11:54,07:12:09,0
iHxp5k-_O7q56ncOSt9aW-07:00:00,SYN_107344,4,07:15:22,07:15:37,0
iHxp5k-_O7q56ncOSt9aW-07:00:00,SYN_107345,5,07:16:27,07:16:42,0
iHxp5k-_O7q56ncOSt9aW-07:00:00,SYN_107346,6,07:17:00,07:17:15,0
iHxp5k-_O7q56ncOSt9aW-07:00:00,SYN_107347,7,07:17:33,07:17:48,0
iHxp5k-_O7q56ncOSt9aW-07:00:00,SYN_107348,8,07:18:05,07:18:20,0
iHxp5k-_O7q56ncOSt9aW-07:00:00,SYN_107349,9,07:18:38,07:18:53,0
iHxp5k-_O7q56ncOSt9aW-07:00:00,SYN_107350,10,07:19:06,07:19:21,0
iHxp5k-_O7q56ncOSt9aW-07:00:00,SYN_107351,11,07:19:33,07:19:48,0
iHxp5k-_O7q56ncOSt9aW-07:00:00,SYN_107352,12,07:19:59,07:20:14,0
iHxp5k-_O7q56ncOSt9aW-07:00:00,SYN_107353,13,07:20:21,07:20:36,0
iHxp5k-_O7q56ncOSt9aW-07:00:00,SYN_107354,14,07:20:43,07:20:58,0
iHxp5k-_O7q56ncOSt9aW-07:00:00,SYN_107355,15,07:21:05,07:21:20,0
iHxp5k-_O7q56ncOSt9aW-07:00:00,SYN_107356,16,07:21:27,07:21:42,0
iHxp5k-_O7q56ncOSt9aW-07:00:00,SYN_107357,17,07:21:49,07:22:04,0
iHxp5k-_O7q56ncOSt9aW-07:00:00,SYN_107358,18,07:22:06,07:22:21,0
iHxp5k-_O7q56ncOSt9aW-07:00:00,SYN_107359,19,07:22:24,07:22:39,0
iHxp5k-_O7q56ncOSt9aW-07:00:00,SYN_107360,20,07:22:41,07:22:56,0
iHxp5k-_O7q56ncOSt9aW-07:00:00,SYN_107361,21,07:22:59,07:23:14,0
iHxp5k-_O7q56ncOSt9aW-07:00:00,SYN_107362,22,07:23:16,07:23:31,0
iHxp5k-_O7q56ncOSt9aW-07:00:00,SYN_107363,23,07:23:34,07:23:49,0
iHxp5k-_O7q56ncOSt9aW-07:00:00,SYN_107364,24,07:23:51,07:24:06,0
iHxp5k-_O7q56ncOSt9aW-07:00:00,SYN_107365,25,07:24:09,07:24:24,0
iHxp5k-_O7q56ncOSt9aW-07:00:00,SYN_107366,26,07:24:26,07:24:41,0
iHxp5k-_O7q56ncOSt9aW-07:00:00,SYN_107367,27,07:24:40,07:24:55,0
iHxp5k-_O7q56ncOSt9aW-07:00:00,SYN_107368,28,07:24:52,07:25:07,0
iHxp5k-_O7q56ncOSt9aW-07:00:00,SYN_107369,29,07:25:04,07:25:19,0
iHxp5k-_O7q56ncOSt9aW-07:00:00,SYN_107370,30,07:25:17,07:25:32,0
iHxp5k-_O7q56ncOSt9aW-07:00:00,SYN_107371,31,07:25:29,07:25:44,0
iHxp5k-_O7q56ncOSt9aW-07:00:00,SYN_107372,32,07:25:41,07:25:56,0
iHxp5k-_O7q56ncOSt9aW-07:00:00,SYN_107373,33,07:25:53,07:26:08,0
iHxp5k-_O7q56ncOSt9aW-07:00:00,SYN_107374,34,07:26:05,07:26:20,0
iHxp5k-_O7q56ncOSt9aW-07:00:00,SYN_107375,35,07:26:17,07:26:32,0
iHxp5k-_O7q56ncOSt9aW-07:00:00,SYN_107376,36,07:26:30,07:26:45,0
iHxp5k-_O7q56ncOSt9aW-07:00:00,SYN_107377,37,07:26:41,07:26:56,0
iHxp5k-_O7q56ncOSt9aW-07:00:00,SYN_107378,38,07:26:50,07:27:05,0
iHxp5k-_O7q56ncOSt9aW-07:00:00,SYN_107379,39,07:26:59,07:27:14,0
iHxp5k-_O7q56ncOSt9aW-07:00:00,SYN_107380,40,07:27:07,07:27:22,0
iHxp5k-_O7q56ncOSt9aW-07:00:00,SYN_107381,41,07:27:16,07:27:31,0
iHxp5k-_O7q56ncOSt9aW-07:00:00,SYN_107382,42,07:27:24,07:27:39,0
iHxp5k-_O7q56ncOSt9aW-07:00:00,SYN_107383,43,07:27:33,07:27:48,0
iHxp5k-_O7q56ncOSt9aW-07:00:00,SYN_107384,44,07:27:42,07:27:57,0
iHxp5k-_O7q56ncOSt9aW-07:00:00,SYN_107385,45,07:27:50,07:28:05,0
iHxp5k-_O7q56ncOSt9aW-07:00:00,SYN_107386,46,07:27:59,07:28:14,0
iHxp5k-_O7q56ncOSt9aW-07:00:00,SYN_107387,47,07:28:07,07:28:22,0
iHxp5k-_O7q56ncOSt9aW-07:00:00,SYN_107388,48,07:28:16,07:28:31,0
iHxp5k-_O7q56ncOSt9aW-07:00:00,SYN_107389,49,07:28:25,07:28:40,0
iHxp5k-_O7q56ncOSt9aW-07:00:00,SYN_107390,50,07:28:33,07:28:48,0
iHxp5k-_O7q56ncOSt9aW-07:00:00,SYN_107391,51,07:28:42,07:28:57,0
iHxp5k-_O7q56ncOSt9aW-07:00:00,SYN_107392,52,07:28:50,07:29:05,0
iHxp5k-_O7q56ncOSt9aW-07:00:00,SYN_107393,53,07:28:59,07:29:14,0
iHxp5k-_O7q56ncOSt9aW-07:00:00,SYN_107394,54,07:29:08,07:29:23,0
iHxp5k-_O7q56ncOSt9aW-07:00:00,SYN_107395,55,07:29:16,07:29:31,0
iHxp5k-_O7q56ncOSt9aW-07:00:00,SYN_107396,56,07:29:25,07:29:40,0
iHxp5k-_O7q56ncOSt9aW-07:00:00,SYN_107397,57,07:29:33,07:29:48,0
iHxp5k-_O7q56ncOSt9aW-07:00:00,SYN_107398,58,07:29:48,07:30:03,0
iHxp5k-_O7q56ncOSt9aW-07:00:00,SYN_107399,59,07:30:09,07:30:24,0
iHxp5k-_O7q56ncOSt9aW-07:00:00,SYN_107400,60,07:30:29,07:30:44,0
iHxp5k-_O7q56ncOSt9aW-07:00:00,SYN_107401,61,07:30:50,07:31:05,0
iHxp5k-_O7q56ncOSt9aW-07:00:00,SYN_107402,62,07:31:10,07:31:25,0
iHxp5k-_O7q56ncOSt9aW-07:00:00,SYN_107403,63,07:31:31,07:31:46,0
iHxp5k-_O7q56ncOSt9aW-07:00:00,SYN_107404,64,07:31:51,07:32:06,0
iHxp5k-_O7q56ncOSt9aW-07:00:00,SYN_107405,65,07:32:12,07:32:27,0
iHxp5k-_O7q56ncOSt9aW-07:00:00,SYN_107406,66,07:32:32,07:32:47,0
iHxp5k-_O7q56ncOSt9aW-07:00:00,SYN_107407,67,07:32:53,07:33:08,0
iHxp5k-_O7q56ncOSt9aW-07:00:00,SYN_107408,68,07:33:13,07:33:28,0
iHxp5k-_O7q56ncOSt9aW-07:00:00,SYN_107409,69,07:33:34,07:33:49,0
iHxp5k-_O7q56ncOSt9aW-07:00:00,SYN_107410,70,07:33:54,07:34:09,0
iHxp5k-_O7q56ncOSt9aW-07:00:00,SYN_107411,71,07:34:15,07:34:30,0
iHxp5k-_O7q56ncOSt9aW-07:00:00,SYN_107412,72,07:34:35,07:34:50,0
iHxp5k-_O7q56ncOSt9aW-07:00:00,SYN_107413,73,07:34:56,07:35:11,0
iHxp5k-_O7q56ncOSt9aW-07:00:00,SYN_107414,74,07:35:16,07:35:31,0
iHxp5k-_O7q56ncOSt9aW-07:00:00,SYN_107415,75,07:35:37,07:35:52,0
iHxp5k-_O7q56ncOSt9aW-07:00:00,SYN_107416,76,07:35:57,07:36:12,0
iHxp5k-_O7q56ncOSt9aW-07:00:00,SYN_107417,77,07:36:18,07:36:33,0
iHxp5k-_O7q56ncOSt9aW-07:00:00,SYN_107418,78,07:36:38,07:36:53,0
iHxp5k-_O7q56ncOSt9aW-07:00:00,SYN_107419,79,07:36:59,07:37:14,0
iHxp5k-_O7q56ncOSt9aW-07:00:00,SYN_107420,80,07:37:19,07:37:34,0
iHxp5k-_O7q56ncOSt9aW-07:00:00,SYN_107421,81,07:37:40,07:37:55,0
iHxp5k-_O7q56ncOSt9aW-07:00:00,SYN_107422,82,07:38:00,07:38:15,0
iHxp5k-_O7q56ncOSt9aW-07:00:00,SYN_107423,83,07:38:21,07:38:36,0
iHxp5k-_O7q56ncOSt9aW-07:00:00,SYN_107424,84,07:38:41,07:38:56,0
iHxp5k-_O7q56ncOSt9aW-07:00:00,SYN_107425,85,07:39:02,07:39:17,0
iHxp5k-_O7q56ncOSt9aW-07:00:00,SYN_107426,86,07:39:22,07:39:37,0
iHxp5k-_O7q56ncOSt9aW-07:00:00,SYN_107427,87,07:39:43,07:39:58,0
iHxp5k-_O7q56ncOSt9aW-07:00:00,SYN_107428,88,07:40:04,07:40:19,0
iHxp5k-_O7q56ncOSt9aW-07:00:00,SYN_107429,89,07:40:25,07:40:40,0
iHxp5k-_O7q56ncOSt9aW-07:00:00,SYN_107430,90,07:40:46,07:41:01,0
iHxp5k-_O7q56ncOSt9aW-07:00:00,SYN_107431,91,07:41:08,07:41:23,0
iHxp5k-_O7q56ncOSt9aW-07:00:00,SYN_107432,92,07:41:29,07:41:44,0
iHxp5k-_O7q56ncOSt9aW-07:00:00,SYN_107433,93,07:41:50,07:42:05,0
iHxp5k-_O7q56ncOSt9aW-07:00:00,SYN_107434,94,07:42:11,07:42:26,0
iHxp5k-_O7q56ncOSt9aW-07:00:00,SYN_107435,95,07:42:32,07:42:47,0
iHxp5k-_O7q56ncOSt9aW-07:00:00,SYN_107436,96,07:42:52,07:43:07,0
iHxp5k-_O7q56ncOSt9aW-07:00:00,SYN_107437,97,07:43:12,07:43:27,0
iHxp5k-_O7q56ncOSt9aW-07:00:00,SYN_107438,98,07:43:32,07:43:47,0
iHxp5k-_O7q56ncOSt9aW-07:00:00,SYN_107439,99,07:43:53,07:44:08,0
iHxp5k-_O7q56ncOSt9aW-07:00:00,SYN_107440,100,07:44:13,07:44:28,0
iHxp5k-_O7q56ncOSt9aW-07:00:00,SYN_107441,101,07:44:33,07:44:48,0
iHxp5k-_O7q56ncOSt9aW-07:00:00,SYN_107442,102,07:44:53,07:45:08,0
iHxp5k-_O7q56ncOSt9aW-07:00:00,SYN_107443,103,07:45:13,07:45:28,0
iHxp5k-_O7q56ncOSt9aW-07:00:00,SYN_107444,104,07:45:34,07:45:49,0
iHxp5k-_O7q56ncOSt9aW-07:00:00,SYN_107445,105,07:45:54,07:46:09,0
iHxp5k-_O7q56ncOSt9aW-07:00:00,SYN_107446,106,07:46:14,07:46:29,0
iHxp5k-_O7q56ncOSt9aW-07:00:00,SYN_107447,107,07:46:34,07:46:49,0
iHxp5k-_O7q56ncOSt9aW-07:00:00,SYN_107448,108,07:46:55,07:47:10,0
iHxp5k-_O7q56ncOSt9aW-07:00:00,SYN_107449,109,07:47:15,07:47:30,0
iHxp5k-_O7q56ncOSt9aW-07:00:00,SYN_107450,110,07:47:35,07:47:50,0
iHxp5k-_O7q56ncOSt9aW-07:00:00,SYN_107451,111,07:47:51,07:48:06,0
iHxp5k-_O7q56ncOSt9aW-07:00:00,SYN_107452,112,07:48:03,07:48:18,0
iHxp5k-_O7q56ncOSt9aW-07:00:00,SYN_107453,113,07:48:15,07:48:30,0
iHxp5k-_O7q56ncOSt9aW-07:00:00,SYN_107454,114,07:48:27,07:48:42,0
iHxp5k-_O7q56ncOSt9aW-07:00:00,SYN_107455,115,07:48:39,07:48:54,0
iHxp5k-_O7q56ncOSt9aW-07:00:00,SYN_107456,116,07:48:51,07:49:06,0
iHxp5k-_O7q56ncOSt9aW-07:00:00,SYN_107457,117,07:49:04,07:49:19,0
iHxp5k-_O7q56ncOSt9aW-07:00:00,SYN_107458,118,07:49:16,07:49:31,0
iHxp5k-_O7q56ncOSt9aW-07:00:00,SYN_107459,119,07:49:28,07:49:43,0
iHxp5k-_O7q56ncOSt9aW-07:00:00,SYN_107460,120,07:49:40,07:49:55,0
iHxp5k-_O7q56ncOSt9aW-07:00:00,SYN_107461,121,07:49:52,07:50:07,0
iHxp5k-_O7q56ncOSt9aW-07:00:00,SYN_107462,122,07:50:04,07:50:19,0
iHxp5k-_O7q56ncOSt9aW-07:00:00,SYN_107463,123,07:50:16,07:50:31,0
iHxp5k-_O7q56ncOSt9aW-07:00:00,SYN_107464,124,07:50:28,07:50:43,0
iHxp5k-_O7q56ncOSt9aW-07:00:00,SYN_107465,125,07:50:40,07:50:55,0
iHxp5k-_O7q56ncOSt9aW-07:00:00,SYN_107466,126,07:50:52,07:51:07,0
iHxp5k-_O7q56ncOSt9aW-07:00:00,SYN_107467,127,07:51:04,07:51:19,0
iHxp5k-_O7q56ncOSt9aW-07:00:00,SYN_107468,128,07:51:16,07:51:31,0
iHxp5k-_O7q56ncOSt9aW-07:00:00,SYN_107469,129,07:51:28,07:51:43,0
iHxp5k-_O7q56ncOSt9aW-07:00:00,SYN_107470,130,07:51:40,07:51:55,0
iHxp5k-_O7q56ncOSt9aW-07:00:00,SYN_107471,131,07:51:52,07:52:07,0
iHxp5k-_O7q56ncOSt9aW-07:00:00,SYN_107472,132,07:52:04,07:52:19,0
iHxp5k-_O7q56ncOSt9aW-07:00:00,SYN_107473,133,07:52:16,07:52:31,0
iHxp5k-_O7q56ncOSt9aW-07:00:00,SYN_107474,134,07:52:31,07:52:46,0
iHxp5k-_O7q56ncOSt9aW-07:00:00,SYN_107475,135,07:52:53,07:53:08,0
iHxp5k-_O7q56ncOSt9aW-07:00:00,SYN_107476,136,07:53:15,07:53:30,0
iHxp5k-_O7q56ncOSt9aW-07:00:00,SYN_107477,137,07:53:37,07:53:52,0
iHxp5k-_O7q56ncOSt9aW-07:00:00,SYN_107478,138,07:53:57,07:54:12,0
iHxp5k-_O7q56ncOSt9aW-07:00:00,SYN_107479,139,07:54:17,07:54:32,0
iHxp5k-_O7q56ncOSt9aW-07:00:00,SYN_107480,140,07:54:37,07:54:52,0
iHxp5k-_O7q56ncOSt9aW-07:00:00,SYN_107481,141,07:54:57,07:55:12,0
iHxp5k-_O7q56ncOSt9aW-07:00:00,SYN_107482,142,07:55:17,07:55:32,0
iHxp5k-_O7q56ncOSt9aW-07:00:00,SYN_107483,143,07:55:37,07:55:52,0
AOVtM-9TZ3fXGgaCnC-sH-07:00:00,SYN_107486,0,07:00:01,07:00:16,0
AOVtM-9TZ3fXGgaCnC-sH-07:00:00,SYN_107487,1,07:00:15,07:00:30,0
AOVtM-9TZ3fXGgaCnC-sH-07:00:00,SYN_107488,2,07:00:28,07:00:43,0
AOVtM-9TZ3fXGgaCnC-sH-07:00:00,SYN_107489,3,07:00:41,07:00:56,0
AOVtM-9TZ3fXGgaCnC-sH-07:00:00,SYN_107490,4,07:00:54,07:01:09,0
AOVtM-9TZ3fXGgaCnC-sH-07:00:00,SYN_107491,5,07:01:07,07:01:22,0
AOVtM-9TZ3fXGgaCnC-sH-07:00:00,SYN_107492,6,07:01:20,07:01:35,0
AOVtM-9TZ3fXGgaCnC-sH-07:00:00,SYN_107493,7,07:01:33,07:01:48,0
AOVtM-9TZ3fXGgaCnC-sH-07:00:00,SYN_107494,8,07:01:46,07:02:01,0
AOVtM-9TZ3fXGgaCnC-sH-07:00:00,SYN_107495,9,07:01:59,07:02:14,0
AOVtM-9TZ3fXGgaCnC-sH-07:00:00,SYN_107496,10,07:02:12,07:02:27,0
AOVtM-9TZ3fXGgaCnC-sH-07:00:00,SYN_107497,11,07:02:25,07:02:40,0
AOVtM-9TZ3fXGgaCnC-sH-07:00:00,SYN_107498,12,07:02:39,07:02:54,0
AOVtM-9TZ3fXGgaCnC-sH-07:00:00,SYN_107499,13,07:02:52,07:03:07,0
AOVtM-9TZ3fXGgaCnC-sH-07:00:00,SYN_107500,14,07:03:05,07:03:20,0
AOVtM-9TZ3fXGgaCnC-sH-07:00:00,SYN_107501,15,07:03:18,07:03:33,0
AOVtM-9TZ3fXGgaCnC-sH-07:00:00,SYN_107502,16,07:03:31,07:03:46,0
AOVtM-9TZ3fXGgaCnC-sH-07:00:00,SYN_107503,17,07:03:44,07:03:59,0
AOVtM-9TZ3fXGgaCnC-sH-07:00:00,SYN_107504,18,07:03:57,07:04:12,0
AOVtM-9TZ3fXGgaCnC-sH-07:00:00,SYN_107505,19,07:04:10,07:04:25,0
AOVtM-9TZ3fXGgaCnC-sH-07:00:00,SYN_107506,20,07:04:26,07:04:41,0
AOVtM-9TZ3fXGgaCnC-sH-07:00:00,SYN_107507,21,07:04:44,07:04:59,0
AOVtM-9TZ3fXGgaCnC-sH-07:00:00,SYN_107508,22,07:05:02,07:05:17,0
AOVtM-9TZ3fXGgaCnC-sH-07:00:00,SYN_107509,23,07:05:20,07:05:35,0
AOVtM-9TZ3fXGgaCnC-sH-07:00:00,SYN_107510,24,07:05:38,07:05:53,0
AOVtM-9TZ3fXGgaCnC-sH-07:00:00,SYN_107511,25,07:05:56,07:06:11,0
AOVtM-9TZ3fXGgaCnC-sH-07:00:00,SYN_107512,26,07:06:14,07:06:29,0
AOVtM-9TZ3fXGgaCnC-sH-07:00:00,SYN_107513,27,07:06:27,07:06:42,0
AOVtM-9TZ3fXGgaCnC-sH-07:00:00,SYN_107514,28,07:06:40,07:06:55,0
AOVtM-9TZ3fXGgaCnC-sH-07:00:00,SYN_107515,29,07:06:52,07:07:07,0
AOVtM-9TZ3fXGgaCnC-sH-07:00:00,SYN_107516,30,07:07:04,07:07:19,0
AOVtM-9TZ3fXGgaCnC-sH-07:00:00,SYN_107517,31,07:07:16,07:07:31,0
AOVtM-9TZ3fXGgaCnC-sH-07:00:00,SYN_107518,32,07:07:28,07:07:43,0
AOVtM-9TZ3fXGgaCnC-sH-07:00:00,SYN_107519,33,07:07:40,07:07:55,0
AOVtM-9TZ3fXGgaCnC-sH-07:00:00,SYN_107520,34,07:07:52,07:08:07,0
AOVtM-9TZ3fXGgaCnC-sH-07:00:00,SYN_107521,35,07:08:04,07:08:19,0
AOVtM-9TZ3fXGgaCnC-sH-07:00:00,SYN_107522,36,07:08:16,07:08:31,0
AOVtM-9TZ3fXGgaCnC-sH-07:00:00,SYN_107523,37,07:08:28,07:08:43,0
AOVtM-9TZ3fXGgaCnC-sH-07:00:00,SYN_107524,38,07:08:40,07:08:55,0
AOVtM-9TZ3fXGgaCnC-sH-07:00:00,SYN_107525,39,07:08:52,07:09:07,0
AOVtM-9TZ3fXGgaCnC-sH-07:00:00,SYN_107526,40,07:09:08,07:09:23,0
AOVtM-9TZ3fXGgaCnC-sH-07:00:00,SYN_107527,41,07:09:25,07:09:40,0
AOVtM-9TZ3fXGgaCnC-sH-07:00:00,SYN_107528,42,07:09:42,07:09:57,0
AOVtM-9TZ3fXGgaCnC-sH-07:00:00,SYN_107529,43,07:09:59,07:10:14,0
AOVtM-9TZ3fXGgaCnC-sH-07:00:00,SYN_107530,44,07:10:14,07:10:29,0
AOVtM-9TZ3fXGgaCnC-sH-07:00:00,SYN_107531,45,07:10:29,07:10:44,0
AOVtM-9TZ3fXGgaCnC-sH-07:00:00,SYN_107532,46,07:10:44,07:10:59,0
AOVtM-9TZ3fXGgaCnC-sH-07:00:00,SYN_107533,47,07:11:03,07:11:18,0
AOVtM-9TZ3fXGgaCnC-sH-07:00:00,SYN_107534,48,07:11:22,07:11:37,0
AOVtM-9TZ3fXGgaCnC-sH-07:00:00,SYN_107535,49,07:11:41,07:11:56,0
AOVtM-9TZ3fXGgaCnC-sH-07:00:00,SYN_107536,50,07:12:00,07:12:15,0
AOVtM-9TZ3fXGgaCnC-sH-07:00:00,SYN_107537,51,07:12:19,07:12:34,0
AOVtM-9TZ3fXGgaCnC-sH-07:00:00,SYN_107538,52,07:12:38,07:12:53,0
AOVtM-9TZ3fXGgaCnC-sH-07:00:00,SYN_107539,53,07:12:51,07:13:06,0
AOVtM-9TZ3fXGgaCnC-sH-07:00:00,SYN_107540,54,07:13:04,07:13:19,0
AOVtM-9TZ3fXGgaCnC-sH-07:00:00,SYN_107541,55,07:13:18,07:13:33,0
AOVtM-9TZ3fXGgaCnC-sH-07:00:00,SYN_107542,56,07:13:31,07:13:46,0
AOVtM-9TZ3fXGgaCnC-sH-07:00:00,SYN_107543,57,07:13:44,07:13:59,0
AOVtM-9TZ3fXGgaCnC-sH-07:00:00,SYN_107544,58,07:13:58,07:14:13,0
AOVtM-9TZ3fXGgaCnC-sH-07:00:00,SYN_107545,59,07:14:11,07:14:26,0
AOVtM-9TZ3fXGgaCnC-sH-07:00:00,SYN_107546,60,07:14:24,07:14:39,0
AOVtM-9TZ3fXGgaCnC-sH-07:00:00,SYN_107547,61,07:14:38,07:14:53,0
AOVtM-9TZ3fXGgaCnC-sH-07:00:00,SYN_107548,62,07:14:51,07:15:06,0
AOVtM-9TZ3fXGgaCnC-sH-07:00:00,SYN_107549,63,07:15:05,07:15:20,0
AOVtM-9TZ3fXGgaCnC-sH-07:00:00,SYN_107550,64,07:15:14,07:15:29,0
AOVtM-9TZ3fXGgaCnC-sH-07:00:00,SYN_107551,65,07:15:22,07:15:37,0
AOVtM-9TZ3fXGgaCnC-sH-07:00:00,SYN_107552,66,07:15:31,07:15:46,0
AOVtM-9TZ3fXGgaCnC-sH-07:00:00,SYN_107553,67,07:15:40,07:15:55,0
AOVtM-9TZ3fXGgaCnC-sH-07:00:00,SYN_107554,68,07:15:48,07:16:03,0
AOVtM-9TZ3fXGgaCnC-sH-07:00:00,SYN_107555,69,07:15:57,07:16:12,0
AOVtM-9TZ3fXGgaCnC-sH-07:00:00,SYN_107556,70,07:16:05,07:16:20,0
AOVtM-9TZ3fXGgaCnC-sH-07:00:00,SYN_107557,71,07:16:14,07:16:29,0
AOVtM-9TZ3fXGgaCnC-sH-07:00:00,SYN_107558,72,07:16:23,07:16:38,0
AOVtM-9TZ3fXGgaCnC-sH-07:00:00,SYN_107559,73,07:16:31,07:16:46,0
AOVtM-9TZ3fXGgaCnC-sH-07:00:00,SYN_107560,74,07:16:40,07:16:55,0
AOVtM-9TZ3fXGgaCnC-sH-07:00:00,SYN_107561,75,07:16:48,07:17:03,0
AOVtM-9TZ3fXGgaCnC-sH-07:00:00,SYN_107562,76,07:16:57,07:17:12,0
AOVtM-9TZ3fXGgaCnC-sH-07:00:00,SYN_107563,77,07:17:06,07:17:21,0
AOVtM-9TZ3fXGgaCnC-sH-07:00:00,SYN_107564,78,07:17:14,07:17:29,0
AOVtM-9TZ3fXGgaCnC-sH-07:00:00,SYN_107565,79,07:17:23,07:17:38,0
AOVtM-9TZ3fXGgaCnC-sH-07:00:00,SYN_107566,80,07:17:31,07:17:46,0
AOVtM-9TZ3fXGgaCnC-sH-07:00:00,SYN_107567,81,07:17:40,07:17:55,0
AOVtM-9TZ3fXGgaCnC-sH-07:00:00,SYN_107568,82,07:17:49,07:18:04,0
AOVtM-9TZ3fXGgaCnC-sH-07:00:00,SYN_107569,83,07:17:57,07:18:12,0
AOVtM-9TZ3fXGgaCnC-sH-07:00:00,SYN_107570,84,07:18:09,07:18:24,0
AOVtM-9TZ3fXGgaCnC-sH-07:00:00,SYN_107571,85,07:18:30,07:18:45,0
AOVtM-9TZ3fXGgaCnC-sH-07:00:00,SYN_107572,86,07:18:50,07:19:05,0
AOVtM-9TZ3fXGgaCnC-sH-07:00:00,SYN_107573,87,07:19:10,07:19:25,0
AOVtM-9TZ3fXGgaCnC-sH-07:00:00,SYN_107574,88,07:19:31,07:19:46,0
AOVtM-9TZ3fXGgaCnC-sH-07:00:00,SYN_107575,89,07:19:51,07:20:06,0
AOVtM-9TZ3fXGgaCnC-sH-07:00:00,SYN_107576,90,07:20:12,07:20:27,0
AOVtM-9TZ3fXGgaCnC-sH-07:00:00,SYN_107577,91,07:20:32,07:20:47,0
AOVtM-9TZ3fXGgaCnC-sH-07:00:00,SYN_107578,92,07:20:53,07:21:08,0
AOVtM-9TZ3fXGgaCnC-sH-07:00:00,SYN_107579,93,07:21:13,07:21:28,0
AOVtM-9TZ3fXGgaCnC-sH-07:00:00,SYN_107580,94,07:21:33,07:21:48,0
AOVtM-9TZ3fXGgaCnC-sH-07:00:00,SYN_107581,95,07:21:54,07:22:09,0
AOVtM-9TZ3fXGgaCnC-sH-07:00:00,SYN_107582,96,07:22:14,07:22:29,0
AOVtM-9TZ3fXGgaCnC-sH-07:00:00,SYN_107583,97,07:22:35,07:22:50,0
AOVtM-9TZ3fXGgaCnC-sH-07:00:00,SYN_107584,98,07:22:55,07:23:10,0
AOVtM-9TZ3fXGgaCnC-sH-07:00:00,SYN_107585,99,07:23:16,07:23:31,0
AOVtM-9TZ3fXGgaCnC-sH-07:00:00,SYN_107586,100,07:23:36,07:23:51,0
AOVtM-9TZ3fXGgaCnC-sH-07:00:00,SYN_107587,101,07:23:56,07:24:11,0
AOVtM-9TZ3fXGgaCnC-sH-07:00:00,SYN_107588,102,07:24:17,07:24:32,0
AOVtM-9TZ3fXGgaCnC-sH-07:00:00,SYN_107589,103,07:24:37,07:24:52,0
AOVtM-9TZ3fXGgaCnC-sH-07:00:00,SYN_107590,104,07:24:58,07:25:13,0
AOVtM-9TZ3fXGgaCnC-sH-07:00:00,SYN_107591,105,07:25:18,07:25:33,0
AOVtM-9TZ3fXGgaCnC-sH-07:00:00,SYN_107592,106,07:25:38,07:25:53,0
AOVtM-9TZ3fXGgaCnC-sH-07:00:00,SYN_107593,107,07:25:59,07:26:14,0
AOVtM-9TZ3fXGgaCnC-sH-07:00:00,SYN_107594,108,07:26:19,07:26:34,0
AOVtM-9TZ3fXGgaCnC-sH-07:00:00,SYN_107595,109,07:26:40,07:26:55,0
AOVtM-9TZ3fXGgaCnC-sH-07:00:00,SYN_107596,110,07:27:00,07:27:15,0
AOVtM-9TZ3fXGgaCnC-sH-07:00:00,SYN_107597,111,07:27:21,07:27:36,0
AOVtM-9TZ3fXGgaCnC-sH-07:00:00,SYN_107598,112,07:27:41,07:27:56,0
AOVtM-9TZ3fXGgaCnC-sH-07:00:00,SYN_107599,113,07:28:02,07:28:17,0
AOVtM-9TZ3fXGgaCnC-sH-07:00:00,SYN_107600,114,07:28:23,07:28:38,0
AOVtM-9TZ3fXGgaCnC-sH-07:00:00,SYN_107601,115,07:28:44,07:28:59,0
AOVtM-9TZ3fXGgaCnC-sH-07:00:00,SYN_107602,116,07:29:05,07:29:20,0
AOVtM-9TZ3fXGgaCnC-sH-07:00:00,SYN_107603,117,07:29:26,07:29:41,0
AOVtM-9TZ3fXGgaCnC-sH-07:00:00,SYN_107604,118,07:29:47,07:30:02,0
AOVtM-9TZ3fXGgaCnC-sH-07:00:00,SYN_107605,119,07:30:08,07:30:23,0
AOVtM-9TZ3fXGgaCnC-sH-07:00:00,SYN_107606,120,07:30:28,07:30:43,0
AOVtM-9TZ3fXGgaCnC-sH-07:00:00,SYN_107607,121,07:30:49,07:31:04,0
AOVtM-9TZ3fXGgaCnC-sH-07:00:00,SYN_107608,122,07:31:10,07:31:25,0
AOVtM-9TZ3fXGgaCnC-sH-07:00:00,SYN_107609,123,07:31:30,07:31:45,0
AOVtM-9TZ3fXGgaCnC-sH-07:00:00,SYN_107610,124,07:31:50,07:32:05,0
AOVtM-9TZ3fXGgaCnC-sH-07:00:00,SYN_107611,125,07:32:10,07:32:25,0
AOVtM-9TZ3fXGgaCnC-sH-07:00:00,SYN_107612,126,07:32:31,07:32:46,0
AOVtM-9TZ3fXGgaCnC-sH-07:00:00,SYN_107613,127,07:32:51,07:33:06,0
AOVtM-9TZ3fXGgaCnC-sH-07:00:00,SYN_107614,128,07:33:11,07:33:26,0
AOVtM-9TZ3fXGgaCnC-sH-07:00:00,SYN_107615,129,07:33:31,07:33:46,0
AOVtM-9TZ3fXGgaCnC-sH-07:00:00,SYN_107616,130,07:33:52,07:34:07,0
AOVtM-9TZ3fXGgaCnC-sH-07:00:00,SYN_107617,131,07:34:12,07:34:27,0
AOVtM-9TZ3fXGgaCnC-sH-07:00:00,SYN_107618,132,07:34:32,07:34:47,0
AOVtM-9TZ3fXGgaCnC-sH-07:00:00,SYN_107619,133,07:34:52,07:35:07,0
AOVtM-9TZ3fXGgaCnC-sH-07:00:00,SYN_107620,134,07:35:12,07:35:27,0
AOVtM-9TZ3fXGgaCnC-sH-07:00:00,SYN_107621,135,07:35:33,07:35:48,0
AOVtM-9TZ3fXGgaCnC-sH-07:00:00,SYN_107622,136,07:35:53,07:36:08,0
AOVtM-9TZ3fXGgaCnC-sH-07:00:00,SYN_107623,137,07:36:11,07:36:26,0
AOVtM-9TZ3fXGgaCnC-sH-07:00:00,SYN_107624,138,07:36:23,07:36:38,0
AOVtM-9TZ3fXGgaCnC-sH-07:00:00,SYN_107625,139,07:36:35,07:36:50,0
AOVtM-9TZ3fXGgaCnC-sH-07:00:00,SYN_107626,140,07:36:47,07:37:02,0
AOVtM-9TZ3fXGgaCnC-sH-07:00:00,SYN_107627,141,07:36:59,07:37:14,0
AOVtM-9TZ3fXGgaCnC-sH-07:00:00,SYN_107628,142,07:37:11,07:37:26,0
AOVtM-9TZ3fXGgaCnC-sH-07:00:00,SYN_107629,143,07:37:23,07:37:38,0
AOVtM-9TZ3fXGgaCnC-sH-07:00:00,SYN_107630,144,07:37:35,07:37:50,0
AOVtM-9TZ3fXGgaCnC-sH-07:00:00,SYN_107631,145,07:37:48,07:38:03,0
AOVtM-9TZ3fXGgaCnC-sH-07:00:00,SYN_107632,146,07:38:00,07:38:15,0
AOVtM-9TZ3fXGgaCnC-sH-07:00:00,SYN_107633,147,07:38:12,07:38:27,0
AOVtM-9TZ3fXGgaCnC-sH-07:00:00,SYN_107634,148,07:38:24,07:38:39,0
AOVtM-9TZ3fXGgaCnC-sH-07:00:00,SYN_107635,149,07:38:36,07:38:51,0
AOVtM-9TZ3fXGgaCnC-sH-07:00:00,SYN_107636,150,07:38:48,07:39:03,0
AOVtM-9TZ3fXGgaCnC-sH-07:00:00,SYN_107637,151,07:39:00,07:39:15,0
AOVtM-9TZ3fXGgaCnC-sH-07:00:00,SYN_107638,152,07:39:12,07:39:27,0
AOVtM-9TZ3fXGgaCnC-sH-07:00:00,SYN_107639,153,07:39:24,07:39:39,0
AOVtM-9TZ3fXGgaCnC-sH-07:00:00,SYN_107640,154,07:39:36,07:39:51,0
AOVtM-9TZ3fXGgaCnC-sH-07:00:00,SYN_107641,155,07:39:48,07:40:03,0
AOVtM-9TZ3fXGgaCnC-sH-07:00:00,SYN_107642,156,07:40:00,07:40:15,0
AOVtM-9TZ3fXGgaCnC-sH-07:00:00,SYN_107643,157,07:40:12,07:40:27,0
AOVtM-9TZ3fXGgaCnC-sH-07:00:00,SYN_107644,158,07:40:24,07:40:39,0
AOVtM-9TZ3fXGgaCnC-sH-07:00:00,SYN_107645,159,07:40:36,07:40:51,0
025LCvbNrkhPcZFND6SfE-07:00:00,SYN_107649,0,07:00:17,07:00:32,0
025LCvbNrkhPcZFND6SfE-07:00:00,SYN_107650,1,07:00:35,07:00:50,0
025LCvbNrkhPcZFND6SfE-07:00:00,SYN_107651,2,07:00:53,07:01:08,0
025LCvbNrkhPcZFND6SfE-07:00:00,SYN_107652,3,07:01:11,07:01:26,0
025LCvbNrkhPcZFND6SfE-07:00:00,SYN_107653,4,07:01:29,07:01:44,0
025LCvbNrkhPcZFND6SfE-07:00:00,SYN_107654,5,07:01:47,07:02:02,0
025LCvbNrkhPcZFND6SfE-07:00:00,SYN_107655,6,07:02:05,07:02:20,0
025LCvbNrkhPcZFND6SfE-07:00:00,SYN_107656,7,07:02:23,07:02:38,0
025LCvbNrkhPcZFND6SfE-07:00:00,SYN_107657,8,07:02:41,07:02:56,0
025LCvbNrkhPcZFND6SfE-07:00:00,SYN_107658,9,07:02:59,07:03:14,0
025LCvbNrkhPcZFND6SfE-07:00:00,SYN_107659,10,07:03:17,07:03:32,0
025LCvbNrkhPcZFND6SfE-07:00:00,SYN_107660,11,07:03:35,07:03:50,0
025LCvbNrkhPcZFND6SfE-07:00:00,SYN_107661,12,07:03:54,07:04:09,0
025LCvbNrkhPcZFND6SfE-07:00:00,SYN_107662,13,07:04:14,07:04:29,0
025LCvbNrkhPcZFND6SfE-07:00:00,SYN_107663,14,07:04:34,07:04:49,0
025LCvbNrkhPcZFND6SfE-07:00:00,SYN_107664,15,07:04:54,07:05:09,0
025LCvbNrkhPcZFND6SfE-07:00:00,SYN_107665,16,07:05:14,07:05:29,0
025LCvbNrkhPcZFND6SfE-07:00:00,SYN_107666,17,07:05:34,07:05:49,0
025LCvbNrkhPcZFND6SfE-07:00:00,SYN_107667,18,07:05:54,07:06:09,0
025LCvbNrkhPcZFND6SfE-07:00:00,SYN_107668,19,07:06:14,07:06:29,0
025LCvbNrkhPcZFND6SfE-07:00:00,SYN_107669,20,07:06:34,07:06:49,0
025LCvbNrkhPcZFND6SfE-07:00:00,SYN_107670,21,07:06:54,07:07:09,0
025LCvbNrkhPcZFND6SfE-07:00:00,SYN_107671,22,07:07:14,07:07:29,0
025LCvbNrkhPcZFND6SfE-07:00:00,SYN_107672,23,07:07:34,07:07:49,0
025LCvbNrkhPcZFND6SfE-07:00:00,SYN_107673,24,07:07:54,07:08:09,0
025LCvbNrkhPcZFND6SfE-07:00:00,SYN_107674,25,07:08:15,07:08:30,0
025LCvbNrkhPcZFND6SfE-07:00:00,SYN_107675,26,07:08:35,07:08:50,0
025LCvbNrkhPcZFND6SfE-07:00:00,SYN_107676,27,07:08:55,07:09:10,0
025LCvbNrkhPcZFND6SfE-07:00:00,SYN_107677,28,07:09:15,07:09:30,0
025LCvbNrkhPcZFND6SfE-07:00:00,SYN_107678,29,07:09:35,07:09:50,0
025LCvbNrkhPcZFND6SfE-07:00:00,SYN_107679,30,07:09:55,07:10:10,0
025LCvbNrkhPcZFND6SfE-07:00:00,SYN_107680,31,07:10:15,07:10:30,0
025LCvbNrkhPcZFND6SfE-07:00:00,SYN_107681,32,07:10:35,07:10:50,0
025LCvbNrkhPcZFND6SfE-07:00:00,SYN_107682,33,07:10:55,07:11:10,0
025LCvbNrkhPcZFND6SfE-07:00:00,SYN_107683,34,07:11:16,07:11:31,0
025LCvbNrkhPcZFND6SfE-07:00:00,SYN_107684,35,07:11:38,07:11:53,0
025LCvbNrkhPcZFND6SfE-07:00:00,SYN_107685,36,07:12:00,07:12:15,0
025LCvbNrkhPcZFND6SfE-07:00:00,SYN_107686,37,07:12:22,07:12:37,0
025LCvbNrkhPcZFND6SfE-07:00:00,SYN_107687,38,07:12:42,07:12:57,0
025LCvbNrkhPcZFND6SfE-07:00:00,SYN_107688,39,07:13:02,07:13:17,0
025LCvbNrkhPcZFND6SfE-07:00:00,SYN_107689,40,07:13:22,07:13:37,0
025LCvbNrkhPcZFND6SfE-07:00:00,SYN_107690,41,07:13:42,07:13:57,0
025LCvbNrkhPcZFND6SfE-07:00:00,SYN_107691,42,07:14:02,07:14:17,0
025LCvbNrkhPcZFND6SfE-07:00:00,SYN_107692,43,07:14:22,07:14:37,0
025LCvbNrkhPcZFND6SfE-07:00:00,SYN_107693,44,07:14:42,07:14:57,0
JR4I2_wTJ2Vb9ocgkUSNB-07:00:00,SYN_107696,0,07:00:18,07:00:33,0
JR4I2_wTJ2Vb9ocgkUSNB-07:00:00,SYN_107697,1,07:00:38,07:00:53,0
JR4I2_wTJ2Vb9ocgkUSNB-07:00:00,SYN_107698,2,07:00:58,07:01:13,0
JR4I2_wTJ2Vb9ocgkUSNB-07:00:00,SYN_107699,3,07:01:19,07:01:34,0
JR4I2_wTJ2Vb9ocgkUSNB-07:00:00,SYN_107700,4,07:01:39,07:01:54,0
JR4I2_wTJ2Vb9ocgkUSNB-07:00:00,SYN_107701,5,07:01:59,07:02:14,0
JR4I2_wTJ2Vb9ocgkUSNB-07:00:00,SYN_107702,6,07:02:19,07:02:34,0
JR4I2_wTJ2Vb9ocgkUSNB-07:00:00,SYN_107703,7,07:02:39,07:02:54,0
JR4I2_wTJ2Vb9ocgkUSNB-07:00:00,SYN_107704,8,07:02:59,07:03:14,0
JR4I2_wTJ2Vb9ocgkUSNB-07:00:00,SYN_107705,9,07:03:19,07:03:34,0
JR4I2_wTJ2Vb9ocgkUSNB-07:00:00,SYN_107706,10,07:03:40,07:03:55,0
JR4I2_wTJ2Vb9ocgkUSNB-07:00:00,SYN_107707,11,07:04:00,07:04:15,0
JR4I2_wTJ2Vb9ocgkUSNB-07:00:00,SYN_107708,12,07:04:20,07:04:35,0
JR4I2_wTJ2Vb9ocgkUSNB-07:00:00,SYN_107709,13,07:04:40,07:04:55,0
JR4I2_wTJ2Vb9ocgkUSNB-07:00:00,SYN_107710,14,07:05:00,07:05:15,0
JR4I2_wTJ2Vb9ocgkUSNB-07:00:00,SYN_107711,15,07:05:20,07:05:35,0
JR4I2_wTJ2Vb9ocgkUSNB-07:00:00,SYN_107712,16,07:05:41,07:05:56,0
JR4I2_wTJ2Vb9ocgkUSNB-07:00:00,SYN_107713,17,07:06:01,07:06:16,0
JR4I2_wTJ2Vb9ocgkUSNB-07:00:00,SYN_107714,18,07:06:21,07:06:36,0
JR4I2_wTJ2Vb9ocgkUSNB-07:00:00,SYN_107715,19,07:06:41,07:06:56,0
JR4I2_wTJ2Vb9ocgkUSNB-07:00:00,SYN_107716,20,07:07:01,07:07:16,0
JR4I2_wTJ2Vb9ocgkUSNB-07:00:00,SYN_107717,21,07:07:21,07:07:36,0
JR4I2_wTJ2Vb9ocgkUSNB-07:00:00,SYN_107718,22,07:07:42,07:07:57,0
JR4I2_wTJ2Vb9ocgkUSNB-07:00:00,SYN_107719,23,07:08:02,07:08:17,0
JR4I2_wTJ2Vb9ocgkUSNB-07:00:00,SYN_107720,24,07:08:22,07:08:37,0
JR4I2_wTJ2Vb9ocgkUSNB-07:00:00,SYN_107721,25,07:08:42,07:08:57,0
JR4I2_wTJ2Vb9ocgkUSNB-07:00:00,SYN_107722,26,07:09:02,07:09:17,0
JR4I2_wTJ2Vb9ocgkUSNB-07:00:00,SYN_107723,27,07:09:22,07:09:37,0
JR4I2_wTJ2Vb9ocgkUSNB-07:00:00,SYN_107724,28,07:09:43,07:09:58,0
JR4I2_wTJ2Vb9ocgkUSNB-07:00:00,SYN_107725,29,07:10:03,07:10:18,0
JR4I2_wTJ2Vb9ocgkUSNB-07:00:00,SYN_107726,30,07:10:23,07:10:38,0
JR4I2_wTJ2Vb9ocgkUSNB-07:00:00,SYN_107727,31,07:10:43,07:10:58,0
JR4I2_wTJ2Vb9ocgkUSNB-07:00:00,SYN_107728,32,07:11:03,07:11:18,0
JR4I2_wTJ2Vb9ocgkUSNB-07:00:00,SYN_107729,33,07:11:23,07:11:38,0
JR4I2_wTJ2Vb9ocgkUSNB-07:00:00,SYN_107730,34,07:11:44,07:11:59,0
JR4I2_wTJ2Vb9ocgkUSNB-07:00:00,SYN_107731,35,07:12:04,07:12:19,0
JR4I2_wTJ2Vb9ocgkUSNB-07:00:00,SYN_107732,36,07:12:24,07:12:39,0
JR4I2_wTJ2Vb9ocgkUSNB-07:00:00,SYN_107733,37,07:12:44,07:12:59,0
JR4I2_wTJ2Vb9ocgkUSNB-07:00:00,SYN_107734,38,07:13:04,07:13:19,0
JR4I2_wTJ2Vb9ocgkUSNB-07:00:00,SYN_107735,39,07:13:24,07:13:39,0
JR4I2_wTJ2Vb9ocgkUSNB-07:00:00,SYN_107736,40,07:13:45,07:14:00,0
JR4I2_wTJ2Vb9ocgkUSNB-07:00:00,SYN_107737,41,07:14:05,07:14:20,0
JR4I2_wTJ2Vb9ocgkUSNB-07:00:00,SYN_107738,42,07:14:25,07:14:40,0
JR4I2_wTJ2Vb9ocgkUSNB-07:00:00,SYN_107739,43,07:14:45,07:15:00,0
JR4I2_wTJ2Vb9ocgkUSNB-07:00:00,SYN_107740,44,07:15:05,07:15:20,0
JR4I2_wTJ2Vb9ocgkUSNB-07:00:00,SYN_107741,45,07:15:25,07:15:40,0
JR4I2_wTJ2Vb9ocgkUSNB-07:00:00,SYN_107742,46,07:15:46,07:16:01,0
JR4I2_wTJ2Vb9ocgkUSNB-07:00:00,SYN_107743,47,07:16:06,07:16:21,0
JR4I2_wTJ2Vb9ocgkUSNB-07:00:00,SYN_107744,48,07:16:26,07:16:41,0
JR4I2_wTJ2Vb9ocgkUSNB-07:00:00,SYN_107745,49,07:16:46,07:17:01,0
JR4I2_wTJ2Vb9ocgkUSNB-07:00:00,SYN_107746,50,07:17:06,07:17:21,0
JR4I2_wTJ2Vb9ocgkUSNB-07:00:00,SYN_107747,51,07:17:26,07:17:41,0
JR4I2_wTJ2Vb9ocgkUSNB-07:00:00,SYN_107748,52,07:17:47,07:18:02,0
JR4I2_wTJ2Vb9ocgkUSNB-07:00:00,SYN_107749,53,07:18:07,07:18:22,0
JR4I2_wTJ2Vb9ocgkUSNB-07:00:00,SYN_107750,54,07:18:27,07:18:42,0
JR4I2_wTJ2Vb9ocgkUSNB-07:00:00,SYN_107751,55,07:18:47,07:19:02,0
JR4I2_wTJ2Vb9ocgkUSNB-07:00:00,SYN_107752,56,07:19:07,07:19:22,0
JR4I2_wTJ2Vb9ocgkUSNB-07:00:00,SYN_107753,57,07:19:27,07:19:42,0
JR4I2_wTJ2Vb9ocgkUSNB-07:00:00,SYN_107754,58,07:19:48,07:20:03,0
JR4I2_wTJ2Vb9ocgkUSNB-07:00:00,SYN_107755,59,07:20:08,07:20:23,0
JR4I2_wTJ2Vb9ocgkUSNB-07:00:00,SYN_107756,60,07:20:28,07:20:43,0
JR4I2_wTJ2Vb9ocgkUSNB-07:00:00,SYN_107757,61,07:20:48,07:21:03,0
JR4I2_wTJ2Vb9ocgkUSNB-07:00:00,SYN_107758,62,07:21:08,07:21:23,0
JR4I2_wTJ2Vb9ocgkUSNB-07:00:00,SYN_107759,63,07:21:28,07:21:43,0
JR4I2_wTJ2Vb9ocgkUSNB-07:00:00,SYN_107760,64,07:21:48,07:22:03,0
JR4I2_wTJ2Vb9ocgkUSNB-07:00:00,SYN_107761,65,07:22:09,07:22:24,0
JR4I2_wTJ2Vb9ocgkUSNB-07:00:00,SYN_107762,66,07:22:29,07:22:44,0
JR4I2_wTJ2Vb9ocgkUSNB-07:00:00,SYN_107763,67,07:22:49,07:23:04,0
JR4I2_wTJ2Vb9ocgkUSNB-07:00:00,SYN_107764,68,07:23:09,07:23:24,0
JR4I2_wTJ2Vb9ocgkUSNB-07:00:00,SYN_107765,69,07:23:29,07:23:44,0
JR4I2_wTJ2Vb9ocgkUSNB-07:00:00,SYN_107766,70,07:23:49,07:24:04,0
JR4I2_wTJ2Vb9ocgkUSNB-07:00:00,SYN_107767,71,07:24:09,07:24:24,0
JR4I2_wTJ2Vb9ocgkUSNB-07:00:00,SYN_107768,72,07:24:26,07:24:41,0
JR4I2_wTJ2Vb9ocgkUSNB-07:00:00,SYN_107769,73,07:24:44,07:24:59,0
JR4I2_wTJ2Vb9ocgkUSNB-07:00:00,SYN_107770,74,07:25:02,07:25:17,0
JR4I2_wTJ2Vb9ocgkUSNB-07:00:00,SYN_107771,75,07:25:20,07:25:35,0
JR4I2_wTJ2Vb9ocgkUSNB-07:00:00,SYN_107772,76,07:25:50,07:26:05,0
JR4I2_wTJ2Vb9ocgkUSNB-07:00:00,SYN_107773,77,07:26:31,07:26:46,0
JR4I2_wTJ2Vb9ocgkUSNB-07:00:00,SYN_107774,78,07:27:12,07:27:27,0
JR4I2_wTJ2Vb9ocgkUSNB-07:00:00,SYN_107775,79,07:27:54,07:28:09,0
JR4I2_wTJ2Vb9ocgkUSNB-07:00:00,SYN_107776,80,07:28:35,07:28:50,0
JR4I2_wTJ2Vb9ocgkUSNB-07:00:00,SYN_107777,81,07:29:16,07:29:31,0
JR4I2_wTJ2Vb9ocgkUSNB-07:00:00,SYN_107778,82,07:29:57,07:30:12,0
xb8d2kdOwmERjQmCcjbyQ-07:00:00,SYN_107780,0,07:00:43,07:00:58,0
xb8d2kdOwmERjQmCcjbyQ-07:00:00,SYN_107781,1,07:01:45,07:02:00,0
xb8d2kdOwmERjQmCcjbyQ-07:00:00,SYN_107782,2,07:02:48,07:03:03,0
xb8d2kdOwmERjQmCcjbyQ-07:00:00,SYN_107783,3,07:03:51,07:04:06,0
xb8d2kdOwmERjQmCcjbyQ-07:00:00,SYN_107784,4,07:04:53,07:05:08,0
xb8d2kdOwmERjQmCcjbyQ-07:00:00,SYN_107785,5,07:05:49,07:06:04,0
xb8d2kdOwmERjQmCcjbyQ-07:00:00,SYN_107786,6,07:06:21,07:06:36,0
xb8d2kdOwmERjQmCcjbyQ-07:00:00,SYN_107787,7,07:06:53,07:07:08,0
xb8d2kdOwmERjQmCcjbyQ-07:00:00,SYN_107788,8,07:07:25,07:07:40,0
xb8d2kdOwmERjQmCcjbyQ-07:00:00,SYN_107789,9,07:07:57,07:08:12,0
xb8d2kdOwmERjQmCcjbyQ-07:00:00,SYN_107790,10,07:08:29,07:08:44,0
xb8d2kdOwmERjQmCcjbyQ-07:00:00,SYN_107791,11,07:08:57,07:09:12,0
xb8d2kdOwmERjQmCcjbyQ-07:00:00,SYN_107792,12,07:09:26,07:09:41,0
xb8d2kdOwmERjQmCcjbyQ-07:00:00,SYN_107793,13,07:09:54,07:10:09,0
xb8d2kdOwmERjQmCcjbyQ-07:00:00,SYN_107794,14,07:10:26,07:10:41,0
xb8d2kdOwmERjQmCcjbyQ-07:00:00,SYN_107795,15,07:11:01,07:11:16,0
xb8d2kdOwmERjQmCcjbyQ-07:00:00,SYN_107796,16,07:11:36,07:11:51,0
xb8d2kdOwmERjQmCcjbyQ-07:00:00,SYN_107797,17,07:12:11,07:12:26,0
xb8d2kdOwmERjQmCcjbyQ-07:00:00,SYN_107798,18,07:12:46,07:13:01,0
xb8d2kdOwmERjQmCcjbyQ-07:00:00,SYN_107799,19,07:13:21,07:13:36,0
xb8d2kdOwmERjQmCcjbyQ-07:00:00,SYN_107800,20,07:13:53,07:14:08,0
xb8d2kdOwmERjQmCcjbyQ-07:00:00,SYN_107801,21,07:14:15,07:14:30,0
xb8d2kdOwmERjQmCcjbyQ-07:00:00,SYN_107802,22,07:14:37,07:14:52,0
xb8d2kdOwmERjQmCcjbyQ-07:00:00,SYN_107803,23,07:15:00,07:15:15,0
xb8d2kdOwmERjQmCcjbyQ-07:00:00,SYN_107804,24,07:15:22,07:15:37,0
xb8d2kdOwmERjQmCcjbyQ-07:00:00,SYN_107805,25,07:15:43,07:15:58,0
xb8d2kdOwmERjQmCcjbyQ-07:00:00,SYN_107806,26,07:16:05,07:16:20,0
xb8d2kdOwmERjQmCcjbyQ-07:00:00,SYN_107807,27,07:16:26,07:16:41,0
xb8d2kdOwmERjQmCcjbyQ-07:00:00,SYN_107808,28,07:16:47,07:17:02,0
xb8d2kdOwmERjQmCcjbyQ-07:00:00,SYN_107809,29,07:17:09,07:17:24,0
xb8d2kdOwmERjQmCcjbyQ-07:00:00,SYN_107810,30,07:17:30,07:17:45,0
xb8d2kdOwmERjQmCcjbyQ-07:00:00,SYN_107811,31,07:17:52,07:18:07,0
xb8d2kdOwmERjQmCcjbyQ-07:00:00,SYN_107812,32,07:18:13,07:18:28,0
xb8d2kdOwmERjQmCcjbyQ-07:00:00,SYN_107813,33,07:18:35,07:18:50,0
xb8d2kdOwmERjQmCcjbyQ-07:00:00,SYN_107814,34,07:18:56,07:19:11,0
xb8d2kdOwmERjQmCcjbyQ-07:00:00,SYN_107815,35,07:19:17,07:19:32,0
xb8d2kdOwmERjQmCcjbyQ-07:00:00,SYN_107816,36,07:19:39,07:19:54,0
xb8d2kdOwmERjQmCcjbyQ-07:00:00,SYN_107817,37,07:20:00,07:20:15,0
xb8d2kdOwmERjQmCcjbyQ-07:00:00,SYN_107818,38,07:20:22,07:20:37,0
xb8d2kdOwmERjQmCcjbyQ-07:00:00,SYN_107819,39,07:20:46,07:21:01,0
xb8d2kdOwmERjQmCcjbyQ-07:00:00,SYN_107820,40,07:21:09,07:21:24,0
xb8d2kdOwmERjQmCcjbyQ-07:00:00,SYN_107821,41,07:21:33,07:21:48,0
xb8d2kdOwmERjQmCcjbyQ-07:00:00,SYN_107822,42,07:21:57,07:22:12,0
xb8d2kdOwmERjQmCcjbyQ-07:00:00,SYN_107823,43,07:22:21,07:22:36,0
xb8d2kdOwmERjQmCcjbyQ-07:00:00,SYN_107824,44,07:22:45,07:23:00,0
xb8d2kdOwmERjQmCcjbyQ-07:00:00,SYN_107825,45,07:23:08,07:23:23,0
xb8d2kdOwmERjQmCcjbyQ-07:00:00,SYN_107826,46,07:23:32,07:23:47,0
xb8d2kdOwmERjQmCcjbyQ-07:00:00,SYN_107827,47,07:23:56,07:24:11,0
xb8d2kdOwmERjQmCcjbyQ-07:00:00,SYN_107828,48,07:24:20,07:24:35,0
xb8d2kdOwmERjQmCcjbyQ-07:00:00,SYN_107829,49,07:24:43,07:24:58,0
xb8d2kdOwmERjQmCcjbyQ-07:00:00,SYN_107830,50,07:25:07,07:25:22,0
xb8d2kdOwmERjQmCcjbyQ-07:00:00,SYN_107831,51,07:25:31,07:25:46,0
xb8d2kdOwmERjQmCcjbyQ-07:00:00,SYN_107832,52,07:25:55,07:26:10,0
xb8d2kdOwmERjQmCcjbyQ-07:00:00,SYN_107833,53,07:26:19,07:26:34,0
xb8d2kdOwmERjQmCcjbyQ-07:00:00,SYN_107834,54,07:26:42,07:26:57,0
xb8d2kdOwmERjQmCcjbyQ-07:00:00,SYN_107835,55,07:27:06,07:27:21,0
xb8d2kdOwmERjQmCcjbyQ-07:00:00,SYN_107836,56,07:27:30,07:27:45,0
xb8d2kdOwmERjQmCcjbyQ-07:00:00,SYN_107837,57,07:27:54,07:28:09,0
xb8d2kdOwmERjQmCcjbyQ-07:00:00,SYN_107838,58,07:28:18,07:28:33,0
xb8d2kdOwmERjQmCcjbyQ-07:00:00,SYN_107839,59,07:28:41,07:28:56,0
xb8d2kdOwmERjQmCcjbyQ-07:00:00,SYN_107840,60,07:28:59,07:29:14,0
xb8d2kdOwmERjQmCcjbyQ-07:00:00,SYN_107841,61,07:29:15,07:29:30,0
xb8d2kdOwmERjQmCcjbyQ-07:00:00,SYN_107842,62,07:29:32,07:29:47,0
xb8d2kdOwmERjQmCcjbyQ-07:00:00,SYN_107843,63,07:29:49,07:30:04,0
xb8d2kdOwmERjQmCcjbyQ-07:00:00,SYN_107844,64,07:30:06,07:30:21,0
c1YDpOopAR200ZEPZGL2D-07:00:00,SYN_107852,0,07:00:27,07:00:42,0
c1YDpOopAR200ZEPZGL2D-07:00:00,SYN_107853,1,07:01:05,07:01:20,0
c1YDpOopAR200ZEPZGL2D-07:00:00,SYN_107854,2,07:01:43,07:01:58,0
c1YDpOopAR200ZEPZGL2D-07:00:00,SYN_107855,3,07:02:21,07:02:36,0
c1YDpOopAR200ZEPZGL2D-07:00:00,SYN_107856,4,07:02:59,07:03:14,0
c1YDpOopAR200ZEPZGL2D-07:00:00,SYN_107857,5,07:03:36,07:03:51,0
c1YDpOopAR200ZEPZGL2D-07:00:00,SYN_107858,6,07:04:14,07:04:29,0
c1YDpOopAR200ZEPZGL2D-07:00:00,SYN_107859,7,07:04:47,07:05:02,0
c1YDpOopAR200ZEPZGL2D-07:00:00,SYN_107860,8,07:05:05,07:05:20,0
c1YDpOopAR200ZEPZGL2D-07:00:00,SYN_107861,9,07:05:23,07:05:38,0
c1YDpOopAR200ZEPZGL2D-07:00:00,SYN_107862,10,07:05:40,07:05:55,0
c1YDpOopAR200ZEPZGL2D-07:00:00,SYN_107863,11,07:05:58,07:06:13,0
c1YDpOopAR200ZEPZGL2D-07:00:00,SYN_107864,12,07:06:15,07:06:30,0
c1YDpOopAR200ZEPZGL2D-07:00:00,SYN_107865,13,07:06:33,07:06:48,0
c1YDpOopAR200ZEPZGL2D-07:00:00,SYN_107866,14,07:06:50,07:07:05,0
c1YDpOopAR200ZEPZGL2D-07:00:00,SYN_107867,15,07:07:08,07:07:23,0
c1YDpOopAR200ZEPZGL2D-07:00:00,SYN_107868,16,07:07:26,07:07:41,0
c1YDpOopAR200ZEPZGL2D-07:00:00,SYN_107869,17,07:07:43,07:07:58,0
c1YDpOopAR200ZEPZGL2D-07:00:00,SYN_107870,18,07:08:13,07:08:28,0
c1YDpOopAR200ZEPZGL2D-07:00:00,SYN_107871,19,07:08:44,07:08:59,0
c1YDpOopAR200ZEPZGL2D-07:00:00,SYN_107872,20,07:09:17,07:09:32,0
c1YDpOopAR200ZEPZGL2D-07:00:00,SYN_107873,21,07:09:57,07:10:12,0
c1YDpOopAR200ZEPZGL2D-07:00:00,SYN_107874,22,07:10:36,07:10:51,0
c1YDpOopAR200ZEPZGL2D-07:00:00,SYN_107875,23,07:11:16,07:11:31,0
c1YDpOopAR200ZEPZGL2D-07:00:00,SYN_107876,24,07:11:55,07:12:10,0
c1YDpOopAR200ZEPZGL2D-07:00:00,SYN_107877,25,07:12:35,07:12:50,0
c1YDpOopAR200ZEPZGL2D-07:00:00,SYN_107878,26,07:13:15,07:13:30,0
c1YDpOopAR200ZEPZGL2D-07:00:00,SYN_107879,27,07:13:54,07:14:09,0
c1YDpOopAR200ZEPZGL2D-07:00:00,SYN_107880,28,07:14:34,07:14:49,0
c1YDpOopAR200ZEPZGL2D-07:00:00,SYN_107881,29,07:17:32,07:17:47,0
c1YDpOopAR200ZEPZGL2D-07:00:00,SYN_107882,30,07:18:05,07:18:20,0
pLOjOa2QgHvzgt6C_kcel-07:00:00,SYN_107888,0,07:00:18,07:00:33,0
pLOjOa2QgHvzgt6C_kcel-07:00:00,SYN_107889,1,07:00:40,07:00:55,0
pLOjOa2QgHvzgt6C_kcel-07:00:00,SYN_107890,2,07:01:03,07:01:18,0
pLOjOa2QgHvzgt6C_kcel-07:00:00,SYN_107891,3,07:01:25,07:01:40,0
pLOjOa2QgHvzgt6C_kcel-07:00:00,SYN_107892,4,07:01:48,07:02:03,0
pLOjOa2QgHvzgt6C_kcel-07:00:00,SYN_107893,5,07:02:10,07:02:25,0
pLOjOa2QgHvzgt6C_kcel-07:00:00,SYN_107894,6,07:02:32,07:02:47,0
pLOjOa2QgHvzgt6C_kcel-07:00:00,SYN_107895,7,07:02:55,07:03:10,0
pLOjOa2QgHvzgt6C_kcel-07:00:00,SYN_107896,8,07:03:32,07:03:47,0
pLOjOa2QgHvzgt6C_kcel-07:00:00,SYN_107897,9,07:04:11,07:04:26,0
pLOjOa2QgHvzgt6C_kcel-07:00:00,SYN_107898,10,07:05:07,07:05:22,0
pLOjOa2QgHvzgt6C_kcel-07:00:00,SYN_107899,11,07:05:28,07:05:43,0
pLOjOa2QgHvzgt6C_kcel-07:00:00,SYN_107900,12,07:05:49,07:06:04,0
pLOjOa2QgHvzgt6C_kcel-07:00:00,SYN_107901,13,07:06:10,07:06:25,0
pLOjOa2QgHvzgt6C_kcel-07:00:00,SYN_107902,14,07:06:54,07:07:09,0
pLOjOa2QgHvzgt6C_kcel-07:00:00,SYN_107903,15,07:07:51,07:08:06,0
pLOjOa2QgHvzgt6C_kcel-07:00:00,SYN_107904,16,07:08:46,07:09:01,0
pLOjOa2QgHvzgt6C_kcel-07:00:00,SYN_107905,17,07:09:41,07:09:56,0
pLOjOa2QgHvzgt6C_kcel-07:00:00,SYN_107906,18,07:10:27,07:10:42,0
pLOjOa2QgHvzgt6C_kcel-07:00:00,SYN_107907,19,07:11:11,07:11:26,0
pLOjOa2QgHvzgt6C_kcel-07:00:00,SYN_107908,20,07:11:55,07:12:10,0
pLOjOa2QgHvzgt6C_kcel-07:00:00,SYN_107909,21,07:12:39,07:12:54,0
pLOjOa2QgHvzgt6C_kcel-07:00:00,SYN_107910,22,07:13:24,07:13:39,0
pLOjOa2QgHvzgt6C_kcel-07:00:00,SYN_107911,23,07:14:06,07:14:21,0
pLOjOa2QgHvzgt6C_kcel-07:00:00,SYN_107912,24,07:14:44,07:14:59,0
pLOjOa2QgHvzgt6C_kcel-07:00:00,SYN_107913,25,07:15:22,07:15:37,0
pLOjOa2QgHvzgt6C_kcel-07:00:00,SYN_107914,26,07:16:00,07:16:15,0
pLOjOa2QgHvzgt6C_kcel-07:00:00,SYN_107915,27,07:16:37,07:16:52,0
pLOjOa2QgHvzgt6C_kcel-07:00:00,SYN_107916,28,07:17:15,07:17:30,0
pLOjOa2QgHvzgt6C_kcel-07:00:00,SYN_107917,29,07:18:11,07:18:26,0
pLOjOa2QgHvzgt6C_kcel-07:00:00,SYN_107918,30,07:19:12,07:19:27,0
pLOjOa2QgHvzgt6C_kcel-07:00:00,SYN_107919,31,07:20:12,07:20:27,0
pLOjOa2QgHvzgt6C_kcel-07:00:00,SYN_107920,32,07:21:13,07:21:28,0
pLOjOa2QgHvzgt6C_kcel-07:00:00,SYN_107921,33,07:22:00,07:22:15,0
pLOjOa2QgHvzgt6C_kcel-07:00:00,SYN_107922,34,07:22:29,07:22:44,0
pLOjOa2QgHvzgt6C_kcel-07:00:00,SYN_107923,35,07:22:58,07:23:13,0
pLOjOa2QgHvzgt6C_kcel-07:00:00,SYN_107924,36,07:23:27,07:23:42,0
pLOjOa2QgHvzgt6C_kcel-07:00:00,SYN_107925,37,07:23:57,07:24:12,0
pLOjOa2QgHvzgt6C_kcel-07:00:00,SYN_107926,38,07:24:26,07:24:41,0
pLOjOa2QgHvzgt6C_kcel-07:00:00,SYN_107927,39,07:24:55,07:25:10,0
pLOjOa2QgHvzgt6C_kcel-07:00:00,SYN_107928,40,07:25:24,07:25:39,0
pLOjOa2QgHvzgt6C_kcel-07:00:00,SYN_107929,41,07:25:53,07:26:08,0
pLOjOa2QgHvzgt6C_kcel-07:00:00,SYN_107930,42,07:26:23,07:26:38,0
pLOjOa2QgHvzgt6C_kcel-07:00:00,SYN_107931,43,07:26:52,07:27:07,0
pLOjOa2QgHvzgt6C_kcel-07:00:00,SYN_107932,44,07:27:21,07:27:36,0
pLOjOa2QgHvzgt6C_kcel-07:00:00,SYN_107933,45,07:27:50,07:28:05,0
pLOjOa2QgHvzgt6C_kcel-07:00:00,SYN_107934,46,07:28:26,07:28:41,0
pLOjOa2QgHvzgt6C_kcel-07:00:00,SYN_107935,47,07:29:26,07:29:41,0
pLOjOa2QgHvzgt6C_kcel-07:00:00,SYN_107936,48,07:30:25,07:30:40,0
pLOjOa2QgHvzgt6C_kcel-07:00:00,SYN_107937,49,07:31:02,07:31:17,0
pLOjOa2QgHvzgt6C_kcel-07:00:00,SYN_107938,50,07:31:29,07:31:44,0
pLOjOa2QgHvzgt6C_kcel-07:00:00,SYN_107939,51,07:31:57,07:32:12,0
pLOjOa2QgHvzgt6C_kcel-07:00:00,SYN_107940,52,07:32:25,07:32:40,0
pLOjOa2QgHvzgt6C_kcel-07:00:00,SYN_107941,53,07:32:52,07:33:07,0
pLOjOa2QgHvzgt6C_kcel-07:00:00,SYN_107942,54,07:33:19,07:33:34,0
pLOjOa2QgHvzgt6C_kcel-07:00:00,SYN_107943,55,07:33:35,07:33:50,0
pLOjOa2QgHvzgt6C_kcel-07:00:00,SYN_107944,56,07:33:50,07:34:05,0
pLOjOa2QgHvzgt6C_kcel-07:00:00,SYN_107945,57,07:34:05,07:34:20,0
pLOjOa2QgHvzgt6C_kcel-07:00:00,SYN_107946,58,07:34:20,07:34:35,0
pLOjOa2QgHvzgt6C_kcel-07:00:00,SYN_107947,59,07:34:35,07:34:50,0
pLOjOa2QgHvzgt6C_kcel-07:00:00,SYN_107948,60,07:34:51,07:35:06,0
pLOjOa2QgHvzgt6C_kcel-07:00:00,SYN_107949,61,07:35:06,07:35:21,0
pLOjOa2QgHvzgt6C_kcel-07:00:00,SYN_107950,62,07:35:21,07:35:36,0
pLOjOa2QgHvzgt6C_kcel-07:00:00,SYN_107951,63,07:35:36,07:35:51,0
pLOjOa2QgHvzgt6C_kcel-07:00:00,SYN_107952,64,07:35:51,07:36:06,0
pLOjOa2QgHvzgt6C_kcel-07:00:00,SYN_107953,65,07:36:07,07:36:22,0
pLOjOa2QgHvzgt6C_kcel-07:00:00,SYN_107954,66,07:36:22,07:36:37,0
pLOjOa2QgHvzgt6C_kcel-07:00:00,SYN_107955,67,07:36:37,07:36:52,0
pLOjOa2QgHvzgt6C_kcel-07:00:00,SYN_107956,68,07:36:52,07:37:07,0
pLOjOa2QgHvzgt6C_kcel-07:00:00,SYN_107957,69,07:37:07,07:37:22,0
pLOjOa2QgHvzgt6C_kcel-07:00:00,SYN_107958,70,07:37:23,07:37:38,0
pLOjOa2QgHvzgt6C_kcel-07:00:00,SYN_107959,71,07:37:38,07:37:53,0
pLOjOa2QgHvzgt6C_kcel-07:00:00,SYN_107960,72,07:37:53,07:38:08,0
pLOjOa2QgHvzgt6C_kcel-07:00:00,SYN_107961,73,07:38:08,07:38:23,0
pLOjOa2QgHvzgt6C_kcel-07:00:00,SYN_107962,74,07:39:18,07:39:33,0
pLOjOa2QgHvzgt6C_kcel-07:00:00,SYN_107963,75,07:40:37,07:40:52,0
pLOjOa2QgHvzgt6C_kcel-07:00:00,SYN_107964,76,07:41:57,07:42:12,0
kGJ35g79BU1ao8aW7duYA-07:00:00,SYN_107966,0,07:00:03,07:00:18,0
kGJ35g79BU1ao8aW7duYA-07:00:00,SYN_107967,1,07:00:23,07:00:38,0
kGJ35g79BU1ao8aW7duYA-07:00:00,SYN_107968,2,07:00:43,07:00:58,0
kGJ35g79BU1ao8aW7duYA-07:00:00,SYN_107969,3,07:01:04,07:01:19,0
kGJ35g79BU1ao8aW7duYA-07:00:00,SYN_107970,4,07:01:24,07:01:39,0
kGJ35g79BU1ao8aW7duYA-07:00:00,SYN_107971,5,07:01:44,07:01:59,0
kGJ35g79BU1ao8aW7duYA-07:00:00,SYN_107972,6,07:02:04,07:02:19,0
kGJ35g79BU1ao8aW7duYA-07:00:00,SYN_107973,7,07:02:24,07:02:39,0
kGJ35g79BU1ao8aW7duYA-07:00:00,SYN_107974,8,07:02:44,07:02:59,0
kGJ35g79BU1ao8aW7duYA-07:00:00,SYN_107975,9,07:03:04,07:03:19,0
kGJ35g79BU1ao8aW7duYA-07:00:00,SYN_107976,10,07:03:24,07:03:39,0
kGJ35g79BU1ao8aW7duYA-07:00:00,SYN_107977,11,07:03:44,07:03:59,0
kGJ35g79BU1ao8aW7duYA-07:00:00,SYN_107978,12,07:04:04,07:04:19,0
kGJ35g79BU1ao8aW7duYA-07:00:00,SYN_107979,13,07:04:24,07:04:39,0
kGJ35g79BU1ao8aW7duYA-07:00:00,SYN_107980,14,07:04:44,07:04:59,0
kGJ35g79BU1ao8aW7duYA-07:00:00,SYN_107981,15,07:05:04,07:05:19,0
kGJ35g79BU1ao8aW7duYA-07:00:00,SYN_107982,16,07:05:24,07:05:39,0
kGJ35g79BU1ao8aW7duYA-07:00:00,SYN_107983,17,07:05:44,07:05:59,0
kGJ35g79BU1ao8aW7duYA-07:00:00,SYN_107984,18,07:06:04,07:06:19,0
kGJ35g79BU1ao8aW7duYA-07:00:00,SYN_107985,19,07:06:25,07:06:40,0
kGJ35g79BU1ao8aW7duYA-07:00:00,SYN_107986,20,07:06:45,07:07:00,0
kGJ35g79BU1ao8aW7duYA-07:00:00,SYN_107987,21,07:07:05,07:07:20,0
kGJ35g79BU1ao8aW7duYA-07:00:00,SYN_107988,22,07:07:25,07:07:40,0
kGJ35g79BU1ao8aW7duYA-07:00:00,SYN_107989,23,07:07:45,07:08:00,0
kGJ35g79BU1ao8aW7duYA-07:00:00,SYN_107990,24,07:08:05,07:08:20,0
kGJ35g79BU1ao8aW7duYA-07:00:00,SYN_107991,25,07:08:25,07:08:40,0
kGJ35g79BU1ao8aW7duYA-07:00:00,SYN_107992,26,07:08:45,07:09:00,0
kGJ35g79BU1ao8aW7duYA-07:00:00,SYN_107993,27,07:09:05,07:09:20,0
kGJ35g79BU1ao8aW7duYA-07:00:00,SYN_107994,28,07:09:25,07:09:40,0
kGJ35g79BU1ao8aW7duYA-07:00:00,SYN_107995,29,07:09:45,07:10:00,0
kGJ35g79BU1ao8aW7duYA-07:00:00,SYN_107996,30,07:10:05,07:10:20,0
kGJ35g79BU1ao8aW7duYA-07:00:00,SYN_107997,31,07:10:25,07:10:40,0
kGJ35g79BU1ao8aW7duYA-07:00:00,SYN_107998,32,07:10:45,07:11:00,0
kGJ35g79BU1ao8aW7duYA-07:00:00,SYN_107999,33,07:11:05,07:11:20,0
kGJ35g79BU1ao8aW7duYA-07:00:00,SYN_108000,34,07:11:25,07:11:40,0
kGJ35g79BU1ao8aW7duYA-07:00:00,SYN_108001,35,07:11:46,07:12:01,0
kGJ35g79BU1ao8aW7duYA-07:00:00,SYN_108002,36,07:12:06,07:12:21,0
kGJ35g79BU1ao8aW7duYA-07:00:00,SYN_108003,37,07:12:26,07:12:41,0
kGJ35g79BU1ao8aW7duYA-07:00:00,SYN_108004,38,07:12:46,07:13:01,0
kGJ35g79BU1ao8aW7duYA-07:00:00,SYN_108005,39,07:13:06,07:13:21,0
kGJ35g79BU1ao8aW7duYA-07:00:00,SYN_108006,40,07:13:26,07:13:41,0
kGJ35g79BU1ao8aW7duYA-07:00:00,SYN_108007,41,07:13:46,07:14:01,0
kGJ35g79BU1ao8aW7duYA-07:00:00,SYN_108008,42,07:14:06,07:14:21,0
kGJ35g79BU1ao8aW7duYA-07:00:00,SYN_108009,43,07:14:26,07:14:41,0
kGJ35g79BU1ao8aW7duYA-07:00:00,SYN_108010,44,07:14:46,07:15:01,0
kGJ35g79BU1ao8aW7duYA-07:00:00,SYN_108011,45,07:15:06,07:15:21,0
kGJ35g79BU1ao8aW7duYA-07:00:00,SYN_108012,46,07:15:26,07:15:41,0
kGJ35g79BU1ao8aW7duYA-07:00:00,SYN_108013,47,07:15:46,07:16:01,0
kGJ35g79BU1ao8aW7duYA-07:00:00,SYN_108014,48,07:16:06,07:16:21,0
kGJ35g79BU1ao8aW7duYA-07:00:00,SYN_108015,49,07:16:26,07:16:41,0
kGJ35g79BU1ao8aW7duYA-07:00:00,SYN_108016,50,07:16:46,07:17:01,0
kGJ35g79BU1ao8aW7duYA-07:00:00,SYN_108017,51,07:17:06,07:17:21,0
kGJ35g79BU1ao8aW7duYA-07:00:00,SYN_108018,52,07:17:27,07:17:42,0
kGJ35g79BU1ao8aW7duYA-07:00:00,SYN_108019,53,07:17:47,07:18:02,0
kGJ35g79BU1ao8aW7duYA-07:00:00,SYN_108020,54,07:18:07,07:18:22,0
kGJ35g79BU1ao8aW7duYA-07:00:00,SYN_108021,55,07:18:27,07:18:42,0
kGJ35g79BU1ao8aW7duYA-07:00:00,SYN_108022,56,07:18:47,07:19:02,0
kGJ35g79BU1ao8aW7duYA-07:00:00,SYN_108023,57,07:19:07,07:19:22,0
kGJ35g79BU1ao8aW7duYA-07:00:00,SYN_108024,58,07:19:27,07:19:42,0
kGJ35g79BU1ao8aW7duYA-07:00:00,SYN_108025,59,07:19:47,07:20:02,0
kGJ35g79BU1ao8aW7duYA-07:00:00,SYN_108026,60,07:20:07,07:20:22,0
kGJ35g79BU1ao8aW7duYA-07:00:00,SYN_108027,61,07:20:27,07:20:42,0
kGJ35g79BU1ao8aW7duYA-07:00:00,SYN_108028,62,07:20:47,07:21:02,0
kGJ35g79BU1ao8aW7duYA-07:00:00,SYN_108029,63,07:21:07,07:21:22,0
kGJ35g79BU1ao8aW7duYA-07:00:00,SYN_108030,64,07:21:27,07:21:42,0
kGJ35g79BU1ao8aW7duYA-07:00:00,SYN_108031,65,07:21:47,07:22:02,0
kGJ35g79BU1ao8aW7duYA-07:00:00,SYN_108032,66,07:22:07,07:22:22,0
kGJ35g79BU1ao8aW7duYA-07:00:00,SYN_108033,67,07:22:27,07:22:42,0
kGJ35g79BU1ao8aW7duYA-07:00:00,SYN_108034,68,07:22:48,07:23:03,0
kGJ35g79BU1ao8aW7duYA-07:00:00,SYN_108035,69,07:23:08,07:23:23,0
kGJ35g79BU1ao8aW7duYA-07:00:00,SYN_108036,70,07:23:28,07:23:43,0
kGJ35g79BU1ao8aW7duYA-07:00:00,SYN_108037,71,07:23:48,07:24:03,0
kGJ35g79BU1ao8aW7duYA-07:00:00,SYN_108038,72,07:24:08,07:24:23,0
kGJ35g79BU1ao8aW7duYA-07:00:00,SYN_108039,73,07:24:28,07:24:43,0
kGJ35g79BU1ao8aW7duYA-07:00:00,SYN_108040,74,07:24:48,07:25:03,0
kGJ35g79BU1ao8aW7duYA-07:00:00,SYN_108041,75,07:25:08,07:25:23,0
kGJ35g79BU1ao8aW7duYA-07:00:00,SYN_108042,76,07:25:28,07:25:43,0
kGJ35g79BU1ao8aW7duYA-07:00:00,SYN_108043,77,07:25:48,07:26:03,0
kGJ35g79BU1ao8aW7duYA-07:00:00,SYN_108044,78,07:26:08,07:26:23,0
kGJ35g79BU1ao8aW7duYA-07:00:00,SYN_108045,79,07:26:28,07:26:43,0
kGJ35g79BU1ao8aW7duYA-07:00:00,SYN_108046,80,07:26:48,07:27:03,0
kGJ35g79BU1ao8aW7duYA-07:00:00,SYN_108047,81,07:27:08,07:27:23,0
kGJ35g79BU1ao8aW7duYA-07:00:00,SYN_108048,82,07:27:28,07:27:43,0
kGJ35g79BU1ao8aW7duYA-07:00:00,SYN_108049,83,07:27:48,07:28:03,0
kGJ35g79BU1ao8aW7duYA-07:00:00,SYN_108050,84,07:28:09,07:28:24,0
kGJ35g79BU1ao8aW7duYA-07:00:00,SYN_108051,85,07:28:29,07:28:44,0
kGJ35g79BU1ao8aW7duYA-07:00:00,SYN_108052,86,07:28:49,07:29:04,0
kGJ35g79BU1ao8aW7duYA-07:00:00,SYN_108053,87,07:29:09,07:29:24,0
kGJ35g79BU1ao8aW7duYA-07:00:00,SYN_108054,88,07:29:29,07:29:44,0
kGJ35g79BU1ao8aW7duYA-07:00:00,SYN_108055,89,07:29:49,07:30:04,0
kGJ35g79BU1ao8aW7duYA-07:00:00,SYN_108056,90,07:30:09,07:30:24,0
kGJ35g79BU1ao8aW7duYA-07:00:00,SYN_108057,91,07:30:29,07:30:44,0
kGJ35g79BU1ao8aW7duYA-07:00:00,SYN_108058,92,07:30:49,07:31:04,0
kGJ35g79BU1ao8aW7duYA-07:00:00,SYN_108059,93,07:31:09,07:31:24,0
kGJ35g79BU1ao8aW7duYA-07:00:00,SYN_108060,94,07:31:29,07:31:44,0
kGJ35g79BU1ao8aW7duYA-07:00:00,SYN_108061,95,07:31:49,07:32:04,0
kGJ35g79BU1ao8aW7duYA-07:00:00,SYN_108062,96,07:32:09,07:32:24,0
kGJ35g79BU1ao8aW7duYA-07:00:00,SYN_108063,97,07:32:29,07:32:44,0
kGJ35g79BU1ao8aW7duYA-07:00:00,SYN_108064,98,07:32:49,07:33:04,0
kGJ35g79BU1ao8aW7duYA-07:00:00,SYN_108065,99,07:33:09,07:33:24,0
kGJ35g79BU1ao8aW7duYA-07:00:00,SYN_108066,100,07:33:30,07:33:45,0
kGJ35g79BU1ao8aW7duYA-07:00:00,SYN_108067,101,07:33:50,07:34:05,0
kGJ35g79BU1ao8aW7duYA-07:00:00,SYN_108068,102,07:34:10,07:34:25,0
kGJ35g79BU1ao8aW7duYA-07:00:00,SYN_108069,103,07:34:30,07:34:45,0
kGJ35g79BU1ao8aW7duYA-07:00:00,SYN_108070,104,07:34:50,07:35:05,0
kGJ35g79BU1ao8aW7duYA-07:00:00,SYN_108071,105,07:35:10,07:35:25,0
kGJ35g79BU1ao8aW7duYA-07:00:00,SYN_108072,106,07:35:30,07:35:45,0
kGJ35g79BU1ao8aW7duYA-07:00:00,SYN_108073,107,07:35:50,07:36:05,0
kGJ35g79BU1ao8aW7duYA-07:00:00,SYN_108074,108,07:36:10,07:36:25,0
kGJ35g79BU1ao8aW7duYA-07:00:00,SYN_108075,109,07:36:30,07:36:45,0
kGJ35g79BU1ao8aW7duYA-07:00:00,SYN_108076,110,07:36:50,07:37:05,0
kGJ35g79BU1ao8aW7duYA-07:00:00,SYN_108077,111,07:37:10,07:37:25,0
kGJ35g79BU1ao8aW7duYA-07:00:00,SYN_108078,112,07:37:30,07:37:45,0
kGJ35g79BU1ao8aW7duYA-07:00:00,SYN_108079,113,07:37:50,07:38:05,0
kGJ35g79BU1ao8aW7duYA-07:00:00,SYN_108080,114,07:38:10,07:38:25,0
kGJ35g79BU1ao8aW7duYA-07:00:00,SYN_108081,115,07:38:30,07:38:45,0
kGJ35g79BU1ao8aW7duYA-07:00:00,SYN_108082,116,07:38:51,07:39:06,0
kGJ35g79BU1ao8aW7duYA-07:00:00,SYN_108083,117,07:39:11,07:39:26,0
kGJ35g79BU1ao8aW7duYA-07:00:00,SYN_108084,118,07:39:31,07:39:46,0
kGJ35g79BU1ao8aW7duYA-07:00:00,SYN_108085,119,07:39:51,07:40:06,0
kGJ35g79BU1ao8aW7duYA-07:00:00,SYN_108086,120,07:40:11,07:40:26,0
kGJ35g79BU1ao8aW7duYA-07:00:00,SYN_108087,121,07:40:31,07:40:46,0
kGJ35g79BU1ao8aW7duYA-07:00:00,SYN_108088,122,07:40:51,07:41:06,0
kGJ35g79BU1ao8aW7duYA-07:00:00,SYN_108089,123,07:41:11,07:41:26,0
kGJ35g79BU1ao8aW7duYA-07:00:00,SYN_108090,124,07:41:31,07:41:46,0
kGJ35g79BU1ao8aW7duYA-07:00:00,SYN_108091,125,07:41:51,07:42:06,0
kGJ35g79BU1ao8aW7duYA-07:00:00,SYN_108092,126,07:42:11,07:42:26,0
kGJ35g79BU1ao8aW7duYA-07:00:00,SYN_108093,127,07:42:31,07:42:46,0
kGJ35g79BU1ao8aW7duYA-07:00:00,SYN_108094,128,07:42:51,07:43:06,0
kGJ35g79BU1ao8aW7duYA-07:00:00,SYN_108095,129,07:43:11,07:43:26,0
kGJ35g79BU1ao8aW7duYA-07:00:00,SYN_108096,130,07:43:31,07:43:46,0
kGJ35g79BU1ao8aW7duYA-07:00:00,SYN_108097,131,07:43:51,07:44:06,0
kGJ35g79BU1ao8aW7duYA-07:00:00,SYN_108098,132,07:44:12,07:44:27,0
kGJ35g79BU1ao8aW7duYA-07:00:00,SYN_108099,133,07:44:32,07:44:47,0
kGJ35g79BU1ao8aW7duYA-07:00:00,SYN_108100,134,07:44:52,07:45:07,0
kGJ35g79BU1ao8aW7duYA-07:00:00,SYN_108101,135,07:45:12,07:45:27,0
kGJ35g79BU1ao8aW7duYA-07:00:00,SYN_108102,136,07:45:32,07:45:47,0
kGJ35g79BU1ao8aW7duYA-07:00:00,SYN_108103,137,07:45:52,07:46:07,0
kGJ35g79BU1ao8aW7duYA-07:00:00,SYN_108104,138,07:46:12,07:46:27,0
kGJ35g79BU1ao8aW7duYA-07:00:00,SYN_108105,139,07:46:32,07:46:47,0
kGJ35g79BU1ao8aW7duYA-07:00:00,SYN_108106,140,07:46:52,07:47:07,0
kGJ35g79BU1ao8aW7duYA-07:00:00,SYN_108107,141,07:47:12,07:47:27,0
kGJ35g79BU1ao8aW7duYA-07:00:00,SYN_108108,142,07:47:32,07:47:47,0
kGJ35g79BU1ao8aW7duYA-07:00:00,SYN_108109,143,07:47:52,07:48:07,0
kGJ35g79BU1ao8aW7duYA-07:00:00,SYN_108110,144,07:48:12,07:48:27,0
kGJ35g79BU1ao8aW7duYA-07:00:00,SYN_108111,145,07:48:32,07:48:47,0
kGJ35g79BU1ao8aW7duYA-07:00:00,SYN_108112,146,07:48:52,07:49:07,0
kGJ35g79BU1ao8aW7duYA-07:00:00,SYN_108113,147,07:49:12,07:49:27,0
kGJ35g79BU1ao8aW7duYA-07:00:00,SYN_108114,148,07:49:33,07:49:48,0
kGJ35g79BU1ao8aW7duYA-07:00:00,SYN_108115,149,07:49:53,07:50:08,0
kGJ35g79BU1ao8aW7duYA-07:00:00,SYN_108116,150,07:50:13,07:50:28,0
kGJ35g79BU1ao8aW7duYA-07:00:00,SYN_108117,151,07:50:33,07:50:48,0
kGJ35g79BU1ao8aW7duYA-07:00:00,SYN_108118,152,07:50:53,07:51:08,0
kGJ35g79BU1ao8aW7duYA-07:00:00,SYN_108119,153,07:51:13,07:51:28,0
kGJ35g79BU1ao8aW7duYA-07:00:00,SYN_108120,154,07:51:33,07:51:48,0
kGJ35g79BU1ao8aW7duYA-07:00:00,SYN_108121,155,07:51:53,07:52:08,0
kGJ35g79BU1ao8aW7duYA-07:00:00,SYN_108122,156,07:52:13,07:52:28,0
kGJ35g79BU1ao8aW7duYA-07:00:00,SYN_108123,157,07:52:33,07:52:48,0
kGJ35g79BU1ao8aW7duYA-07:00:00,SYN_108124,158,07:52:53,07:53:08,0
kGJ35g79BU1ao8aW7duYA-07:00:00,SYN_108125,159,07:53:13,07:53:28,0
kGJ35g79BU1ao8aW7duYA-07:00:00,SYN_108126,160,07:53:33,07:53:48,0
kGJ35g79BU1ao8aW7duYA-07:00:00,SYN_108127,161,07:53:53,07:54:08,0
kGJ35g79BU1ao8aW7duYA-07:00:00,SYN_108128,162,07:54:13,07:54:28,0
kGJ35g79BU1ao8aW7duYA-07:00:00,SYN_108129,163,07:54:33,07:54:48,0
kGJ35g79BU1ao8aW7duYA-07:00:00,SYN_108130,164,07:54:54,07:55:09,0
kGJ35g79BU1ao8aW7duYA-07:00:00,SYN_108131,165,07:55:14,07:55:29,0
kGJ35g79BU1ao8aW7duYA-07:00:00,SYN_108132,166,07:55:34,07:55:49,0
kGJ35g79BU1ao8aW7duYA-07:00:00,SYN_108133,167,07:55:54,07:56:09,0
kGJ35g79BU1ao8aW7duYA-07:00:00,SYN_108134,168,07:56:14,07:56:29,0
kGJ35g79BU1ao8aW7duYA-07:00:00,SYN_108135,169,07:56:34,07:56:49,0
kGJ35g79BU1ao8aW7duYA-07:00:00,SYN_108136,170,07:56:54,07:57:09,0
kGJ35g79BU1ao8aW7duYA-07:00:00,SYN_108137,171,07:57:14,07:57:29,0
kGJ35g79BU1ao8aW7duYA-07:00:00,SYN_108138,172,07:57:34,07:57:49,0
kGJ35g79BU1ao8aW7duYA-07:00:00,SYN_108139,173,07:57:54,07:58:09,0
kGJ35g79BU1ao8aW7duYA-07:00:00,SYN_108140,174,07:58:14,07:58:29,0
kGJ35g79BU1ao8aW7duYA-07:00:00,SYN_108141,175,07:58:34,07:58:49,0
kGJ35g79BU1ao8aW7duYA-07:00:00,SYN_108142,176,07:58:54,07:59:09,0
kGJ35g79BU1ao8aW7duYA-07:00:00,SYN_108143,177,07:59:14,07:59:29,0
kGJ35g79BU1ao8aW7duYA-07:00:00,SYN_108144,178,07:59:34,07:59:49,0
kGJ35g79BU1ao8aW7duYA-07:00:00,SYN_108145,179,07:59:54,08:00:09,0
kGJ35g79BU1ao8aW7duYA-07:00:00,SYN_108146,180,08:00:15,08:00:30,0
kGJ35g79BU1ao8aW7duYA-07:00:00,SYN_108147,181,08:00:35,08:00:50,0
kGJ35g79BU1ao8aW7duYA-07:00:00,SYN_108148,182,08:00:55,08:01:10,0
kGJ35g79BU1ao8aW7duYA-07:00:00,SYN_108149,183,08:01:15,08:01:30,0
kGJ35g79BU1ao8aW7duYA-07:00:00,SYN_108150,184,08:01:35,08:01:50,0
kGJ35g79BU1ao8aW7duYA-07:00:00,SYN_108151,185,08:01:55,08:02:10,0
kGJ35g79BU1ao8aW7duYA-07:00:00,SYN_108152,186,08:02:15,08:02:30,0
kGJ35g79BU1ao8aW7duYA-07:00:00,SYN_108153,187,08:02:35,08:02:50,0
kGJ35g79BU1ao8aW7duYA-07:00:00,SYN_108154,188,08:02:55,08:03:10,0
kGJ35g79BU1ao8aW7duYA-07:00:00,SYN_108155,189,08:03:15,08:03:30,0
kGJ35g79BU1ao8aW7duYA-07:00:00,SYN_108156,190,08:03:35,08:03:50,0
kGJ35g79BU1ao8aW7duYA-07:00:00,SYN_108157,191,08:03:55,08:04:10,0
kGJ35g79BU1ao8aW7duYA-07:00:00,SYN_108158,192,08:04:15,08:04:30,0
kGJ35g79BU1ao8aW7duYA-07:00:00,SYN_108159,193,08:04:35,08:04:50,0
kGJ35g79BU1ao8aW7duYA-07:00:00,SYN_108160,194,08:04:55,08:05:10,0
kGJ35g79BU1ao8aW7duYA-07:00:00,SYN_108161,195,08:05:15,08:05:30,0
kGJ35g79BU1ao8aW7duYA-07:00:00,SYN_108162,196,08:05:36,08:05:51,0
kGJ35g79BU1ao8aW7duYA-07:00:00,SYN_108163,197,08:05:56,08:06:11,0
kGJ35g79BU1ao8aW7duYA-07:00:00,SYN_108164,198,08:06:16,08:06:31,0
kGJ35g79BU1ao8aW7duYA-07:00:00,SYN_108165,199,08:06:36,08:06:51,0
kGJ35g79BU1ao8aW7duYA-07:00:00,SYN_108166,200,08:06:56,08:07:11,0
kGJ35g79BU1ao8aW7duYA-07:00:00,SYN_108167,201,08:07:16,08:07:31,0
kGJ35g79BU1ao8aW7duYA-07:00:00,SYN_108168,202,08:07:36,08:07:51,0
kGJ35g79BU1ao8aW7duYA-07:00:00,SYN_108169,203,08:07:56,08:08:11,0
kGJ35g79BU1ao8aW7duYA-07:00:00,SYN_108170,204,08:08:16,08:08:31,0
kGJ35g79BU1ao8aW7duYA-07:00:00,SYN_108171,205,08:08:36,08:08:51,0
kGJ35g79BU1ao8aW7duYA-07:00:00,SYN_108172,206,08:08:56,08:09:11,0
kGJ35g79BU1ao8aW7duYA-07:00:00,SYN_108173,207,08:09:16,08:09:31,0
kGJ35g79BU1ao8aW7duYA-07:00:00,SYN_108174,208,08:09:36,08:09:51,0
kGJ35g79BU1ao8aW7duYA-07:00:00,SYN_108175,209,08:09:56,08:10:11,0
kGJ35g79BU1ao8aW7duYA-07:00:00,SYN_108176,210,08:10:16,08:10:31,0
kGJ35g79BU1ao8aW7duYA-07:00:00,SYN_108177,211,08:10:36,08:10:51,0
kGJ35g79BU1ao8aW7duYA-07:00:00,SYN_108178,212,08:10:56,08:11:11,0
kGJ35g79BU1ao8aW7duYA-07:00:00,SYN_108179,213,08:11:17,08:11:32,0
kGJ35g79BU1ao8aW7duYA-07:00:00,SYN_108180,214,08:11:37,08:11:52,0
kGJ35g79BU1ao8aW7duYA-07:00:00,SYN_108181,215,08:11:57,08:12:12,0
kGJ35g79BU1ao8aW7duYA-07:00:00,SYN_108182,216,08:12:17,08:12:32,0
kGJ35g79BU1ao8aW7duYA-07:00:00,SYN_108183,217,08:12:37,08:12:52,0
kGJ35g79BU1ao8aW7duYA-07:00:00,SYN_108184,218,08:12:57,08:13:12,0
kGJ35g79BU1ao8aW7duYA-07:00:00,SYN_108185,219,08:13:17,08:13:32,0
kGJ35g79BU1ao8aW7duYA-07:00:00,SYN_108186,220,08:13:37,08:13:52,0
kGJ35g79BU1ao8aW7duYA-07:00:00,SYN_108187,221,08:13:57,08:14:12,0
kGJ35g79BU1ao8aW7duYA-07:00:00,SYN_108188,222,08:14:17,08:14:32,0
kGJ35g79BU1ao8aW7duYA-07:00:00,SYN_108189,223,08:14:36,08:14:51,0
kGJ35g79BU1ao8aW7duYA-07:00:00,SYN_108190,224,08:14:54,08:15:09,0
kGJ35g79BU1ao8aW7duYA-07:00:00,SYN_108191,225,08:15:11,08:15:26,0
kGJ35g79BU1ao8aW7duYA-07:00:00,SYN_108192,226,08:15:29,08:15:44,0
kGJ35g79BU1ao8aW7duYA-07:00:00,SYN_108193,227,08:15:46,08:16:01,0
kGJ35g79BU1ao8aW7duYA-07:00:00,SYN_108194,228,08:16:04,08:16:19,0
kGJ35g79BU1ao8aW7duYA-07:00:00,SYN_108195,229,08:16:23,08:16:38,0
kGJ35g79BU1ao8aW7duYA-07:00:00,SYN_108196,230,08:16:42,08:16:57,0
kGJ35g79BU1ao8aW7duYA-07:00:00,SYN_108197,231,08:17:01,08:17:16,0
kGJ35g79BU1ao8aW7duYA-07:00:00,SYN_108198,232,08:17:20,08:17:35,0
kGJ35g79BU1ao8aW7duYA-07:00:00,SYN_108199,233,08:17:39,08:17:54,0
kGJ35g79BU1ao8aW7duYA-07:00:00,SYN_108200,234,08:17:58,08:18:13,0
kGJ35g79BU1ao8aW7duYA-07:00:00,SYN_108201,235,08:18:17,08:18:32,0
kGJ35g79BU1ao8aW7duYA-07:00:00,SYN_108202,236,08:18:36,08:18:51,0
kGJ35g79BU1ao8aW7duYA-07:00:00,SYN_108203,237,08:18:55,08:19:10,0
kGJ35g79BU1ao8aW7duYA-07:00:00,SYN_108204,238,08:19:14,08:19:29,0
kGJ35g79BU1ao8aW7duYA-07:00:00,SYN_108205,239,08:19:33,08:19:48,0
kGJ35g79BU1ao8aW7duYA-07:00:00,SYN_108206,240,08:19:52,08:20:07,0
kGJ35g79BU1ao8aW7duYA-07:00:00,SYN_108207,241,08:20:11,08:20:26,0
kGJ35g79BU1ao8aW7duYA-07:00:00,SYN_108208,242,08:20:30,08:20:45,0
kGJ35g79BU1ao8aW7duYA-07:00:00,SYN_108209,243,08:20:49,08:21:04,0
kGJ35g79BU1ao8aW7duYA-07:00:00,SYN_108210,244,08:21:08,08:21:23,0
kGJ35g79BU1ao8aW7duYA-07:00:00,SYN_108211,245,08:21:27,08:21:42,0
kGJ35g79BU1ao8aW7duYA-07:00:00,SYN_108212,246,08:21:46,08:22:01,0
kGJ35g79BU1ao8aW7duYA-07:00:00,SYN_108213,247,08:22:05,08:22:20,0
kGJ35g79BU1ao8aW7duYA-07:00:00,SYN_108214,248,08:22:24,08:22:39,0
kGJ35g79BU1ao8aW7duYA-07:00:00,SYN_108215,249,08:22:43,08:22:58,0
kGJ35g79BU1ao8aW7duYA-07:00:00,SYN_108216,250,08:23:02,08:23:17,0
kGJ35g79BU1ao8aW7duYA-07:00:00,SYN_108217,251,08:23:21,08:23:36,0
kGJ35g79BU1ao8aW7duYA-07:00:00,SYN_108218,252,08:23:40,08:23:55,0
kGJ35g79BU1ao8aW7duYA-07:00:00,SYN_108219,253,08:23:59,08:24:14,0
kGJ35g79BU1ao8aW7duYA-07:00:00,SYN_108220,254,08:24:18,08:24:33,0
kGJ35g79BU1ao8aW7duYA-07:00:00,SYN_108221,255,08:24:37,08:24:52,0
kGJ35g79BU1ao8aW7duYA-07:00:00,SYN_108222,256,08:24:56,08:25:11,0
kGJ35g79BU1ao8aW7duYA-07:00:00,SYN_108223,257,08:25:15,08:25:30,0
kGJ35g79BU1ao8aW7duYA-07:00:00,SYN_108224,258,08:25:34,08:25:49,0
kGJ35g79BU1ao8aW7duYA-07:00:00,SYN_108225,259,08:25:53,08:26:08,0
kGJ35g79BU1ao8aW7duYA-07:00:00,SYN_108226,260,08:26:12,08:26:27,0
kGJ35g79BU1ao8aW7duYA-07:00:00,SYN_108227,261,08:26:31,08:26:46,0
kGJ35g79BU1ao8aW7duYA-07:00:00,SYN_108228,262,08:26:50,08:27:05,0
kGJ35g79BU1ao8aW7duYA-07:00:00,SYN_108229,263,08:27:09,08:27:24,0
kGJ35g79BU1ao8aW7duYA-07:00:00,SYN_108230,264,08:28:04,08:28:19,0
kGJ35g79BU1ao8aW7duYA-07:00:00,SYN_108231,265,08:29:11,08:29:26,0
kGJ35g79BU1ao8aW7duYA-07:00:00,SYN_108232,266,08:29:46,08:30:01,0
kGJ35g79BU1ao8aW7duYA-07:00:00,SYN_108233,267,08:30:07,08:30:22,0
kGJ35g79BU1ao8aW7duYA-07:00:00,SYN_108234,268,08:30:27,08:30:42,0
kGJ35g79BU1ao8aW7duYA-07:00:00,SYN_108235,269,08:30:48,08:31:03,0
kGJ35g79BU1ao8aW7duYA-07:00:00,SYN_108236,270,08:31:09,08:31:24,0
kGJ35g79BU1ao8aW7duYA-07:00:00,SYN_108237,271,08:31:29,08:31:44,0
kGJ35g79BU1ao8aW7duYA-07:00:00,SYN_108238,272,08:31:50,08:32:05,0
kGJ35g79BU1ao8aW7duYA-07:00:00,SYN_108239,273,08:32:11,08:32:26,0
kGJ35g79BU1ao8aW7duYA-07:00:00,SYN_108240,274,08:32:31,08:32:46,0
kGJ35g79BU1ao8aW7duYA-07:00:00,SYN_108241,275,08:32:52,08:33:07,0
kGJ35g79BU1ao8aW7duYA-07:00:00,SYN_108242,276,08:33:12,08:33:27,0
kGJ35g79BU1ao8aW7duYA-07:00:00,SYN_108243,277,08:33:33,08:33:48,0
kGJ35g79BU1ao8aW7duYA-07:00:00,SYN_108244,278,08:33:54,08:34:09,0
kGJ35g79BU1ao8aW7duYA-07:00:00,SYN_108245,279,08:34:14,08:34:29,0
kGJ35g79BU1ao8aW7duYA-07:00:00,SYN_108246,280,08:34:35,08:34:50,0
kGJ35g79BU1ao8aW7duYA-07:00:00,SYN_108247,281,08:34:56,08:35:11,0
kGJ35g79BU1ao8aW7duYA-07:00:00,SYN_108248,282,08:35:16,08:35:31,0
kGJ35g79BU1ao8aW7duYA-07:00:00,SYN_108249,283,08:35:37,08:35:52,0
kGJ35g79BU1ao8aW7duYA-07:00:00,SYN_108250,284,08:35:58,08:36:13,0
kGJ35g79BU1ao8aW7duYA-07:00:00,SYN_108251,285,08:36:18,08:36:33,0
kGJ35g79BU1ao8aW7duYA-07:00:00,SYN_108252,286,08:36:39,08:36:54,0
kGJ35g79BU1ao8aW7duYA-07:00:00,SYN_108253,287,08:37:00,08:37:15,0
kGJ35g79BU1ao8aW7duYA-07:00:00,SYN_108254,288,08:37:20,08:37:35,0
kGJ35g79BU1ao8aW7duYA-07:00:00,SYN_108255,289,08:37:41,08:37:56,0
kGJ35g79BU1ao8aW7duYA-07:00:00,SYN_108256,290,08:38:02,08:38:17,0
kGJ35g79BU1ao8aW7duYA-07:00:00,SYN_108257,291,08:38:22,08:38:37,0
kGJ35g79BU1ao8aW7duYA-07:00:00,SYN_108258,292,08:38:43,08:38:58,0
kGJ35g79BU1ao8aW7duYA-07:00:00,SYN_108259,293,08:39:04,08:39:19,0
kGJ35g79BU1ao8aW7duYA-07:00:00,SYN_108260,294,08:39:24,08:39:39,0
kGJ35g79BU1ao8aW7duYA-07:00:00,SYN_108261,295,08:39:45,08:40:00,0
kGJ35g79BU1ao8aW7duYA-07:00:00,SYN_108262,296,08:40:06,08:40:21,0
kGJ35g79BU1ao8aW7duYA-07:00:00,SYN_108263,297,08:40:26,08:40:41,0
kGJ35g79BU1ao8aW7duYA-07:00:00,SYN_108264,298,08:40:47,08:41:02,0
kGJ35g79BU1ao8aW7duYA-07:00:00,SYN_108265,299,08:41:08,08:41:23,0
kGJ35g79BU1ao8aW7duYA-07:00:00,SYN_108266,300,08:41:28,08:41:43,0
LrAbpnGcNy8Ljz0FMNTPN-07:00:00,SYN_108267,0,07:00:56,07:01:11,0
LrAbpnGcNy8Ljz0FMNTPN-07:00:00,SYN_108268,1,07:02:09,07:02:24,0
LrAbpnGcNy8Ljz0FMNTPN-07:00:00,SYN_108269,2,07:03:21,07:03:36,0
LrAbpnGcNy8Ljz0FMNTPN-07:00:00,SYN_108270,3,07:04:34,07:04:49,0
LrAbpnGcNy8Ljz0FMNTPN-07:00:00,SYN_108271,4,07:05:47,07:06:02,0
LrAbpnGcNy8Ljz0FMNTPN-07:00:00,SYN_108272,5,07:07:00,07:07:15,0
LrAbpnGcNy8Ljz0FMNTPN-07:00:00,SYN_108273,6,07:08:13,07:08:28,0
LrAbpnGcNy8Ljz0FMNTPN-07:00:00,SYN_108274,7,07:09:26,07:09:41,0
LrAbpnGcNy8Ljz0FMNTPN-07:00:00,SYN_108275,8,07:10:39,07:10:54,0
LrAbpnGcNy8Ljz0FMNTPN-07:00:00,SYN_108276,9,07:11:53,07:12:08,0
LrAbpnGcNy8Ljz0FMNTPN-07:00:00,SYN_108277,10,07:13:08,07:13:23,0
LrAbpnGcNy8Ljz0FMNTPN-07:00:00,SYN_108278,11,07:14:22,07:14:37,0
LrAbpnGcNy8Ljz0FMNTPN-07:00:00,SYN_108279,12,07:15:23,07:15:38,0
LrAbpnGcNy8Ljz0FMNTPN-07:00:00,SYN_108280,13,07:16:21,07:16:36,0
LrAbpnGcNy8Ljz0FMNTPN-07:00:00,SYN_108281,14,07:17:19,07:17:34,0
LrAbpnGcNy8Ljz0FMNTPN-07:00:00,SYN_108282,15,07:18:16,07:18:31,0
NP0r90PJ04dzhZ4-fQdAY-07:00:00,SYN_108284,0,07:00:29,07:00:44,0
NP0r90PJ04dzhZ4-fQdAY-07:00:00,SYN_108285,1,07:01:07,07:01:22,0
NP0r90PJ04dzhZ4-fQdAY-07:00:00,SYN_108286,2,07:01:45,07:02:00,0
NP0r90PJ04dzhZ4-fQdAY-07:00:00,SYN_108287,3,07:02:23,07:02:38,0
NP0r90PJ04dzhZ4-fQdAY-07:00:00,SYN_108288,4,07:03:01,07:03:16,0
NP0r90PJ04dzhZ4-fQdAY-07:00:00,SYN_108289,5,07:03:39,07:03:54,0
NP0r90PJ04dzhZ4-fQdAY-07:00:00,SYN_108290,6,07:04:16,07:04:31,0
NP0r90PJ04dzhZ4-fQdAY-07:00:00,SYN_108291,7,07:04:49,07:05:04,0
NP0r90PJ04dzhZ4-fQdAY-07:00:00,SYN_108292,8,07:05:06,07:05:21,0
NP0r90PJ04dzhZ4-fQdAY-07:00:00,SYN_108293,9,07:05:24,07:05:39,0
NP0r90PJ04dzhZ4-fQdAY-07:00:00,SYN_108294,10,07:05:41,07:05:56,0
NP0r90PJ04dzhZ4-fQdAY-07:00:00,SYN_108295,11,07:05:59,07:06:14,0
NP0r90PJ04dzhZ4-fQdAY-07:00:00,SYN_108296,12,07:06:16,07:06:31,0
NP0r90PJ04dzhZ4-fQdAY-07:00:00,SYN_108297,13,07:06:34,07:06:49,0
NP0r90PJ04dzhZ4-fQdAY-07:00:00,SYN_108298,14,07:06:51,07:07:06,0
NP0r90PJ04dzhZ4-fQdAY-07:00:00,SYN_108299,15,07:07:09,07:07:24,0
NP0r90PJ04dzhZ4-fQdAY-07:00:00,SYN_108300,16,07:07:27,07:07:42,0
NP0r90PJ04dzhZ4-fQdAY-07:00:00,SYN_108301,17,07:07:44,07:07:59,0
NP0r90PJ04dzhZ4-fQdAY-07:00:00,SYN_108302,18,07:08:15,07:08:30,0
NP0r90PJ04dzhZ4-fQdAY-07:00:00,SYN_108303,19,07:08:46,07:09:01,0
NP0r90PJ04dzhZ4-fQdAY-07:00:00,SYN_108304,20,07:09:20,07:09:35,0
NP0r90PJ04dzhZ4-fQdAY-07:00:00,SYN_108305,21,07:09:59,07:10:14,0
NP0r90PJ04dzhZ4-fQdAY-07:00:00,SYN_108306,22,07:10:39,07:10:54,0
NP0r90PJ04dzhZ4-fQdAY-07:00:00,SYN_108307,23,07:11:18,07:11:33,0
NP0r90PJ04dzhZ4-fQdAY-07:00:00,SYN_108308,24,07:11:58,07:12:13,0
NP0r90PJ04dzhZ4-fQdAY-07:00:00,SYN_108309,25,07:12:37,07:12:52,0
NP0r90PJ04dzhZ4-fQdAY-07:00:00,SYN_108310,26,07:13:17,07:13:32,0
NP0r90PJ04dzhZ4-fQdAY-07:00:00,SYN_108311,27,07:13:56,07:14:11,0
NP0r90PJ04dzhZ4-fQdAY-07:00:00,SYN_108312,28,07:14:36,07:14:51,0
NP0r90PJ04dzhZ4-fQdAY-07:00:00,SYN_108313,29,07:17:34,07:17:49,0
NP0r90PJ04dzhZ4-fQdAY-07:00:00,SYN_108314,30,07:18:07,07:18:22,0
NP0r90PJ04dzhZ4-fQdAY-07:00:00,SYN_108315,31,07:18:39,07:18:54,0
NP0r90PJ04dzhZ4-fQdAY-07:00:00,SYN_108316,32,07:19:14,07:19:29,0
NP0r90PJ04dzhZ4-fQdAY-07:00:00,SYN_108317,33,07:19:48,07:20:03,0
NP0r90PJ04dzhZ4-fQdAY-07:00:00,SYN_108318,34,07:20:23,07:20:38,0
NP0r90PJ04dzhZ4-fQdAY-07:00:00,SYN_108319,35,07:20:54,07:21:09,0
NP0r90PJ04dzhZ4-fQdAY-07:00:00,SYN_108320,36,07:21:25,07:21:40,0
NP0r90PJ04dzhZ4-fQdAY-07:00:00,SYN_108321,37,07:21:56,07:22:11,0
NP0r90PJ04dzhZ4-fQdAY-07:00:00,SYN_108322,38,07:22:27,07:22:42,0
NP0r90PJ04dzhZ4-fQdAY-07:00:00,SYN_108323,39,07:22:58,07:23:13,0
NP0r90PJ04dzhZ4-fQdAY-07:00:00,SYN_108324,40,07:23:35,07:23:50,0
NP0r90PJ04dzhZ4-fQdAY-07:00:00,SYN_108325,41,07:24:17,07:24:32,0
NP0r90PJ04dzhZ4-fQdAY-07:00:00,SYN_108326,42,07:25:00,07:25:15,0
NP0r90PJ04dzhZ4-fQdAY-07:00:00,SYN_108327,43,07:25:55,07:26:10,0
NP0r90PJ04dzhZ4-fQdAY-07:00:00,SYN_108328,44,07:27:35,07:27:50,0
NP0r90PJ04dzhZ4-fQdAY-07:00:00,SYN_108329,45,07:28:37,07:28:52,0
NP0r90PJ04dzhZ4-fQdAY-07:00:00,SYN_108330,46,07:29:07,07:29:22,0
NP0r90PJ04dzhZ4-fQdAY-07:00:00,SYN_108331,47,07:29:37,07:29:52,0
NP0r90PJ04dzhZ4-fQdAY-07:00:00,SYN_108332,48,07:30:08,07:30:23,0
NP0r90PJ04dzhZ4-fQdAY-07:00:00,SYN_108333,49,07:30:38,07:30:53,0
NP0r90PJ04dzhZ4-fQdAY-07:00:00,SYN_108334,50,07:31:08,07:31:23,0
NP0r90PJ04dzhZ4-fQdAY-07:00:00,SYN_108335,51,07:31:54,07:32:09,0
NP0r90PJ04dzhZ4-fQdAY-07:00:00,SYN_108336,52,07:32:41,07:32:56,0
NP0r90PJ04dzhZ4-fQdAY-07:00:00,SYN_108337,53,07:33:28,07:33:43,0
NP0r90PJ04dzhZ4-fQdAY-07:00:00,SYN_108338,54,07:34:11,07:34:26,0
NP0r90PJ04dzhZ4-fQdAY-07:00:00,SYN_108339,55,07:34:54,07:35:09,0
NP0r90PJ04dzhZ4-fQdAY-07:00:00,SYN_108340,56,07:35:36,07:35:51,0
NP0r90PJ04dzhZ4-fQdAY-07:00:00,SYN_108341,57,07:36:15,07:36:30,0
NP0r90PJ04dzhZ4-fQdAY-07:00:00,SYN_108342,58,07:36:54,07:37:09,0
NP0r90PJ04dzhZ4-fQdAY-07:00:00,SYN_108343,59,07:37:34,07:37:49,0
NP0r90PJ04dzhZ4-fQdAY-07:00:00,SYN_108344,60,07:38:15,07:38:30,0
NP0r90PJ04dzhZ4-fQdAY-07:00:00,SYN_108345,61,07:38:56,07:39:11,0
NP0r90PJ04dzhZ4-fQdAY-07:00:00,SYN_108346,62,07:39:36,07:39:51,0
NP0r90PJ04dzhZ4-fQdAY-07:00:00,SYN_108347,63,07:40:10,07:40:25,0
NP0r90PJ04dzhZ4-fQdAY-07:00:00,SYN_108348,64,07:40:39,07:40:54,0
NP0r90PJ04dzhZ4-fQdAY-07:00:00,SYN_108349,65,07:41:08,07:41:23,0
NP0r90PJ04dzhZ4-fQdAY-07:00:00,SYN_108350,66,07:41:37,07:41:52,0
NP0r90PJ04dzhZ4-fQdAY-07:00:00,SYN_108351,67,07:42:06,07:42:21,0
NP0r90PJ04dzhZ4-fQdAY-07:00:00,SYN_108352,68,07:42:34,07:42:49,0
NP0r90PJ04dzhZ4-fQdAY-07:00:00,SYN_108353,69,07:43:03,07:43:18,0
NP0r90PJ04dzhZ4-fQdAY-07:00:00,SYN_108354,70,07:43:32,07:43:47,0
NP0r90PJ04dzhZ4-fQdAY-07:00:00,SYN_108355,71,07:44:38,07:44:53,0
NP0r90PJ04dzhZ4-fQdAY-07:00:00,SYN_108356,72,07:45:47,07:46:02,0
NP0r90PJ04dzhZ4-fQdAY-07:00:00,SYN_108357,73,07:46:30,07:46:45,0
NP0r90PJ04dzhZ4-fQdAY-07:00:00,SYN_108358,74,07:47:07,07:47:22,0
NP0r90PJ04dzhZ4-fQdAY-07:00:00,SYN_108359,75,07:47:43,07:47:58,0
NP0r90PJ04dzhZ4-fQdAY-07:00:00,SYN_108360,76,07:48:19,07:48:34,0
NP0r90PJ04dzhZ4-fQdAY-07:00:00,SYN_108361,77,07:49:00,07:49:15,0
NP0r90PJ04dzhZ4-fQdAY-07:00:00,SYN_108362,78,07:49:42,07:49:57,0
NP0r90PJ04dzhZ4-fQdAY-07:00:00,SYN_108363,79,07:50:20,07:50:35,0
NP0r90PJ04dzhZ4-fQdAY-07:00:00,SYN_108364,80,07:50:51,07:51:06,0
NP0r90PJ04dzhZ4-fQdAY-07:00:00,SYN_108365,81,07:51:20,07:51:35,0
NP0r90PJ04dzhZ4-fQdAY-07:00:00,SYN_108366,82,07:51:47,07:52:02,0
NP0r90PJ04dzhZ4-fQdAY-07:00:00,SYN_108367,83,07:52:26,07:52:41,0
NP0r90PJ04dzhZ4-fQdAY-07:00:00,SYN_108368,84,07:53:10,07:53:25,0
NP0r90PJ04dzhZ4-fQdAY-07:00:00,SYN_108369,85,07:53:34,07:53:49,0
NP0r90PJ04dzhZ4-fQdAY-07:00:00,SYN_108370,86,07:53:58,07:54:13,0
NP0r90PJ04dzhZ4-fQdAY-07:00:00,SYN_108371,87,07:54:22,07:54:37,0
NP0r90PJ04dzhZ4-fQdAY-07:00:00,SYN_108372,88,07:54:48,07:55:03,0
NP0r90PJ04dzhZ4-fQdAY-07:00:00,SYN_108373,89,07:55:14,07:55:29,0
NP0r90PJ04dzhZ4-fQdAY-07:00:00,SYN_108374,90,07:55:39,07:55:54,0
NP0r90PJ04dzhZ4-fQdAY-07:00:00,SYN_108375,91,07:56:05,07:56:20,0
NP0r90PJ04dzhZ4-fQdAY-07:00:00,SYN_108376,92,07:56:30,07:56:45,0
NP0r90PJ04dzhZ4-fQdAY-07:00:00,SYN_108377,93,07:56:57,07:57:12,0
NP0r90PJ04dzhZ4-fQdAY-07:00:00,SYN_108378,94,07:57:28,07:57:43,0
NP0r90PJ04dzhZ4-fQdAY-07:00:00,SYN_108379,95,07:58:12,07:58:27,0
NP0r90PJ04dzhZ4-fQdAY-07:00:00,SYN_108380,96,07:59:42,07:59:57,0
NP0r90PJ04dzhZ4-fQdAY-07:00:00,SYN_108381,97,08:01:12,08:01:27,0
RNLlNLhCvrplPJ1T6Rv3G-07:00:00,SYN_108382,0,07:00:30,07:00:45,0
RNLlNLhCvrplPJ1T6Rv3G-07:00:00,SYN_108383,1,07:01:23,07:01:38,0
RNLlNLhCvrplPJ1T6Rv3G-07:00:00,SYN_108384,2,07:02:15,07:02:30,0
RNLlNLhCvrplPJ1T6Rv3G-07:00:00,SYN_108385,3,07:02:59,07:03:14,0
RNLlNLhCvrplPJ1T6Rv3G-07:00:00,SYN_108386,4,07:03:33,07:03:48,0
RNLlNLhCvrplPJ1T6Rv3G-07:00:00,SYN_108387,5,07:04:06,07:04:21,0
RNLlNLhCvrplPJ1T6Rv3G-07:00:00,SYN_108388,6,07:04:39,07:04:54,0
RNLlNLhCvrplPJ1T6Rv3G-07:00:00,SYN_108389,7,07:05:12,07:05:27,0
RNLlNLhCvrplPJ1T6Rv3G-07:00:00,SYN_108390,8,07:05:45,07:06:00,0
RNLlNLhCvrplPJ1T6Rv3G-07:00:00,SYN_108391,9,07:06:22,07:06:37,0
RNLlNLhCvrplPJ1T6Rv3G-07:00:00,SYN_108392,10,07:07:03,07:07:18,0
RNLlNLhCvrplPJ1T6Rv3G-07:00:00,SYN_108393,11,07:07:43,07:07:58,0
RNLlNLhCvrplPJ1T6Rv3G-07:00:00,SYN_108394,12,07:08:21,07:08:36,0
RNLlNLhCvrplPJ1T6Rv3G-07:00:00,SYN_108395,13,07:08:59,07:09:14,0
RNLlNLhCvrplPJ1T6Rv3G-07:00:00,SYN_108396,14,07:10:58,07:11:13,0
RNLlNLhCvrplPJ1T6Rv3G-07:00:00,SYN_108397,15,07:11:33,07:11:48,0
RNLlNLhCvrplPJ1T6Rv3G-07:00:00,SYN_108398,16,07:12:08,07:12:23,0
RNLlNLhCvrplPJ1T6Rv3G-07:00:00,SYN_108399,17,07:13:05,07:13:20,0
RNLlNLhCvrplPJ1T6Rv3G-07:00:00,SYN_108400,18,07:14:12,07:14:27,0
RNLlNLhCvrplPJ1T6Rv3G-07:00:00,SYN_108401,19,07:15:12,07:15:27,0
RNLlNLhCvrplPJ1T6Rv3G-07:00:00,SYN_108402,20,07:16:12,07:16:27,0
RNLlNLhCvrplPJ1T6Rv3G-07:00:00,SYN_108403,21,07:17:17,07:17:32,0
RNLlNLhCvrplPJ1T6Rv3G-07:00:00,SYN_108404,22,07:18:22,07:18:37,0
RNLlNLhCvrplPJ1T6Rv3G-07:00:00,SYN_108405,23,07:19:28,07:19:43,0
RNLlNLhCvrplPJ1T6Rv3G-07:00:00,SYN_108406,24,07:20:09,07:20:24,0
RNLlNLhCvrplPJ1T6Rv3G-07:00:00,SYN_108407,25,07:20:49,07:21:04,0
RNLlNLhCvrplPJ1T6Rv3G-07:00:00,SYN_108408,26,07:21:29,07:21:44,0
RNLlNLhCvrplPJ1T6Rv3G-07:00:00,SYN_108409,27,07:22:10,07:22:25,0
RNLlNLhCvrplPJ1T6Rv3G-07:00:00,SYN_108410,28,07:22:50,07:23:05,0
RNLlNLhCvrplPJ1T6Rv3G-07:00:00,SYN_108411,29,07:23:29,07:23:44,0
RNLlNLhCvrplPJ1T6Rv3G-07:00:00,SYN_108412,30,07:24:07,07:24:22,0
RNLlNLhCvrplPJ1T6Rv3G-07:00:00,SYN_108413,31,07:24:46,07:25:01,0
RNLlNLhCvrplPJ1T6Rv3G-07:00:00,SYN_108414,32,07:25:24,07:25:39,0
J3ADe7YQWUaBHH8Z_00Ou-07:00:00,SYN_108415,0,07:01:16,07:01:31,0
J3ADe7YQWUaBHH8Z_00Ou-07:00:00,SYN_108416,1,07:02:38,07:02:53,0
J3ADe7YQWUaBHH8Z_00Ou-07:00:00,SYN_108417,2,07:03:55,07:04:10,0
J3ADe7YQWUaBHH8Z_00Ou-07:00:00,SYN_108418,3,07:04:49,07:05:04,0
J3ADe7YQWUaBHH8Z_00Ou-07:00:00,SYN_108419,4,07:05:36,07:05:51,0
J3ADe7YQWUaBHH8Z_00Ou-07:00:00,SYN_108420,5,07:06:43,07:06:58,0
J3ADe7YQWUaBHH8Z_00Ou-07:00:00,SYN_108421,6,07:07:49,07:08:04,0
J3ADe7YQWUaBHH8Z_00Ou-07:00:00,SYN_108422,7,07:08:44,07:08:59,0
J3ADe7YQWUaBHH8Z_00Ou-07:00:00,SYN_108423,8,07:09:40,07:09:55,0
J3ADe7YQWUaBHH8Z_00Ou-07:00:00,SYN_108424,9,07:10:35,07:10:50,0
J3ADe7YQWUaBHH8Z_00Ou-07:00:00,SYN_108425,10,07:11:22,07:11:37,0
J3ADe7YQWUaBHH8Z_00Ou-07:00:00,SYN_108426,11,07:12:03,07:12:18,0
J3ADe7YQWUaBHH8Z_00Ou-07:00:00,SYN_108427,12,07:12:37,07:12:52,0
J3ADe7YQWUaBHH8Z_00Ou-07:00:00,SYN_108428,13,07:14:56,07:15:11,0
J3ADe7YQWUaBHH8Z_00Ou-07:00:00,SYN_108429,14,07:18:11,07:18:26,0
J3ADe7YQWUaBHH8Z_00Ou-07:00:00,SYN_108430,15,07:21:07,07:21:22,0
J3ADe7YQWUaBHH8Z_00Ou-07:00:00,SYN_108431,16,07:22:37,07:22:52,0
J3ADe7YQWUaBHH8Z_00Ou-07:00:00,SYN_108432,17,07:23:51,07:24:06,0
J3ADe7YQWUaBHH8Z_00Ou-07:00:00,SYN_108433,18,07:24:53,07:25:08,0
J3ADe7YQWUaBHH8Z_00Ou-07:00:00,SYN_108434,19,07:25:47,07:26:02,0
J3ADe7YQWUaBHH8Z_00Ou-07:00:00,SYN_108435,20,07:26:34,07:26:49,0
J3ADe7YQWUaBHH8Z_00Ou-07:00:00,SYN_108436,21,07:27:21,07:27:36,0
J3ADe7YQWUaBHH8Z_00Ou-07:00:00,SYN_108437,22,07:28:51,07:29:06,0
J3ADe7YQWUaBHH8Z_00Ou-07:00:00,SYN_108438,23,07:29:24,07:29:39,0
J3ADe7YQWUaBHH8Z_00Ou-07:00:00,SYN_108439,24,07:29:58,07:30:13,0
J3ADe7YQWUaBHH8Z_00Ou-07:00:00,SYN_108440,25,07:30:32,07:30:47,0
J3ADe7YQWUaBHH8Z_00Ou-07:00:00,SYN_108441,26,07:31:04,07:31:19,0
J3ADe7YQWUaBHH8Z_00Ou-07:00:00,SYN_108442,27,07:31:37,07:31:52,0
J3ADe7YQWUaBHH8Z_00Ou-07:00:00,SYN_108443,28,07:32:11,07:32:26,0
J3ADe7YQWUaBHH8Z_00Ou-07:00:00,SYN_108444,29,07:32:45,07:33:00,0
J3ADe7YQWUaBHH8Z_00Ou-07:00:00,SYN_108445,30,07:33:20,07:33:35,0
J3ADe7YQWUaBHH8Z_00Ou-07:00:00,SYN_108446,31,07:33:52,07:34:07,0
J3ADe7YQWUaBHH8Z_00Ou-07:00:00,SYN_108447,32,07:34:23,07:34:38,0
J3ADe7YQWUaBHH8Z_00Ou-07:00:00,SYN_108448,33,07:34:54,07:35:09,0
J3ADe7YQWUaBHH8Z_00Ou-07:00:00,SYN_108449,34,07:35:25,07:35:40,0
J3ADe7YQWUaBHH8Z_00Ou-07:00:00,SYN_108450,35,07:35:56,07:36:11,0
J3ADe7YQWUaBHH8Z_00Ou-07:00:00,SYN_108451,36,07:36:30,07:36:45,0
J3ADe7YQWUaBHH8Z_00Ou-07:00:00,SYN_108452,37,07:37:13,07:37:28,0
J3ADe7YQWUaBHH8Z_00Ou-07:00:00,SYN_108453,38,07:37:55,07:38:10,0
J3ADe7YQWUaBHH8Z_00Ou-07:00:00,SYN_108454,39,07:38:40,07:38:55,0
J3ADe7YQWUaBHH8Z_00Ou-07:00:00,SYN_108455,40,07:40:20,07:40:35,0
J3ADe7YQWUaBHH8Z_00Ou-07:00:00,SYN_108456,41,07:41:35,07:41:50,0
J3ADe7YQWUaBHH8Z_00Ou-07:00:00,SYN_108457,42,07:42:05,07:42:20,0
J3ADe7YQWUaBHH8Z_00Ou-07:00:00,SYN_108458,43,07:42:36,07:42:51,0
J3ADe7YQWUaBHH8Z_00Ou-07:00:00,SYN_108459,44,07:43:06,07:43:21,0
J3ADe7YQWUaBHH8Z_00Ou-07:00:00,SYN_108460,45,07:43:36,07:43:51,0
J3ADe7YQWUaBHH8Z_00Ou-07:00:00,SYN_108461,46,07:44:06,07:44:21,0
J3ADe7YQWUaBHH8Z_00Ou-07:00:00,SYN_108462,47,07:44:49,07:45:04,0
J3ADe7YQWUaBHH8Z_00Ou-07:00:00,SYN_108463,48,07:45:36,07:45:51,0
J3ADe7YQWUaBHH8Z_00Ou-07:00:00,SYN_108464,49,07:46:23,07:46:38,0
J3ADe7YQWUaBHH8Z_00Ou-07:00:00,SYN_108465,50,07:47:07,07:47:22,0
J3ADe7YQWUaBHH8Z_00Ou-07:00:00,SYN_108466,51,07:47:50,07:48:05,0
J3ADe7YQWUaBHH8Z_00Ou-07:00:00,SYN_108467,52,07:48:32,07:48:47,0
J3ADe7YQWUaBHH8Z_00Ou-07:00:00,SYN_108468,53,07:49:12,07:49:27,0
J3ADe7YQWUaBHH8Z_00Ou-07:00:00,SYN_108469,54,07:49:51,07:50:06,0
J3ADe7YQWUaBHH8Z_00Ou-07:00:00,SYN_108470,55,07:50:30,07:50:45,0
J3ADe7YQWUaBHH8Z_00Ou-07:00:00,SYN_108471,56,07:51:11,07:51:26,0
J3ADe7YQWUaBHH8Z_00Ou-07:00:00,SYN_108472,57,07:51:52,07:52:07,0
J3ADe7YQWUaBHH8Z_00Ou-07:00:00,SYN_108473,58,07:52:32,07:52:47,0
J3ADe7YQWUaBHH8Z_00Ou-07:00:00,SYN_108474,59,07:53:09,07:53:24,0
J3ADe7YQWUaBHH8Z_00Ou-07:00:00,SYN_108475,60,07:53:37,07:53:52,0
J3ADe7YQWUaBHH8Z_00Ou-07:00:00,SYN_108476,61,07:54:06,07:54:21,0
J3ADe7YQWUaBHH8Z_00Ou-07:00:00,SYN_108477,62,07:54:35,07:54:50,0
J3ADe7YQWUaBHH8Z_00Ou-07:00:00,SYN_108478,63,07:55:04,07:55:19,0
J3ADe7YQWUaBHH8Z_00Ou-07:00:00,SYN_108479,64,07:55:33,07:55:48,0
J3ADe7YQWUaBHH8Z_00Ou-07:00:00,SYN_108480,65,07:56:02,07:56:17,0
J3ADe7YQWUaBHH8Z_00Ou-07:00:00,SYN_108481,66,07:56:30,07:56:45,0
J3ADe7YQWUaBHH8Z_00Ou-07:00:00,SYN_108482,67,07:57:28,07:57:43,0
J3ADe7YQWUaBHH8Z_00Ou-07:00:00,SYN_108483,68,07:58:38,07:58:53,0
J3ADe7YQWUaBHH8Z_00Ou-07:00:00,SYN_108484,69,07:59:26,07:59:41,0
J3ADe7YQWUaBHH8Z_00Ou-07:00:00,SYN_108485,70,08:00:04,08:00:19,0
J3ADe7YQWUaBHH8Z_00Ou-07:00:00,SYN_108486,71,08:00:40,08:00:55,0
J3ADe7YQWUaBHH8Z_00Ou-07:00:00,SYN_108487,72,08:01:16,08:01:31,0
J3ADe7YQWUaBHH8Z_00Ou-07:00:00,SYN_108488,73,08:01:56,08:02:11,0
J3ADe7YQWUaBHH8Z_00Ou-07:00:00,SYN_108489,74,08:02:38,08:02:53,0
J3ADe7YQWUaBHH8Z_00Ou-07:00:00,SYN_108490,75,08:03:19,08:03:34,0
J3ADe7YQWUaBHH8Z_00Ou-07:00:00,SYN_108491,76,08:03:49,08:04:04,0
J3ADe7YQWUaBHH8Z_00Ou-07:00:00,SYN_108492,77,08:04:19,08:04:34,0
J3ADe7YQWUaBHH8Z_00Ou-07:00:00,SYN_108493,78,08:04:46,08:05:01,0
J3ADe7YQWUaBHH8Z_00Ou-07:00:00,SYN_108494,79,08:05:19,08:05:34,0
J3ADe7YQWUaBHH8Z_00Ou-07:00:00,SYN_108495,80,08:06:09,08:06:24,0
J3ADe7YQWUaBHH8Z_00Ou-07:00:00,SYN_108496,81,08:06:33,08:06:48,0
J3ADe7YQWUaBHH8Z_00Ou-07:00:00,SYN_108497,82,08:06:57,08:07:12,0
J3ADe7YQWUaBHH8Z_00Ou-07:00:00,SYN_108498,83,08:07:21,08:07:36,0
J3ADe7YQWUaBHH8Z_00Ou-07:00:00,SYN_108499,84,08:07:47,08:08:02,0
J3ADe7YQWUaBHH8Z_00Ou-07:00:00,SYN_108500,85,08:08:13,08:08:28,0
J3ADe7YQWUaBHH8Z_00Ou-07:00:00,SYN_108501,86,08:08:38,08:08:53,0
J3ADe7YQWUaBHH8Z_00Ou-07:00:00,SYN_108502,87,08:09:04,08:09:19,0
J3ADe7YQWUaBHH8Z_00Ou-07:00:00,SYN_108503,88,08:09:29,08:09:44,0
J3ADe7YQWUaBHH8Z_00Ou-07:00:00,SYN_108504,89,08:09:56,08:10:11,0
J3ADe7YQWUaBHH8Z_00Ou-07:00:00,SYN_108505,90,08:10:25,08:10:40,0
J3ADe7YQWUaBHH8Z_00Ou-07:00:00,SYN_108506,91,08:11:01,08:11:16,0
J3ADe7YQWUaBHH8Z_00Ou-07:00:00,SYN_108507,92,08:11:27,08:11:42,0
J3ADe7YQWUaBHH8Z_00Ou-07:00:00,SYN_108508,93,08:11:52,08:12:07,0
J3ADe7YQWUaBHH8Z_00Ou-07:00:00,SYN_108509,94,08:12:18,08:12:33,0
J3ADe7YQWUaBHH8Z_00Ou-07:00:00,SYN_108510,95,08:12:43,08:12:58,0
J3ADe7YQWUaBHH8Z_00Ou-07:00:00,SYN_108511,96,08:13:09,08:13:24,0
J3ADe7YQWUaBHH8Z_00Ou-07:00:00,SYN_108512,97,08:13:34,08:13:49,0
J3ADe7YQWUaBHH8Z_00Ou-07:00:00,SYN_108513,98,08:14:00,08:14:15,0
J3ADe7YQWUaBHH8Z_00Ou-07:00:00,SYN_108514,99,08:16:22,08:16:37,0
cPH8TY_FP2nMGpFWXqpQb-07:00:00,SYN_108516,0,07:00:30,07:00:45,0
cPH8TY_FP2nMGpFWXqpQb-07:00:00,SYN_108517,1,07:01:01,07:01:16,0
cPH8TY_FP2nMGpFWXqpQb-07:00:00,SYN_108518,2,07:01:33,07:01:48,0
cPH8TY_FP2nMGpFWXqpQb-07:00:00,SYN_108519,3,07:02:04,07:02:19,0
cPH8TY_FP2nMGpFWXqpQb-07:00:00,SYN_108520,4,07:02:36,07:02:51,0
cPH8TY_FP2nMGpFWXqpQb-07:00:00,SYN_108521,5,07:03:07,07:03:22,0
cPH8TY_FP2nMGpFWXqpQb-07:00:00,SYN_108522,6,07:03:38,07:03:53,0
cPH8TY_FP2nMGpFWXqpQb-07:00:00,SYN_108523,7,07:04:10,07:04:25,0
cPH8TY_FP2nMGpFWXqpQb-07:00:00,SYN_108524,8,07:04:41,07:04:56,0
cPH8TY_FP2nMGpFWXqpQb-07:00:00,SYN_108525,9,07:05:13,07:05:28,0
cPH8TY_FP2nMGpFWXqpQb-07:00:00,SYN_108526,10,07:05:53,07:06:08,0
cPH8TY_FP2nMGpFWXqpQb-07:00:00,SYN_108527,11,07:06:36,07:06:51,0
cPH8TY_FP2nMGpFWXqpQb-07:00:00,SYN_108528,12,07:07:16,07:07:31,0
cPH8TY_FP2nMGpFWXqpQb-07:00:00,SYN_108529,13,07:07:47,07:08:02,0
cPH8TY_FP2nMGpFWXqpQb-07:00:00,SYN_108530,14,07:08:17,07:08:32,0
cPH8TY_FP2nMGpFWXqpQb-07:00:00,SYN_108531,15,07:08:48,07:09:03,0
cPH8TY_FP2nMGpFWXqpQb-07:00:00,SYN_108532,16,07:09:19,07:09:34,0
cPH8TY_FP2nMGpFWXqpQb-07:00:00,SYN_108533,17,07:09:49,07:10:04,0
cPH8TY_FP2nMGpFWXqpQb-07:00:00,SYN_108534,18,07:10:21,07:10:36,0
cPH8TY_FP2nMGpFWXqpQb-07:00:00,SYN_108535,19,07:11:02,07:11:17,0
cPH8TY_FP2nMGpFWXqpQb-07:00:00,SYN_108536,20,07:11:42,07:11:57,0
cPH8TY_FP2nMGpFWXqpQb-07:00:00,SYN_108537,21,07:12:21,07:12:36,0
cPH8TY_FP2nMGpFWXqpQb-07:00:00,SYN_108538,22,07:12:59,07:13:14,0
cPH8TY_FP2nMGpFWXqpQb-07:00:00,SYN_108539,23,07:13:45,07:14:00,0
cPH8TY_FP2nMGpFWXqpQb-07:00:00,SYN_108540,24,07:14:38,07:14:53,0
cPH8TY_FP2nMGpFWXqpQb-07:00:00,SYN_108541,25,07:15:44,07:15:59,0
cPH8TY_FP2nMGpFWXqpQb-07:00:00,SYN_108542,26,07:16:58,07:17:13,0
cPH8TY_FP2nMGpFWXqpQb-07:00:00,SYN_108543,27,07:18:02,07:18:17,0
cPH8TY_FP2nMGpFWXqpQb-07:00:00,SYN_108544,28,07:19:03,07:19:18,0
cPH8TY_FP2nMGpFWXqpQb-07:00:00,SYN_108545,29,07:20:03,07:20:18,0
cPH8TY_FP2nMGpFWXqpQb-07:00:00,SYN_108546,30,07:21:07,07:21:22,0
cPH8TY_FP2nMGpFWXqpQb-07:00:00,SYN_108547,31,07:22:12,07:22:27,0
cPH8TY_FP2nMGpFWXqpQb-07:00:00,SYN_108548,32,07:23:17,07:23:32,0
cPH8TY_FP2nMGpFWXqpQb-07:00:00,SYN_108549,33,07:24:08,07:24:23,0
cPH8TY_FP2nMGpFWXqpQb-07:00:00,SYN_108550,34,07:24:48,07:25:03,0
cPH8TY_FP2nMGpFWXqpQb-07:00:00,SYN_108551,35,07:25:29,07:25:44,0
cPH8TY_FP2nMGpFWXqpQb-07:00:00,SYN_108552,36,07:26:09,07:26:24,0
cPH8TY_FP2nMGpFWXqpQb-07:00:00,SYN_108553,37,07:26:49,07:27:04,0
Tv3p8704smtFY_z3ZHnnb-07:00:00,SYN_108558,0,07:00:49,07:01:04,0
Tv3p8704smtFY_z3ZHnnb-07:00:00,SYN_108559,1,07:02:22,07:02:37,0
Tv3p8704smtFY_z3ZHnnb-07:00:00,SYN_108560,2,07:03:21,07:03:36,0
Tv3p8704smtFY_z3ZHnnb-07:00:00,SYN_108561,3,07:04:21,07:04:36,0
Tv3p8704smtFY_z3ZHnnb-07:00:00,SYN_108562,4,07:05:10,07:05:25,0
Tv3p8704smtFY_z3ZHnnb-07:00:00,SYN_108563,5,07:05:57,07:06:12,0
Tv3p8704smtFY_z3ZHnnb-07:00:00,SYN_108564,6,07:06:57,07:07:12,0
Tv3p8704smtFY_z3ZHnnb-07:00:00,SYN_108565,7,07:08:09,07:08:24,0
Tv3p8704smtFY_z3ZHnnb-07:00:00,SYN_108566,8,07:08:43,07:08:58,0
Tv3p8704smtFY_z3ZHnnb-07:00:00,SYN_108567,9,07:09:16,07:09:31,0
Tv3p8704smtFY_z3ZHnnb-07:00:00,SYN_108568,10,07:09:50,07:10:05,0
Tv3p8704smtFY_z3ZHnnb-07:00:00,SYN_108569,11,07:10:22,07:10:37,0
Tv3p8704smtFY_z3ZHnnb-07:00:00,SYN_108570,12,07:10:55,07:11:10,0
Tv3p8704smtFY_z3ZHnnb-07:00:00,SYN_108571,13,07:11:30,07:11:45,0
Tv3p8704smtFY_z3ZHnnb-07:00:00,SYN_108572,14,07:12:04,07:12:19,0
Tv3p8704smtFY_z3ZHnnb-07:00:00,SYN_108573,15,07:12:38,07:12:53,0
Tv3p8704smtFY_z3ZHnnb-07:00:00,SYN_108574,16,07:13:10,07:13:25,0
Tv3p8704smtFY_z3ZHnnb-07:00:00,SYN_108575,17,07:13:40,07:13:55,0
Tv3p8704smtFY_z3ZHnnb-07:00:00,SYN_108576,18,07:14:11,07:14:26,0
Tv3p8704smtFY_z3ZHnnb-07:00:00,SYN_108577,19,07:14:42,07:14:57,0
Tv3p8704smtFY_z3ZHnnb-07:00:00,SYN_108578,20,07:15:13,07:15:28,0
Tv3p8704smtFY_z3ZHnnb-07:00:00,SYN_108579,21,07:15:51,07:16:06,0
Tv3p8704smtFY_z3ZHnnb-07:00:00,SYN_108580,22,07:16:34,07:16:49,0
Tv3p8704smtFY_z3ZHnnb-07:00:00,SYN_108581,23,07:17:17,07:17:32,0
Tv3p8704smtFY_z3ZHnnb-07:00:00,SYN_108582,24,07:18:19,07:18:34,0
Tv3p8704smtFY_z3ZHnnb-07:00:00,SYN_108583,25,07:19:59,07:20:14,0
Tv3p8704smtFY_z3ZHnnb-07:00:00,SYN_108584,26,07:20:52,07:21:07,0
Tv3p8704smtFY_z3ZHnnb-07:00:00,SYN_108585,27,07:21:23,07:21:38,0
Tv3p8704smtFY_z3ZHnnb-07:00:00,SYN_108586,28,07:21:53,07:22:08,0
Tv3p8704smtFY_z3ZHnnb-07:00:00,SYN_108587,29,07:22:23,07:22:38,0
Tv3p8704smtFY_z3ZHnnb-07:00:00,SYN_108588,30,07:22:53,07:23:08,0
Tv3p8704smtFY_z3ZHnnb-07:00:00,SYN_108589,31,07:23:24,07:23:39,0
Tv3p8704smtFY_z3ZHnnb-07:00:00,SYN_108590,32,07:24:11,07:24:26,0
Tv3p8704smtFY_z3ZHnnb-07:00:00,SYN_108591,33,07:24:58,07:25:13,0
Tv3p8704smtFY_z3ZHnnb-07:00:00,SYN_108592,34,07:25:45,07:26:00,0
Tv3p8704smtFY_z3ZHnnb-07:00:00,SYN_108593,35,07:26:28,07:26:43,0
Tv3p8704smtFY_z3ZHnnb-07:00:00,SYN_108594,36,07:27:11,07:27:26,0
Tv3p8704smtFY_z3ZHnnb-07:00:00,SYN_108595,37,07:27:53,07:28:08,0
Tv3p8704smtFY_z3ZHnnb-07:00:00,SYN_108596,38,07:28:32,07:28:47,0
Tv3p8704smtFY_z3ZHnnb-07:00:00,SYN_108597,39,07:29:11,07:29:26,0
Tv3p8704smtFY_z3ZHnnb-07:00:00,SYN_108598,40,07:29:51,07:30:06,0
Tv3p8704smtFY_z3ZHnnb-07:00:00,SYN_108599,41,07:30:31,07:30:46,0
Tv3p8704smtFY_z3ZHnnb-07:00:00,SYN_108600,42,07:31:12,07:31:27,0
Tv3p8704smtFY_z3ZHnnb-07:00:00,SYN_108601,43,07:31:53,07:32:08,0
Tv3p8704smtFY_z3ZHnnb-07:00:00,SYN_108602,44,07:32:26,07:32:41,0
Tv3p8704smtFY_z3ZHnnb-07:00:00,SYN_108603,45,07:32:54,07:33:09,0
Tv3p8704smtFY_z3ZHnnb-07:00:00,SYN_108604,46,07:33:23,07:33:38,0
Tv3p8704smtFY_z3ZHnnb-07:00:00,SYN_108605,47,07:33:52,07:34:07,0
Tv3p8704smtFY_z3ZHnnb-07:00:00,SYN_108606,48,07:34:21,07:34:36,0
Tv3p8704smtFY_z3ZHnnb-07:00:00,SYN_108607,49,07:34:50,07:35:05,0
Tv3p8704smtFY_z3ZHnnb-07:00:00,SYN_108608,50,07:35:19,07:35:34,0
Tv3p8704smtFY_z3ZHnnb-07:00:00,SYN_108609,51,07:35:49,07:36:04,0
Tv3p8704smtFY_z3ZHnnb-07:00:00,SYN_108610,52,07:36:58,07:37:13,0
Tv3p8704smtFY_z3ZHnnb-07:00:00,SYN_108611,53,07:38:07,07:38:22,0
Tv3p8704smtFY_z3ZHnnb-07:00:00,SYN_108612,54,07:39:28,07:39:43,0
Tv3p8704smtFY_z3ZHnnb-07:00:00,SYN_108613,55,07:40:38,07:40:53,0
Tv3p8704smtFY_z3ZHnnb-07:00:00,SYN_108614,56,07:41:32,07:41:47,0
Tv3p8704smtFY_z3ZHnnb-07:00:00,SYN_108615,57,07:42:26,07:42:41,0
Tv3p8704smtFY_z3ZHnnb-07:00:00,SYN_108616,58,07:43:20,07:43:35,0
Tv3p8704smtFY_z3ZHnnb-07:00:00,SYN_108617,59,07:44:14,07:44:29,0
Tv3p8704smtFY_z3ZHnnb-07:00:00,SYN_108618,60,07:45:08,07:45:23,0
BSHIbLq-S_VbTLPj0f5S7-07:00:00,SYN_108626,0,07:00:41,07:00:56,0
BSHIbLq-S_VbTLPj0f5S7-07:00:00,SYN_108627,1,07:01:24,07:01:39,0
BSHIbLq-S_VbTLPj0f5S7-07:00:00,SYN_108628,2,07:02:06,07:02:21,0
BSHIbLq-S_VbTLPj0f5S7-07:00:00,SYN_108629,3,07:02:49,07:03:04,0
BSHIbLq-S_VbTLPj0f5S7-07:00:00,SYN_108630,4,07:03:31,07:03:46,0
H4Zrbg3RLebdgA2rD0SL4-07:00:00,SYN_108631,0,07:00:17,07:00:32,0
H4Zrbg3RLebdgA2rD0SL4-07:00:00,SYN_108632,1,07:00:38,07:00:53,0
H4Zrbg3RLebdgA2rD0SL4-07:00:00,SYN_108633,2,07:01:00,07:01:15,0
H4Zrbg3RLebdgA2rD0SL4-07:00:00,SYN_108634,3,07:01:21,07:01:36,0
H4Zrbg3RLebdgA2rD0SL4-07:00:00,SYN_108635,4,07:01:43,07:01:58,0
H4Zrbg3RLebdgA2rD0SL4-07:00:00,SYN_108636,5,07:02:04,07:02:19,0
H4Zrbg3RLebdgA2rD0SL4-07:00:00,SYN_108637,6,07:02:26,07:02:41,0
H4Zrbg3RLebdgA2rD0SL4-07:00:00,SYN_108638,7,07:02:47,07:03:02,0
H4Zrbg3RLebdgA2rD0SL4-07:00:00,SYN_108639,8,07:03:09,07:03:24,0
H4Zrbg3RLebdgA2rD0SL4-07:00:00,SYN_108640,9,07:03:32,07:03:47,0
H4Zrbg3RLebdgA2rD0SL4-07:00:00,SYN_108641,10,07:04:02,07:04:17,0
H4Zrbg3RLebdgA2rD0SL4-07:00:00,SYN_108642,11,07:04:32,07:04:47,0
H4Zrbg3RLebdgA2rD0SL4-07:00:00,SYN_108643,12,07:05:02,07:05:17,0
H4Zrbg3RLebdgA2rD0SL4-07:00:00,SYN_108644,13,07:05:32,07:05:47,0
H4Zrbg3RLebdgA2rD0SL4-07:00:00,SYN_108645,14,07:06:02,07:06:17,0
H4Zrbg3RLebdgA2rD0SL4-07:00:00,SYN_108646,15,07:06:32,07:06:47,0
H4Zrbg3RLebdgA2rD0SL4-07:00:00,SYN_108647,16,07:07:05,07:07:20,0
H4Zrbg3RLebdgA2rD0SL4-07:00:00,SYN_108648,17,07:07:52,07:08:07,0
H4Zrbg3RLebdgA2rD0SL4-07:00:00,SYN_108649,18,07:08:40,07:08:55,0
H4Zrbg3RLebdgA2rD0SL4-07:00:00,SYN_108650,19,07:09:28,07:09:43,0
H4Zrbg3RLebdgA2rD0SL4-07:00:00,SYN_108651,20,07:10:15,07:10:30,0
H4Zrbg3RLebdgA2rD0SL4-07:00:00,SYN_108652,21,07:11:03,07:11:18,0
H4Zrbg3RLebdgA2rD0SL4-07:00:00,SYN_108653,22,07:11:51,07:12:06,0
H4Zrbg3RLebdgA2rD0SL4-07:00:00,SYN_108654,23,07:12:38,07:12:53,0
H4Zrbg3RLebdgA2rD0SL4-07:00:00,SYN_108655,24,07:13:26,07:13:41,0
H4Zrbg3RLebdgA2rD0SL4-07:00:00,SYN_108656,25,07:14:14,07:14:29,0
H4Zrbg3RLebdgA2rD0SL4-07:00:00,SYN_108657,26,07:16:30,07:16:45,0
H4Zrbg3RLebdgA2rD0SL4-07:00:00,SYN_108658,27,07:20:13,07:20:28,0
H4Zrbg3RLebdgA2rD0SL4-07:00:00,SYN_108659,28,07:23:56,07:24:11,0
H4Zrbg3RLebdgA2rD0SL4-07:00:00,SYN_108660,29,07:26:32,07:26:47,0
H4Zrbg3RLebdgA2rD0SL4-07:00:00,SYN_108661,30,07:26:56,07:27:11,0
H4Zrbg3RLebdgA2rD0SL4-07:00:00,SYN_108662,31,07:27:19,07:27:34,0
H4Zrbg3RLebdgA2rD0SL4-07:00:00,SYN_108663,32,07:27:42,07:27:57,0
H4Zrbg3RLebdgA2rD0SL4-07:00:00,SYN_108664,33,07:28:05,07:28:20,0
H4Zrbg3RLebdgA2rD0SL4-07:00:00,SYN_108665,34,07:28:28,07:28:43,0
H4Zrbg3RLebdgA2rD0SL4-07:00:00,SYN_108666,35,07:28:50,07:29:05,0
H4Zrbg3RLebdgA2rD0SL4-07:00:00,SYN_108667,36,07:29:10,07:29:25,0
H4Zrbg3RLebdgA2rD0SL4-07:00:00,SYN_108668,37,07:29:31,07:29:46,0
H4Zrbg3RLebdgA2rD0SL4-07:00:00,SYN_108669,38,07:29:52,07:30:07,0
H4Zrbg3RLebdgA2rD0SL4-07:00:00,SYN_108670,39,07:30:13,07:30:28,0
H4Zrbg3RLebdgA2rD0SL4-07:00:00,SYN_108671,40,07:30:33,07:30:48,0
H4Zrbg3RLebdgA2rD0SL4-07:00:00,SYN_108672,41,07:30:55,07:31:10,0
H4Zrbg3RLebdgA2rD0SL4-07:00:00,SYN_108673,42,07:31:18,07:31:33,0
H4Zrbg3RLebdgA2rD0SL4-07:00:00,SYN_108674,43,07:31:41,07:31:56,0
H4Zrbg3RLebdgA2rD0SL4-07:00:00,SYN_108675,44,07:32:04,07:32:19,0
H4Zrbg3RLebdgA2rD0SL4-07:00:00,SYN_108676,45,07:32:27,07:32:42,0
H4Zrbg3RLebdgA2rD0SL4-07:00:00,SYN_108677,46,07:32:50,07:33:05,0
H4Zrbg3RLebdgA2rD0SL4-07:00:00,SYN_108678,47,07:33:13,07:33:28,0
H4Zrbg3RLebdgA2rD0SL4-07:00:00,SYN_108679,48,07:33:36,07:33:51,0
H4Zrbg3RLebdgA2rD0SL4-07:00:00,SYN_108680,49,07:37:18,07:37:33,0
H4Zrbg3RLebdgA2rD0SL4-07:00:00,SYN_108681,50,07:38:10,07:38:25,0
H4Zrbg3RLebdgA2rD0SL4-07:00:00,SYN_108682,51,07:39:02,07:39:17,0
H4Zrbg3RLebdgA2rD0SL4-07:00:00,SYN_108683,52,07:39:54,07:40:09,0
H4Zrbg3RLebdgA2rD0SL4-07:00:00,SYN_108684,53,07:40:48,07:41:03,0
H4Zrbg3RLebdgA2rD0SL4-07:00:00,SYN_108685,54,07:42:37,07:42:52,0
H4Zrbg3RLebdgA2rD0SL4-07:00:00,SYN_108686,55,07:44:26,07:44:41,0
H4Zrbg3RLebdgA2rD0SL4-07:00:00,SYN_108687,56,07:46:15,07:46:30,0
H4Zrbg3RLebdgA2rD0SL4-07:00:00,SYN_108688,57,07:47:49,07:48:04,0
H4Zrbg3RLebdgA2rD0SL4-07:00:00,SYN_108689,58,07:48:36,07:48:51,0
H4Zrbg3RLebdgA2rD0SL4-07:00:00,SYN_108690,59,07:49:23,07:49:38,0
H4Zrbg3RLebdgA2rD0SL4-07:00:00,SYN_108691,60,07:50:09,07:50:24,0
gp93eQ2WYNnUOJrA17bFP-07:00:00,SYN_108694,0,07:00:57,07:01:12,0
gp93eQ2WYNnUOJrA17bFP-07:00:00,SYN_108695,1,07:01:59,07:02:14,0
gp93eQ2WYNnUOJrA17bFP-07:00:00,SYN_108696,2,07:02:48,07:03:03,0
gp93eQ2WYNnUOJrA17bFP-07:00:00,SYN_108697,3,07:03:35,07:03:50,0
gp93eQ2WYNnUOJrA17bFP-07:00:00,SYN_108698,4,07:04:34,07:04:49,0
gp93eQ2WYNnUOJrA17bFP-07:00:00,SYN_108699,5,07:05:45,07:06:00,0
gp93eQ2WYNnUOJrA17bFP-07:00:00,SYN_108700,6,07:06:23,07:06:38,0
gp93eQ2WYNnUOJrA17bFP-07:00:00,SYN_108701,7,07:07:01,07:07:16,0
gp93eQ2WYNnUOJrA17bFP-07:00:00,SYN_108702,8,07:07:47,07:08:02,0
gp93eQ2WYNnUOJrA17bFP-07:00:00,SYN_108703,9,07:08:35,07:08:50,0
gp93eQ2WYNnUOJrA17bFP-07:00:00,SYN_108704,10,07:09:24,07:09:39,0
gp93eQ2WYNnUOJrA17bFP-07:00:00,SYN_108705,11,07:10:12,07:10:27,0
gp93eQ2WYNnUOJrA17bFP-07:00:00,SYN_108706,12,07:11:00,07:11:15,0
gp93eQ2WYNnUOJrA17bFP-07:00:00,SYN_108707,13,07:11:49,07:12:04,0
gp93eQ2WYNnUOJrA17bFP-07:00:00,SYN_108708,14,07:12:21,07:12:36,0
gp93eQ2WYNnUOJrA17bFP-07:00:00,SYN_108709,15,07:12:52,07:13:07,0
gp93eQ2WYNnUOJrA17bFP-07:00:00,SYN_108710,16,07:13:22,07:13:37,0
gp93eQ2WYNnUOJrA17bFP-07:00:00,SYN_108711,17,07:13:53,07:14:08,0
gp93eQ2WYNnUOJrA17bFP-07:00:00,SYN_108712,18,07:14:23,07:14:38,0
gp93eQ2WYNnUOJrA17bFP-07:00:00,SYN_108713,19,07:14:54,07:15:09,0
gp93eQ2WYNnUOJrA17bFP-07:00:00,SYN_108714,20,07:15:24,07:15:39,0
gp93eQ2WYNnUOJrA17bFP-07:00:00,SYN_108715,21,07:16:30,07:16:45,0
gp93eQ2WYNnUOJrA17bFP-07:00:00,SYN_108716,22,07:17:37,07:17:52,0
gp93eQ2WYNnUOJrA17bFP-07:00:00,SYN_108717,23,07:18:31,07:18:46,0
gp93eQ2WYNnUOJrA17bFP-07:00:00,SYN_108718,24,07:19:08,07:19:23,0
gp93eQ2WYNnUOJrA17bFP-07:00:00,SYN_108719,25,07:19:46,07:20:01,0
gp93eQ2WYNnUOJrA17bFP-07:00:00,SYN_108720,26,07:20:24,07:20:39,0
gp93eQ2WYNnUOJrA17bFP-07:00:00,SYN_108721,27,07:21:10,07:21:25,0
gp93eQ2WYNnUOJrA17bFP-07:00:00,SYN_108722,28,07:21:59,07:22:14,0
Rr5VrNghCMV3A0qeyJoVf-07:00:00,SYN_108730,0,07:00:16,07:00:31,0
Rr5VrNghCMV3A0qeyJoVf-07:00:00,SYN_108731,1,07:00:37,07:00:52,0
Rr5VrNghCMV3A0qeyJoVf-07:00:00,SYN_108732,2,07:00:57,07:01:12,0
Rr5VrNghCMV3A0qeyJoVf-07:00:00,SYN_108733,3,07:01:18,07:01:33,0
Rr5VrNghCMV3A0qeyJoVf-07:00:00,SYN_108734,4,07:01:39,07:01:54,0
Rr5VrNghCMV3A0qeyJoVf-07:00:00,SYN_108735,5,07:02:00,07:02:15,0
Rr5VrNghCMV3A0qeyJoVf-07:00:00,SYN_108736,6,07:02:21,07:02:36,0
Rr5VrNghCMV3A0qeyJoVf-07:00:00,SYN_108737,7,07:02:42,07:02:57,0
Rr5VrNghCMV3A0qeyJoVf-07:00:00,SYN_108738,8,07:03:02,07:03:17,0
Rr5VrNghCMV3A0qeyJoVf-07:00:00,SYN_108739,9,07:03:23,07:03:38,0
Rr5VrNghCMV3A0qeyJoVf-07:00:00,SYN_108740,10,07:03:44,07:03:59,0
Rr5VrNghCMV3A0qeyJoVf-07:00:00,SYN_108741,11,07:04:05,07:04:20,0
Rr5VrNghCMV3A0qeyJoVf-07:00:00,SYN_108742,12,07:04:26,07:04:41,0
Rr5VrNghCMV3A0qeyJoVf-07:00:00,SYN_108743,13,07:04:46,07:05:01,0
Rr5VrNghCMV3A0qeyJoVf-07:00:00,SYN_108744,14,07:05:07,07:05:22,0
Rr5VrNghCMV3A0qeyJoVf-07:00:00,SYN_108745,15,07:05:28,07:05:43,0
Rr5VrNghCMV3A0qeyJoVf-07:00:00,SYN_108746,16,07:05:49,07:06:04,0
Rr5VrNghCMV3A0qeyJoVf-07:00:00,SYN_108747,17,07:06:10,07:06:25,0
Rr5VrNghCMV3A0qeyJoVf-07:00:00,SYN_108748,18,07:06:31,07:06:46,0
Rr5VrNghCMV3A0qeyJoVf-07:00:00,SYN_108749,19,07:06:51,07:07:06,0
Rr5VrNghCMV3A0qeyJoVf-07:00:00,SYN_108750,20,07:07:12,07:07:27,0
Rr5VrNghCMV3A0qeyJoVf-07:00:00,SYN_108751,21,07:07:33,07:07:48,0
Rr5VrNghCMV3A0qeyJoVf-07:00:00,SYN_108752,22,07:07:51,07:08:06,0
Rr5VrNghCMV3A0qeyJoVf-07:00:00,SYN_108753,23,07:08:05,07:08:20,0
Rr5VrNghCMV3A0qeyJoVf-07:00:00,SYN_108754,24,07:08:18,07:08:33,0
Rr5VrNghCMV3A0qeyJoVf-07:00:00,SYN_108755,25,07:08:32,07:08:47,0
Rr5VrNghCMV3A0qeyJoVf-07:00:00,SYN_108756,26,07:08:45,07:09:00,0
Rr5VrNghCMV3A0qeyJoVf-07:00:00,SYN_108757,27,07:08:58,07:09:13,0
Rr5VrNghCMV3A0qeyJoVf-07:00:00,SYN_108758,28,07:09:12,07:09:27,0
Rr5VrNghCMV3A0qeyJoVf-07:00:00,SYN_108759,29,07:09:25,07:09:40,0
Rr5VrNghCMV3A0qeyJoVf-07:00:00,SYN_108760,30,07:09:39,07:09:54,0
Rr5VrNghCMV3A0qeyJoVf-07:00:00,SYN_108761,31,07:09:52,07:10:07,0
Rr5VrNghCMV3A0qeyJoVf-07:00:00,SYN_108762,32,07:10:06,07:10:21,0
Rr5VrNghCMV3A0qeyJoVf-07:00:00,SYN_108763,33,07:10:19,07:10:34,0
Rr5VrNghCMV3A0qeyJoVf-07:00:00,SYN_108764,34,07:10:33,07:10:48,0
Rr5VrNghCMV3A0qeyJoVf-07:00:00,SYN_108765,35,07:10:46,07:11:01,0
Rr5VrNghCMV3A0qeyJoVf-07:00:00,SYN_108766,36,07:10:59,07:11:14,0
Rr5VrNghCMV3A0qeyJoVf-07:00:00,SYN_108767,37,07:11:13,07:11:28,0
Rr5VrNghCMV3A0qeyJoVf-07:00:00,SYN_108768,38,07:11:26,07:11:41,0
Rr5VrNghCMV3A0qeyJoVf-07:00:00,SYN_108769,39,07:11:40,07:11:55,0
Rr5VrNghCMV3A0qeyJoVf-07:00:00,SYN_108770,40,07:11:53,07:12:08,0
Rr5VrNghCMV3A0qeyJoVf-07:00:00,SYN_108771,41,07:12:07,07:12:22,0
Rr5VrNghCMV3A0qeyJoVf-07:00:00,SYN_108772,42,07:12:35,07:12:50,0
Rr5VrNghCMV3A0qeyJoVf-07:00:00,SYN_108773,43,07:13:02,07:13:17,0
Rr5VrNghCMV3A0qeyJoVf-07:00:00,SYN_108774,44,07:13:30,07:13:45,0
Rr5VrNghCMV3A0qeyJoVf-07:00:00,SYN_108775,45,07:13:58,07:14:13,0
Rr5VrNghCMV3A0qeyJoVf-07:00:00,SYN_108776,46,07:14:16,07:14:31,0
Rr5VrNghCMV3A0qeyJoVf-07:00:00,SYN_108777,47,07:14:30,07:14:45,0
Rr5VrNghCMV3A0qeyJoVf-07:00:00,SYN_108778,48,07:14:44,07:14:59,0
Rr5VrNghCMV3A0qeyJoVf-07:00:00,SYN_108779,49,07:14:57,07:15:12,0
Rr5VrNghCMV3A0qeyJoVf-07:00:00,SYN_108780,50,07:15:11,07:15:26,0
Rr5VrNghCMV3A0qeyJoVf-07:00:00,SYN_108781,51,07:15:35,07:15:50,0
Rr5VrNghCMV3A0qeyJoVf-07:00:00,SYN_108782,52,07:16:42,07:16:57,0
Rr5VrNghCMV3A0qeyJoVf-07:00:00,SYN_108783,53,07:17:49,07:18:04,0
Rr5VrNghCMV3A0qeyJoVf-07:00:00,SYN_108784,54,07:18:56,07:19:11,0
Rr5VrNghCMV3A0qeyJoVf-07:00:00,SYN_108785,55,07:20:03,07:20:18,0
Rr5VrNghCMV3A0qeyJoVf-07:00:00,SYN_108786,56,07:21:10,07:21:25,0
Rr5VrNghCMV3A0qeyJoVf-07:00:00,SYN_108787,57,07:22:17,07:22:32,0
Rr5VrNghCMV3A0qeyJoVf-07:00:00,SYN_108788,58,07:23:25,07:23:40,0
Rr5VrNghCMV3A0qeyJoVf-07:00:00,SYN_108789,59,07:24:32,07:24:47,0
Rr5VrNghCMV3A0qeyJoVf-07:00:00,SYN_108790,60,07:25:38,07:25:53,0
Rr5VrNghCMV3A0qeyJoVf-07:00:00,SYN_108791,61,07:26:22,07:26:37,0
Rr5VrNghCMV3A0qeyJoVf-07:00:00,SYN_108792,62,07:27:07,07:27:22,0
Rr5VrNghCMV3A0qeyJoVf-07:00:00,SYN_108793,63,07:27:51,07:28:06,0
Rr5VrNghCMV3A0qeyJoVf-07:00:00,SYN_108794,64,07:28:31,07:28:46,0
Rr5VrNghCMV3A0qeyJoVf-07:00:00,SYN_108795,65,07:29:09,07:29:24,0
Rr5VrNghCMV3A0qeyJoVf-07:00:00,SYN_108796,66,07:29:48,07:30:03,0
Rr5VrNghCMV3A0qeyJoVf-07:00:00,SYN_108797,67,07:30:26,07:30:41,0
Rr5VrNghCMV3A0qeyJoVf-07:00:00,SYN_108798,68,07:31:05,07:31:20,0
Rr5VrNghCMV3A0qeyJoVf-07:00:00,SYN_108799,69,07:31:43,07:31:58,0
Rr5VrNghCMV3A0qeyJoVf-07:00:00,SYN_108800,70,07:32:22,07:32:37,0
Rr5VrNghCMV3A0qeyJoVf-07:00:00,SYN_108801,71,07:33:00,07:33:15,0
Rr5VrNghCMV3A0qeyJoVf-07:00:00,SYN_108802,72,07:33:39,07:33:54,0
Rr5VrNghCMV3A0qeyJoVf-07:00:00,SYN_108803,73,07:34:17,07:34:32,0
Rr5VrNghCMV3A0qeyJoVf-07:00:00,SYN_108804,74,07:34:55,07:35:10,0
Rr5VrNghCMV3A0qeyJoVf-07:00:00,SYN_108805,75,07:35:34,07:35:49,0
Rr5VrNghCMV3A0qeyJoVf-07:00:00,SYN_108806,76,07:36:12,07:36:27,0
Rr5VrNghCMV3A0qeyJoVf-07:00:00,SYN_108807,77,07:36:51,07:37:06,0
gNGHM_FUxY2cAKLH9-ILE-07:00:00,SYN_108808,0,07:00:43,07:00:58,0
gNGHM_FUxY2cAKLH9-ILE-07:00:00,SYN_108809,1,07:01:41,07:01:56,0
gNGHM_FUxY2cAKLH9-ILE-07:00:00,SYN_108810,2,07:02:39,07:02:54,0
gNGHM_FUxY2cAKLH9-ILE-07:00:00,SYN_108811,3,07:03:35,07:03:50,0
gNGHM_FUxY2cAKLH9-ILE-07:00:00,SYN_108812,4,07:04:29,07:04:44,0
gNGHM_FUxY2cAKLH9-ILE-07:00:00,SYN_108813,5,07:05:23,07:05:38,0
gNGHM_FUxY2cAKLH9-ILE-07:00:00,SYN_108814,6,07:06:18,07:06:33,0
gNGHM_FUxY2cAKLH9-ILE-07:00:00,SYN_108815,7,07:07:12,07:07:27,0
gNGHM_FUxY2cAKLH9-ILE-07:00:00,SYN_108816,8,07:08:06,07:08:21,0
_npHlyCCY7o0R20RyqvT8-07:00:00,SYN_108818,0,07:01:52,07:02:07,0
_npHlyCCY7o0R20RyqvT8-07:00:00,SYN_108819,1,07:04:04,07:04:19,0
_npHlyCCY7o0R20RyqvT8-07:00:00,SYN_108820,2,07:05:33,07:05:48,0
_npHlyCCY7o0R20RyqvT8-07:00:00,SYN_108821,3,07:06:32,07:06:47,0
_npHlyCCY7o0R20RyqvT8-07:00:00,SYN_108822,4,07:07:23,07:07:38,0
_npHlyCCY7o0R20RyqvT8-07:00:00,SYN_108823,5,07:08:03,07:08:18,0
_npHlyCCY7o0R20RyqvT8-07:00:00,SYN_108824,6,07:08:43,07:08:58,0
_npHlyCCY7o0R20RyqvT8-07:00:00,SYN_108825,7,07:09:22,07:09:37,0
_npHlyCCY7o0R20RyqvT8-07:00:00,SYN_108826,8,07:10:02,07:10:17,0
_npHlyCCY7o0R20RyqvT8-07:00:00,SYN_108827,9,07:10:42,07:10:57,0
_npHlyCCY7o0R20RyqvT8-07:00:00,SYN_108828,10,07:11:24,07:11:39,0
_npHlyCCY7o0R20RyqvT8-07:00:00,SYN_108829,11,07:12:09,07:12:24,0
_npHlyCCY7o0R20RyqvT8-07:00:00,SYN_108830,12,07:12:55,07:13:10,0
_npHlyCCY7o0R20RyqvT8-07:00:00,SYN_108831,13,07:13:40,07:13:55,0
_npHlyCCY7o0R20RyqvT8-07:00:00,SYN_108832,14,07:14:26,07:14:41,0
_npHlyCCY7o0R20RyqvT8-07:00:00,SYN_108833,15,07:15:12,07:15:27,0
_npHlyCCY7o0R20RyqvT8-07:00:00,SYN_108834,16,07:15:56,07:16:11,0
_npHlyCCY7o0R20RyqvT8-07:00:00,SYN_108835,17,07:16:26,07:16:41,0
_npHlyCCY7o0R20RyqvT8-07:00:00,SYN_108836,18,07:16:57,07:17:12,0
_npHlyCCY7o0R20RyqvT8-07:00:00,SYN_108837,19,07:17:27,07:17:42,0
_npHlyCCY7o0R20RyqvT8-07:00:00,SYN_108838,20,07:17:58,07:18:13,0
_npHlyCCY7o0R20RyqvT8-07:00:00,SYN_108839,21,07:18:28,07:18:43,0
_npHlyCCY7o0R20RyqvT8-07:00:00,SYN_108840,22,07:18:59,07:19:14,0
_npHlyCCY7o0R20RyqvT8-07:00:00,SYN_108841,23,07:19:37,07:19:52,0
_npHlyCCY7o0R20RyqvT8-07:00:00,SYN_108842,24,07:20:43,07:20:58,0
_npHlyCCY7o0R20RyqvT8-07:00:00,SYN_108843,25,07:21:49,07:22:04,0
_npHlyCCY7o0R20RyqvT8-07:00:00,SYN_108844,26,07:22:37,07:22:52,0
_npHlyCCY7o0R20RyqvT8-07:00:00,SYN_108845,27,07:23:15,07:23:30,0
_npHlyCCY7o0R20RyqvT8-07:00:00,SYN_108846,28,07:23:52,07:24:07,0
_npHlyCCY7o0R20RyqvT8-07:00:00,SYN_108847,29,07:24:31,07:24:46,0
_npHlyCCY7o0R20RyqvT8-07:00:00,SYN_108848,30,07:25:25,07:25:40,0
_npHlyCCY7o0R20RyqvT8-07:00:00,SYN_108849,31,07:26:19,07:26:34,0
_npHlyCCY7o0R20RyqvT8-07:00:00,SYN_108850,32,07:27:14,07:27:29,0
_npHlyCCY7o0R20RyqvT8-07:00:00,SYN_108851,33,07:27:41,07:27:56,0
_npHlyCCY7o0R20RyqvT8-07:00:00,SYN_108852,34,07:28:09,07:28:24,0
_npHlyCCY7o0R20RyqvT8-07:00:00,SYN_108853,35,07:28:36,07:28:51,0
_npHlyCCY7o0R20RyqvT8-07:00:00,SYN_108854,36,07:29:03,07:29:18,0
_npHlyCCY7o0R20RyqvT8-07:00:00,SYN_108855,37,07:29:30,07:29:45,0
_npHlyCCY7o0R20RyqvT8-07:00:00,SYN_108856,38,07:29:57,07:30:12,0
_npHlyCCY7o0R20RyqvT8-07:00:00,SYN_108857,39,07:30:24,07:30:39,0
_npHlyCCY7o0R20RyqvT8-07:00:00,SYN_108858,40,07:30:51,07:31:06,0
_npHlyCCY7o0R20RyqvT8-07:00:00,SYN_108859,41,07:31:18,07:31:33,0
_npHlyCCY7o0R20RyqvT8-07:00:00,SYN_108860,42,07:31:45,07:32:00,0
_npHlyCCY7o0R20RyqvT8-07:00:00,SYN_108861,43,07:32:12,07:32:27,0
_npHlyCCY7o0R20RyqvT8-07:00:00,SYN_108862,44,07:32:39,07:32:54,0
_npHlyCCY7o0R20RyqvT8-07:00:00,SYN_108863,45,07:33:06,07:33:21,0
_npHlyCCY7o0R20RyqvT8-07:00:00,SYN_108864,46,07:33:33,07:33:48,0
_npHlyCCY7o0R20RyqvT8-07:00:00,SYN_108865,47,07:34:00,07:34:15,0
_npHlyCCY7o0R20RyqvT8-07:00:00,SYN_108866,48,07:34:27,07:34:42,0
_npHlyCCY7o0R20RyqvT8-07:00:00,SYN_108867,49,07:34:55,07:35:10,0
_npHlyCCY7o0R20RyqvT8-07:00:00,SYN_108868,50,07:35:23,07:35:38,0
_npHlyCCY7o0R20RyqvT8-07:00:00,SYN_108869,51,07:35:50,07:36:05,0
_npHlyCCY7o0R20RyqvT8-07:00:00,SYN_108870,52,07:36:18,07:36:33,0
mL3nX7_Swe2eUme5B7Ufy-07:00:00,SYN_108882,0,07:00:01,07:00:16,0
mL3nX7_Swe2eUme5B7Ufy-07:00:00,SYN_108883,1,07:00:26,07:00:41,0
mL3nX7_Swe2eUme5B7Ufy-07:00:00,SYN_108884,2,07:00:50,07:01:05,0
mL3nX7_Swe2eUme5B7Ufy-07:00:00,SYN_108885,3,07:01:15,07:01:30,0
mL3nX7_Swe2eUme5B7Ufy-07:00:00,SYN_108886,4,07:01:39,07:01:54,0
mL3nX7_Swe2eUme5B7Ufy-07:00:00,SYN_108887,5,07:02:04,07:02:19,0
mL3nX7_Swe2eUme5B7Ufy-07:00:00,SYN_108888,6,07:02:28,07:02:43,0
mL3nX7_Swe2eUme5B7Ufy-07:00:00,SYN_108889,7,07:02:52,07:03:07,0
mL3nX7_Swe2eUme5B7Ufy-07:00:00,SYN_108890,8,07:03:17,07:03:32,0
mL3nX7_Swe2eUme5B7Ufy-07:00:00,SYN_108891,9,07:03:41,07:03:56,0
mL3nX7_Swe2eUme5B7Ufy-07:00:00,SYN_108892,10,07:04:06,07:04:21,0
mL3nX7_Swe2eUme5B7Ufy-07:00:00,SYN_108893,11,07:04:30,07:04:45,0
mL3nX7_Swe2eUme5B7Ufy-07:00:00,SYN_108894,12,07:04:55,07:05:10,0
mL3nX7_Swe2eUme5B7Ufy-07:00:00,SYN_108895,13,07:05:19,07:05:34,0
mL3nX7_Swe2eUme5B7Ufy-07:00:00,SYN_108896,14,07:05:43,07:05:58,0
mL3nX7_Swe2eUme5B7Ufy-07:00:00,SYN_108897,15,07:06:08,07:06:23,0
mL3nX7_Swe2eUme5B7Ufy-07:00:00,SYN_108898,16,07:06:29,07:06:44,0
mL3nX7_Swe2eUme5B7Ufy-07:00:00,SYN_108899,17,07:06:44,07:06:59,0
mL3nX7_Swe2eUme5B7Ufy-07:00:00,SYN_108900,18,07:06:59,07:07:14,0
mL3nX7_Swe2eUme5B7Ufy-07:00:00,SYN_108901,19,07:07:14,07:07:29,0
mL3nX7_Swe2eUme5B7Ufy-07:00:00,SYN_108902,20,07:07:29,07:07:44,0
mL3nX7_Swe2eUme5B7Ufy-07:00:00,SYN_108903,21,07:07:44,07:07:59,0
mL3nX7_Swe2eUme5B7Ufy-07:00:00,SYN_108904,22,07:07:59,07:08:14,0
mL3nX7_Swe2eUme5B7Ufy-07:00:00,SYN_108905,23,07:08:14,07:08:29,0
mL3nX7_Swe2eUme5B7Ufy-07:00:00,SYN_108906,24,07:08:29,07:08:44,0
mL3nX7_Swe2eUme5B7Ufy-07:00:00,SYN_108907,25,07:08:45,07:09:00,0
mL3nX7_Swe2eUme5B7Ufy-07:00:00,SYN_108908,26,07:09:00,07:09:15,0
mL3nX7_Swe2eUme5B7Ufy-07:00:00,SYN_108909,27,07:09:15,07:09:30,0
mL3nX7_Swe2eUme5B7Ufy-07:00:00,SYN_108910,28,07:09:30,07:09:45,0
mL3nX7_Swe2eUme5B7Ufy-07:00:00,SYN_108911,29,07:09:45,07:10:00,0
mL3nX7_Swe2eUme5B7Ufy-07:00:00,SYN_108912,30,07:10:00,07:10:15,0
mL3nX7_Swe2eUme5B7Ufy-07:00:00,SYN_108913,31,07:10:15,07:10:30,0
mL3nX7_Swe2eUme5B7Ufy-07:00:00,SYN_108914,32,07:10:30,07:10:45,0
mL3nX7_Swe2eUme5B7Ufy-07:00:00,SYN_108915,33,07:10:45,07:11:00,0
mL3nX7_Swe2eUme5B7Ufy-07:00:00,SYN_108916,34,07:11:01,07:11:16,0
mL3nX7_Swe2eUme5B7Ufy-07:00:00,SYN_108917,35,07:11:18,07:11:33,0
mL3nX7_Swe2eUme5B7Ufy-07:00:00,SYN_108918,36,07:12:12,07:12:27,0
mL3nX7_Swe2eUme5B7Ufy-07:00:00,SYN_108919,37,07:13:05,07:13:20,0
gqntW1mb4ahLW_IHlR39R-07:00:00,SYN_108922,0,07:01:53,07:02:08,0
gqntW1mb4ahLW_IHlR39R-07:00:00,SYN_108923,1,07:04:00,07:04:15,0
gqntW1mb4ahLW_IHlR39R-07:00:00,SYN_108924,2,07:05:32,07:05:47,0
gqntW1mb4ahLW_IHlR39R-07:00:00,SYN_108925,3,07:06:33,07:06:48,0
gqntW1mb4ahLW_IHlR39R-07:00:00,SYN_108926,4,07:07:28,07:07:43,0
gqntW1mb4ahLW_IHlR39R-07:00:00,SYN_108927,5,07:08:15,07:08:30,0
gqntW1mb4ahLW_IHlR39R-07:00:00,SYN_108928,6,07:09:02,07:09:17,0
gqntW1mb4ahLW_IHlR39R-07:00:00,SYN_108929,7,07:10:28,07:10:43,0
gqntW1mb4ahLW_IHlR39R-07:00:00,SYN_108930,8,07:11:06,07:11:21,0
gqntW1mb4ahLW_IHlR39R-07:00:00,SYN_108931,9,07:11:45,07:12:00,0
gqntW1mb4ahLW_IHlR39R-07:00:00,SYN_108932,10,07:12:26,07:12:41,0
gqntW1mb4ahLW_IHlR39R-07:00:00,SYN_108933,11,07:13:15,07:13:30,0
gqntW1mb4ahLW_IHlR39R-07:00:00,SYN_108934,12,07:14:03,07:14:18,0
gqntW1mb4ahLW_IHlR39R-07:00:00,SYN_108935,13,07:14:51,07:15:06,0
gqntW1mb4ahLW_IHlR39R-07:00:00,SYN_108936,14,07:15:40,07:15:55,0
gqntW1mb4ahLW_IHlR39R-07:00:00,SYN_108937,15,07:16:28,07:16:43,0
gqntW1mb4ahLW_IHlR39R-07:00:00,SYN_108938,16,07:17:05,07:17:20,0
gqntW1mb4ahLW_IHlR39R-07:00:00,SYN_108939,17,07:17:31,07:17:46,0
gqntW1mb4ahLW_IHlR39R-07:00:00,SYN_108940,18,07:17:57,07:18:12,0
gqntW1mb4ahLW_IHlR39R-07:00:00,SYN_108941,19,07:18:23,07:18:38,0
gqntW1mb4ahLW_IHlR39R-07:00:00,SYN_108942,20,07:18:49,07:19:04,0
gqntW1mb4ahLW_IHlR39R-07:00:00,SYN_108943,21,07:19:15,07:19:30,0
gqntW1mb4ahLW_IHlR39R-07:00:00,SYN_108944,22,07:19:41,07:19:56,0
gqntW1mb4ahLW_IHlR39R-07:00:00,SYN_108945,23,07:20:07,07:20:22,0
gqntW1mb4ahLW_IHlR39R-07:00:00,SYN_108946,24,07:20:32,07:20:47,0
gqntW1mb4ahLW_IHlR39R-07:00:00,SYN_108947,25,07:20:56,07:21:11,0
gqntW1mb4ahLW_IHlR39R-07:00:00,SYN_108948,26,07:21:19,07:21:34,0
gqntW1mb4ahLW_IHlR39R-07:00:00,SYN_108949,27,07:21:43,07:21:58,0
gqntW1mb4ahLW_IHlR39R-07:00:00,SYN_108950,28,07:22:06,07:22:21,0
gqntW1mb4ahLW_IHlR39R-07:00:00,SYN_108951,29,07:22:30,07:22:45,0
PAh8O-96IhPU2mfK1XGjm-07:00:00,SYN_108952,0,07:01:09,07:01:24,0
PAh8O-96IhPU2mfK1XGjm-07:00:00,SYN_108953,1,07:02:19,07:02:34,0
PAh8O-96IhPU2mfK1XGjm-07:00:00,SYN_108954,2,07:03:30,07:03:45,0
PAh8O-96IhPU2mfK1XGjm-07:00:00,SYN_108955,3,07:04:41,07:04:56,0
PAh8O-96IhPU2mfK1XGjm-07:00:00,SYN_108956,4,07:05:52,07:06:07,0
PAh8O-96IhPU2mfK1XGjm-07:00:00,SYN_108957,5,07:07:03,07:07:18,0
PAh8O-96IhPU2mfK1XGjm-07:00:00,SYN_108958,6,07:08:14,07:08:29,0
PAh8O-96IhPU2mfK1XGjm-07:00:00,SYN_108959,7,07:09:25,07:09:40,0
PAh8O-96IhPU2mfK1XGjm-07:00:00,SYN_108960,8,07:10:19,07:10:34,0
PAh8O-96IhPU2mfK1XGjm-07:00:00,SYN_108961,9,07:11:03,07:11:18,0
PAh8O-96IhPU2mfK1XGjm-07:00:00,SYN_108962,10,07:11:46,07:12:01,0
PAh8O-96IhPU2mfK1XGjm-07:00:00,SYN_108963,11,07:12:30,07:12:45,0
PAh8O-96IhPU2mfK1XGjm-07:00:00,SYN_108964,12,07:13:13,07:13:28,0
PAh8O-96IhPU2mfK1XGjm-07:00:00,SYN_108965,13,07:13:57,07:14:12,0
PAh8O-96IhPU2mfK1XGjm-07:00:00,SYN_108966,14,07:14:39,07:14:54,0
PAh8O-96IhPU2mfK1XGjm-07:00:00,SYN_108967,15,07:15:09,07:15:24,0
PAh8O-96IhPU2mfK1XGjm-07:00:00,SYN_108968,16,07:15:40,07:15:55,0
PAh8O-96IhPU2mfK1XGjm-07:00:00,SYN_108969,17,07:16:10,07:16:25,0
PAh8O-96IhPU2mfK1XGjm-07:00:00,SYN_108970,18,07:16:41,07:16:56,0
PAh8O-96IhPU2mfK1XGjm-07:00:00,SYN_108971,19,07:17:11,07:17:26,0
PAh8O-96IhPU2mfK1XGjm-07:00:00,SYN_108972,20,07:17:42,07:17:57,0
PAh8O-96IhPU2mfK1XGjm-07:00:00,SYN_108973,21,07:18:19,07:18:34,0
PAh8O-96IhPU2mfK1XGjm-07:00:00,SYN_108974,22,07:19:26,07:19:41,0
PAh8O-96IhPU2mfK1XGjm-07:00:00,SYN_108975,23,07:20:32,07:20:47,0
PAh8O-96IhPU2mfK1XGjm-07:00:00,SYN_108976,24,07:21:20,07:21:35,0
PAh8O-96IhPU2mfK1XGjm-07:00:00,SYN_108977,25,07:21:58,07:22:13,0
PAh8O-96IhPU2mfK1XGjm-07:00:00,SYN_108978,26,07:22:36,07:22:51,0
PAh8O-96IhPU2mfK1XGjm-07:00:00,SYN_108979,27,07:23:14,07:23:29,0
PAh8O-96IhPU2mfK1XGjm-07:00:00,SYN_108980,28,07:24:08,07:24:23,0
PAh8O-96IhPU2mfK1XGjm-07:00:00,SYN_108981,29,07:25:02,07:25:17,0
PAh8O-96IhPU2mfK1XGjm-07:00:00,SYN_108982,30,07:25:56,07:26:11,0
PAh8O-96IhPU2mfK1XGjm-07:00:00,SYN_108983,31,07:27:14,07:27:29,0
PAh8O-96IhPU2mfK1XGjm-07:00:00,SYN_108984,32,07:27:36,07:27:51,0
PAh8O-96IhPU2mfK1XGjm-07:00:00,SYN_108985,33,07:27:58,07:28:13,0
PAh8O-96IhPU2mfK1XGjm-07:00:00,SYN_108986,34,07:28:20,07:28:35,0
PAh8O-96IhPU2mfK1XGjm-07:00:00,SYN_108987,35,07:28:43,07:28:58,0
PAh8O-96IhPU2mfK1XGjm-07:00:00,SYN_108988,36,07:29:05,07:29:20,0
PAh8O-96IhPU2mfK1XGjm-07:00:00,SYN_108989,37,07:29:27,07:29:42,0
PAh8O-96IhPU2mfK1XGjm-07:00:00,SYN_108990,38,07:29:49,07:30:04,0
PAh8O-96IhPU2mfK1XGjm-07:00:00,SYN_108991,39,07:30:11,07:30:26,0
PAh8O-96IhPU2mfK1XGjm-07:00:00,SYN_108992,40,07:30:34,07:30:49,0
PAh8O-96IhPU2mfK1XGjm-07:00:00,SYN_108993,41,07:30:56,07:31:11,0
PAh8O-96IhPU2mfK1XGjm-07:00:00,SYN_108994,42,07:31:18,07:31:33,0
PAh8O-96IhPU2mfK1XGjm-07:00:00,SYN_108995,43,07:31:40,07:31:55,0
PAh8O-96IhPU2mfK1XGjm-07:00:00,SYN_108996,44,07:32:02,07:32:17,0
PAh8O-96IhPU2mfK1XGjm-07:00:00,SYN_108997,45,07:32:25,07:32:40,0
PAh8O-96IhPU2mfK1XGjm-07:00:00,SYN_108998,46,07:32:47,07:33:02,0
PAh8O-96IhPU2mfK1XGjm-07:00:00,SYN_108999,47,07:33:09,07:33:24,0
PAh8O-96IhPU2mfK1XGjm-07:00:00,SYN_109000,48,07:33:35,07:33:50,0
PAh8O-96IhPU2mfK1XGjm-07:00:00,SYN_109001,49,07:34:02,07:34:17,0
PAh8O-96IhPU2mfK1XGjm-07:00:00,SYN_109002,50,07:34:30,07:34:45,0
PAh8O-96IhPU2mfK1XGjm-07:00:00,SYN_109003,51,07:34:58,07:35:13,0
PAh8O-96IhPU2mfK1XGjm-07:00:00,SYN_109004,52,07:35:31,07:35:46,0
PAh8O-96IhPU2mfK1XGjm-07:00:00,SYN_109005,53,07:36:15,07:36:30,0
PAh8O-96IhPU2mfK1XGjm-07:00:00,SYN_109006,54,07:37:00,07:37:15,0
udcnz_0kW2tOMy6xB2_Ng-07:00:00,SYN_109009,0,07:01:22,07:01:37,0
udcnz_0kW2tOMy6xB2_Ng-07:00:00,SYN_109010,1,07:02:44,07:02:59,0
udcnz_0kW2tOMy6xB2_Ng-07:00:00,SYN_109011,2,07:03:48,07:04:03,0
udcnz_0kW2tOMy6xB2_Ng-07:00:00,SYN_109012,3,07:04:52,07:05:07,0
udcnz_0kW2tOMy6xB2_Ng-07:00:00,SYN_109013,4,07:05:49,07:06:04,0
udcnz_0kW2tOMy6xB2_Ng-07:00:00,SYN_109014,5,07:06:36,07:06:51,0
udcnz_0kW2tOMy6xB2_Ng-07:00:00,SYN_109015,6,07:07:22,07:07:37,0
udcnz_0kW2tOMy6xB2_Ng-07:00:00,SYN_109016,7,07:08:46,07:09:01,0
udcnz_0kW2tOMy6xB2_Ng-07:00:00,SYN_109017,8,07:09:27,07:09:42,0
udcnz_0kW2tOMy6xB2_Ng-07:00:00,SYN_109018,9,07:10:05,07:10:20,0
udcnz_0kW2tOMy6xB2_Ng-07:00:00,SYN_109019,10,07:10:42,07:10:57,0
udcnz_0kW2tOMy6xB2_Ng-07:00:00,SYN_109020,11,07:11:13,07:11:28,0
udcnz_0kW2tOMy6xB2_Ng-07:00:00,SYN_109021,12,07:11:45,07:12:00,0
udcnz_0kW2tOMy6xB2_Ng-07:00:00,SYN_109022,13,07:12:17,07:12:32,0
udcnz_0kW2tOMy6xB2_Ng-07:00:00,SYN_109023,14,07:12:49,07:13:04,0
udcnz_0kW2tOMy6xB2_Ng-07:00:00,SYN_109024,15,07:13:20,07:13:35,0
udcnz_0kW2tOMy6xB2_Ng-07:00:00,SYN_109025,16,07:13:52,07:14:07,0
udcnz_0kW2tOMy6xB2_Ng-07:00:00,SYN_109026,17,07:14:24,07:14:39,0
udcnz_0kW2tOMy6xB2_Ng-07:00:00,SYN_109027,18,07:14:54,07:15:09,0
udcnz_0kW2tOMy6xB2_Ng-07:00:00,SYN_109028,19,07:15:21,07:15:36,0
udcnz_0kW2tOMy6xB2_Ng-07:00:00,SYN_109029,20,07:15:48,07:16:03,0
udcnz_0kW2tOMy6xB2_Ng-07:00:00,SYN_109030,21,07:16:11,07:16:26,0
udcnz_0kW2tOMy6xB2_Ng-07:00:00,SYN_109031,22,07:16:31,07:16:46,0
udcnz_0kW2tOMy6xB2_Ng-07:00:00,SYN_109032,23,07:16:52,07:17:07,0
udcnz_0kW2tOMy6xB2_Ng-07:00:00,SYN_109033,24,07:17:13,07:17:28,0
udcnz_0kW2tOMy6xB2_Ng-07:00:00,SYN_109034,25,07:17:34,07:17:49,0
udcnz_0kW2tOMy6xB2_Ng-07:00:00,SYN_109035,26,07:17:54,07:18:09,0
udcnz_0kW2tOMy6xB2_Ng-07:00:00,SYN_109036,27,07:18:13,07:18:28,0
udcnz_0kW2tOMy6xB2_Ng-07:00:00,SYN_109037,28,07:18:32,07:18:47,0
udcnz_0kW2tOMy6xB2_Ng-07:00:00,SYN_109038,29,07:18:51,07:19:06,0
udcnz_0kW2tOMy6xB2_Ng-07:00:00,SYN_109039,30,07:19:10,07:19:25,0
udcnz_0kW2tOMy6xB2_Ng-07:00:00,SYN_109040,31,07:19:29,07:19:44,0
udcnz_0kW2tOMy6xB2_Ng-07:00:00,SYN_109041,32,07:19:48,07:20:03,0
udcnz_0kW2tOMy6xB2_Ng-07:00:00,SYN_109042,33,07:20:07,07:20:22,0
udcnz_0kW2tOMy6xB2_Ng-07:00:00,SYN_109043,34,07:20:26,07:20:41,0
udcnz_0kW2tOMy6xB2_Ng-07:00:00,SYN_109044,35,07:20:56,07:21:11,0
udcnz_0kW2tOMy6xB2_Ng-07:00:00,SYN_109045,36,07:21:31,07:21:46,0
udcnz_0kW2tOMy6xB2_Ng-07:00:00,SYN_109046,37,07:22:06,07:22:21,0
udcnz_0kW2tOMy6xB2_Ng-07:00:00,SYN_109047,38,07:22:42,07:22:57,0
udcnz_0kW2tOMy6xB2_Ng-07:00:00,SYN_109048,39,07:23:17,07:23:32,0
udcnz_0kW2tOMy6xB2_Ng-07:00:00,SYN_109049,40,07:23:52,07:24:07,0
udcnz_0kW2tOMy6xB2_Ng-07:00:00,SYN_109050,41,07:24:27,07:24:42,0
udcnz_0kW2tOMy6xB2_Ng-07:00:00,SYN_109051,42,07:25:03,07:25:18,0
udcnz_0kW2tOMy6xB2_Ng-07:00:00,SYN_109052,43,07:25:38,07:25:53,0
udcnz_0kW2tOMy6xB2_Ng-07:00:00,SYN_109053,44,07:26:02,07:26:17,0
udcnz_0kW2tOMy6xB2_Ng-07:00:00,SYN_109054,45,07:26:19,07:26:34,0
udcnz_0kW2tOMy6xB2_Ng-07:00:00,SYN_109055,46,07:26:36,07:26:51,0
udcnz_0kW2tOMy6xB2_Ng-07:00:00,SYN_109056,47,07:26:53,07:27:08,0
udcnz_0kW2tOMy6xB2_Ng-07:00:00,SYN_109057,48,07:27:09,07:27:24,0
udcnz_0kW2tOMy6xB2_Ng-07:00:00,SYN_109058,49,07:27:26,07:27:41,0
udcnz_0kW2tOMy6xB2_Ng-07:00:00,SYN_109059,50,07:27:43,07:27:58,0
udcnz_0kW2tOMy6xB2_Ng-07:00:00,SYN_109060,51,07:28:00,07:28:15,0
udcnz_0kW2tOMy6xB2_Ng-07:00:00,SYN_109061,52,07:28:16,07:28:31,0
udcnz_0kW2tOMy6xB2_Ng-07:00:00,SYN_109062,53,07:28:33,07:28:48,0
udcnz_0kW2tOMy6xB2_Ng-07:00:00,SYN_109063,54,07:28:50,07:29:05,0
udcnz_0kW2tOMy6xB2_Ng-07:00:00,SYN_109064,55,07:29:26,07:29:41,0
udcnz_0kW2tOMy6xB2_Ng-07:00:00,SYN_109065,56,07:30:04,07:30:19,0
udcnz_0kW2tOMy6xB2_Ng-07:00:00,SYN_109066,57,07:30:42,07:30:57,0
udcnz_0kW2tOMy6xB2_Ng-07:00:00,SYN_109067,58,07:31:21,07:31:36,0
udcnz_0kW2tOMy6xB2_Ng-07:00:00,SYN_109068,59,07:31:59,07:32:14,0
udcnz_0kW2tOMy6xB2_Ng-07:00:00,SYN_109069,60,07:32:37,07:32:52,0
udcnz_0kW2tOMy6xB2_Ng-07:00:00,SYN_109070,61,07:33:16,07:33:31,0
udcnz_0kW2tOMy6xB2_Ng-07:00:00,SYN_109071,62,07:33:54,07:34:09,0
udcnz_0kW2tOMy6xB2_Ng-07:00:00,SYN_109072,63,07:34:32,07:34:47,0
udcnz_0kW2tOMy6xB2_Ng-07:00:00,SYN_109073,64,07:34:57,07:35:12,0
udcnz_0kW2tOMy6xB2_Ng-07:00:00,SYN_109074,65,07:35:16,07:35:31,0
udcnz_0kW2tOMy6xB2_Ng-07:00:00,SYN_109075,66,07:35:36,07:35:51,0
udcnz_0kW2tOMy6xB2_Ng-07:00:00,SYN_109076,67,07:35:55,07:36:10,0
udcnz_0kW2tOMy6xB2_Ng-07:00:00,SYN_109077,68,07:36:15,07:36:30,0
udcnz_0kW2tOMy6xB2_Ng-07:00:00,SYN_109078,69,07:36:34,07:36:49,0
udcnz_0kW2tOMy6xB2_Ng-07:00:00,SYN_109079,70,07:36:54,07:37:09,0
udcnz_0kW2tOMy6xB2_Ng-07:00:00,SYN_109080,71,07:37:13,07:37:28,0
udcnz_0kW2tOMy6xB2_Ng-07:00:00,SYN_109081,72,07:37:33,07:37:48,0
udcnz_0kW2tOMy6xB2_Ng-07:00:00,SYN_109082,73,07:37:52,07:38:07,0
udcnz_0kW2tOMy6xB2_Ng-07:00:00,SYN_109083,74,07:38:12,07:38:27,0
udcnz_0kW2tOMy6xB2_Ng-07:00:00,SYN_109084,75,07:38:31,07:38:46,0
udcnz_0kW2tOMy6xB2_Ng-07:00:00,SYN_109085,76,07:38:51,07:39:06,0
udcnz_0kW2tOMy6xB2_Ng-07:00:00,SYN_109086,77,07:39:10,07:39:25,0
udcnz_0kW2tOMy6xB2_Ng-07:00:00,SYN_109087,78,07:39:30,07:39:45,0
udcnz_0kW2tOMy6xB2_Ng-07:00:00,SYN_109088,79,07:39:49,07:40:04,0
udcnz_0kW2tOMy6xB2_Ng-07:00:00,SYN_109089,80,07:40:09,07:40:24,0
udcnz_0kW2tOMy6xB2_Ng-07:00:00,SYN_109090,81,07:40:28,07:40:43,0
udcnz_0kW2tOMy6xB2_Ng-07:00:00,SYN_109091,82,07:40:48,07:41:03,0
udcnz_0kW2tOMy6xB2_Ng-07:00:00,SYN_109092,83,07:41:07,07:41:22,0
udcnz_0kW2tOMy6xB2_Ng-07:00:00,SYN_109093,84,07:41:27,07:41:42,0
udcnz_0kW2tOMy6xB2_Ng-07:00:00,SYN_109094,85,07:41:46,07:42:01,0
udcnz_0kW2tOMy6xB2_Ng-07:00:00,SYN_109095,86,07:42:06,07:42:21,0
udcnz_0kW2tOMy6xB2_Ng-07:00:00,SYN_109096,87,07:42:25,07:42:40,0
udcnz_0kW2tOMy6xB2_Ng-07:00:00,SYN_109097,88,07:42:45,07:43:00,0
udcnz_0kW2tOMy6xB2_Ng-07:00:00,SYN_109098,89,07:43:04,07:43:19,0
udcnz_0kW2tOMy6xB2_Ng-07:00:00,SYN_109099,90,07:43:23,07:43:38,0
udcnz_0kW2tOMy6xB2_Ng-07:00:00,SYN_109100,91,07:43:43,07:43:58,0
udcnz_0kW2tOMy6xB2_Ng-07:00:00,SYN_109101,92,07:44:02,07:44:17,0
udcnz_0kW2tOMy6xB2_Ng-07:00:00,SYN_109102,93,07:44:39,07:44:54,0
udcnz_0kW2tOMy6xB2_Ng-07:00:00,SYN_109103,94,07:45:10,07:45:25,0
udcnz_0kW2tOMy6xB2_Ng-07:00:00,SYN_109104,95,07:45:19,07:45:34,0
udcnz_0kW2tOMy6xB2_Ng-07:00:00,SYN_109105,96,07:45:28,07:45:43,0
udcnz_0kW2tOMy6xB2_Ng-07:00:00,SYN_109106,97,07:45:37,07:45:52,0
udcnz_0kW2tOMy6xB2_Ng-07:00:00,SYN_109107,98,07:45:46,07:46:01,0
udcnz_0kW2tOMy6xB2_Ng-07:00:00,SYN_109108,99,07:45:55,07:46:10,0
udcnz_0kW2tOMy6xB2_Ng-07:00:00,SYN_109109,100,07:46:04,07:46:19,0
udcnz_0kW2tOMy6xB2_Ng-07:00:00,SYN_109110,101,07:46:13,07:46:28,0
udcnz_0kW2tOMy6xB2_Ng-07:00:00,SYN_109111,102,07:46:22,07:46:37,0
udcnz_0kW2tOMy6xB2_Ng-07:00:00,SYN_109112,103,07:46:31,07:46:46,0
udcnz_0kW2tOMy6xB2_Ng-07:00:00,SYN_109113,104,07:46:40,07:46:55,0
udcnz_0kW2tOMy6xB2_Ng-07:00:00,SYN_109114,105,07:46:49,07:47:04,0
udcnz_0kW2tOMy6xB2_Ng-07:00:00,SYN_109115,106,07:46:58,07:47:13,0
udcnz_0kW2tOMy6xB2_Ng-07:00:00,SYN_109116,107,07:47:07,07:47:22,0
udcnz_0kW2tOMy6xB2_Ng-07:00:00,SYN_109117,108,07:47:16,07:47:31,0
udcnz_0kW2tOMy6xB2_Ng-07:00:00,SYN_109118,109,07:47:26,07:47:41,0
udcnz_0kW2tOMy6xB2_Ng-07:00:00,SYN_109119,110,07:47:35,07:47:50,0
udcnz_0kW2tOMy6xB2_Ng-07:00:00,SYN_109120,111,07:47:44,07:47:59,0
udcnz_0kW2tOMy6xB2_Ng-07:00:00,SYN_109121,112,07:47:53,07:48:08,0
udcnz_0kW2tOMy6xB2_Ng-07:00:00,SYN_109122,113,07:48:02,07:48:17,0
udcnz_0kW2tOMy6xB2_Ng-07:00:00,SYN_109123,114,07:48:11,07:48:26,0
udcnz_0kW2tOMy6xB2_Ng-07:00:00,SYN_109124,115,07:48:20,07:48:35,0
udcnz_0kW2tOMy6xB2_Ng-07:00:00,SYN_109125,116,07:48:29,07:48:44,0
udcnz_0kW2tOMy6xB2_Ng-07:00:00,SYN_109126,117,07:48:38,07:48:53,0
udcnz_0kW2tOMy6xB2_Ng-07:00:00,SYN_109127,118,07:48:47,07:49:02,0
udcnz_0kW2tOMy6xB2_Ng-07:00:00,SYN_109128,119,07:48:56,07:49:11,0
udcnz_0kW2tOMy6xB2_Ng-07:00:00,SYN_109129,120,07:49:05,07:49:20,0
udcnz_0kW2tOMy6xB2_Ng-07:00:00,SYN_109130,121,07:49:14,07:49:29,0
udcnz_0kW2tOMy6xB2_Ng-07:00:00,SYN_109131,122,07:49:23,07:49:38,0
udcnz_0kW2tOMy6xB2_Ng-07:00:00,SYN_109132,123,07:49:32,07:49:47,0
udcnz_0kW2tOMy6xB2_Ng-07:00:00,SYN_109133,124,07:49:41,07:49:56,0
udcnz_0kW2tOMy6xB2_Ng-07:00:00,SYN_109134,125,07:49:50,07:50:05,0
udcnz_0kW2tOMy6xB2_Ng-07:00:00,SYN_109135,126,07:49:59,07:50:14,0
udcnz_0kW2tOMy6xB2_Ng-07:00:00,SYN_109136,127,07:50:08,07:50:23,0
udcnz_0kW2tOMy6xB2_Ng-07:00:00,SYN_109137,128,07:50:17,07:50:32,0
udcnz_0kW2tOMy6xB2_Ng-07:00:00,SYN_109138,129,07:50:26,07:50:41,0
udcnz_0kW2tOMy6xB2_Ng-07:00:00,SYN_109139,130,07:50:35,07:50:50,0
udcnz_0kW2tOMy6xB2_Ng-07:00:00,SYN_109140,131,07:50:44,07:50:59,0
udcnz_0kW2tOMy6xB2_Ng-07:00:00,SYN_109141,132,07:50:53,07:51:08,0
udcnz_0kW2tOMy6xB2_Ng-07:00:00,SYN_109142,133,07:51:02,07:51:17,0
udcnz_0kW2tOMy6xB2_Ng-07:00:00,SYN_109143,134,07:51:11,07:51:26,0
udcnz_0kW2tOMy6xB2_Ng-07:00:00,SYN_109144,135,07:51:20,07:51:35,0
udcnz_0kW2tOMy6xB2_Ng-07:00:00,SYN_109145,136,07:51:29,07:51:44,0
udcnz_0kW2tOMy6xB2_Ng-07:00:00,SYN_109146,137,07:51:38,07:51:53,0
udcnz_0kW2tOMy6xB2_Ng-07:00:00,SYN_109147,138,07:51:47,07:52:02,0
udcnz_0kW2tOMy6xB2_Ng-07:00:00,SYN_109148,139,07:51:56,07:52:11,0
udcnz_0kW2tOMy6xB2_Ng-07:00:00,SYN_109149,140,07:52:05,07:52:20,0
udcnz_0kW2tOMy6xB2_Ng-07:00:00,SYN_109150,141,07:52:14,07:52:29,0
udcnz_0kW2tOMy6xB2_Ng-07:00:00,SYN_109151,142,07:52:23,07:52:38,0
udcnz_0kW2tOMy6xB2_Ng-07:00:00,SYN_109152,143,07:52:32,07:52:47,0
udcnz_0kW2tOMy6xB2_Ng-07:00:00,SYN_109153,144,07:52:41,07:52:56,0
udcnz_0kW2tOMy6xB2_Ng-07:00:00,SYN_109154,145,07:52:50,07:53:05,0
udcnz_0kW2tOMy6xB2_Ng-07:00:00,SYN_109155,146,07:53:09,07:53:24,0
udcnz_0kW2tOMy6xB2_Ng-07:00:00,SYN_109156,147,07:53:29,07:53:44,0
udcnz_0kW2tOMy6xB2_Ng-07:00:00,SYN_109157,148,07:53:49,07:54:04,0
udcnz_0kW2tOMy6xB2_Ng-07:00:00,SYN_109158,149,07:54:10,07:54:25,0
udcnz_0kW2tOMy6xB2_Ng-07:00:00,SYN_109159,150,07:54:30,07:54:45,0
udcnz_0kW2tOMy6xB2_Ng-07:00:00,SYN_109160,151,07:54:50,07:55:05,0
udcnz_0kW2tOMy6xB2_Ng-07:00:00,SYN_109161,152,07:55:10,07:55:25,0
udcnz_0kW2tOMy6xB2_Ng-07:00:00,SYN_109162,153,07:55:30,07:55:45,0
udcnz_0kW2tOMy6xB2_Ng-07:00:00,SYN_109163,154,07:55:50,07:56:05,0
udcnz_0kW2tOMy6xB2_Ng-07:00:00,SYN_109164,155,07:56:10,07:56:25,0
udcnz_0kW2tOMy6xB2_Ng-07:00:00,SYN_109165,156,07:56:30,07:56:45,0
udcnz_0kW2tOMy6xB2_Ng-07:00:00,SYN_109166,157,07:56:50,07:57:05,0
udcnz_0kW2tOMy6xB2_Ng-07:00:00,SYN_109167,158,07:57:10,07:57:25,0
udcnz_0kW2tOMy6xB2_Ng-07:00:00,SYN_109168,159,07:57:30,07:57:45,0
udcnz_0kW2tOMy6xB2_Ng-07:00:00,SYN_109169,160,07:57:50,07:58:05,0
udcnz_0kW2tOMy6xB2_Ng-07:00:00,SYN_109170,161,07:58:10,07:58:25,0
udcnz_0kW2tOMy6xB2_Ng-07:00:00,SYN_109171,162,07:58:30,07:58:45,0
udcnz_0kW2tOMy6xB2_Ng-07:00:00,SYN_109172,163,07:58:50,07:59:05,0
udcnz_0kW2tOMy6xB2_Ng-07:00:00,SYN_109173,164,07:59:11,07:59:26,0
udcnz_0kW2tOMy6xB2_Ng-07:00:00,SYN_109174,165,07:59:32,07:59:47,0
udcnz_0kW2tOMy6xB2_Ng-07:00:00,SYN_109175,166,07:59:54,08:00:09,0
udcnz_0kW2tOMy6xB2_Ng-07:00:00,SYN_109176,167,08:00:15,08:00:30,0
udcnz_0kW2tOMy6xB2_Ng-07:00:00,SYN_109177,168,08:00:36,08:00:51,0
udcnz_0kW2tOMy6xB2_Ng-07:00:00,SYN_109178,169,08:00:57,08:01:12,0
udcnz_0kW2tOMy6xB2_Ng-07:00:00,SYN_109179,170,08:01:19,08:01:34,0
udcnz_0kW2tOMy6xB2_Ng-07:00:00,SYN_109180,171,08:01:40,08:01:55,0
udcnz_0kW2tOMy6xB2_Ng-07:00:00,SYN_109181,172,08:02:01,08:02:16,0
udcnz_0kW2tOMy6xB2_Ng-07:00:00,SYN_109182,173,08:02:22,08:02:37,0
udcnz_0kW2tOMy6xB2_Ng-07:00:00,SYN_109183,174,08:02:44,08:02:59,0
udcnz_0kW2tOMy6xB2_Ng-07:00:00,SYN_109184,175,08:03:05,08:03:20,0
udcnz_0kW2tOMy6xB2_Ng-07:00:00,SYN_109185,176,08:03:26,08:03:41,0
udcnz_0kW2tOMy6xB2_Ng-07:00:00,SYN_109186,177,08:03:48,08:04:03,0
udcnz_0kW2tOMy6xB2_Ng-07:00:00,SYN_109187,178,08:04:09,08:04:24,0
udcnz_0kW2tOMy6xB2_Ng-07:00:00,SYN_109188,179,08:04:47,08:05:02,0
udcnz_0kW2tOMy6xB2_Ng-07:00:00,SYN_109189,180,08:05:36,08:05:51,0
udcnz_0kW2tOMy6xB2_Ng-07:00:00,SYN_109190,181,08:06:26,08:06:41,0
udcnz_0kW2tOMy6xB2_Ng-07:00:00,SYN_109191,182,08:07:19,08:07:34,0
udcnz_0kW2tOMy6xB2_Ng-07:00:00,SYN_109192,183,08:08:13,08:08:28,0
udcnz_0kW2tOMy6xB2_Ng-07:00:00,SYN_109193,184,08:09:07,08:09:22,0
udcnz_0kW2tOMy6xB2_Ng-07:00:00,SYN_109194,185,08:10:53,08:11:08,0
udcnz_0kW2tOMy6xB2_Ng-07:00:00,SYN_109195,186,08:11:15,08:11:30,0
udcnz_0kW2tOMy6xB2_Ng-07:00:00,SYN_109196,187,08:11:38,08:11:53,0
udcnz_0kW2tOMy6xB2_Ng-07:00:00,SYN_109197,188,08:12:00,08:12:15,0
udcnz_0kW2tOMy6xB2_Ng-07:00:00,SYN_109198,189,08:12:23,08:12:38,0
udcnz_0kW2tOMy6xB2_Ng-07:00:00,SYN_109199,190,08:12:52,08:13:07,0
udcnz_0kW2tOMy6xB2_Ng-07:00:00,SYN_109200,191,08:13:26,08:13:41,0
udcnz_0kW2tOMy6xB2_Ng-07:00:00,SYN_109201,192,08:14:01,08:14:16,0
udcnz_0kW2tOMy6xB2_Ng-07:00:00,SYN_109202,193,08:14:41,08:14:56,0
udcnz_0kW2tOMy6xB2_Ng-07:00:00,SYN_109203,194,08:15:37,08:15:52,0
Bir76FY1196m5b2RCrotL-07:00:00,SYN_109208,0,07:00:09,07:00:24,0
Bir76FY1196m5b2RCrotL-07:00:00,SYN_109209,1,07:00:42,07:00:57,0
Bir76FY1196m5b2RCrotL-07:00:00,SYN_109210,2,07:01:15,07:01:30,0
Bir76FY1196m5b2RCrotL-07:00:00,SYN_109211,3,07:01:48,07:02:03,0
Bir76FY1196m5b2RCrotL-07:00:00,SYN_109212,4,07:02:21,07:02:36,0
Bir76FY1196m5b2RCrotL-07:00:00,SYN_109213,5,07:02:52,07:03:07,0
Bir76FY1196m5b2RCrotL-07:00:00,SYN_109214,6,07:03:19,07:03:34,0
Bir76FY1196m5b2RCrotL-07:00:00,SYN_109215,7,07:03:46,07:04:01,0
Bir76FY1196m5b2RCrotL-07:00:00,SYN_109216,8,07:04:09,07:04:24,0
Bir76FY1196m5b2RCrotL-07:00:00,SYN_109217,9,07:04:30,07:04:45,0
Bir76FY1196m5b2RCrotL-07:00:00,SYN_109218,10,07:04:50,07:05:05,0
Bir76FY1196m5b2RCrotL-07:00:00,SYN_109219,11,07:05:11,07:05:26,0
Bir76FY1196m5b2RCrotL-07:00:00,SYN_109220,12,07:05:32,07:05:47,0
Bir76FY1196m5b2RCrotL-07:00:00,SYN_109221,13,07:05:52,07:06:07,0
Bir76FY1196m5b2RCrotL-07:00:00,SYN_109222,14,07:06:11,07:06:26,0
Bir76FY1196m5b2RCrotL-07:00:00,SYN_109223,15,07:06:30,07:06:45,0
Bir76FY1196m5b2RCrotL-07:00:00,SYN_109224,16,07:06:49,07:07:04,0
Bir76FY1196m5b2RCrotL-07:00:00,SYN_109225,17,07:07:08,07:07:23,0
Bir76FY1196m5b2RCrotL-07:00:00,SYN_109226,18,07:07:27,07:07:42,0
Bir76FY1196m5b2RCrotL-07:00:00,SYN_109227,19,07:07:46,07:08:01,0
Bir76FY1196m5b2RCrotL-07:00:00,SYN_109228,20,07:08:05,07:08:20,0
Bir76FY1196m5b2RCrotL-07:00:00,SYN_109229,21,07:08:24,07:08:39,0
Bir76FY1196m5b2RCrotL-07:00:00,SYN_109230,22,07:08:53,07:09:08,0
Bir76FY1196m5b2RCrotL-07:00:00,SYN_109231,23,07:09:28,07:09:43,0
Bir76FY1196m5b2RCrotL-07:00:00,SYN_109232,24,07:10:03,07:10:18,0
Bir76FY1196m5b2RCrotL-07:00:00,SYN_109233,25,07:10:37,07:10:52,0
Bir76FY1196m5b2RCrotL-07:00:00,SYN_109234,26,07:11:12,07:11:27,0
Bir76FY1196m5b2RCrotL-07:00:00,SYN_109235,27,07:11:46,07:12:01,0
Bir76FY1196m5b2RCrotL-07:00:00,SYN_109236,28,07:12:21,07:12:36,0
Bir76FY1196m5b2RCrotL-07:00:00,SYN_109237,29,07:12:56,07:13:11,0
Bir76FY1196m5b2RCrotL-07:00:00,SYN_109238,30,07:13:30,07:13:45,0
U5q_TMc5BJ7jtZPVBLLIC-07:00:00,SYN_109239,0,07:00:17,07:00:32,0
U5q_TMc5BJ7jtZPVBLLIC-07:00:00,SYN_109240,1,07:00:40,07:00:55,0
U5q_TMc5BJ7jtZPVBLLIC-07:00:00,SYN_109241,2,07:01:02,07:01:17,0
U5q_TMc5BJ7jtZPVBLLIC-07:00:00,SYN_109242,3,07:01:24,07:01:39,0
U5q_TMc5BJ7jtZPVBLLIC-07:00:00,SYN_109243,4,07:01:47,07:02:02,0
U5q_TMc5BJ7jtZPVBLLIC-07:00:00,SYN_109244,5,07:02:09,07:02:24,0
MrihzTWrnXBOK-ItJhoR8-07:00:00,SYN_109245,0,07:00:22,07:00:37,0
MrihzTWrnXBOK-ItJhoR8-07:00:00,SYN_109246,1,07:00:59,07:01:14,0
MrihzTWrnXBOK-ItJhoR8-07:00:00,SYN_109247,2,07:01:36,07:01:51,0
MrihzTWrnXBOK-ItJhoR8-07:00:00,SYN_109248,3,07:02:13,07:02:28,0
MrihzTWrnXBOK-ItJhoR8-07:00:00,SYN_109249,4,07:02:49,07:03:04,0
MrihzTWrnXBOK-ItJhoR8-07:00:00,SYN_109250,5,07:03:26,07:03:41,0
MrihzTWrnXBOK-ItJhoR8-07:00:00,SYN_109251,6,07:04:03,07:04:18,0
MrihzTWrnXBOK-ItJhoR8-07:00:00,SYN_109252,7,07:04:40,07:04:55,0
MrihzTWrnXBOK-ItJhoR8-07:00:00,SYN_109253,8,07:05:17,07:05:32,0
MrihzTWrnXBOK-ItJhoR8-07:00:00,SYN_109254,9,07:05:54,07:06:09,0
MrihzTWrnXBOK-ItJhoR8-07:00:00,SYN_109255,10,07:06:30,07:06:45,0
MrihzTWrnXBOK-ItJhoR8-07:00:00,SYN_109256,11,07:07:07,07:07:22,0
MrihzTWrnXBOK-ItJhoR8-07:00:00,SYN_109257,12,07:07:44,07:07:59,0
MrihzTWrnXBOK-ItJhoR8-07:00:00,SYN_109258,13,07:08:21,07:08:36,0
MrihzTWrnXBOK-ItJhoR8-07:00:00,SYN_109259,14,07:08:58,07:09:13,0
MrihzTWrnXBOK-ItJhoR8-07:00:00,SYN_109260,15,07:09:34,07:09:49,0
MrihzTWrnXBOK-ItJhoR8-07:00:00,SYN_109261,16,07:10:11,07:10:26,0
MrihzTWrnXBOK-ItJhoR8-07:00:00,SYN_109262,17,07:10:48,07:11:03,0
MrihzTWrnXBOK-ItJhoR8-07:00:00,SYN_109263,18,07:11:25,07:11:40,0
MrihzTWrnXBOK-ItJhoR8-07:00:00,SYN_109264,19,07:12:02,07:12:17,0
MrihzTWrnXBOK-ItJhoR8-07:00:00,SYN_109265,20,07:12:39,07:12:54,0
MrihzTWrnXBOK-ItJhoR8-07:00:00,SYN_109266,21,07:13:15,07:13:30,0
MrihzTWrnXBOK-ItJhoR8-07:00:00,SYN_109267,22,07:13:52,07:14:07,0
MrihzTWrnXBOK-ItJhoR8-07:00:00,SYN_109268,23,07:14:29,07:14:44,0
MrihzTWrnXBOK-ItJhoR8-07:00:00,SYN_109269,24,07:15:06,07:15:21,0
MrihzTWrnXBOK-ItJhoR8-07:00:00,SYN_109270,25,07:15:43,07:15:58,0
MrihzTWrnXBOK-ItJhoR8-07:00:00,SYN_109271,26,07:16:20,07:16:35,0
MrihzTWrnXBOK-ItJhoR8-07:00:00,SYN_109272,27,07:16:56,07:17:11,0
MrihzTWrnXBOK-ItJhoR8-07:00:00,SYN_109273,28,07:17:25,07:17:40,0
MrihzTWrnXBOK-ItJhoR8-07:00:00,SYN_109274,29,07:17:39,07:17:54,0
MrihzTWrnXBOK-ItJhoR8-07:00:00,SYN_109275,30,07:17:52,07:18:07,0
MrihzTWrnXBOK-ItJhoR8-07:00:00,SYN_109276,31,07:18:05,07:18:20,0
MrihzTWrnXBOK-ItJhoR8-07:00:00,SYN_109277,32,07:18:19,07:18:34,0
MrihzTWrnXBOK-ItJhoR8-07:00:00,SYN_109278,33,07:18:32,07:18:47,0
MrihzTWrnXBOK-ItJhoR8-07:00:00,SYN_109279,34,07:18:46,07:19:01,0
MrihzTWrnXBOK-ItJhoR8-07:00:00,SYN_109280,35,07:18:59,07:19:14,0
MrihzTWrnXBOK-ItJhoR8-07:00:00,SYN_109281,36,07:19:13,07:19:28,0
MrihzTWrnXBOK-ItJhoR8-07:00:00,SYN_109282,37,07:19:26,07:19:41,0
MrihzTWrnXBOK-ItJhoR8-07:00:00,SYN_109283,38,07:19:39,07:19:54,0
MrihzTWrnXBOK-ItJhoR8-07:00:00,SYN_109284,39,07:19:53,07:20:08,0
MrihzTWrnXBOK-ItJhoR8-07:00:00,SYN_109285,40,07:20:06,07:20:21,0
MrihzTWrnXBOK-ItJhoR8-07:00:00,SYN_109286,41,07:20:20,07:20:35,0
MrihzTWrnXBOK-ItJhoR8-07:00:00,SYN_109287,42,07:20:33,07:20:48,0
MrihzTWrnXBOK-ItJhoR8-07:00:00,SYN_109288,43,07:20:47,07:21:02,0
MrihzTWrnXBOK-ItJhoR8-07:00:00,SYN_109289,44,07:21:00,07:21:15,0
MrihzTWrnXBOK-ItJhoR8-07:00:00,SYN_109290,45,07:21:13,07:21:28,0
MrihzTWrnXBOK-ItJhoR8-07:00:00,SYN_109291,46,07:21:27,07:21:42,0
MrihzTWrnXBOK-ItJhoR8-07:00:00,SYN_109292,47,07:21:40,07:21:55,0
MrihzTWrnXBOK-ItJhoR8-07:00:00,SYN_109293,48,07:22:08,07:22:23,0
MrihzTWrnXBOK-ItJhoR8-07:00:00,SYN_109294,49,07:22:36,07:22:51,0
MrihzTWrnXBOK-ItJhoR8-07:00:00,SYN_109295,50,07:23:03,07:23:18,0
MrihzTWrnXBOK-ItJhoR8-07:00:00,SYN_109296,51,07:23:31,07:23:46,0
MrihzTWrnXBOK-ItJhoR8-07:00:00,SYN_109297,52,07:24:10,07:24:25,0
MrihzTWrnXBOK-ItJhoR8-07:00:00,SYN_109298,53,07:24:54,07:25:09,0
MrihzTWrnXBOK-ItJhoR8-07:00:00,SYN_109299,54,07:25:39,07:25:54,0
MrihzTWrnXBOK-ItJhoR8-07:00:00,SYN_109300,55,07:26:07,07:26:22,0
MrihzTWrnXBOK-ItJhoR8-07:00:00,SYN_109301,56,07:26:25,07:26:40,0
MrihzTWrnXBOK-ItJhoR8-07:00:00,SYN_109302,57,07:26:43,07:26:58,0
MrihzTWrnXBOK-ItJhoR8-07:00:00,SYN_109303,58,07:27:02,07:27:17,0
MrihzTWrnXBOK-ItJhoR8-07:00:00,SYN_109304,59,07:27:20,07:27:35,0
MrihzTWrnXBOK-ItJhoR8-07:00:00,SYN_109305,60,07:27:38,07:27:53,0
MrihzTWrnXBOK-ItJhoR8-07:00:00,SYN_109306,61,07:27:56,07:28:11,0
MrihzTWrnXBOK-ItJhoR8-07:00:00,SYN_109307,62,07:28:13,07:28:28,0
MrihzTWrnXBOK-ItJhoR8-07:00:00,SYN_109308,63,07:28:27,07:28:42,0
MrihzTWrnXBOK-ItJhoR8-07:00:00,SYN_109309,64,07:28:42,07:28:57,0
MrihzTWrnXBOK-ItJhoR8-07:00:00,SYN_109310,65,07:28:56,07:29:11,0
MrihzTWrnXBOK-ItJhoR8-07:00:00,SYN_109311,66,07:29:11,07:29:26,0
MrihzTWrnXBOK-ItJhoR8-07:00:00,SYN_109312,67,07:29:25,07:29:40,0
MrihzTWrnXBOK-ItJhoR8-07:00:00,SYN_109313,68,07:29:40,07:29:55,0
MrihzTWrnXBOK-ItJhoR8-07:00:00,SYN_109314,69,07:29:54,07:30:09,0
MrihzTWrnXBOK-ItJhoR8-07:00:00,SYN_109315,70,07:30:09,07:30:24,0
MrihzTWrnXBOK-ItJhoR8-07:00:00,SYN_109316,71,07:30:30,07:30:45,0
MrihzTWrnXBOK-ItJhoR8-07:00:00,SYN_109317,72,07:30:52,07:31:07,0
MrihzTWrnXBOK-ItJhoR8-07:00:00,SYN_109318,73,07:31:14,07:31:29,0
MrihzTWrnXBOK-ItJhoR8-07:00:00,SYN_109319,74,07:31:36,07:31:51,0
MrihzTWrnXBOK-ItJhoR8-07:00:00,SYN_109320,75,07:31:58,07:32:13,0
MrihzTWrnXBOK-ItJhoR8-07:00:00,SYN_109321,76,07:32:20,07:32:35,0
MrihzTWrnXBOK-ItJhoR8-07:00:00,SYN_109322,77,07:32:42,07:32:57,0
MrihzTWrnXBOK-ItJhoR8-07:00:00,SYN_109323,78,07:33:04,07:33:19,0
MrihzTWrnXBOK-ItJhoR8-07:00:00,SYN_109324,79,07:33:26,07:33:41,0
MrihzTWrnXBOK-ItJhoR8-07:00:00,SYN_109325,80,07:33:48,07:34:03,0
MrihzTWrnXBOK-ItJhoR8-07:00:00,SYN_109326,81,07:34:09,07:34:24,0
MrihzTWrnXBOK-ItJhoR8-07:00:00,SYN_109327,82,07:34:31,07:34:46,0
MrihzTWrnXBOK-ItJhoR8-07:00:00,SYN_109328,83,07:34:53,07:35:08,0
MrihzTWrnXBOK-ItJhoR8-07:00:00,SYN_109329,84,07:35:15,07:35:30,0
MrihzTWrnXBOK-ItJhoR8-07:00:00,SYN_109330,85,07:35:37,07:35:52,0
MrihzTWrnXBOK-ItJhoR8-07:00:00,SYN_109331,86,07:36:11,07:36:26,0
MrihzTWrnXBOK-ItJhoR8-07:00:00,SYN_109332,87,07:36:48,07:37:03,0
MrihzTWrnXBOK-ItJhoR8-07:00:00,SYN_109333,88,07:36:57,07:37:12,0
MrihzTWrnXBOK-ItJhoR8-07:00:00,SYN_109334,89,07:37:06,07:37:21,0
MrihzTWrnXBOK-ItJhoR8-07:00:00,SYN_109335,90,07:37:15,07:37:30,0
MrihzTWrnXBOK-ItJhoR8-07:00:00,SYN_109336,91,07:37:24,07:37:39,0
MrihzTWrnXBOK-ItJhoR8-07:00:00,SYN_109337,92,07:37:33,07:37:48,0
MrihzTWrnXBOK-ItJhoR8-07:00:00,SYN_109338,93,07:37:42,07:37:57,0
MrihzTWrnXBOK-ItJhoR8-07:00:00,SYN_109339,94,07:37:51,07:38:06,0
MrihzTWrnXBOK-ItJhoR8-07:00:00,SYN_109340,95,07:38:00,07:38:15,0
MrihzTWrnXBOK-ItJhoR8-07:00:00,SYN_109341,96,07:38:09,07:38:24,0
MrihzTWrnXBOK-ItJhoR8-07:00:00,SYN_109342,97,07:38:18,07:38:33,0
MrihzTWrnXBOK-ItJhoR8-07:00:00,SYN_109343,98,07:38:27,07:38:42,0
MrihzTWrnXBOK-ItJhoR8-07:00:00,SYN_109344,99,07:38:36,07:38:51,0
MrihzTWrnXBOK-ItJhoR8-07:00:00,SYN_109345,100,07:38:46,07:39:01,0
MrihzTWrnXBOK-ItJhoR8-07:00:00,SYN_109346,101,07:38:55,07:39:10,0
MrihzTWrnXBOK-ItJhoR8-07:00:00,SYN_109347,102,07:39:04,07:39:19,0
MrihzTWrnXBOK-ItJhoR8-07:00:00,SYN_109348,103,07:39:13,07:39:28,0
MrihzTWrnXBOK-ItJhoR8-07:00:00,SYN_109349,104,07:39:22,07:39:37,0
MrihzTWrnXBOK-ItJhoR8-07:00:00,SYN_109350,105,07:39:31,07:39:46,0
MrihzTWrnXBOK-ItJhoR8-07:00:00,SYN_109351,106,07:39:40,07:39:55,0
MrihzTWrnXBOK-ItJhoR8-07:00:00,SYN_109352,107,07:39:49,07:40:04,0
MrihzTWrnXBOK-ItJhoR8-07:00:00,SYN_109353,108,07:39:58,07:40:13,0
MrihzTWrnXBOK-ItJhoR8-07:00:00,SYN_109354,109,07:40:07,07:40:22,0
MrihzTWrnXBOK-ItJhoR8-07:00:00,SYN_109355,110,07:40:16,07:40:31,0
MrihzTWrnXBOK-ItJhoR8-07:00:00,SYN_109356,111,07:40:25,07:40:40,0
MrihzTWrnXBOK-ItJhoR8-07:00:00,SYN_109357,112,07:40:34,07:40:49,0
MrihzTWrnXBOK-ItJhoR8-07:00:00,SYN_109358,113,07:40:43,07:40:58,0
MrihzTWrnXBOK-ItJhoR8-07:00:00,SYN_109359,114,07:40:52,07:41:07,0
MrihzTWrnXBOK-ItJhoR8-07:00:00,SYN_109360,115,07:41:01,07:41:16,0
MrihzTWrnXBOK-ItJhoR8-07:00:00,SYN_109361,116,07:41:10,07:41:25,0
MrihzTWrnXBOK-ItJhoR8-07:00:00,SYN_109362,117,07:41:19,07:41:34,0
MrihzTWrnXBOK-ItJhoR8-07:00:00,SYN_109363,118,07:41:28,07:41:43,0
MrihzTWrnXBOK-ItJhoR8-07:00:00,SYN_109364,119,07:41:37,07:41:52,0
MrihzTWrnXBOK-ItJhoR8-07:00:00,SYN_109365,120,07:41:46,07:42:01,0
MrihzTWrnXBOK-ItJhoR8-07:00:00,SYN_109366,121,07:41:55,07:42:10,0
MrihzTWrnXBOK-ItJhoR8-07:00:00,SYN_109367,122,07:42:04,07:42:19,0
MrihzTWrnXBOK-ItJhoR8-07:00:00,SYN_109368,123,07:42:13,07:42:28,0
MrihzTWrnXBOK-ItJhoR8-07:00:00,SYN_109369,124,07:42:22,07:42:37,0
MrihzTWrnXBOK-ItJhoR8-07:00:00,SYN_109370,125,07:42:31,07:42:46,0
MrihzTWrnXBOK-ItJhoR8-07:00:00,SYN_109371,126,07:42:40,07:42:55,0
MrihzTWrnXBOK-ItJhoR8-07:00:00,SYN_109372,127,07:42:49,07:43:04,0
MrihzTWrnXBOK-ItJhoR8-07:00:00,SYN_109373,128,07:42:58,07:43:13,0
MrihzTWrnXBOK-ItJhoR8-07:00:00,SYN_109374,129,07:43:07,07:43:22,0
MrihzTWrnXBOK-ItJhoR8-07:00:00,SYN_109375,130,07:43:16,07:43:31,0
MrihzTWrnXBOK-ItJhoR8-07:00:00,SYN_109376,131,07:43:25,07:43:40,0
MrihzTWrnXBOK-ItJhoR8-07:00:00,SYN_109377,132,07:43:34,07:43:49,0
MrihzTWrnXBOK-ItJhoR8-07:00:00,SYN_109378,133,07:43:43,07:43:58,0
MrihzTWrnXBOK-ItJhoR8-07:00:00,SYN_109379,134,07:43:52,07:44:07,0
MrihzTWrnXBOK-ItJhoR8-07:00:00,SYN_109380,135,07:44:01,07:44:16,0
MrihzTWrnXBOK-ItJhoR8-07:00:00,SYN_109381,136,07:44:10,07:44:25,0
MrihzTWrnXBOK-ItJhoR8-07:00:00,SYN_109382,137,07:44:20,07:44:35,0
MrihzTWrnXBOK-ItJhoR8-07:00:00,SYN_109383,138,07:44:29,07:44:44,0
MrihzTWrnXBOK-ItJhoR8-07:00:00,SYN_109384,139,07:44:46,07:45:01,0
MrihzTWrnXBOK-ItJhoR8-07:00:00,SYN_109385,140,07:45:08,07:45:23,0
MrihzTWrnXBOK-ItJhoR8-07:00:00,SYN_109386,141,07:45:30,07:45:45,0
MrihzTWrnXBOK-ItJhoR8-07:00:00,SYN_109387,142,07:45:52,07:46:07,0
MrihzTWrnXBOK-ItJhoR8-07:00:00,SYN_109388,143,07:46:14,07:46:29,0
MrihzTWrnXBOK-ItJhoR8-07:00:00,SYN_109389,144,07:46:36,07:46:51,0
MrihzTWrnXBOK-ItJhoR8-07:00:00,SYN_109390,145,07:46:58,07:47:13,0
MrihzTWrnXBOK-ItJhoR8-07:00:00,SYN_109391,146,07:47:20,07:47:35,0
MrihzTWrnXBOK-ItJhoR8-07:00:00,SYN_109392,147,07:47:41,07:47:56,0
MrihzTWrnXBOK-ItJhoR8-07:00:00,SYN_109393,148,07:48:03,07:48:18,0
MrihzTWrnXBOK-ItJhoR8-07:00:00,SYN_109394,149,07:48:25,07:48:40,0
MrihzTWrnXBOK-ItJhoR8-07:00:00,SYN_109395,150,07:48:47,07:49:02,0
MrihzTWrnXBOK-ItJhoR8-07:00:00,SYN_109396,151,07:49:09,07:49:24,0
MrihzTWrnXBOK-ItJhoR8-07:00:00,SYN_109397,152,07:49:31,07:49:46,0
MrihzTWrnXBOK-ItJhoR8-07:00:00,SYN_109398,153,07:49:53,07:50:08,0
MrihzTWrnXBOK-ItJhoR8-07:00:00,SYN_109399,154,07:50:15,07:50:30,0
MrihzTWrnXBOK-ItJhoR8-07:00:00,SYN_109400,155,07:50:37,07:50:52,0
MrihzTWrnXBOK-ItJhoR8-07:00:00,SYN_109401,156,07:50:59,07:51:14,0
MrihzTWrnXBOK-ItJhoR8-07:00:00,SYN_109402,157,07:51:20,07:51:35,0
MrihzTWrnXBOK-ItJhoR8-07:00:00,SYN_109403,158,07:51:42,07:51:57,0
MrihzTWrnXBOK-ItJhoR8-07:00:00,SYN_109404,159,07:52:04,07:52:19,0
MrihzTWrnXBOK-ItJhoR8-07:00:00,SYN_109405,160,07:52:26,07:52:41,0
MrihzTWrnXBOK-ItJhoR8-07:00:00,SYN_109406,161,07:52:48,07:53:03,0
MrihzTWrnXBOK-ItJhoR8-07:00:00,SYN_109407,162,07:53:10,07:53:25,0
MrihzTWrnXBOK-ItJhoR8-07:00:00,SYN_109408,163,07:53:32,07:53:47,0
MrihzTWrnXBOK-ItJhoR8-07:00:00,SYN_109409,164,07:53:54,07:54:09,0
MrihzTWrnXBOK-ItJhoR8-07:00:00,SYN_109410,165,07:54:17,07:54:32,0
MrihzTWrnXBOK-ItJhoR8-07:00:00,SYN_109411,166,07:54:40,07:54:55,0
MrihzTWrnXBOK-ItJhoR8-07:00:00,SYN_109412,167,07:55:03,07:55:18,0
MrihzTWrnXBOK-ItJhoR8-07:00:00,SYN_109413,168,07:55:25,07:55:40,0
MrihzTWrnXBOK-ItJhoR8-07:00:00,SYN_109414,169,07:55:51,07:56:06,0
MrihzTWrnXBOK-ItJhoR8-07:00:00,SYN_109415,170,07:56:19,07:56:34,0
MrihzTWrnXBOK-ItJhoR8-07:00:00,SYN_109416,171,07:56:46,07:57:01,0
MrihzTWrnXBOK-ItJhoR8-07:00:00,SYN_109417,172,07:57:14,07:57:29,0
MrihzTWrnXBOK-ItJhoR8-07:00:00,SYN_109418,173,07:57:53,07:58:08,0
MrihzTWrnXBOK-ItJhoR8-07:00:00,SYN_109419,174,07:58:51,07:59:06,0
MrihzTWrnXBOK-ItJhoR8-07:00:00,SYN_109420,175,07:59:59,08:00:14,0
34nbNemVSy5O0QhQ5utuQ-07:00:00,SYN_109421,0,07:00:38,07:00:53,0
34nbNemVSy5O0QhQ5utuQ-07:00:00,SYN_109422,1,07:01:16,07:01:31,0
34nbNemVSy5O0QhQ5utuQ-07:00:00,SYN_109423,2,07:01:53,07:02:08,0
34nbNemVSy5O0QhQ5utuQ-07:00:00,SYN_109424,3,07:02:27,07:02:42,0
34nbNemVSy5O0QhQ5utuQ-07:00:00,SYN_109425,4,07:03:01,07:03:16,0
34nbNemVSy5O0QhQ5utuQ-07:00:00,SYN_109426,5,07:03:35,07:03:50,0
34nbNemVSy5O0QhQ5utuQ-07:00:00,SYN_109427,6,07:04:03,07:04:18,0
34nbNemVSy5O0QhQ5utuQ-07:00:00,SYN_109428,7,07:04:31,07:04:46,0
34nbNemVSy5O0QhQ5utuQ-07:00:00,SYN_109429,8,07:04:56,07:05:11,0
34nbNemVSy5O0QhQ5utuQ-07:00:00,SYN_109430,9,07:05:17,07:05:32,0
34nbNemVSy5O0QhQ5utuQ-07:00:00,SYN_109431,10,07:05:37,07:05:52,0
34nbNemVSy5O0QhQ5utuQ-07:00:00,SYN_109432,11,07:05:58,07:06:13,0
34nbNemVSy5O0QhQ5utuQ-07:00:00,SYN_109433,12,07:06:22,07:06:37,0
34nbNemVSy5O0QhQ5utuQ-07:00:00,SYN_109434,13,07:06:46,07:07:01,0
34nbNemVSy5O0QhQ5utuQ-07:00:00,SYN_109435,14,07:07:10,07:07:25,0
34nbNemVSy5O0QhQ5utuQ-07:00:00,SYN_109436,15,07:07:34,07:07:49,0
34nbNemVSy5O0QhQ5utuQ-07:00:00,SYN_109437,16,07:07:58,07:08:13,0
34nbNemVSy5O0QhQ5utuQ-07:00:00,SYN_109438,17,07:08:22,07:08:37,0
34nbNemVSy5O0QhQ5utuQ-07:00:00,SYN_109439,18,07:08:46,07:09:01,0
34nbNemVSy5O0QhQ5utuQ-07:00:00,SYN_109440,19,07:09:36,07:09:51,0
34nbNemVSy5O0QhQ5utuQ-07:00:00,SYN_109441,20,07:10:25,07:10:40,0
34nbNemVSy5O0QhQ5utuQ-07:00:00,SYN_109442,21,07:11:15,07:11:30,0
34nbNemVSy5O0QhQ5utuQ-07:00:00,SYN_109443,22,07:12:09,07:12:24,0
34nbNemVSy5O0QhQ5utuQ-07:00:00,SYN_109444,23,07:13:03,07:13:18,0
34nbNemVSy5O0QhQ5utuQ-07:00:00,SYN_109445,24,07:14:30,07:14:45,0
34nbNemVSy5O0QhQ5utuQ-07:00:00,SYN_109446,25,07:15:30,07:15:45,0
34nbNemVSy5O0QhQ5utuQ-07:00:00,SYN_109447,26,07:15:52,07:16:07,0
34nbNemVSy5O0QhQ5utuQ-07:00:00,SYN_109448,27,07:16:15,07:16:30,0
34nbNemVSy5O0QhQ5utuQ-07:00:00,SYN_109449,28,07:16:37,07:16:52,0
34nbNemVSy5O0QhQ5utuQ-07:00:00,SYN_109450,29,07:17:00,07:17:15,0
34nbNemVSy5O0QhQ5utuQ-07:00:00,SYN_109451,30,07:17:34,07:17:49,0
34nbNemVSy5O0QhQ5utuQ-07:00:00,SYN_109452,31,07:18:09,07:18:24,0
34nbNemVSy5O0QhQ5utuQ-07:00:00,SYN_109453,32,07:18:44,07:18:59,0
34nbNemVSy5O0QhQ5utuQ-07:00:00,SYN_109454,33,07:19:31,07:19:46,0
34nbNemVSy5O0QhQ5utuQ-07:00:00,SYN_109455,34,07:20:32,07:20:47,0
34nbNemVSy5O0QhQ5utuQ-07:00:00,SYN_109456,35,07:21:36,07:21:51,0
wE7GlW3Fb_HPAB66Hhxh1-07:00:00,SYN_109457,0,07:01:22,07:01:37,0
wE7GlW3Fb_HPAB66Hhxh1-07:00:00,SYN_109458,1,07:02:44,07:02:59,0
wE7GlW3Fb_HPAB66Hhxh1-07:00:00,SYN_109459,2,07:03:48,07:04:03,0
wE7GlW3Fb_HPAB66Hhxh1-07:00:00,SYN_109460,3,07:04:52,07:05:07,0
wE7GlW3Fb_HPAB66Hhxh1-07:00:00,SYN_109461,4,07:05:49,07:06:04,0
wE7GlW3Fb_HPAB66Hhxh1-07:00:00,SYN_109462,5,07:06:36,07:06:51,0
wE7GlW3Fb_HPAB66Hhxh1-07:00:00,SYN_109463,6,07:07:22,07:07:37,0
wE7GlW3Fb_HPAB66Hhxh1-07:00:00,SYN_109464,7,07:08:53,07:09:08,0
wE7GlW3Fb_HPAB66Hhxh1-07:00:00,SYN_109465,8,07:09:27,07:09:42,0
wE7GlW3Fb_HPAB66Hhxh1-07:00:00,SYN_109466,9,07:10:00,07:10:15,0
wE7GlW3Fb_HPAB66Hhxh1-07:00:00,SYN_109467,10,07:10:34,07:10:49,0
wE7GlW3Fb_HPAB66Hhxh1-07:00:00,SYN_109468,11,07:11:07,07:11:22,0
wE7GlW3Fb_HPAB66Hhxh1-07:00:00,SYN_109469,12,07:11:39,07:11:54,0
wE7GlW3Fb_HPAB66Hhxh1-07:00:00,SYN_109470,13,07:12:13,07:12:28,0
wE7GlW3Fb_HPAB66Hhxh1-07:00:00,SYN_109471,14,07:12:48,07:13:03,0
wE7GlW3Fb_HPAB66Hhxh1-07:00:00,SYN_109472,15,07:13:22,07:13:37,0
wE7GlW3Fb_HPAB66Hhxh1-07:00:00,SYN_109473,16,07:13:54,07:14:09,0
wE7GlW3Fb_HPAB66Hhxh1-07:00:00,SYN_109474,17,07:14:25,07:14:40,0
wE7GlW3Fb_HPAB66Hhxh1-07:00:00,SYN_109475,18,07:14:56,07:15:11,0
wE7GlW3Fb_HPAB66Hhxh1-07:00:00,SYN_109476,19,07:15:27,07:15:42,0
wE7GlW3Fb_HPAB66Hhxh1-07:00:00,SYN_109477,20,07:15:58,07:16:13,0
wE7GlW3Fb_HPAB66Hhxh1-07:00:00,SYN_109478,21,07:16:32,07:16:47,0
wE7GlW3Fb_HPAB66Hhxh1-07:00:00,SYN_109479,22,07:17:14,07:17:29,0
wE7GlW3Fb_HPAB66Hhxh1-07:00:00,SYN_109480,23,07:17:57,07:18:12,0
wE7GlW3Fb_HPAB66Hhxh1-07:00:00,SYN_109481,24,07:18:39,07:18:54,0
wE7GlW3Fb_HPAB66Hhxh1-07:00:00,SYN_109482,25,07:20:17,07:20:32,0
wE7GlW3Fb_HPAB66Hhxh1-07:00:00,SYN_109483,26,07:21:38,07:21:53,0
wE7GlW3Fb_HPAB66Hhxh1-07:00:00,SYN_109484,27,07:22:08,07:22:23,0
wE7GlW3Fb_HPAB66Hhxh1-07:00:00,SYN_109485,28,07:22:38,07:22:53,0
wE7GlW3Fb_HPAB66Hhxh1-07:00:00,SYN_109486,29,07:23:08,07:23:23,0
wE7GlW3Fb_HPAB66Hhxh1-07:00:00,SYN_109487,30,07:23:39,07:23:54,0
wE7GlW3Fb_HPAB66Hhxh1-07:00:00,SYN_109488,31,07:24:09,07:24:24,0
wE7GlW3Fb_HPAB66Hhxh1-07:00:00,SYN_109489,32,07:24:50,07:25:05,0
wE7GlW3Fb_HPAB66Hhxh1-07:00:00,SYN_109490,33,07:25:37,07:25:52,0
wE7GlW3Fb_HPAB66Hhxh1-07:00:00,SYN_109491,34,07:26:24,07:26:39,0
wE7GlW3Fb_HPAB66Hhxh1-07:00:00,SYN_109492,35,07:27:08,07:27:23,0
wE7GlW3Fb_HPAB66Hhxh1-07:00:00,SYN_109493,36,07:27:51,07:28:06,0
wE7GlW3Fb_HPAB66Hhxh1-07:00:00,SYN_109494,37,07:28:34,07:28:49,0
wE7GlW3Fb_HPAB66Hhxh1-07:00:00,SYN_109495,38,07:29:13,07:29:28,0
wE7GlW3Fb_HPAB66Hhxh1-07:00:00,SYN_109496,39,07:29:53,07:30:08,0
wE7GlW3Fb_HPAB66Hhxh1-07:00:00,SYN_109497,40,07:30:32,07:30:47,0
wE7GlW3Fb_HPAB66Hhxh1-07:00:00,SYN_109498,41,07:31:31,07:31:46,0
wE7GlW3Fb_HPAB66Hhxh1-07:00:00,SYN_109499,42,07:32:34,07:32:49,0
wE7GlW3Fb_HPAB66Hhxh1-07:00:00,SYN_109500,43,07:33:36,07:33:51,0
wE7GlW3Fb_HPAB66Hhxh1-07:00:00,SYN_109501,44,07:34:39,07:34:54,0
wE7GlW3Fb_HPAB66Hhxh1-07:00:00,SYN_109502,45,07:35:43,07:35:58,0
wE7GlW3Fb_HPAB66Hhxh1-07:00:00,SYN_109503,46,07:36:47,07:37:02,0
wE7GlW3Fb_HPAB66Hhxh1-07:00:00,SYN_109504,47,07:37:51,07:38:06,0
-Q2gVX9GgVSEtVr-yv6Nf-07:00:00,SYN_109511,0,07:00:22,07:00:37,0
-Q2gVX9GgVSEtVr-yv6Nf-07:00:00,SYN_109512,1,07:01:16,07:01:31,0
-Q2gVX9GgVSEtVr-yv6Nf-07:00:00,SYN_109513,2,07:02:09,07:02:24,0
-Q2gVX9GgVSEtVr-yv6Nf-07:00:00,SYN_109514,3,07:02:43,07:02:58,0
-Q2gVX9GgVSEtVr-yv6Nf-07:00:00,SYN_109515,4,07:03:05,07:03:20,0
-Q2gVX9GgVSEtVr-yv6Nf-07:00:00,SYN_109516,5,07:03:27,07:03:42,0
-Q2gVX9GgVSEtVr-yv6Nf-07:00:00,SYN_109517,6,07:03:49,07:04:04,0
6LBLdjAw8E6T2OCvlWEr8-07:00:00,SYN_109518,0,07:01:54,07:02:09,0
6LBLdjAw8E6T2OCvlWEr8-07:00:00,SYN_109519,1,07:03:48,07:04:03,0
6LBLdjAw8E6T2OCvlWEr8-07:00:00,SYN_109520,2,07:05:21,07:05:36,0
6LBLdjAw8E6T2OCvlWEr8-07:00:00,SYN_109521,3,07:06:20,07:06:35,0
6LBLdjAw8E6T2OCvlWEr8-07:00:00,SYN_109522,4,07:07:15,07:07:30,0
6LBLdjAw8E6T2OCvlWEr8-07:00:00,SYN_109523,5,07:07:54,07:08:09,0
6LBLdjAw8E6T2OCvlWEr8-07:00:00,SYN_109524,6,07:08:34,07:08:49,0
6LBLdjAw8E6T2OCvlWEr8-07:00:00,SYN_109525,7,07:09:13,07:09:28,0
6LBLdjAw8E6T2OCvlWEr8-07:00:00,SYN_109526,8,07:09:53,07:10:08,0
6LBLdjAw8E6T2OCvlWEr8-07:00:00,SYN_109527,9,07:10:33,07:10:48,0
6LBLdjAw8E6T2OCvlWEr8-07:00:00,SYN_109528,10,07:11:11,07:11:26,0
6LBLdjAw8E6T2OCvlWEr8-07:00:00,SYN_109529,11,07:11:42,07:11:57,0
6LBLdjAw8E6T2OCvlWEr8-07:00:00,SYN_109530,12,07:12:12,07:12:27,0
6LBLdjAw8E6T2OCvlWEr8-07:00:00,SYN_109531,13,07:12:42,07:12:57,0
6LBLdjAw8E6T2OCvlWEr8-07:00:00,SYN_109532,14,07:13:13,07:13:28,0
6LBLdjAw8E6T2OCvlWEr8-07:00:00,SYN_109533,15,07:13:43,07:13:58,0
6LBLdjAw8E6T2OCvlWEr8-07:00:00,SYN_109534,16,07:14:14,07:14:29,0
6LBLdjAw8E6T2OCvlWEr8-07:00:00,SYN_109535,17,07:14:44,07:14:59,0
6LBLdjAw8E6T2OCvlWEr8-07:00:00,SYN_109536,18,07:15:15,07:15:30,0
6LBLdjAw8E6T2OCvlWEr8-07:00:00,SYN_109537,19,07:15:42,07:15:57,0
6LBLdjAw8E6T2OCvlWEr8-07:00:00,SYN_109538,20,07:16:09,07:16:24,0
6LBLdjAw8E6T2OCvlWEr8-07:00:00,SYN_109539,21,07:16:36,07:16:51,0
6LBLdjAw8E6T2OCvlWEr8-07:00:00,SYN_109540,22,07:16:56,07:17:11,0
6LBLdjAw8E6T2OCvlWEr8-07:00:00,SYN_109541,23,07:17:17,07:17:32,0
6LBLdjAw8E6T2OCvlWEr8-07:00:00,SYN_109542,24,07:17:38,07:17:53,0
6LBLdjAw8E6T2OCvlWEr8-07:00:00,SYN_109543,25,07:17:59,07:18:14,0
6LBLdjAw8E6T2OCvlWEr8-07:00:00,SYN_109544,26,07:18:19,07:18:34,0
6LBLdjAw8E6T2OCvlWEr8-07:00:00,SYN_109545,27,07:18:39,07:18:54,0
6LBLdjAw8E6T2OCvlWEr8-07:00:00,SYN_109546,28,07:18:58,07:19:13,0
6LBLdjAw8E6T2OCvlWEr8-07:00:00,SYN_109547,29,07:19:17,07:19:32,0
6LBLdjAw8E6T2OCvlWEr8-07:00:00,SYN_109548,30,07:19:36,07:19:51,0
6LBLdjAw8E6T2OCvlWEr8-07:00:00,SYN_109549,31,07:19:55,07:20:10,0
6LBLdjAw8E6T2OCvlWEr8-07:00:00,SYN_109550,32,07:20:14,07:20:29,0
6LBLdjAw8E6T2OCvlWEr8-07:00:00,SYN_109551,33,07:20:33,07:20:48,0
6LBLdjAw8E6T2OCvlWEr8-07:00:00,SYN_109552,34,07:20:52,07:21:07,0
6LBLdjAw8E6T2OCvlWEr8-07:00:00,SYN_109553,35,07:21:12,07:21:27,0
6LBLdjAw8E6T2OCvlWEr8-07:00:00,SYN_109554,36,07:21:44,07:21:59,0
6LBLdjAw8E6T2OCvlWEr8-07:00:00,SYN_109555,37,07:22:15,07:22:30,0
6LBLdjAw8E6T2OCvlWEr8-07:00:00,SYN_109556,38,07:22:47,07:23:02,0
6LBLdjAw8E6T2OCvlWEr8-07:00:00,SYN_109557,39,07:23:18,07:23:33,0
6LBLdjAw8E6T2OCvlWEr8-07:00:00,SYN_109558,40,07:23:50,07:24:05,0
6LBLdjAw8E6T2OCvlWEr8-07:00:00,SYN_109559,41,07:24:21,07:24:36,0
6LBLdjAw8E6T2OCvlWEr8-07:00:00,SYN_109560,42,07:24:53,07:25:08,0
6LBLdjAw8E6T2OCvlWEr8-07:00:00,SYN_109561,43,07:25:24,07:25:39,0
1v5hAqd3R5NHO2_mRDJ3z-07:00:00,SYN_109585,0,07:00:07,07:00:22,0
1v5hAqd3R5NHO2_mRDJ3z-07:00:00,SYN_109586,1,07:00:22,07:00:37,0
1v5hAqd3R5NHO2_mRDJ3z-07:00:00,SYN_109587,2,07:00:36,07:00:51,0
1v5hAqd3R5NHO2_mRDJ3z-07:00:00,SYN_109588,3,07:00:51,07:01:06,0
1v5hAqd3R5NHO2_mRDJ3z-07:00:00,SYN_109589,4,07:01:05,07:01:20,0
1v5hAqd3R5NHO2_mRDJ3z-07:00:00,SYN_109590,5,07:01:20,07:01:35,0
1v5hAqd3R5NHO2_mRDJ3z-07:00:00,SYN_109591,6,07:01:34,07:01:49,0
1v5hAqd3R5NHO2_mRDJ3z-07:00:00,SYN_109592,7,07:01:49,07:02:04,0
1v5hAqd3R5NHO2_mRDJ3z-07:00:00,SYN_109593,8,07:02:03,07:02:18,0
1v5hAqd3R5NHO2_mRDJ3z-07:00:00,SYN_109594,9,07:02:25,07:02:40,0
1v5hAqd3R5NHO2_mRDJ3z-07:00:00,SYN_109595,10,07:02:47,07:03:02,0
1v5hAqd3R5NHO2_mRDJ3z-07:00:00,SYN_109596,11,07:03:09,07:03:24,0
1v5hAqd3R5NHO2_mRDJ3z-07:00:00,SYN_109597,12,07:03:30,07:03:45,0
1v5hAqd3R5NHO2_mRDJ3z-07:00:00,SYN_109598,13,07:03:52,07:04:07,0
1v5hAqd3R5NHO2_mRDJ3z-07:00:00,SYN_109599,14,07:04:14,07:04:29,0
1v5hAqd3R5NHO2_mRDJ3z-07:00:00,SYN_109600,15,07:04:36,07:04:51,0
1v5hAqd3R5NHO2_mRDJ3z-07:00:00,SYN_109601,16,07:04:58,07:05:13,0
1v5hAqd3R5NHO2_mRDJ3z-07:00:00,SYN_109602,17,07:05:20,07:05:35,0
1v5hAqd3R5NHO2_mRDJ3z-07:00:00,SYN_109603,18,07:05:42,07:05:57,0
1v5hAqd3R5NHO2_mRDJ3z-07:00:00,SYN_109604,19,07:06:03,07:06:18,0
1v5hAqd3R5NHO2_mRDJ3z-07:00:00,SYN_109605,20,07:06:25,07:06:40,0
1v5hAqd3R5NHO2_mRDJ3z-07:00:00,SYN_109606,21,07:06:47,07:07:02,0
qGoxkcgxJLIYDgVV9cYQ6-07:00:00,SYN_109611,0,07:00:49,07:01:04,0
qGoxkcgxJLIYDgVV9cYQ6-07:00:00,SYN_109612,1,07:01:43,07:01:58,0
qGoxkcgxJLIYDgVV9cYQ6-07:00:00,SYN_109613,2,07:02:36,07:02:51,0
qGoxkcgxJLIYDgVV9cYQ6-07:00:00,SYN_109614,3,07:03:30,07:03:45,0
qGoxkcgxJLIYDgVV9cYQ6-07:00:00,SYN_109615,4,07:04:23,07:04:38,0
qGoxkcgxJLIYDgVV9cYQ6-07:00:00,SYN_109616,5,07:05:17,07:05:32,0
qGoxkcgxJLIYDgVV9cYQ6-07:00:00,SYN_109617,6,07:06:10,07:06:25,0
qGoxkcgxJLIYDgVV9cYQ6-07:00:00,SYN_109618,7,07:07:04,07:07:19,0
qGoxkcgxJLIYDgVV9cYQ6-07:00:00,SYN_109619,8,07:07:56,07:08:11,0
qGoxkcgxJLIYDgVV9cYQ6-07:00:00,SYN_109620,9,07:08:23,07:08:38,0
qGoxkcgxJLIYDgVV9cYQ6-07:00:00,SYN_109621,10,07:08:50,07:09:05,0
qGoxkcgxJLIYDgVV9cYQ6-07:00:00,SYN_109622,11,07:09:14,07:09:29,0
qGoxkcgxJLIYDgVV9cYQ6-07:00:00,SYN_109623,12,07:09:35,07:09:50,0
qGoxkcgxJLIYDgVV9cYQ6-07:00:00,SYN_109624,13,07:09:56,07:10:11,0
qGoxkcgxJLIYDgVV9cYQ6-07:00:00,SYN_109625,14,07:10:16,07:10:31,0
qGoxkcgxJLIYDgVV9cYQ6-07:00:00,SYN_109626,15,07:10:37,07:10:52,0
qGoxkcgxJLIYDgVV9cYQ6-07:00:00,SYN_109627,16,07:10:58,07:11:13,0
qGoxkcgxJLIYDgVV9cYQ6-07:00:00,SYN_109628,17,07:11:17,07:11:32,0
qGoxkcgxJLIYDgVV9cYQ6-07:00:00,SYN_109629,18,07:11:36,07:11:51,0
qGoxkcgxJLIYDgVV9cYQ6-07:00:00,SYN_109630,19,07:11:55,07:12:10,0
qGoxkcgxJLIYDgVV9cYQ6-07:00:00,SYN_109631,20,07:12:14,07:12:29,0
qGoxkcgxJLIYDgVV9cYQ6-07:00:00,SYN_109632,21,07:12:33,07:12:48,0
qGoxkcgxJLIYDgVV9cYQ6-07:00:00,SYN_109633,22,07:12:52,07:13:07,0
qGoxkcgxJLIYDgVV9cYQ6-07:00:00,SYN_109634,23,07:13:11,07:13:26,0
qGoxkcgxJLIYDgVV9cYQ6-07:00:00,SYN_109635,24,07:13:30,07:13:45,0
qGoxkcgxJLIYDgVV9cYQ6-07:00:00,SYN_109636,25,07:13:56,07:14:11,0
qGoxkcgxJLIYDgVV9cYQ6-07:00:00,SYN_109637,26,07:14:31,07:14:46,0
qGoxkcgxJLIYDgVV9cYQ6-07:00:00,SYN_109638,27,07:15:06,07:15:21,0
qGoxkcgxJLIYDgVV9cYQ6-07:00:00,SYN_109639,28,07:15:41,07:15:56,0
qGoxkcgxJLIYDgVV9cYQ6-07:00:00,SYN_109640,29,07:16:17,07:16:32,0
qGoxkcgxJLIYDgVV9cYQ6-07:00:00,SYN_109641,30,07:16:52,07:17:07,0
qGoxkcgxJLIYDgVV9cYQ6-07:00:00,SYN_109642,31,07:17:27,07:17:42,0
qGoxkcgxJLIYDgVV9cYQ6-07:00:00,SYN_109643,32,07:18:02,07:18:17,0
qGoxkcgxJLIYDgVV9cYQ6-07:00:00,SYN_109644,33,07:18:38,07:18:53,0
qGoxkcgxJLIYDgVV9cYQ6-07:00:00,SYN_109645,34,07:19:07,07:19:22,0
qGoxkcgxJLIYDgVV9cYQ6-07:00:00,SYN_109646,35,07:19:24,07:19:39,0
qGoxkcgxJLIYDgVV9cYQ6-07:00:00,SYN_109647,36,07:19:40,07:19:55,0
qGoxkcgxJLIYDgVV9cYQ6-07:00:00,SYN_109648,37,07:19:57,07:20:12,0
qGoxkcgxJLIYDgVV9cYQ6-07:00:00,SYN_109649,38,07:20:14,07:20:29,0
qGoxkcgxJLIYDgVV9cYQ6-07:00:00,SYN_109650,39,07:20:31,07:20:46,0
qGoxkcgxJLIYDgVV9cYQ6-07:00:00,SYN_109651,40,07:20:47,07:21:02,0
qGoxkcgxJLIYDgVV9cYQ6-07:00:00,SYN_109652,41,07:21:04,07:21:19,0
qGoxkcgxJLIYDgVV9cYQ6-07:00:00,SYN_109653,42,07:21:21,07:21:36,0
qGoxkcgxJLIYDgVV9cYQ6-07:00:00,SYN_109654,43,07:21:38,07:21:53,0
qGoxkcgxJLIYDgVV9cYQ6-07:00:00,SYN_109655,44,07:21:54,07:22:09,0
qGoxkcgxJLIYDgVV9cYQ6-07:00:00,SYN_109656,45,07:22:25,07:22:40,0
qGoxkcgxJLIYDgVV9cYQ6-07:00:00,SYN_109657,46,07:23:03,07:23:18,0
qGoxkcgxJLIYDgVV9cYQ6-07:00:00,SYN_109658,47,07:23:41,07:23:56,0
qGoxkcgxJLIYDgVV9cYQ6-07:00:00,SYN_109659,48,07:24:20,07:24:35,0
qGoxkcgxJLIYDgVV9cYQ6-07:00:00,SYN_109660,49,07:24:58,07:25:13,0
qGoxkcgxJLIYDgVV9cYQ6-07:00:00,SYN_109661,50,07:25:36,07:25:51,0
qGoxkcgxJLIYDgVV9cYQ6-07:00:00,SYN_109662,51,07:26:14,07:26:29,0
qGoxkcgxJLIYDgVV9cYQ6-07:00:00,SYN_109663,52,07:26:53,07:27:08,0
qGoxkcgxJLIYDgVV9cYQ6-07:00:00,SYN_109664,53,07:27:31,07:27:46,0
qGoxkcgxJLIYDgVV9cYQ6-07:00:00,SYN_109665,54,07:28:05,07:28:20,0
qGoxkcgxJLIYDgVV9cYQ6-07:00:00,SYN_109666,55,07:28:33,07:28:48,0
qGoxkcgxJLIYDgVV9cYQ6-07:00:00,SYN_109667,56,07:29:02,07:29:17,0
qGoxkcgxJLIYDgVV9cYQ6-07:00:00,SYN_109668,57,07:29:31,07:29:46,0
qGoxkcgxJLIYDgVV9cYQ6-07:00:00,SYN_109669,58,07:29:59,07:30:14,0
qGoxkcgxJLIYDgVV9cYQ6-07:00:00,SYN_109670,59,07:30:28,07:30:43,0
qGoxkcgxJLIYDgVV9cYQ6-07:00:00,SYN_109671,60,07:30:56,07:31:11,0
qGoxkcgxJLIYDgVV9cYQ6-07:00:00,SYN_109672,61,07:31:25,07:31:40,0
qGoxkcgxJLIYDgVV9cYQ6-07:00:00,SYN_109673,62,07:31:53,07:32:08,0
qGoxkcgxJLIYDgVV9cYQ6-07:00:00,SYN_109674,63,07:32:22,07:32:37,0
qGoxkcgxJLIYDgVV9cYQ6-07:00:00,SYN_109675,64,07:32:51,07:33:06,0
qGoxkcgxJLIYDgVV9cYQ6-07:00:00,SYN_109676,65,07:33:35,07:33:50,0
qGoxkcgxJLIYDgVV9cYQ6-07:00:00,SYN_109677,66,07:34:45,07:35:00,0
qGoxkcgxJLIYDgVV9cYQ6-07:00:00,SYN_109678,67,07:36:25,07:36:40,0
qGoxkcgxJLIYDgVV9cYQ6-07:00:00,SYN_109679,68,07:36:49,07:37:04,0
qGoxkcgxJLIYDgVV9cYQ6-07:00:00,SYN_109680,69,07:37:13,07:37:28,0
qGoxkcgxJLIYDgVV9cYQ6-07:00:00,SYN_109681,70,07:37:42,07:37:57,0
qGoxkcgxJLIYDgVV9cYQ6-07:00:00,SYN_109682,71,07:38:13,07:38:28,0
qGoxkcgxJLIYDgVV9cYQ6-07:00:00,SYN_109683,72,07:38:44,07:38:59,0
qGoxkcgxJLIYDgVV9cYQ6-07:00:00,SYN_109684,73,07:39:15,07:39:30,0
qGoxkcgxJLIYDgVV9cYQ6-07:00:00,SYN_109685,74,07:39:46,07:40:01,0
qGoxkcgxJLIYDgVV9cYQ6-07:00:00,SYN_109686,75,07:40:18,07:40:33,0
qGoxkcgxJLIYDgVV9cYQ6-07:00:00,SYN_109687,76,07:40:49,07:41:04,0
qGoxkcgxJLIYDgVV9cYQ6-07:00:00,SYN_109688,77,07:41:20,07:41:35,0
qGoxkcgxJLIYDgVV9cYQ6-07:00:00,SYN_109689,78,07:41:51,07:42:06,0
qGoxkcgxJLIYDgVV9cYQ6-07:00:00,SYN_109690,79,07:42:23,07:42:38,0
qGoxkcgxJLIYDgVV9cYQ6-07:00:00,SYN_109691,80,07:42:57,07:43:12,0
qGoxkcgxJLIYDgVV9cYQ6-07:00:00,SYN_109692,81,07:43:40,07:43:55,0
qGoxkcgxJLIYDgVV9cYQ6-07:00:00,SYN_109693,82,07:44:23,07:44:38,0
qGoxkcgxJLIYDgVV9cYQ6-07:00:00,SYN_109694,83,07:44:59,07:45:14,0
qGoxkcgxJLIYDgVV9cYQ6-07:00:00,SYN_109695,84,07:45:32,07:45:47,0
qGoxkcgxJLIYDgVV9cYQ6-07:00:00,SYN_109696,85,07:46:06,07:46:21,0
qGoxkcgxJLIYDgVV9cYQ6-07:00:00,SYN_109697,86,07:46:40,07:46:55,0
qGoxkcgxJLIYDgVV9cYQ6-07:00:00,SYN_109698,87,07:47:13,07:47:28,0
qGoxkcgxJLIYDgVV9cYQ6-07:00:00,SYN_109699,88,07:47:48,07:48:03,0
qGoxkcgxJLIYDgVV9cYQ6-07:00:00,SYN_109700,89,07:48:29,07:48:44,0
qGoxkcgxJLIYDgVV9cYQ6-07:00:00,SYN_109701,90,07:49:09,07:49:24,0
qGoxkcgxJLIYDgVV9cYQ6-07:00:00,SYN_109702,91,07:49:48,07:50:03,0
qGoxkcgxJLIYDgVV9cYQ6-07:00:00,SYN_109703,92,07:50:26,07:50:41,0
qGoxkcgxJLIYDgVV9cYQ6-07:00:00,SYN_109704,93,07:51:10,07:51:25,0
qGoxkcgxJLIYDgVV9cYQ6-07:00:00,SYN_109705,94,07:51:57,07:52:12,0
qGoxkcgxJLIYDgVV9cYQ6-07:00:00,SYN_109706,95,07:52:44,07:52:59,0
qGoxkcgxJLIYDgVV9cYQ6-07:00:00,SYN_109707,96,07:53:31,07:53:46,0
qGoxkcgxJLIYDgVV9cYQ6-07:00:00,SYN_109708,97,07:54:18,07:54:33,0
qGoxkcgxJLIYDgVV9cYQ6-07:00:00,SYN_109709,98,07:55:05,07:55:20,0
qGoxkcgxJLIYDgVV9cYQ6-07:00:00,SYN_109710,99,07:55:52,07:56:07,0
qGoxkcgxJLIYDgVV9cYQ6-07:00:00,SYN_109711,100,07:56:39,07:56:54,0
qGoxkcgxJLIYDgVV9cYQ6-07:00:00,SYN_109712,101,07:57:26,07:57:41,0
qGoxkcgxJLIYDgVV9cYQ6-07:00:00,SYN_109713,102,07:58:13,07:58:28,0
qGoxkcgxJLIYDgVV9cYQ6-07:00:00,SYN_109714,103,07:59:00,07:59:15,0
BxVJu5Cu3SBv6k6JEotw3-07:00:00,SYN_109720,0,07:00:13,07:00:28,0
BxVJu5Cu3SBv6k6JEotw3-07:00:00,SYN_109721,1,07:00:45,07:01:00,0
BxVJu5Cu3SBv6k6JEotw3-07:00:00,SYN_109722,2,07:01:17,07:01:32,0
BxVJu5Cu3SBv6k6JEotw3-07:00:00,SYN_109723,3,07:01:50,07:02:05,0
BxVJu5Cu3SBv6k6JEotw3-07:00:00,SYN_109724,4,07:02:22,07:02:37,0
BxVJu5Cu3SBv6k6JEotw3-07:00:00,SYN_109725,5,07:02:51,07:03:06,0
BxVJu5Cu3SBv6k6JEotw3-07:00:00,SYN_109726,6,07:03:10,07:03:25,0
BxVJu5Cu3SBv6k6JEotw3-07:00:00,SYN_109727,7,07:03:30,07:03:45,0
BxVJu5Cu3SBv6k6JEotw3-07:00:00,SYN_109728,8,07:03:50,07:04:05,0
BxVJu5Cu3SBv6k6JEotw3-07:00:00,SYN_109729,9,07:04:10,07:04:25,0
BxVJu5Cu3SBv6k6JEotw3-07:00:00,SYN_109730,10,07:04:30,07:04:45,0
BxVJu5Cu3SBv6k6JEotw3-07:00:00,SYN_109731,11,07:04:50,07:05:05,0
BxVJu5Cu3SBv6k6JEotw3-07:00:00,SYN_109732,12,07:05:10,07:05:25,0
BxVJu5Cu3SBv6k6JEotw3-07:00:00,SYN_109733,13,07:05:30,07:05:45,0
BxVJu5Cu3SBv6k6JEotw3-07:00:00,SYN_109734,14,07:05:50,07:06:05,0
BxVJu5Cu3SBv6k6JEotw3-07:00:00,SYN_109735,15,07:06:10,07:06:25,0
BxVJu5Cu3SBv6k6JEotw3-07:00:00,SYN_109736,16,07:06:30,07:06:45,0
BxVJu5Cu3SBv6k6JEotw3-07:00:00,SYN_109737,17,07:06:50,07:07:05,0
BxVJu5Cu3SBv6k6JEotw3-07:00:00,SYN_109738,18,07:07:10,07:07:25,0
BxVJu5Cu3SBv6k6JEotw3-07:00:00,SYN_109739,19,07:07:30,07:07:45,0
BxVJu5Cu3SBv6k6JEotw3-07:00:00,SYN_109740,20,07:07:50,07:08:05,0
BxVJu5Cu3SBv6k6JEotw3-07:00:00,SYN_109741,21,07:08:10,07:08:25,0
BxVJu5Cu3SBv6k6JEotw3-07:00:00,SYN_109742,22,07:08:30,07:08:45,0
BxVJu5Cu3SBv6k6JEotw3-07:00:00,SYN_109743,23,07:08:50,07:09:05,0
BxVJu5Cu3SBv6k6JEotw3-07:00:00,SYN_109744,24,07:09:10,07:09:25,0
BxVJu5Cu3SBv6k6JEotw3-07:00:00,SYN_109745,25,07:09:30,07:09:45,0
BxVJu5Cu3SBv6k6JEotw3-07:00:00,SYN_109746,26,07:09:50,07:10:05,0
BxVJu5Cu3SBv6k6JEotw3-07:00:00,SYN_109747,27,07:10:10,07:10:25,0
BxVJu5Cu3SBv6k6JEotw3-07:00:00,SYN_109748,28,07:10:30,07:10:45,0
BxVJu5Cu3SBv6k6JEotw3-07:00:00,SYN_109749,29,07:10:50,07:11:05,0
BxVJu5Cu3SBv6k6JEotw3-07:00:00,SYN_109750,30,07:11:10,07:11:25,0
BxVJu5Cu3SBv6k6JEotw3-07:00:00,SYN_109751,31,07:11:30,07:11:45,0
BxVJu5Cu3SBv6k6JEotw3-07:00:00,SYN_109752,32,07:11:50,07:12:05,0
BxVJu5Cu3SBv6k6JEotw3-07:00:00,SYN_109753,33,07:12:10,07:12:25,0
BxVJu5Cu3SBv6k6JEotw3-07:00:00,SYN_109754,34,07:12:30,07:12:45,0
BxVJu5Cu3SBv6k6JEotw3-07:00:00,SYN_109755,35,07:12:50,07:13:05,0
BxVJu5Cu3SBv6k6JEotw3-07:00:00,SYN_109756,36,07:13:09,07:13:24,0
BxVJu5Cu3SBv6k6JEotw3-07:00:00,SYN_109757,37,07:13:29,07:13:44,0
BxVJu5Cu3SBv6k6JEotw3-07:00:00,SYN_109758,38,07:13:49,07:14:04,0
BxVJu5Cu3SBv6k6JEotw3-07:00:00,SYN_109759,39,07:14:09,07:14:24,0
BxVJu5Cu3SBv6k6JEotw3-07:00:00,SYN_109760,40,07:14:29,07:14:44,0
BxVJu5Cu3SBv6k6JEotw3-07:00:00,SYN_109761,41,07:14:49,07:15:04,0
BxVJu5Cu3SBv6k6JEotw3-07:00:00,SYN_109762,42,07:15:09,07:15:24,0
BxVJu5Cu3SBv6k6JEotw3-07:00:00,SYN_109763,43,07:15:29,07:15:44,0
BxVJu5Cu3SBv6k6JEotw3-07:00:00,SYN_109764,44,07:15:49,07:16:04,0
BxVJu5Cu3SBv6k6JEotw3-07:00:00,SYN_109765,45,07:16:09,07:16:24,0
BxVJu5Cu3SBv6k6JEotw3-07:00:00,SYN_109766,46,07:16:29,07:16:44,0
BxVJu5Cu3SBv6k6JEotw3-07:00:00,SYN_109767,47,07:16:49,07:17:04,0
BxVJu5Cu3SBv6k6JEotw3-07:00:00,SYN_109768,48,07:17:09,07:17:24,0
BxVJu5Cu3SBv6k6JEotw3-07:00:00,SYN_109769,49,07:17:29,07:17:44,0
BxVJu5Cu3SBv6k6JEotw3-07:00:00,SYN_109770,50,07:17:49,07:18:04,0
BxVJu5Cu3SBv6k6JEotw3-07:00:00,SYN_109771,51,07:18:09,07:18:24,0
BxVJu5Cu3SBv6k6JEotw3-07:00:00,SYN_109772,52,07:18:29,07:18:44,0
BxVJu5Cu3SBv6k6JEotw3-07:00:00,SYN_109773,53,07:18:49,07:19:04,0
BxVJu5Cu3SBv6k6JEotw3-07:00:00,SYN_109774,54,07:19:09,07:19:24,0
BxVJu5Cu3SBv6k6JEotw3-07:00:00,SYN_109775,55,07:19:29,07:19:44,0
BxVJu5Cu3SBv6k6JEotw3-07:00:00,SYN_109776,56,07:19:49,07:20:04,0
BxVJu5Cu3SBv6k6JEotw3-07:00:00,SYN_109777,57,07:20:09,07:20:24,0
BxVJu5Cu3SBv6k6JEotw3-07:00:00,SYN_109778,58,07:20:29,07:20:44,0
BxVJu5Cu3SBv6k6JEotw3-07:00:00,SYN_109779,59,07:20:49,07:21:04,0
BxVJu5Cu3SBv6k6JEotw3-07:00:00,SYN_109780,60,07:21:09,07:21:24,0
BxVJu5Cu3SBv6k6JEotw3-07:00:00,SYN_109781,61,07:21:29,07:21:44,0
BxVJu5Cu3SBv6k6JEotw3-07:00:00,SYN_109782,62,07:21:49,07:22:04,0
BxVJu5Cu3SBv6k6JEotw3-07:00:00,SYN_109783,63,07:22:09,07:22:24,0
BxVJu5Cu3SBv6k6JEotw3-07:00:00,SYN_109784,64,07:22:29,07:22:44,0
BxVJu5Cu3SBv6k6JEotw3-07:00:00,SYN_109785,65,07:22:48,07:23:03,0
BxVJu5Cu3SBv6k6JEotw3-07:00:00,SYN_109786,66,07:23:08,07:23:23,0
BxVJu5Cu3SBv6k6JEotw3-07:00:00,SYN_109787,67,07:23:28,07:23:43,0
BxVJu5Cu3SBv6k6JEotw3-07:00:00,SYN_109788,68,07:23:48,07:24:03,0
BxVJu5Cu3SBv6k6JEotw3-07:00:00,SYN_109789,69,07:24:08,07:24:23,0
BxVJu5Cu3SBv6k6JEotw3-07:00:00,SYN_109790,70,07:24:28,07:24:43,0
BxVJu5Cu3SBv6k6JEotw3-07:00:00,SYN_109791,71,07:24:48,07:25:03,0
BxVJu5Cu3SBv6k6JEotw3-07:00:00,SYN_109792,72,07:25:08,07:25:23,0
BxVJu5Cu3SBv6k6JEotw3-07:00:00,SYN_109793,73,07:25:28,07:25:43,0
BxVJu5Cu3SBv6k6JEotw3-07:00:00,SYN_109794,74,07:25:48,07:26:03,0
BxVJu5Cu3SBv6k6JEotw3-07:00:00,SYN_109795,75,07:26:08,07:26:23,0
BxVJu5Cu3SBv6k6JEotw3-07:00:00,SYN_109796,76,07:26:28,07:26:43,0
BxVJu5Cu3SBv6k6JEotw3-07:00:00,SYN_109797,77,07:26:48,07:27:03,0
BxVJu5Cu3SBv6k6JEotw3-07:00:00,SYN_109798,78,07:27:08,07:27:23,0
BxVJu5Cu3SBv6k6JEotw3-07:00:00,SYN_109799,79,07:27:28,07:27:43,0
BxVJu5Cu3SBv6k6JEotw3-07:00:00,SYN_109800,80,07:27:48,07:28:03,0
BxVJu5Cu3SBv6k6JEotw3-07:00:00,SYN_109801,81,07:28:08,07:28:23,0
BxVJu5Cu3SBv6k6JEotw3-07:00:00,SYN_109802,82,07:28:28,07:28:43,0
BxVJu5Cu3SBv6k6JEotw3-07:00:00,SYN_109803,83,07:28:48,07:29:03,0
BxVJu5Cu3SBv6k6JEotw3-07:00:00,SYN_109804,84,07:29:08,07:29:23,0
BxVJu5Cu3SBv6k6JEotw3-07:00:00,SYN_109805,85,07:29:28,07:29:43,0
BxVJu5Cu3SBv6k6JEotw3-07:00:00,SYN_109806,86,07:29:48,07:30:03,0
BxVJu5Cu3SBv6k6JEotw3-07:00:00,SYN_109807,87,07:30:08,07:30:23,0
BxVJu5Cu3SBv6k6JEotw3-07:00:00,SYN_109808,88,07:30:28,07:30:43,0
BxVJu5Cu3SBv6k6JEotw3-07:00:00,SYN_109809,89,07:30:48,07:31:03,0
BxVJu5Cu3SBv6k6JEotw3-07:00:00,SYN_109810,90,07:31:08,07:31:23,0
BxVJu5Cu3SBv6k6JEotw3-07:00:00,SYN_109811,91,07:31:28,07:31:43,0
BxVJu5Cu3SBv6k6JEotw3-07:00:00,SYN_109812,92,07:31:48,07:32:03,0
BxVJu5Cu3SBv6k6JEotw3-07:00:00,SYN_109813,93,07:32:08,07:32:23,0
BxVJu5Cu3SBv6k6JEotw3-07:00:00,SYN_109814,94,07:32:27,07:32:42,0
BxVJu5Cu3SBv6k6JEotw3-07:00:00,SYN_109815,95,07:32:47,07:33:02,0
BxVJu5Cu3SBv6k6JEotw3-07:00:00,SYN_109816,96,07:33:07,07:33:22,0
BxVJu5Cu3SBv6k6JEotw3-07:00:00,SYN_109817,97,07:33:27,07:33:42,0
BxVJu5Cu3SBv6k6JEotw3-07:00:00,SYN_109818,98,07:33:47,07:34:02,0
BxVJu5Cu3SBv6k6JEotw3-07:00:00,SYN_109819,99,07:34:07,07:34:22,0
BxVJu5Cu3SBv6k6JEotw3-07:00:00,SYN_109820,100,07:34:27,07:34:42,0
BxVJu5Cu3SBv6k6JEotw3-07:00:00,SYN_109821,101,07:34:47,07:35:02,0
BxVJu5Cu3SBv6k6JEotw3-07:00:00,SYN_109822,102,07:35:07,07:35:22,0
BxVJu5Cu3SBv6k6JEotw3-07:00:00,SYN_109823,103,07:35:27,07:35:42,0
BxVJu5Cu3SBv6k6JEotw3-07:00:00,SYN_109824,104,07:35:47,07:36:02,0
BxVJu5Cu3SBv6k6JEotw3-07:00:00,SYN_109825,105,07:36:07,07:36:22,0
BxVJu5Cu3SBv6k6JEotw3-07:00:00,SYN_109826,106,07:36:27,07:36:42,0
BxVJu5Cu3SBv6k6JEotw3-07:00:00,SYN_109827,107,07:36:47,07:37:02,0
BxVJu5Cu3SBv6k6JEotw3-07:00:00,SYN_109828,108,07:37:07,07:37:22,0
BxVJu5Cu3SBv6k6JEotw3-07:00:00,SYN_109829,109,07:37:27,07:37:42,0
BxVJu5Cu3SBv6k6JEotw3-07:00:00,SYN_109830,110,07:37:47,07:38:02,0
BxVJu5Cu3SBv6k6JEotw3-07:00:00,SYN_109831,111,07:38:07,07:38:22,0
BxVJu5Cu3SBv6k6JEotw3-07:00:00,SYN_109832,112,07:38:27,07:38:42,0
BxVJu5Cu3SBv6k6JEotw3-07:00:00,SYN_109833,113,07:38:47,07:39:02,0
BxVJu5Cu3SBv6k6JEotw3-07:00:00,SYN_109834,114,07:39:07,07:39:22,0
BxVJu5Cu3SBv6k6JEotw3-07:00:00,SYN_109835,115,07:39:36,07:39:51,0
BxVJu5Cu3SBv6k6JEotw3-07:00:00,SYN_109836,116,07:40:09,07:40:24,0
BxVJu5Cu3SBv6k6JEotw3-07:00:00,SYN_109837,117,07:40:42,07:40:57,0
BxVJu5Cu3SBv6k6JEotw3-07:00:00,SYN_109838,118,07:41:08,07:41:23,0
BxVJu5Cu3SBv6k6JEotw3-07:00:00,SYN_109839,119,07:41:21,07:41:36,0
BxVJu5Cu3SBv6k6JEotw3-07:00:00,SYN_109840,120,07:41:35,07:41:50,0
BxVJu5Cu3SBv6k6JEotw3-07:00:00,SYN_109841,121,07:41:49,07:42:04,0
BxVJu5Cu3SBv6k6JEotw3-07:00:00,SYN_109842,122,07:42:02,07:42:17,0
BxVJu5Cu3SBv6k6JEotw3-07:00:00,SYN_109843,123,07:43:16,07:43:31,0
BxVJu5Cu3SBv6k6JEotw3-07:00:00,SYN_109844,124,07:43:46,07:44:01,0
BxVJu5Cu3SBv6k6JEotw3-07:00:00,SYN_109845,125,07:44:17,07:44:32,0
BxVJu5Cu3SBv6k6JEotw3-07:00:00,SYN_109846,126,07:44:49,07:45:04,0
BxVJu5Cu3SBv6k6JEotw3-07:00:00,SYN_109847,127,07:45:14,07:45:29,0
BxVJu5Cu3SBv6k6JEotw3-07:00:00,SYN_109848,128,07:45:33,07:45:48,0
BxVJu5Cu3SBv6k6JEotw3-07:00:00,SYN_109849,129,07:45:52,07:46:07,0
BxVJu5Cu3SBv6k6JEotw3-07:00:00,SYN_109850,130,07:46:11,07:46:26,0
BxVJu5Cu3SBv6k6JEotw3-07:00:00,SYN_109851,131,07:46:30,07:46:45,0
BxVJu5Cu3SBv6k6JEotw3-07:00:00,SYN_109852,132,07:46:49,07:47:04,0
BxVJu5Cu3SBv6k6JEotw3-07:00:00,SYN_109853,133,07:47:08,07:47:23,0
BxVJu5Cu3SBv6k6JEotw3-07:00:00,SYN_109854,134,07:48:51,07:49:06,0
BxVJu5Cu3SBv6k6JEotw3-07:00:00,SYN_109855,135,07:50:17,07:50:32,0
BxVJu5Cu3SBv6k6JEotw3-07:00:00,SYN_109856,136,07:50:47,07:51:02,0
BxVJu5Cu3SBv6k6JEotw3-07:00:00,SYN_109857,137,07:51:18,07:51:33,0
BxVJu5Cu3SBv6k6JEotw3-07:00:00,SYN_109858,138,07:51:49,07:52:04,0
znJ4UDxPXmPvAbkcg1zot-07:00:00,SYN_109861,0,07:00:12,07:00:27,0
znJ4UDxPXmPvAbkcg1zot-07:00:00,SYN_109862,1,07:00:31,07:00:46,0
znJ4UDxPXmPvAbkcg1zot-07:00:00,SYN_109863,2,07:00:50,07:01:05,0
znJ4UDxPXmPvAbkcg1zot-07:00:00,SYN_109864,3,07:01:09,07:01:24,0
znJ4UDxPXmPvAbkcg1zot-07:00:00,SYN_109865,4,07:01:27,07:01:42,0
znJ4UDxPXmPvAbkcg1zot-07:00:00,SYN_109866,5,07:01:46,07:02:01,0
znJ4UDxPXmPvAbkcg1zot-07:00:00,SYN_109867,6,07:02:05,07:02:20,0
znJ4UDxPXmPvAbkcg1zot-07:00:00,SYN_109868,7,07:02:24,07:02:39,0
znJ4UDxPXmPvAbkcg1zot-07:00:00,SYN_109869,8,07:02:43,07:02:58,0
znJ4UDxPXmPvAbkcg1zot-07:00:00,SYN_109870,9,07:03:01,07:03:16,0
znJ4UDxPXmPvAbkcg1zot-07:00:00,SYN_109871,10,07:03:20,07:03:35,0
znJ4UDxPXmPvAbkcg1zot-07:00:00,SYN_109872,11,07:03:39,07:03:54,0
znJ4UDxPXmPvAbkcg1zot-07:00:00,SYN_109873,12,07:03:53,07:04:08,0
znJ4UDxPXmPvAbkcg1zot-07:00:00,SYN_109874,13,07:04:02,07:04:17,0
znJ4UDxPXmPvAbkcg1zot-07:00:00,SYN_109875,14,07:04:12,07:04:27,0
znJ4UDxPXmPvAbkcg1zot-07:00:00,SYN_109876,15,07:04:21,07:04:36,0
znJ4UDxPXmPvAbkcg1zot-07:00:00,SYN_109877,16,07:04:31,07:04:46,0
znJ4UDxPXmPvAbkcg1zot-07:00:00,SYN_109878,17,07:04:41,07:04:56,0
znJ4UDxPXmPvAbkcg1zot-07:00:00,SYN_109879,18,07:04:50,07:05:05,0
znJ4UDxPXmPvAbkcg1zot-07:00:00,SYN_109880,19,07:05:00,07:05:15,0
znJ4UDxPXmPvAbkcg1zot-07:00:00,SYN_109881,20,07:05:09,07:05:24,0
znJ4UDxPXmPvAbkcg1zot-07:00:00,SYN_109882,21,07:05:19,07:05:34,0
znJ4UDxPXmPvAbkcg1zot-07:00:00,SYN_109883,22,07:05:28,07:05:43,0
znJ4UDxPXmPvAbkcg1zot-07:00:00,SYN_109884,23,07:05:38,07:05:53,0
znJ4UDxPXmPvAbkcg1zot-07:00:00,SYN_109885,24,07:05:47,07:06:02,0
znJ4UDxPXmPvAbkcg1zot-07:00:00,SYN_109886,25,07:05:57,07:06:12,0
znJ4UDxPXmPvAbkcg1zot-07:00:00,SYN_109887,26,07:06:07,07:06:22,0
znJ4UDxPXmPvAbkcg1zot-07:00:00,SYN_109888,27,07:06:16,07:06:31,0
znJ4UDxPXmPvAbkcg1zot-07:00:00,SYN_109889,28,07:06:26,07:06:41,0
znJ4UDxPXmPvAbkcg1zot-07:00:00,SYN_109890,29,07:06:35,07:06:50,0
znJ4UDxPXmPvAbkcg1zot-07:00:00,SYN_109891,30,07:06:45,07:07:00,0
znJ4UDxPXmPvAbkcg1zot-07:00:00,SYN_109892,31,07:06:54,07:07:09,0
znJ4UDxPXmPvAbkcg1zot-07:00:00,SYN_109893,32,07:07:04,07:07:19,0
znJ4UDxPXmPvAbkcg1zot-07:00:00,SYN_109894,33,07:07:13,07:07:28,0
znJ4UDxPXmPvAbkcg1zot-07:00:00,SYN_109895,34,07:07:23,07:07:38,0
znJ4UDxPXmPvAbkcg1zot-07:00:00,SYN_109896,35,07:07:33,07:07:48,0
znJ4UDxPXmPvAbkcg1zot-07:00:00,SYN_109897,36,07:07:42,07:07:57,0
znJ4UDxPXmPvAbkcg1zot-07:00:00,SYN_109898,37,07:07:52,07:08:07,0
znJ4UDxPXmPvAbkcg1zot-07:00:00,SYN_109899,38,07:08:01,07:08:16,0
znJ4UDxPXmPvAbkcg1zot-07:00:00,SYN_109900,39,07:08:11,07:08:26,0
znJ4UDxPXmPvAbkcg1zot-07:00:00,SYN_109901,40,07:08:20,07:08:35,0
znJ4UDxPXmPvAbkcg1zot-07:00:00,SYN_109902,41,07:08:30,07:08:45,0
znJ4UDxPXmPvAbkcg1zot-07:00:00,SYN_109903,42,07:08:40,07:08:55,0
znJ4UDxPXmPvAbkcg1zot-07:00:00,SYN_109904,43,07:08:49,07:09:04,0
znJ4UDxPXmPvAbkcg1zot-07:00:00,SYN_109905,44,07:08:59,07:09:14,0
znJ4UDxPXmPvAbkcg1zot-07:00:00,SYN_109906,45,07:09:08,07:09:23,0
znJ4UDxPXmPvAbkcg1zot-07:00:00,SYN_109907,46,07:09:18,07:09:33,0
znJ4UDxPXmPvAbkcg1zot-07:00:00,SYN_109908,47,07:09:27,07:09:42,0
znJ4UDxPXmPvAbkcg1zot-07:00:00,SYN_109909,48,07:09:37,07:09:52,0
znJ4UDxPXmPvAbkcg1zot-07:00:00,SYN_109910,49,07:09:46,07:10:01,0
znJ4UDxPXmPvAbkcg1zot-07:00:00,SYN_109911,50,07:09:56,07:10:11,0
znJ4UDxPXmPvAbkcg1zot-07:00:00,SYN_109912,51,07:10:06,07:10:21,0
znJ4UDxPXmPvAbkcg1zot-07:00:00,SYN_109913,52,07:10:15,07:10:30,0
znJ4UDxPXmPvAbkcg1zot-07:00:00,SYN_109914,53,07:10:25,07:10:40,0
znJ4UDxPXmPvAbkcg1zot-07:00:00,SYN_109915,54,07:10:34,07:10:49,0
znJ4UDxPXmPvAbkcg1zot-07:00:00,SYN_109916,55,07:10:44,07:10:59,0
znJ4UDxPXmPvAbkcg1zot-07:00:00,SYN_109917,56,07:10:53,07:11:08,0
znJ4UDxPXmPvAbkcg1zot-07:00:00,SYN_109918,57,07:11:03,07:11:18,0
znJ4UDxPXmPvAbkcg1zot-07:00:00,SYN_109919,58,07:11:12,07:11:27,0
znJ4UDxPXmPvAbkcg1zot-07:00:00,SYN_109920,59,07:11:22,07:11:37,0
znJ4UDxPXmPvAbkcg1zot-07:00:00,SYN_109921,60,07:11:32,07:11:47,0
znJ4UDxPXmPvAbkcg1zot-07:00:00,SYN_109922,61,07:11:41,07:11:56,0
znJ4UDxPXmPvAbkcg1zot-07:00:00,SYN_109923,62,07:11:51,07:12:06,0
znJ4UDxPXmPvAbkcg1zot-07:00:00,SYN_109924,63,07:12:00,07:12:15,0
znJ4UDxPXmPvAbkcg1zot-07:00:00,SYN_109925,64,07:12:10,07:12:25,0
znJ4UDxPXmPvAbkcg1zot-07:00:00,SYN_109926,65,07:12:19,07:12:34,0
znJ4UDxPXmPvAbkcg1zot-07:00:00,SYN_109927,66,07:12:29,07:12:44,0
znJ4UDxPXmPvAbkcg1zot-07:00:00,SYN_109928,67,07:12:38,07:12:53,0
znJ4UDxPXmPvAbkcg1zot-07:00:00,SYN_109929,68,07:12:48,07:13:03,0
znJ4UDxPXmPvAbkcg1zot-07:00:00,SYN_109930,69,07:12:58,07:13:13,0
znJ4UDxPXmPvAbkcg1zot-07:00:00,SYN_109931,70,07:13:07,07:13:22,0
znJ4UDxPXmPvAbkcg1zot-07:00:00,SYN_109932,71,07:13:17,07:13:32,0
znJ4UDxPXmPvAbkcg1zot-07:00:00,SYN_109933,72,07:13:26,07:13:41,0
znJ4UDxPXmPvAbkcg1zot-07:00:00,SYN_109934,73,07:13:36,07:13:51,0
znJ4UDxPXmPvAbkcg1zot-07:00:00,SYN_109935,74,07:13:45,07:14:00,0
znJ4UDxPXmPvAbkcg1zot-07:00:00,SYN_109936,75,07:13:55,07:14:10,0
znJ4UDxPXmPvAbkcg1zot-07:00:00,SYN_109937,76,07:14:05,07:14:20,0
znJ4UDxPXmPvAbkcg1zot-07:00:00,SYN_109938,77,07:14:14,07:14:29,0
znJ4UDxPXmPvAbkcg1zot-07:00:00,SYN_109939,78,07:14:24,07:14:39,0
znJ4UDxPXmPvAbkcg1zot-07:00:00,SYN_109940,79,07:14:33,07:14:48,0
znJ4UDxPXmPvAbkcg1zot-07:00:00,SYN_109941,80,07:14:43,07:14:58,0
znJ4UDxPXmPvAbkcg1zot-07:00:00,SYN_109942,81,07:14:52,07:15:07,0
znJ4UDxPXmPvAbkcg1zot-07:00:00,SYN_109943,82,07:15:02,07:15:17,0
znJ4UDxPXmPvAbkcg1zot-07:00:00,SYN_109944,83,07:15:11,07:15:26,0
znJ4UDxPXmPvAbkcg1zot-07:00:00,SYN_109945,84,07:15:21,07:15:36,0
znJ4UDxPXmPvAbkcg1zot-07:00:00,SYN_109946,85,07:15:31,07:15:46,0
znJ4UDxPXmPvAbkcg1zot-07:00:00,SYN_109947,86,07:15:40,07:15:55,0
znJ4UDxPXmPvAbkcg1zot-07:00:00,SYN_109948,87,07:15:50,07:16:05,0
znJ4UDxPXmPvAbkcg1zot-07:00:00,SYN_109949,88,07:15:59,07:16:14,0
znJ4UDxPXmPvAbkcg1zot-07:00:00,SYN_109950,89,07:16:09,07:16:24,0
znJ4UDxPXmPvAbkcg1zot-07:00:00,SYN_109951,90,07:16:18,07:16:33,0
znJ4UDxPXmPvAbkcg1zot-07:00:00,SYN_109952,91,07:16:28,07:16:43,0
znJ4UDxPXmPvAbkcg1zot-07:00:00,SYN_109953,92,07:16:37,07:16:52,0
znJ4UDxPXmPvAbkcg1zot-07:00:00,SYN_109954,93,07:16:47,07:17:02,0
znJ4UDxPXmPvAbkcg1zot-07:00:00,SYN_109955,94,07:16:57,07:17:12,0
znJ4UDxPXmPvAbkcg1zot-07:00:00,SYN_109956,95,07:17:06,07:17:21,0
znJ4UDxPXmPvAbkcg1zot-07:00:00,SYN_109957,96,07:17:16,07:17:31,0
znJ4UDxPXmPvAbkcg1zot-07:00:00,SYN_109958,97,07:17:25,07:17:40,0
znJ4UDxPXmPvAbkcg1zot-07:00:00,SYN_109959,98,07:17:35,07:17:50,0
znJ4UDxPXmPvAbkcg1zot-07:00:00,SYN_109960,99,07:17:44,07:17:59,0
znJ4UDxPXmPvAbkcg1zot-07:00:00,SYN_109961,100,07:17:54,07:18:09,0
znJ4UDxPXmPvAbkcg1zot-07:00:00,SYN_109962,101,07:18:04,07:18:19,0
znJ4UDxPXmPvAbkcg1zot-07:00:00,SYN_109963,102,07:18:13,07:18:28,0
znJ4UDxPXmPvAbkcg1zot-07:00:00,SYN_109964,103,07:18:23,07:18:38,0
znJ4UDxPXmPvAbkcg1zot-07:00:00,SYN_109965,104,07:18:32,07:18:47,0
znJ4UDxPXmPvAbkcg1zot-07:00:00,SYN_109966,105,07:18:42,07:18:57,0
znJ4UDxPXmPvAbkcg1zot-07:00:00,SYN_109967,106,07:18:51,07:19:06,0
znJ4UDxPXmPvAbkcg1zot-07:00:00,SYN_109968,107,07:19:01,07:19:16,0
znJ4UDxPXmPvAbkcg1zot-07:00:00,SYN_109969,108,07:19:10,07:19:25,0
znJ4UDxPXmPvAbkcg1zot-07:00:00,SYN_109970,109,07:19:20,07:19:35,0
znJ4UDxPXmPvAbkcg1zot-07:00:00,SYN_109971,110,07:19:30,07:19:45,0
znJ4UDxPXmPvAbkcg1zot-07:00:00,SYN_109972,111,07:19:39,07:19:54,0
znJ4UDxPXmPvAbkcg1zot-07:00:00,SYN_109973,112,07:19:49,07:20:04,0
znJ4UDxPXmPvAbkcg1zot-07:00:00,SYN_109974,113,07:19:58,07:20:13,0
znJ4UDxPXmPvAbkcg1zot-07:00:00,SYN_109975,114,07:20:08,07:20:23,0
znJ4UDxPXmPvAbkcg1zot-07:00:00,SYN_109976,115,07:20:17,07:20:32,0
znJ4UDxPXmPvAbkcg1zot-07:00:00,SYN_109977,116,07:20:27,07:20:42,0
znJ4UDxPXmPvAbkcg1zot-07:00:00,SYN_109978,117,07:20:36,07:20:51,0
znJ4UDxPXmPvAbkcg1zot-07:00:00,SYN_109979,118,07:20:46,07:21:01,0
znJ4UDxPXmPvAbkcg1zot-07:00:00,SYN_109980,119,07:20:56,07:21:11,0
znJ4UDxPXmPvAbkcg1zot-07:00:00,SYN_109981,120,07:21:05,07:21:20,0
znJ4UDxPXmPvAbkcg1zot-07:00:00,SYN_109982,121,07:21:22,07:21:37,0
znJ4UDxPXmPvAbkcg1zot-07:00:00,SYN_109983,122,07:21:42,07:21:57,0
znJ4UDxPXmPvAbkcg1zot-07:00:00,SYN_109984,123,07:22:02,07:22:17,0
znJ4UDxPXmPvAbkcg1zot-07:00:00,SYN_109985,124,07:22:23,07:22:38,0
znJ4UDxPXmPvAbkcg1zot-07:00:00,SYN_109986,125,07:22:43,07:22:58,0
znJ4UDxPXmPvAbkcg1zot-07:00:00,SYN_109987,126,07:23:03,07:23:18,0
znJ4UDxPXmPvAbkcg1zot-07:00:00,SYN_109988,127,07:23:24,07:23:39,0
znJ4UDxPXmPvAbkcg1zot-07:00:00,SYN_109989,128,07:23:44,07:23:59,0
znJ4UDxPXmPvAbkcg1zot-07:00:00,SYN_109990,129,07:24:09,07:24:24,0
znJ4UDxPXmPvAbkcg1zot-07:00:00,SYN_109991,130,07:24:43,07:24:58,0
znJ4UDxPXmPvAbkcg1zot-07:00:00,SYN_109992,131,07:25:17,07:25:32,0
znJ4UDxPXmPvAbkcg1zot-07:00:00,SYN_109993,132,07:25:51,07:26:06,0
znJ4UDxPXmPvAbkcg1zot-07:00:00,SYN_109994,133,07:26:24,07:26:39,0
znJ4UDxPXmPvAbkcg1zot-07:00:00,SYN_109995,134,07:26:58,07:27:13,0
znJ4UDxPXmPvAbkcg1zot-07:00:00,SYN_109996,135,07:27:30,07:27:45,0
znJ4UDxPXmPvAbkcg1zot-07:00:00,SYN_109997,136,07:28:01,07:28:16,0
znJ4UDxPXmPvAbkcg1zot-07:00:00,SYN_109998,137,07:28:35,07:28:50,0
znJ4UDxPXmPvAbkcg1zot-07:00:00,SYN_109999,138,07:29:15,07:29:30,0
znJ4UDxPXmPvAbkcg1zot-07:00:00,SYN_110000,139,07:29:54,07:30:09,0
znJ4UDxPXmPvAbkcg1zot-07:00:00,SYN_110001,140,07:30:34,07:30:49,0
znJ4UDxPXmPvAbkcg1zot-07:00:00,SYN_110002,141,07:31:14,07:31:29,0
znJ4UDxPXmPvAbkcg1zot-07:00:00,SYN_110003,142,07:31:53,07:32:08,0
znJ4UDxPXmPvAbkcg1zot-07:00:00,SYN_110004,143,07:32:33,07:32:48,0
znJ4UDxPXmPvAbkcg1zot-07:00:00,SYN_110005,144,07:33:12,07:33:27,0
znJ4UDxPXmPvAbkcg1zot-07:00:00,SYN_110006,145,07:33:52,07:34:07,0
znJ4UDxPXmPvAbkcg1zot-07:00:00,SYN_110007,146,07:36:50,07:37:05,0
znJ4UDxPXmPvAbkcg1zot-07:00:00,SYN_110008,147,07:37:22,07:37:37,0
znJ4UDxPXmPvAbkcg1zot-07:00:00,SYN_110009,148,07:37:53,07:38:08,0
znJ4UDxPXmPvAbkcg1zot-07:00:00,SYN_110010,149,07:38:09,07:38:24,0
znJ4UDxPXmPvAbkcg1zot-07:00:00,SYN_110011,150,07:38:25,07:38:40,0
znJ4UDxPXmPvAbkcg1zot-07:00:00,SYN_110012,151,07:38:41,07:38:56,0
znJ4UDxPXmPvAbkcg1zot-07:00:00,SYN_110013,152,07:38:57,07:39:12,0
znJ4UDxPXmPvAbkcg1zot-07:00:00,SYN_110014,153,07:39:14,07:39:29,0
znJ4UDxPXmPvAbkcg1zot-07:00:00,SYN_110015,154,07:39:30,07:39:45,0
znJ4UDxPXmPvAbkcg1zot-07:00:00,SYN_110016,155,07:39:46,07:40:01,0
znJ4UDxPXmPvAbkcg1zot-07:00:00,SYN_110017,156,07:40:02,07:40:17,0
znJ4UDxPXmPvAbkcg1zot-07:00:00,SYN_110018,157,07:40:33,07:40:48,0
znJ4UDxPXmPvAbkcg1zot-07:00:00,SYN_110019,158,07:41:14,07:41:29,0
znJ4UDxPXmPvAbkcg1zot-07:00:00,SYN_110020,159,07:41:40,07:41:55,0
znJ4UDxPXmPvAbkcg1zot-07:00:00,SYN_110021,160,07:42:07,07:42:22,0
znJ4UDxPXmPvAbkcg1zot-07:00:00,SYN_110022,161,07:43:35,07:43:50,0
znJ4UDxPXmPvAbkcg1zot-07:00:00,SYN_110023,162,07:45:06,07:45:21,0
_roD5BmPMzsusHgRuqc29-07:00:00,SYN_110024,0,07:00:18,07:00:33,0
_roD5BmPMzsusHgRuqc29-07:00:00,SYN_110025,1,07:00:36,07:00:51,0
_roD5BmPMzsusHgRuqc29-07:00:00,SYN_110026,2,07:00:54,07:01:09,0
_roD5BmPMzsusHgRuqc29-07:00:00,SYN_110027,3,07:01:12,07:01:27,0
_roD5BmPMzsusHgRuqc29-07:00:00,SYN_110028,4,07:01:30,07:01:45,0
_roD5BmPMzsusHgRuqc29-07:00:00,SYN_110029,5,07:01:49,07:02:04,0
_roD5BmPMzsusHgRuqc29-07:00:00,SYN_110030,6,07:02:11,07:02:26,0
_roD5BmPMzsusHgRuqc29-07:00:00,SYN_110031,7,07:02:36,07:02:51,0
_roD5BmPMzsusHgRuqc29-07:00:00,SYN_110032,8,07:03:00,07:03:15,0
_roD5BmPMzsusHgRuqc29-07:00:00,SYN_110033,9,07:03:24,07:03:39,0
_roD5BmPMzsusHgRuqc29-07:00:00,SYN_110034,10,07:03:49,07:04:04,0
_roD5BmPMzsusHgRuqc29-07:00:00,SYN_110035,11,07:04:11,07:04:26,0
_roD5BmPMzsusHgRuqc29-07:00:00,SYN_110036,12,07:04:33,07:04:48,0
_roD5BmPMzsusHgRuqc29-07:00:00,SYN_110037,13,07:04:55,07:05:10,0
_roD5BmPMzsusHgRuqc29-07:00:00,SYN_110038,14,07:05:18,07:05:33,0
_roD5BmPMzsusHgRuqc29-07:00:00,SYN_110039,15,07:05:41,07:05:56,0
_roD5BmPMzsusHgRuqc29-07:00:00,SYN_110040,16,07:06:04,07:06:19,0
_roD5BmPMzsusHgRuqc29-07:00:00,SYN_110041,17,07:06:28,07:06:43,0
_roD5BmPMzsusHgRuqc29-07:00:00,SYN_110042,18,07:06:51,07:07:06,0
_roD5BmPMzsusHgRuqc29-07:00:00,SYN_110043,19,07:07:12,07:07:27,0
_roD5BmPMzsusHgRuqc29-07:00:00,SYN_110044,20,07:07:32,07:07:47,0
_roD5BmPMzsusHgRuqc29-07:00:00,SYN_110045,21,07:07:53,07:08:08,0
_roD5BmPMzsusHgRuqc29-07:00:00,SYN_110046,22,07:08:13,07:08:28,0
_roD5BmPMzsusHgRuqc29-07:00:00,SYN_110047,23,07:08:34,07:08:49,0
_roD5BmPMzsusHgRuqc29-07:00:00,SYN_110048,24,07:08:55,07:09:10,0
_roD5BmPMzsusHgRuqc29-07:00:00,SYN_110049,25,07:09:15,07:09:30,0
_roD5BmPMzsusHgRuqc29-07:00:00,SYN_110050,26,07:09:36,07:09:51,0
_roD5BmPMzsusHgRuqc29-07:00:00,SYN_110051,27,07:09:56,07:10:11,0
_roD5BmPMzsusHgRuqc29-07:00:00,SYN_110052,28,07:10:17,07:10:32,0
_roD5BmPMzsusHgRuqc29-07:00:00,SYN_110053,29,07:10:39,07:10:54,0
_roD5BmPMzsusHgRuqc29-07:00:00,SYN_110054,30,07:11:00,07:11:15,0
_roD5BmPMzsusHgRuqc29-07:00:00,SYN_110055,31,07:11:21,07:11:36,0
_roD5BmPMzsusHgRuqc29-07:00:00,SYN_110056,32,07:11:42,07:11:57,0
_roD5BmPMzsusHgRuqc29-07:00:00,SYN_110057,33,07:12:04,07:12:19,0
_roD5BmPMzsusHgRuqc29-07:00:00,SYN_110058,34,07:12:25,07:12:40,0
_roD5BmPMzsusHgRuqc29-07:00:00,SYN_110059,35,07:12:46,07:13:01,0
_roD5BmPMzsusHgRuqc29-07:00:00,SYN_110060,36,07:13:07,07:13:22,0
_roD5BmPMzsusHgRuqc29-07:00:00,SYN_110061,37,07:13:29,07:13:44,0
_roD5BmPMzsusHgRuqc29-07:00:00,SYN_110062,38,07:13:50,07:14:05,0
_roD5BmPMzsusHgRuqc29-07:00:00,SYN_110063,39,07:14:11,07:14:26,0
_roD5BmPMzsusHgRuqc29-07:00:00,SYN_110064,40,07:14:31,07:14:46,0
_roD5BmPMzsusHgRuqc29-07:00:00,SYN_110065,41,07:14:52,07:15:07,0
_roD5BmPMzsusHgRuqc29-07:00:00,SYN_110066,42,07:15:13,07:15:28,0
_roD5BmPMzsusHgRuqc29-07:00:00,SYN_110067,43,07:15:34,07:15:49,0
_roD5BmPMzsusHgRuqc29-07:00:00,SYN_110068,44,07:15:54,07:16:09,0
_roD5BmPMzsusHgRuqc29-07:00:00,SYN_110069,45,07:16:15,07:16:30,0
_roD5BmPMzsusHgRuqc29-07:00:00,SYN_110070,46,07:16:36,07:16:51,0
_roD5BmPMzsusHgRuqc29-07:00:00,SYN_110071,47,07:16:57,07:17:12,0
_roD5BmPMzsusHgRuqc29-07:00:00,SYN_110072,48,07:17:17,07:17:32,0
_roD5BmPMzsusHgRuqc29-07:00:00,SYN_110073,49,07:17:38,07:17:53,0
_roD5BmPMzsusHgRuqc29-07:00:00,SYN_110074,50,07:17:59,07:18:14,0
_roD5BmPMzsusHgRuqc29-07:00:00,SYN_110075,51,07:18:20,07:18:35,0
_roD5BmPMzsusHgRuqc29-07:00:00,SYN_110076,52,07:18:40,07:18:55,0
_roD5BmPMzsusHgRuqc29-07:00:00,SYN_110077,53,07:19:01,07:19:16,0
_roD5BmPMzsusHgRuqc29-07:00:00,SYN_110078,54,07:19:22,07:19:37,0
_roD5BmPMzsusHgRuqc29-07:00:00,SYN_110079,55,07:19:43,07:19:58,0
_roD5BmPMzsusHgRuqc29-07:00:00,SYN_110080,56,07:20:03,07:20:18,0
_roD5BmPMzsusHgRuqc29-07:00:00,SYN_110081,57,07:20:24,07:20:39,0
_roD5BmPMzsusHgRuqc29-07:00:00,SYN_110082,58,07:20:45,07:21:00,0
_roD5BmPMzsusHgRuqc29-07:00:00,SYN_110083,59,07:21:05,07:21:20,0
_roD5BmPMzsusHgRuqc29-07:00:00,SYN_110084,60,07:21:26,07:21:41,0
_roD5BmPMzsusHgRuqc29-07:00:00,SYN_110085,61,07:21:46,07:22:01,0
_roD5BmPMzsusHgRuqc29-07:00:00,SYN_110086,62,07:22:07,07:22:22,0
_roD5BmPMzsusHgRuqc29-07:00:00,SYN_110087,63,07:22:27,07:22:42,0
_roD5BmPMzsusHgRuqc29-07:00:00,SYN_110088,64,07:22:47,07:23:02,0
_roD5BmPMzsusHgRuqc29-07:00:00,SYN_110089,65,07:23:08,07:23:23,0
_roD5BmPMzsusHgRuqc29-07:00:00,SYN_110090,66,07:23:28,07:23:43,0
_roD5BmPMzsusHgRuqc29-07:00:00,SYN_110091,67,07:23:49,07:24:04,0
_roD5BmPMzsusHgRuqc29-07:00:00,SYN_110092,68,07:24:09,07:24:24,0
_roD5BmPMzsusHgRuqc29-07:00:00,SYN_110093,69,07:24:29,07:24:44,0
_roD5BmPMzsusHgRuqc29-07:00:00,SYN_110094,70,07:24:50,07:25:05,0
_roD5BmPMzsusHgRuqc29-07:00:00,SYN_110095,71,07:25:10,07:25:25,0
_roD5BmPMzsusHgRuqc29-07:00:00,SYN_110096,72,07:25:31,07:25:46,0
_roD5BmPMzsusHgRuqc29-07:00:00,SYN_110097,73,07:25:51,07:26:06,0
_roD5BmPMzsusHgRuqc29-07:00:00,SYN_110098,74,07:26:11,07:26:26,0
_roD5BmPMzsusHgRuqc29-07:00:00,SYN_110099,75,07:26:32,07:26:47,0
_roD5BmPMzsusHgRuqc29-07:00:00,SYN_110100,76,07:26:52,07:27:07,0
_roD5BmPMzsusHgRuqc29-07:00:00,SYN_110101,77,07:27:13,07:27:28,0
_roD5BmPMzsusHgRuqc29-07:00:00,SYN_110102,78,07:27:33,07:27:48,0
_roD5BmPMzsusHgRuqc29-07:00:00,SYN_110103,79,07:27:53,07:28:08,0
_roD5BmPMzsusHgRuqc29-07:00:00,SYN_110104,80,07:28:14,07:28:29,0
_roD5BmPMzsusHgRuqc29-07:00:00,SYN_110105,81,07:28:34,07:28:49,0
_roD5BmPMzsusHgRuqc29-07:00:00,SYN_110106,82,07:28:54,07:29:09,0
_roD5BmPMzsusHgRuqc29-07:00:00,SYN_110107,83,07:29:15,07:29:30,0
_roD5BmPMzsusHgRuqc29-07:00:00,SYN_110108,84,07:29:35,07:29:50,0
_roD5BmPMzsusHgRuqc29-07:00:00,SYN_110109,85,07:29:56,07:30:11,0
_roD5BmPMzsusHgRuqc29-07:00:00,SYN_110110,86,07:30:16,07:30:31,0
_roD5BmPMzsusHgRuqc29-07:00:00,SYN_110111,87,07:30:36,07:30:51,0
_roD5BmPMzsusHgRuqc29-07:00:00,SYN_110112,88,07:30:43,07:30:58,0
_roD5BmPMzsusHgRuqc29-07:00:00,SYN_110113,89,07:30:46,07:31:01,0
_roD5BmPMzsusHgRuqc29-07:00:00,SYN_110114,90,07:30:50,07:31:05,0
_roD5BmPMzsusHgRuqc29-07:00:00,SYN_110115,91,07:30:54,07:31:09,0
_roD5BmPMzsusHgRuqc29-07:00:00,SYN_110116,92,07:30:57,07:31:12,0
_roD5BmPMzsusHgRuqc29-07:00:00,SYN_110117,93,07:31:01,07:31:16,0
_roD5BmPMzsusHgRuqc29-07:00:00,SYN_110118,94,07:31:04,07:31:19,0
_roD5BmPMzsusHgRuqc29-07:00:00,SYN_110119,95,07:31:08,07:31:23,0
_roD5BmPMzsusHgRuqc29-07:00:00,SYN_110120,96,07:31:12,07:31:27,0
_roD5BmPMzsusHgRuqc29-07:00:00,SYN_110121,97,07:31:15,07:31:30,0
_roD5BmPMzsusHgRuqc29-07:00:00,SYN_110122,98,07:31:19,07:31:34,0
_roD5BmPMzsusHgRuqc29-07:00:00,SYN_110123,99,07:31:23,07:31:38,0
_roD5BmPMzsusHgRuqc29-07:00:00,SYN_110124,100,07:31:26,07:31:41,0
_roD5BmPMzsusHgRuqc29-07:00:00,SYN_110125,101,07:31:30,07:31:45,0
_roD5BmPMzsusHgRuqc29-07:00:00,SYN_110126,102,07:31:34,07:31:49,0
_roD5BmPMzsusHgRuqc29-07:00:00,SYN_110127,103,07:31:37,07:31:52,0
_roD5BmPMzsusHgRuqc29-07:00:00,SYN_110128,104,07:31:41,07:31:56,0
_roD5BmPMzsusHgRuqc29-07:00:00,SYN_110129,105,07:31:44,07:31:59,0
_roD5BmPMzsusHgRuqc29-07:00:00,SYN_110130,106,07:31:48,07:32:03,0
_roD5BmPMzsusHgRuqc29-07:00:00,SYN_110131,107,07:31:52,07:32:07,0
_roD5BmPMzsusHgRuqc29-07:00:00,SYN_110132,108,07:31:55,07:32:10,0
_roD5BmPMzsusHgRuqc29-07:00:00,SYN_110133,109,07:31:59,07:32:14,0
_roD5BmPMzsusHgRuqc29-07:00:00,SYN_110134,110,07:32:03,07:32:18,0
_roD5BmPMzsusHgRuqc29-07:00:00,SYN_110135,111,07:32:06,07:32:21,0
_roD5BmPMzsusHgRuqc29-07:00:00,SYN_110136,112,07:32:10,07:32:25,0
_roD5BmPMzsusHgRuqc29-07:00:00,SYN_110137,113,07:32:14,07:32:29,0
_roD5BmPMzsusHgRuqc29-07:00:00,SYN_110138,114,07:32:17,07:32:32,0
_roD5BmPMzsusHgRuqc29-07:00:00,SYN_110139,115,07:32:21,07:32:36,0
_roD5BmPMzsusHgRuqc29-07:00:00,SYN_110140,116,07:32:24,07:32:39,0
_roD5BmPMzsusHgRuqc29-07:00:00,SYN_110141,117,07:32:28,07:32:43,0
_roD5BmPMzsusHgRuqc29-07:00:00,SYN_110142,118,07:32:32,07:32:47,0
_roD5BmPMzsusHgRuqc29-07:00:00,SYN_110143,119,07:32:35,07:32:50,0
_roD5BmPMzsusHgRuqc29-07:00:00,SYN_110144,120,07:32:39,07:32:54,0
_roD5BmPMzsusHgRuqc29-07:00:00,SYN_110145,121,07:32:43,07:32:58,0
_roD5BmPMzsusHgRuqc29-07:00:00,SYN_110146,122,07:32:46,07:33:01,0
_roD5BmPMzsusHgRuqc29-07:00:00,SYN_110147,123,07:32:50,07:33:05,0
_roD5BmPMzsusHgRuqc29-07:00:00,SYN_110148,124,07:38:46,07:39:01,0
_roD5BmPMzsusHgRuqc29-07:00:00,SYN_110149,125,07:38:25,07:38:40,0
_roD5BmPMzsusHgRuqc29-07:00:00,SYN_110150,126,07:38:05,07:38:20,0
_roD5BmPMzsusHgRuqc29-07:00:00,SYN_110151,127,07:37:44,07:37:59,0
_roD5BmPMzsusHgRuqc29-07:00:00,SYN_110152,128,07:37:23,07:37:38,0
_roD5BmPMzsusHgRuqc29-07:00:00,SYN_110153,129,07:37:03,07:37:18,0
_roD5BmPMzsusHgRuqc29-07:00:00,SYN_110154,130,07:36:42,07:36:57,0
_roD5BmPMzsusHgRuqc29-07:00:00,SYN_110155,131,07:36:22,07:36:37,0
_roD5BmPMzsusHgRuqc29-07:00:00,SYN_110156,132,07:36:01,07:36:16,0
_roD5BmPMzsusHgRuqc29-07:00:00,SYN_110157,133,07:35:41,07:35:56,0
_roD5BmPMzsusHgRuqc29-07:00:00,SYN_110158,134,07:35:20,07:35:35,0
_roD5BmPMzsusHgRuqc29-07:00:00,SYN_110159,135,07:34:59,07:35:14,0
_roD5BmPMzsusHgRuqc29-07:00:00,SYN_110160,136,07:34:39,07:34:54,0
_roD5BmPMzsusHgRuqc29-07:00:00,SYN_110161,137,07:34:18,07:34:33,0
_roD5BmPMzsusHgRuqc29-07:00:00,SYN_110162,138,07:33:58,07:34:13,0
_roD5BmPMzsusHgRuqc29-07:00:00,SYN_110163,139,07:47:21,07:47:36,0
_roD5BmPMzsusHgRuqc29-07:00:00,SYN_110164,140,07:47:53,07:48:08,0
_roD5BmPMzsusHgRuqc29-07:00:00,SYN_110165,141,07:48:25,07:48:40,0
_roD5BmPMzsusHgRuqc29-07:00:00,SYN_110166,142,07:48:57,07:49:12,0
_roD5BmPMzsusHgRuqc29-07:00:00,SYN_110167,143,07:49:29,07:49:44,0
_roD5BmPMzsusHgRuqc29-07:00:00,SYN_110168,144,07:50:01,07:50:16,0
_roD5BmPMzsusHgRuqc29-07:00:00,SYN_110169,145,07:50:33,07:50:48,0
_roD5BmPMzsusHgRuqc29-07:00:00,SYN_110170,146,07:51:05,07:51:20,0
_roD5BmPMzsusHgRuqc29-07:00:00,SYN_110171,147,07:51:37,07:51:52,0
o1-MNGEnaLwUnghnqO6JK-07:00:00,SYN_110172,0,07:00:40,07:00:55,0
o1-MNGEnaLwUnghnqO6JK-07:00:00,SYN_110173,1,07:01:39,07:01:54,0
o1-MNGEnaLwUnghnqO6JK-07:00:00,SYN_110174,2,07:02:28,07:02:43,0
o1-MNGEnaLwUnghnqO6JK-07:00:00,SYN_110175,3,07:03:07,07:03:22,0
o1-MNGEnaLwUnghnqO6JK-07:00:00,SYN_110176,4,07:03:47,07:04:02,0
o1-MNGEnaLwUnghnqO6JK-07:00:00,SYN_110177,5,07:04:26,07:04:41,0
o1-MNGEnaLwUnghnqO6JK-07:00:00,SYN_110178,6,07:05:05,07:05:20,0
o1-MNGEnaLwUnghnqO6JK-07:00:00,SYN_110179,7,07:05:44,07:05:59,0
o1-MNGEnaLwUnghnqO6JK-07:00:00,SYN_110180,8,07:06:21,07:06:36,0
o1-MNGEnaLwUnghnqO6JK-07:00:00,SYN_110181,9,07:06:51,07:07:06,0
o1-MNGEnaLwUnghnqO6JK-07:00:00,SYN_110182,10,07:07:21,07:07:36,0
o1-MNGEnaLwUnghnqO6JK-07:00:00,SYN_110183,11,07:07:52,07:08:07,0
o1-MNGEnaLwUnghnqO6JK-07:00:00,SYN_110184,12,07:08:22,07:08:37,0
o1-MNGEnaLwUnghnqO6JK-07:00:00,SYN_110185,13,07:08:53,07:09:08,0
o1-MNGEnaLwUnghnqO6JK-07:00:00,SYN_110186,14,07:09:23,07:09:38,0
o1-MNGEnaLwUnghnqO6JK-07:00:00,SYN_110187,15,07:09:54,07:10:09,0
o1-MNGEnaLwUnghnqO6JK-07:00:00,SYN_110188,16,07:10:24,07:10:39,0
o1-MNGEnaLwUnghnqO6JK-07:00:00,SYN_110189,17,07:10:51,07:11:06,0
o1-MNGEnaLwUnghnqO6JK-07:00:00,SYN_110190,18,07:11:18,07:11:33,0
o1-MNGEnaLwUnghnqO6JK-07:00:00,SYN_110191,19,07:11:43,07:11:58,0
o1-MNGEnaLwUnghnqO6JK-07:00:00,SYN_110192,20,07:12:03,07:12:18,0
o1-MNGEnaLwUnghnqO6JK-07:00:00,SYN_110193,21,07:12:24,07:12:39,0
o1-MNGEnaLwUnghnqO6JK-07:00:00,SYN_110194,22,07:12:45,07:13:00,0
o1-MNGEnaLwUnghnqO6JK-07:00:00,SYN_110195,23,07:13:06,07:13:21,0
o1-MNGEnaLwUnghnqO6JK-07:00:00,SYN_110196,24,07:13:26,07:13:41,0
o1-MNGEnaLwUnghnqO6JK-07:00:00,SYN_110197,25,07:13:52,07:14:07,0
o1-MNGEnaLwUnghnqO6JK-07:00:00,SYN_110198,26,07:14:19,07:14:34,0
o1-MNGEnaLwUnghnqO6JK-07:00:00,SYN_110199,27,07:14:45,07:15:00,0
o1-MNGEnaLwUnghnqO6JK-07:00:00,SYN_110200,28,07:15:11,07:15:26,0
o1-MNGEnaLwUnghnqO6JK-07:00:00,SYN_110201,29,07:15:37,07:15:52,0
o1-MNGEnaLwUnghnqO6JK-07:00:00,SYN_110202,30,07:16:03,07:16:18,0
o1-MNGEnaLwUnghnqO6JK-07:00:00,SYN_110203,31,07:16:27,07:16:42,0
o1-MNGEnaLwUnghnqO6JK-07:00:00,SYN_110204,32,07:16:47,07:17:02,0
o1-MNGEnaLwUnghnqO6JK-07:00:00,SYN_110205,33,07:17:08,07:17:23,0
o1-MNGEnaLwUnghnqO6JK-07:00:00,SYN_110206,34,07:17:28,07:17:43,0
o1-MNGEnaLwUnghnqO6JK-07:00:00,SYN_110207,35,07:17:48,07:18:03,0
o1-MNGEnaLwUnghnqO6JK-07:00:00,SYN_110208,36,07:18:08,07:18:23,0
o1-MNGEnaLwUnghnqO6JK-07:00:00,SYN_110209,37,07:18:29,07:18:44,0
o1-MNGEnaLwUnghnqO6JK-07:00:00,SYN_110210,38,07:18:49,07:19:04,0
o1-MNGEnaLwUnghnqO6JK-07:00:00,SYN_110211,39,07:19:09,07:19:24,0
o1-MNGEnaLwUnghnqO6JK-07:00:00,SYN_110212,40,07:19:29,07:19:44,0
o1-MNGEnaLwUnghnqO6JK-07:00:00,SYN_110213,41,07:19:49,07:20:04,0
o1-MNGEnaLwUnghnqO6JK-07:00:00,SYN_110214,42,07:20:10,07:20:25,0
o1-MNGEnaLwUnghnqO6JK-07:00:00,SYN_110215,43,07:20:30,07:20:45,0
o1-MNGEnaLwUnghnqO6JK-07:00:00,SYN_110216,44,07:20:50,07:21:05,0
o1-MNGEnaLwUnghnqO6JK-07:00:00,SYN_110217,45,07:21:10,07:21:25,0
o1-MNGEnaLwUnghnqO6JK-07:00:00,SYN_110218,46,07:21:31,07:21:46,0
o1-MNGEnaLwUnghnqO6JK-07:00:00,SYN_110219,47,07:21:51,07:22:06,0
o1-MNGEnaLwUnghnqO6JK-07:00:00,SYN_110220,48,07:22:11,07:22:26,0
o1-MNGEnaLwUnghnqO6JK-07:00:00,SYN_110221,49,07:22:31,07:22:46,0
o1-MNGEnaLwUnghnqO6JK-07:00:00,SYN_110222,50,07:22:52,07:23:07,0
o1-MNGEnaLwUnghnqO6JK-07:00:00,SYN_110223,51,07:23:12,07:23:27,0
o1-MNGEnaLwUnghnqO6JK-07:00:00,SYN_110224,52,07:23:32,07:23:47,0
o1-MNGEnaLwUnghnqO6JK-07:00:00,SYN_110225,53,07:23:52,07:24:07,0
o1-MNGEnaLwUnghnqO6JK-07:00:00,SYN_110226,54,07:24:13,07:24:28,0
o1-MNGEnaLwUnghnqO6JK-07:00:00,SYN_110227,55,07:24:33,07:24:48,0
o1-MNGEnaLwUnghnqO6JK-07:00:00,SYN_110228,56,07:24:53,07:25:08,0
o1-MNGEnaLwUnghnqO6JK-07:00:00,SYN_110229,57,07:25:13,07:25:28,0
o1-MNGEnaLwUnghnqO6JK-07:00:00,SYN_110230,58,07:25:33,07:25:48,0
o1-MNGEnaLwUnghnqO6JK-07:00:00,SYN_110231,59,07:25:54,07:26:09,0
o1-MNGEnaLwUnghnqO6JK-07:00:00,SYN_110232,60,07:26:14,07:26:29,0
o1-MNGEnaLwUnghnqO6JK-07:00:00,SYN_110233,61,07:26:34,07:26:49,0
o1-MNGEnaLwUnghnqO6JK-07:00:00,SYN_110234,62,07:26:54,07:27:09,0
o1-MNGEnaLwUnghnqO6JK-07:00:00,SYN_110235,63,07:27:15,07:27:30,0
o1-MNGEnaLwUnghnqO6JK-07:00:00,SYN_110236,64,07:27:35,07:27:50,0
o1-MNGEnaLwUnghnqO6JK-07:00:00,SYN_110237,65,07:27:55,07:28:10,0
o1-MNGEnaLwUnghnqO6JK-07:00:00,SYN_110238,66,07:28:15,07:28:30,0
o1-MNGEnaLwUnghnqO6JK-07:00:00,SYN_110239,67,07:28:36,07:28:51,0
o1-MNGEnaLwUnghnqO6JK-07:00:00,SYN_110240,68,07:28:56,07:29:11,0
o1-MNGEnaLwUnghnqO6JK-07:00:00,SYN_110241,69,07:29:16,07:29:31,0
o1-MNGEnaLwUnghnqO6JK-07:00:00,SYN_110242,70,07:29:36,07:29:51,0
o1-MNGEnaLwUnghnqO6JK-07:00:00,SYN_110243,71,07:29:56,07:30:11,0
o1-MNGEnaLwUnghnqO6JK-07:00:00,SYN_110244,72,07:30:17,07:30:32,0
o1-MNGEnaLwUnghnqO6JK-07:00:00,SYN_110245,73,07:30:37,07:30:52,0
o1-MNGEnaLwUnghnqO6JK-07:00:00,SYN_110246,74,07:30:57,07:31:12,0
o1-MNGEnaLwUnghnqO6JK-07:00:00,SYN_110247,75,07:31:17,07:31:32,0
o1-MNGEnaLwUnghnqO6JK-07:00:00,SYN_110248,76,07:31:38,07:31:53,0
o1-MNGEnaLwUnghnqO6JK-07:00:00,SYN_110249,77,07:31:58,07:32:13,0
o1-MNGEnaLwUnghnqO6JK-07:00:00,SYN_110250,78,07:32:18,07:32:33,0
o1-MNGEnaLwUnghnqO6JK-07:00:00,SYN_110251,79,07:32:38,07:32:53,0
o1-MNGEnaLwUnghnqO6JK-07:00:00,SYN_110252,80,07:32:59,07:33:14,0
o1-MNGEnaLwUnghnqO6JK-07:00:00,SYN_110253,81,07:33:19,07:33:34,0
o1-MNGEnaLwUnghnqO6JK-07:00:00,SYN_110254,82,07:33:39,07:33:54,0
o1-MNGEnaLwUnghnqO6JK-07:00:00,SYN_110255,83,07:33:59,07:34:14,0
o1-MNGEnaLwUnghnqO6JK-07:00:00,SYN_110256,84,07:34:20,07:34:35,0
o1-MNGEnaLwUnghnqO6JK-07:00:00,SYN_110257,85,07:34:40,07:34:55,0
o1-MNGEnaLwUnghnqO6JK-07:00:00,SYN_110258,86,07:35:00,07:35:15,0
o1-MNGEnaLwUnghnqO6JK-07:00:00,SYN_110259,87,07:35:20,07:35:35,0
o1-MNGEnaLwUnghnqO6JK-07:00:00,SYN_110260,88,07:35:40,07:35:55,0
o1-MNGEnaLwUnghnqO6JK-07:00:00,SYN_110261,89,07:36:01,07:36:16,0
o1-MNGEnaLwUnghnqO6JK-07:00:00,SYN_110262,90,07:36:21,07:36:36,0
o1-MNGEnaLwUnghnqO6JK-07:00:00,SYN_110263,91,07:36:41,07:36:56,0
o1-MNGEnaLwUnghnqO6JK-07:00:00,SYN_110264,92,07:37:01,07:37:16,0
o1-MNGEnaLwUnghnqO6JK-07:00:00,SYN_110265,93,07:37:22,07:37:37,0
o1-MNGEnaLwUnghnqO6JK-07:00:00,SYN_110266,94,07:37:42,07:37:57,0
o1-MNGEnaLwUnghnqO6JK-07:00:00,SYN_110267,95,07:38:02,07:38:17,0
o1-MNGEnaLwUnghnqO6JK-07:00:00,SYN_110268,96,07:38:22,07:38:37,0
o1-MNGEnaLwUnghnqO6JK-07:00:00,SYN_110269,97,07:38:43,07:38:58,0
o1-MNGEnaLwUnghnqO6JK-07:00:00,SYN_110270,98,07:39:03,07:39:18,0
o1-MNGEnaLwUnghnqO6JK-07:00:00,SYN_110271,99,07:39:23,07:39:38,0
o1-MNGEnaLwUnghnqO6JK-07:00:00,SYN_110272,100,07:39:43,07:39:58,0
o1-MNGEnaLwUnghnqO6JK-07:00:00,SYN_110273,101,07:40:03,07:40:18,0
o1-MNGEnaLwUnghnqO6JK-07:00:00,SYN_110274,102,07:40:24,07:40:39,0
o1-MNGEnaLwUnghnqO6JK-07:00:00,SYN_110275,103,07:40:44,07:40:59,0
o1-MNGEnaLwUnghnqO6JK-07:00:00,SYN_110276,104,07:41:04,07:41:19,0
o1-MNGEnaLwUnghnqO6JK-07:00:00,SYN_110277,105,07:41:24,07:41:39,0
o1-MNGEnaLwUnghnqO6JK-07:00:00,SYN_110278,106,07:41:43,07:41:58,0
o1-MNGEnaLwUnghnqO6JK-07:00:00,SYN_110279,107,07:42:01,07:42:16,0
o1-MNGEnaLwUnghnqO6JK-07:00:00,SYN_110280,108,07:42:19,07:42:34,0
o1-MNGEnaLwUnghnqO6JK-07:00:00,SYN_110281,109,07:42:36,07:42:51,0
o1-MNGEnaLwUnghnqO6JK-07:00:00,SYN_110282,110,07:42:54,07:43:09,0
o1-MNGEnaLwUnghnqO6JK-07:00:00,SYN_110283,111,07:43:27,07:43:42,0
o1-MNGEnaLwUnghnqO6JK-07:00:00,SYN_110284,112,07:44:07,07:44:22,0
o1-MNGEnaLwUnghnqO6JK-07:00:00,SYN_110285,113,07:44:47,07:45:02,0
o1-MNGEnaLwUnghnqO6JK-07:00:00,SYN_110286,114,07:45:27,07:45:42,0
o1-MNGEnaLwUnghnqO6JK-07:00:00,SYN_110287,115,07:46:07,07:46:22,0
o1-MNGEnaLwUnghnqO6JK-07:00:00,SYN_110288,116,07:46:47,07:47:02,0
o1-MNGEnaLwUnghnqO6JK-07:00:00,SYN_110289,117,07:47:27,07:47:42,0
o1-MNGEnaLwUnghnqO6JK-07:00:00,SYN_110290,118,07:48:13,07:48:28,0
o1-MNGEnaLwUnghnqO6JK-07:00:00,SYN_110291,119,07:49:00,07:49:15,0
o1-MNGEnaLwUnghnqO6JK-07:00:00,SYN_110292,120,07:49:47,07:50:02,0
o1-MNGEnaLwUnghnqO6JK-07:00:00,SYN_110293,121,07:50:22,07:50:37,0
o1-MNGEnaLwUnghnqO6JK-07:00:00,SYN_110294,122,07:50:48,07:51:03,0
o1-MNGEnaLwUnghnqO6JK-07:00:00,SYN_110295,123,07:51:15,07:51:30,0
o1-MNGEnaLwUnghnqO6JK-07:00:00,SYN_110296,124,07:52:09,07:52:24,0
o1-MNGEnaLwUnghnqO6JK-07:00:00,SYN_110297,125,07:53:27,07:53:42,0
o1-MNGEnaLwUnghnqO6JK-07:00:00,SYN_110298,126,07:54:46,07:55:01,0
o1-MNGEnaLwUnghnqO6JK-07:00:00,SYN_110299,127,07:56:05,07:56:20,0
o1-MNGEnaLwUnghnqO6JK-07:00:00,SYN_110300,128,07:57:22,07:57:37,0
o1-MNGEnaLwUnghnqO6JK-07:00:00,SYN_110301,129,07:58:27,07:58:42,0
o1-MNGEnaLwUnghnqO6JK-07:00:00,SYN_110302,130,07:59:41,07:59:56,0
o1-MNGEnaLwUnghnqO6JK-07:00:00,SYN_110303,131,08:01:10,08:01:25,0
o1-MNGEnaLwUnghnqO6JK-07:00:00,SYN_110304,132,08:02:38,08:02:53,0
o1-MNGEnaLwUnghnqO6JK-07:00:00,SYN_110305,133,08:04:07,08:04:22,0
o1-MNGEnaLwUnghnqO6JK-07:00:00,SYN_110306,134,08:05:38,08:05:53,0
o1-MNGEnaLwUnghnqO6JK-07:00:00,SYN_110307,135,08:06:47,08:07:02,0
o1-MNGEnaLwUnghnqO6JK-07:00:00,SYN_110308,136,08:07:20,08:07:35,0
o1-MNGEnaLwUnghnqO6JK-07:00:00,SYN_110309,137,08:07:54,08:08:09,0
o1-MNGEnaLwUnghnqO6JK-07:00:00,SYN_110310,138,08:09:21,08:09:36,0
o1-MNGEnaLwUnghnqO6JK-07:00:00,SYN_110311,139,08:11:39,08:11:54,0
3JTmhQmnxSU9cPkJSaSlE-07:00:00,SYN_110313,0,07:01:58,07:02:13,0
3JTmhQmnxSU9cPkJSaSlE-07:00:00,SYN_110314,1,07:03:43,07:03:58,0
3JTmhQmnxSU9cPkJSaSlE-07:00:00,SYN_110315,2,07:05:20,07:05:35,0
3JTmhQmnxSU9cPkJSaSlE-07:00:00,SYN_110316,3,07:06:14,07:06:29,0
3JTmhQmnxSU9cPkJSaSlE-07:00:00,SYN_110317,4,07:07:05,07:07:20,0
3JTmhQmnxSU9cPkJSaSlE-07:00:00,SYN_110318,5,07:07:55,07:08:10,0
3JTmhQmnxSU9cPkJSaSlE-07:00:00,SYN_110319,6,07:08:39,07:08:54,0
3JTmhQmnxSU9cPkJSaSlE-07:00:00,SYN_110320,7,07:09:05,07:09:20,0
3JTmhQmnxSU9cPkJSaSlE-07:00:00,SYN_110321,8,07:09:25,07:09:40,0
3JTmhQmnxSU9cPkJSaSlE-07:00:00,SYN_110322,9,07:09:45,07:10:00,0
3JTmhQmnxSU9cPkJSaSlE-07:00:00,SYN_110323,10,07:10:21,07:10:36,0
3JTmhQmnxSU9cPkJSaSlE-07:00:00,SYN_110324,11,07:11:05,07:11:20,0
3JTmhQmnxSU9cPkJSaSlE-07:00:00,SYN_110325,12,07:11:40,07:11:55,0
3JTmhQmnxSU9cPkJSaSlE-07:00:00,SYN_110326,13,07:12:21,07:12:36,0
3JTmhQmnxSU9cPkJSaSlE-07:00:00,SYN_110327,14,07:13:15,07:13:30,0
3JTmhQmnxSU9cPkJSaSlE-07:00:00,SYN_110328,15,07:14:06,07:14:21,0
3JTmhQmnxSU9cPkJSaSlE-07:00:00,SYN_110329,16,07:14:53,07:15:08,0
3JTmhQmnxSU9cPkJSaSlE-07:00:00,SYN_110330,17,07:15:39,07:15:54,0
3JTmhQmnxSU9cPkJSaSlE-07:00:00,SYN_110331,18,07:16:21,07:16:36,0
3JTmhQmnxSU9cPkJSaSlE-07:00:00,SYN_110332,19,07:17:02,07:17:17,0
3JTmhQmnxSU9cPkJSaSlE-07:00:00,SYN_110333,20,07:17:48,07:18:03,0
3JTmhQmnxSU9cPkJSaSlE-07:00:00,SYN_110334,21,07:18:46,07:19:01,0
3JTmhQmnxSU9cPkJSaSlE-07:00:00,SYN_110335,22,07:19:27,07:19:42,0
3JTmhQmnxSU9cPkJSaSlE-07:00:00,SYN_110336,23,07:20:03,07:20:18,0
3JTmhQmnxSU9cPkJSaSlE-07:00:00,SYN_110337,24,07:20:33,07:20:48,0
3JTmhQmnxSU9cPkJSaSlE-07:00:00,SYN_110338,25,07:21:01,07:21:16,0
3JTmhQmnxSU9cPkJSaSlE-07:00:00,SYN_110339,26,07:21:29,07:21:44,0
3JTmhQmnxSU9cPkJSaSlE-07:00:00,SYN_110340,27,07:21:57,07:22:12,0
3JTmhQmnxSU9cPkJSaSlE-07:00:00,SYN_110341,28,07:22:25,07:22:40,0
3JTmhQmnxSU9cPkJSaSlE-07:00:00,SYN_110342,29,07:22:53,07:23:08,0
3JTmhQmnxSU9cPkJSaSlE-07:00:00,SYN_110343,30,07:23:21,07:23:36,0
3JTmhQmnxSU9cPkJSaSlE-07:00:00,SYN_110344,31,07:23:49,07:24:04,0
3JTmhQmnxSU9cPkJSaSlE-07:00:00,SYN_110345,32,07:24:17,07:24:32,0
3JTmhQmnxSU9cPkJSaSlE-07:00:00,SYN_110346,33,07:24:45,07:25:00,0
3JTmhQmnxSU9cPkJSaSlE-07:00:00,SYN_110347,34,07:25:14,07:25:29,0
3JTmhQmnxSU9cPkJSaSlE-07:00:00,SYN_110348,35,07:25:42,07:25:57,0
3JTmhQmnxSU9cPkJSaSlE-07:00:00,SYN_110349,36,07:26:10,07:26:25,0
3JTmhQmnxSU9cPkJSaSlE-07:00:00,SYN_110350,37,07:26:39,07:26:54,0
3JTmhQmnxSU9cPkJSaSlE-07:00:00,SYN_110351,38,07:27:05,07:27:20,0
3JTmhQmnxSU9cPkJSaSlE-07:00:00,SYN_110352,39,07:27:31,07:27:46,0
3JTmhQmnxSU9cPkJSaSlE-07:00:00,SYN_110353,40,07:27:57,07:28:12,0
3JTmhQmnxSU9cPkJSaSlE-07:00:00,SYN_110354,41,07:28:30,07:28:45,0
3JTmhQmnxSU9cPkJSaSlE-07:00:00,SYN_110355,42,07:29:04,07:29:19,0
3JTmhQmnxSU9cPkJSaSlE-07:00:00,SYN_110356,43,07:29:36,07:29:51,0
3JTmhQmnxSU9cPkJSaSlE-07:00:00,SYN_110357,44,07:30:06,07:30:21,0
3JTmhQmnxSU9cPkJSaSlE-07:00:00,SYN_110358,45,07:30:36,07:30:51,0
3JTmhQmnxSU9cPkJSaSlE-07:00:00,SYN_110359,46,07:31:06,07:31:21,0
3JTmhQmnxSU9cPkJSaSlE-07:00:00,SYN_110360,47,07:31:36,07:31:51,0
3JTmhQmnxSU9cPkJSaSlE-07:00:00,SYN_110361,48,07:32:09,07:32:24,0
3JTmhQmnxSU9cPkJSaSlE-07:00:00,SYN_110362,49,07:32:56,07:33:11,0
3JTmhQmnxSU9cPkJSaSlE-07:00:00,SYN_110363,50,07:33:29,07:33:44,0
3JTmhQmnxSU9cPkJSaSlE-07:00:00,SYN_110364,51,07:33:48,07:34:03,0
3JTmhQmnxSU9cPkJSaSlE-07:00:00,SYN_110365,52,07:34:06,07:34:21,0
3JTmhQmnxSU9cPkJSaSlE-07:00:00,SYN_110366,53,07:34:25,07:34:40,0
3JTmhQmnxSU9cPkJSaSlE-07:00:00,SYN_110367,54,07:34:50,07:35:05,0
3JTmhQmnxSU9cPkJSaSlE-07:00:00,SYN_110368,55,07:35:16,07:35:31,0
3JTmhQmnxSU9cPkJSaSlE-07:00:00,SYN_110369,56,07:35:41,07:35:56,0
3JTmhQmnxSU9cPkJSaSlE-07:00:00,SYN_110370,57,07:36:07,07:36:22,0
3JTmhQmnxSU9cPkJSaSlE-07:00:00,SYN_110371,58,07:36:33,07:36:48,0
3JTmhQmnxSU9cPkJSaSlE-07:00:00,SYN_110372,59,07:36:58,07:37:13,0
3JTmhQmnxSU9cPkJSaSlE-07:00:00,SYN_110373,60,07:37:23,07:37:38,0
3JTmhQmnxSU9cPkJSaSlE-07:00:00,SYN_110374,61,07:37:48,07:38:03,0
3JTmhQmnxSU9cPkJSaSlE-07:00:00,SYN_110375,62,07:38:16,07:38:31,0
3JTmhQmnxSU9cPkJSaSlE-07:00:00,SYN_110376,63,07:38:48,07:39:03,0
3JTmhQmnxSU9cPkJSaSlE-07:00:00,SYN_110377,64,07:39:31,07:39:46,0
3JTmhQmnxSU9cPkJSaSlE-07:00:00,SYN_110378,65,07:40:14,07:40:29,0
3JTmhQmnxSU9cPkJSaSlE-07:00:00,SYN_110379,66,07:40:57,07:41:12,0
3JTmhQmnxSU9cPkJSaSlE-07:00:00,SYN_110380,67,07:41:39,07:41:54,0
3JTmhQmnxSU9cPkJSaSlE-07:00:00,SYN_110381,68,07:42:20,07:42:35,0
3JTmhQmnxSU9cPkJSaSlE-07:00:00,SYN_110382,69,07:43:02,07:43:17,0
3JTmhQmnxSU9cPkJSaSlE-07:00:00,SYN_110383,70,07:43:44,07:43:59,0
3JTmhQmnxSU9cPkJSaSlE-07:00:00,SYN_110384,71,07:44:25,07:44:40,0
3JTmhQmnxSU9cPkJSaSlE-07:00:00,SYN_110385,72,07:45:07,07:45:22,0
3JTmhQmnxSU9cPkJSaSlE-07:00:00,SYN_110386,73,07:45:33,07:45:48,0
3JTmhQmnxSU9cPkJSaSlE-07:00:00,SYN_110387,74,07:45:57,07:46:12,0
3JTmhQmnxSU9cPkJSaSlE-07:00:00,SYN_110388,75,07:46:21,07:46:36,0
3JTmhQmnxSU9cPkJSaSlE-07:00:00,SYN_110389,76,07:46:45,07:47:00,0
divI9MoAnOSksgYUNogFE-07:00:00,SYN_110395,0,07:00:09,07:00:24,0
divI9MoAnOSksgYUNogFE-07:00:00,SYN_110396,1,07:00:32,07:00:47,0
divI9MoAnOSksgYUNogFE-07:00:00,SYN_110397,2,07:00:55,07:01:10,0
divI9MoAnOSksgYUNogFE-07:00:00,SYN_110398,3,07:01:18,07:01:33,0
divI9MoAnOSksgYUNogFE-07:00:00,SYN_110399,4,07:01:41,07:01:56,0
divI9MoAnOSksgYUNogFE-07:00:00,SYN_110400,5,07:02:13,07:02:28,0
divI9MoAnOSksgYUNogFE-07:00:00,SYN_110401,6,07:03:24,07:03:39,0
divI9MoAnOSksgYUNogFE-07:00:00,SYN_110402,7,07:04:35,07:04:50,0
divI9MoAnOSksgYUNogFE-07:00:00,SYN_110403,8,07:05:47,07:06:02,0
divI9MoAnOSksgYUNogFE-07:00:00,SYN_110404,9,07:06:58,07:07:13,0
divI9MoAnOSksgYUNogFE-07:00:00,SYN_110405,10,07:08:09,07:08:24,0
divI9MoAnOSksgYUNogFE-07:00:00,SYN_110406,11,07:09:14,07:09:29,0
divI9MoAnOSksgYUNogFE-07:00:00,SYN_110407,12,07:10:31,07:10:46,0
divI9MoAnOSksgYUNogFE-07:00:00,SYN_110408,13,07:11:13,07:11:28,0
divI9MoAnOSksgYUNogFE-07:00:00,SYN_110409,14,07:11:47,07:12:02,0
divI9MoAnOSksgYUNogFE-07:00:00,SYN_110410,15,07:12:21,07:12:36,0
divI9MoAnOSksgYUNogFE-07:00:00,SYN_110411,16,07:12:47,07:13:02,0
divI9MoAnOSksgYUNogFE-07:00:00,SYN_110412,17,07:13:09,07:13:24,0
divI9MoAnOSksgYUNogFE-07:00:00,SYN_110413,18,07:13:39,07:13:54,0
divI9MoAnOSksgYUNogFE-07:00:00,SYN_110414,19,07:14:13,07:14:28,0
divI9MoAnOSksgYUNogFE-07:00:00,SYN_110415,20,07:14:47,07:15:02,0
divI9MoAnOSksgYUNogFE-07:00:00,SYN_110416,21,07:15:19,07:15:34,0
divI9MoAnOSksgYUNogFE-07:00:00,SYN_110417,22,07:15:49,07:16:04,0
divI9MoAnOSksgYUNogFE-07:00:00,SYN_110418,23,07:16:18,07:16:33,0
divI9MoAnOSksgYUNogFE-07:00:00,SYN_110419,24,07:16:48,07:17:03,0
divI9MoAnOSksgYUNogFE-07:00:00,SYN_110420,25,07:17:18,07:17:33,0
divI9MoAnOSksgYUNogFE-07:00:00,SYN_110421,26,07:17:47,07:18:02,0
divI9MoAnOSksgYUNogFE-07:00:00,SYN_110422,27,07:18:19,07:18:34,0
divI9MoAnOSksgYUNogFE-07:00:00,SYN_110423,28,07:18:51,07:19:06,0
divI9MoAnOSksgYUNogFE-07:00:00,SYN_110424,29,07:19:23,07:19:38,0
divI9MoAnOSksgYUNogFE-07:00:00,SYN_110425,30,07:20:07,07:20:22,0
divI9MoAnOSksgYUNogFE-07:00:00,SYN_110426,31,07:20:54,07:21:09,0
divI9MoAnOSksgYUNogFE-07:00:00,SYN_110427,32,07:21:37,07:21:52,0
divI9MoAnOSksgYUNogFE-07:00:00,SYN_110428,33,07:22:20,07:22:35,0
divI9MoAnOSksgYUNogFE-07:00:00,SYN_110429,34,07:23:02,07:23:17,0
divI9MoAnOSksgYUNogFE-07:00:00,SYN_110430,35,07:23:45,07:24:00,0
divI9MoAnOSksgYUNogFE-07:00:00,SYN_110431,36,07:24:28,07:24:43,0
divI9MoAnOSksgYUNogFE-07:00:00,SYN_110432,37,07:25:15,07:25:30,0
divI9MoAnOSksgYUNogFE-07:00:00,SYN_110433,38,07:26:09,07:26:24,0
divI9MoAnOSksgYUNogFE-07:00:00,SYN_110434,39,07:27:03,07:27:18,0
divI9MoAnOSksgYUNogFE-07:00:00,SYN_110435,40,07:27:48,07:28:03,0
divI9MoAnOSksgYUNogFE-07:00:00,SYN_110436,41,07:28:28,07:28:43,0
divI9MoAnOSksgYUNogFE-07:00:00,SYN_110437,42,07:29:07,07:29:22,0
divI9MoAnOSksgYUNogFE-07:00:00,SYN_110438,43,07:29:41,07:29:56,0
divI9MoAnOSksgYUNogFE-07:00:00,SYN_110439,44,07:30:14,07:30:29,0
divI9MoAnOSksgYUNogFE-07:00:00,SYN_110440,45,07:30:48,07:31:03,0
divI9MoAnOSksgYUNogFE-07:00:00,SYN_110441,46,07:31:27,07:31:42,0
divI9MoAnOSksgYUNogFE-07:00:00,SYN_110442,47,07:32:09,07:32:24,0
divI9MoAnOSksgYUNogFE-07:00:00,SYN_110443,48,07:32:51,07:33:06,0
divI9MoAnOSksgYUNogFE-07:00:00,SYN_110444,49,07:33:30,07:33:45,0
divI9MoAnOSksgYUNogFE-07:00:00,SYN_110445,50,07:33:54,07:34:09,0
divI9MoAnOSksgYUNogFE-07:00:00,SYN_110446,51,07:34:18,07:34:33,0
divI9MoAnOSksgYUNogFE-07:00:00,SYN_110447,52,07:34:42,07:34:57,0
divI9MoAnOSksgYUNogFE-07:00:00,SYN_110448,53,07:35:05,07:35:20,0
divI9MoAnOSksgYUNogFE-07:00:00,SYN_110449,54,07:35:29,07:35:44,0
divI9MoAnOSksgYUNogFE-07:00:00,SYN_110450,55,07:35:53,07:36:08,0
divI9MoAnOSksgYUNogFE-07:00:00,SYN_110451,56,07:36:17,07:36:32,0
divI9MoAnOSksgYUNogFE-07:00:00,SYN_110452,57,07:36:54,07:37:09,0
divI9MoAnOSksgYUNogFE-07:00:00,SYN_110453,58,07:37:49,07:38:04,0
divI9MoAnOSksgYUNogFE-07:00:00,SYN_110454,59,07:38:39,07:38:54,0
divI9MoAnOSksgYUNogFE-07:00:00,SYN_110455,60,07:39:23,07:39:38,0
divI9MoAnOSksgYUNogFE-07:00:00,SYN_110456,61,07:39:50,07:40:05,0
divI9MoAnOSksgYUNogFE-07:00:00,SYN_110457,62,07:40:15,07:40:30,0
divI9MoAnOSksgYUNogFE-07:00:00,SYN_110458,63,07:40:46,07:41:01,0
divI9MoAnOSksgYUNogFE-07:00:00,SYN_110459,64,07:41:24,07:41:39,0
divI9MoAnOSksgYUNogFE-07:00:00,SYN_110460,65,07:42:03,07:42:18,0
divI9MoAnOSksgYUNogFE-07:00:00,SYN_110461,66,07:42:43,07:42:58,0
divI9MoAnOSksgYUNogFE-07:00:00,SYN_110462,67,07:43:23,07:43:38,0
divI9MoAnOSksgYUNogFE-07:00:00,SYN_110463,68,07:43:49,07:44:04,0
divI9MoAnOSksgYUNogFE-07:00:00,SYN_110464,69,07:44:15,07:44:30,0
divI9MoAnOSksgYUNogFE-07:00:00,SYN_110465,70,07:45:06,07:45:21,0
divI9MoAnOSksgYUNogFE-07:00:00,SYN_110466,71,07:45:34,07:45:49,0
divI9MoAnOSksgYUNogFE-07:00:00,SYN_110467,72,07:45:59,07:46:14,0
divI9MoAnOSksgYUNogFE-07:00:00,SYN_110468,73,07:46:29,07:46:44,0
divI9MoAnOSksgYUNogFE-07:00:00,SYN_110469,74,07:47:15,07:47:30,0
divI9MoAnOSksgYUNogFE-07:00:00,SYN_110470,75,07:48:10,07:48:25,0
divI9MoAnOSksgYUNogFE-07:00:00,SYN_110471,76,07:49:12,07:49:27,0
divI9MoAnOSksgYUNogFE-07:00:00,SYN_110472,77,07:50:25,07:50:40,0
divI9MoAnOSksgYUNogFE-07:00:00,SYN_110473,78,07:51:28,07:51:43,0
divI9MoAnOSksgYUNogFE-07:00:00,SYN_110474,79,07:52:11,07:52:26,0
divI9MoAnOSksgYUNogFE-07:00:00,SYN_110475,80,07:52:54,07:53:09,0
divI9MoAnOSksgYUNogFE-07:00:00,SYN_110476,81,07:55:20,07:55:35,0
divI9MoAnOSksgYUNogFE-07:00:00,SYN_110477,82,07:56:26,07:56:41,0
divI9MoAnOSksgYUNogFE-07:00:00,SYN_110478,83,07:57:32,07:57:47,0
divI9MoAnOSksgYUNogFE-07:00:00,SYN_110479,84,07:58:12,07:58:27,0
divI9MoAnOSksgYUNogFE-07:00:00,SYN_110480,85,07:58:24,07:58:39,0
divI9MoAnOSksgYUNogFE-07:00:00,SYN_110481,86,07:58:37,07:58:52,0
divI9MoAnOSksgYUNogFE-07:00:00,SYN_110482,87,07:58:50,07:59:05,0
divI9MoAnOSksgYUNogFE-07:00:00,SYN_110483,88,07:59:03,07:59:18,0
divI9MoAnOSksgYUNogFE-07:00:00,SYN_110484,89,07:59:42,07:59:57,0
divI9MoAnOSksgYUNogFE-07:00:00,SYN_110485,90,08:00:53,08:01:08,0
divI9MoAnOSksgYUNogFE-07:00:00,SYN_110486,91,08:01:49,08:02:04,0
divI9MoAnOSksgYUNogFE-07:00:00,SYN_110487,92,08:02:38,08:02:53,0
divI9MoAnOSksgYUNogFE-07:00:00,SYN_110488,93,08:03:40,08:03:55,0
divI9MoAnOSksgYUNogFE-07:00:00,SYN_110489,94,08:04:45,08:05:00,0
divI9MoAnOSksgYUNogFE-07:00:00,SYN_110490,95,08:05:50,08:06:05,0
divI9MoAnOSksgYUNogFE-07:00:00,SYN_110491,96,08:06:21,08:06:36,0
divI9MoAnOSksgYUNogFE-07:00:00,SYN_110492,97,08:06:42,08:06:57,0
divI9MoAnOSksgYUNogFE-07:00:00,SYN_110493,98,08:07:03,08:07:18,0
divI9MoAnOSksgYUNogFE-07:00:00,SYN_110494,99,08:07:23,08:07:38,0
divI9MoAnOSksgYUNogFE-07:00:00,SYN_110495,100,08:07:44,08:07:59,0
divI9MoAnOSksgYUNogFE-07:00:00,SYN_110496,101,08:08:05,08:08:20,0
divI9MoAnOSksgYUNogFE-07:00:00,SYN_110497,102,08:08:26,08:08:41,0
divI9MoAnOSksgYUNogFE-07:00:00,SYN_110498,103,08:08:46,08:09:01,0
FOMSNPsGQO4s6Y-BM_cpQ-07:00:00,SYN_110499,0,07:00:20,07:00:35,0
FOMSNPsGQO4s6Y-BM_cpQ-07:00:00,SYN_110500,1,07:00:41,07:00:56,0
FOMSNPsGQO4s6Y-BM_cpQ-07:00:00,SYN_110501,2,07:01:02,07:01:17,0
FOMSNPsGQO4s6Y-BM_cpQ-07:00:00,SYN_110502,3,07:01:23,07:01:38,0
FOMSNPsGQO4s6Y-BM_cpQ-07:00:00,SYN_110503,4,07:01:44,07:01:59,0
FOMSNPsGQO4s6Y-BM_cpQ-07:00:00,SYN_110504,5,07:02:05,07:02:20,0
FOMSNPsGQO4s6Y-BM_cpQ-07:00:00,SYN_110505,6,07:02:26,07:02:41,0
FOMSNPsGQO4s6Y-BM_cpQ-07:00:00,SYN_110506,7,07:02:46,07:03:01,0
FOMSNPsGQO4s6Y-BM_cpQ-07:00:00,SYN_110507,8,07:03:07,07:03:22,0
FOMSNPsGQO4s6Y-BM_cpQ-07:00:00,SYN_110508,9,07:03:28,07:03:43,0
FOMSNPsGQO4s6Y-BM_cpQ-07:00:00,SYN_110509,10,07:03:49,07:04:04,0
FOMSNPsGQO4s6Y-BM_cpQ-07:00:00,SYN_110510,11,07:04:10,07:04:25,0
FOMSNPsGQO4s6Y-BM_cpQ-07:00:00,SYN_110511,12,07:04:31,07:04:46,0
FOMSNPsGQO4s6Y-BM_cpQ-07:00:00,SYN_110512,13,07:04:53,07:05:08,0
FOMSNPsGQO4s6Y-BM_cpQ-07:00:00,SYN_110513,14,07:05:19,07:05:34,0
FOMSNPsGQO4s6Y-BM_cpQ-07:00:00,SYN_110514,15,07:05:45,07:06:00,0
FOMSNPsGQO4s6Y-BM_cpQ-07:00:00,SYN_110515,16,07:06:11,07:06:26,0
FOMSNPsGQO4s6Y-BM_cpQ-07:00:00,SYN_110516,17,07:06:37,07:06:52,0
FOMSNPsGQO4s6Y-BM_cpQ-07:00:00,SYN_110517,18,07:07:02,07:07:17,0
FOMSNPsGQO4s6Y-BM_cpQ-07:00:00,SYN_110518,19,07:07:28,07:07:43,0
1qykx9U9w6xm1N6GqnR-i-07:00:00,SYN_110520,0,07:00:58,07:01:13,0
1qykx9U9w6xm1N6GqnR-i-07:00:00,SYN_110521,1,07:01:57,07:02:12,0
1qykx9U9w6xm1N6GqnR-i-07:00:00,SYN_110522,2,07:02:55,07:03:10,0
1qykx9U9w6xm1N6GqnR-i-07:00:00,SYN_110523,3,07:04:09,07:04:24,0
1qykx9U9w6xm1N6GqnR-i-07:00:00,SYN_110524,4,07:05:25,07:05:40,0
1qykx9U9w6xm1N6GqnR-i-07:00:00,SYN_110525,5,07:06:41,07:06:56,0
1qykx9U9w6xm1N6GqnR-i-07:00:00,SYN_110526,6,07:07:57,07:08:12,0
1qykx9U9w6xm1N6GqnR-i-07:00:00,SYN_110527,7,07:09:13,07:09:28,0
1qykx9U9w6xm1N6GqnR-i-07:00:00,SYN_110528,8,07:10:29,07:10:44,0
TIF4utcDqnWmdbkuyp9Dq-07:00:00,SYN_110540,0,07:01:15,07:01:30,0
TIF4utcDqnWmdbkuyp9Dq-07:00:00,SYN_110541,1,07:02:42,07:02:57,0
TIF4utcDqnWmdbkuyp9Dq-07:00:00,SYN_110542,2,07:04:10,07:04:25,0
TIF4utcDqnWmdbkuyp9Dq-07:00:00,SYN_110543,3,07:05:38,07:05:53,0
TIF4utcDqnWmdbkuyp9Dq-07:00:00,SYN_110544,4,07:08:17,07:08:32,0
OVbnm1WLeW59vl_wEqm66-07:00:00,SYN_110549,0,07:01:08,07:01:23,0
OVbnm1WLeW59vl_wEqm66-07:00:00,SYN_110550,1,07:02:19,07:02:34,0
OVbnm1WLeW59vl_wEqm66-07:00:00,SYN_110551,2,07:03:30,07:03:45,0
OVbnm1WLeW59vl_wEqm66-07:00:00,SYN_110552,3,07:04:41,07:04:56,0
OVbnm1WLeW59vl_wEqm66-07:00:00,SYN_110553,4,07:05:53,07:06:08,0
OVbnm1WLeW59vl_wEqm66-07:00:00,SYN_110554,5,07:06:59,07:07:14,0
OVbnm1WLeW59vl_wEqm66-07:00:00,SYN_110555,6,07:08:12,07:08:27,0
OVbnm1WLeW59vl_wEqm66-07:00:00,SYN_110556,7,07:09:04,07:09:19,0
OVbnm1WLeW59vl_wEqm66-07:00:00,SYN_110557,8,07:09:38,07:09:53,0
OVbnm1WLeW59vl_wEqm66-07:00:00,SYN_110558,9,07:10:12,07:10:27,0
OVbnm1WLeW59vl_wEqm66-07:00:00,SYN_110559,10,07:10:41,07:10:56,0
OVbnm1WLeW59vl_wEqm66-07:00:00,SYN_110560,11,07:11:03,07:11:18,0
OVbnm1WLeW59vl_wEqm66-07:00:00,SYN_110561,12,07:11:30,07:11:45,0
OVbnm1WLeW59vl_wEqm66-07:00:00,SYN_110562,13,07:12:04,07:12:19,0
OVbnm1WLeW59vl_wEqm66-07:00:00,SYN_110563,14,07:12:39,07:12:54,0
OVbnm1WLeW59vl_wEqm66-07:00:00,SYN_110564,15,07:13:12,07:13:27,0
OVbnm1WLeW59vl_wEqm66-07:00:00,SYN_110565,16,07:13:41,07:13:56,0
OVbnm1WLeW59vl_wEqm66-07:00:00,SYN_110566,17,07:14:11,07:14:26,0
OVbnm1WLeW59vl_wEqm66-07:00:00,SYN_110567,18,07:14:41,07:14:56,0
OVbnm1WLeW59vl_wEqm66-07:00:00,SYN_110568,19,07:15:10,07:15:25,0
OVbnm1WLeW59vl_wEqm66-07:00:00,SYN_110569,20,07:15:40,07:15:55,0
OVbnm1WLeW59vl_wEqm66-07:00:00,SYN_110570,21,07:16:11,07:16:26,0
OVbnm1WLeW59vl_wEqm66-07:00:00,SYN_110571,22,07:16:43,07:16:58,0
OVbnm1WLeW59vl_wEqm66-07:00:00,SYN_110572,23,07:17:15,07:17:30,0
OVbnm1WLeW59vl_wEqm66-07:00:00,SYN_110573,24,07:17:56,07:18:11,0
OVbnm1WLeW59vl_wEqm66-07:00:00,SYN_110574,25,07:18:43,07:18:58,0
OVbnm1WLeW59vl_wEqm66-07:00:00,SYN_110575,26,07:19:27,07:19:42,0
OVbnm1WLeW59vl_wEqm66-07:00:00,SYN_110576,27,07:20:09,07:20:24,0
OVbnm1WLeW59vl_wEqm66-07:00:00,SYN_110577,28,07:20:52,07:21:07,0
OVbnm1WLeW59vl_wEqm66-07:00:00,SYN_110578,29,07:21:35,07:21:50,0
OVbnm1WLeW59vl_wEqm66-07:00:00,SYN_110579,30,07:22:17,07:22:32,0
OVbnm1WLeW59vl_wEqm66-07:00:00,SYN_110580,31,07:23:03,07:23:18,0
OVbnm1WLeW59vl_wEqm66-07:00:00,SYN_110581,32,07:23:57,07:24:12,0
OVbnm1WLeW59vl_wEqm66-07:00:00,SYN_110582,33,07:24:50,07:25:05,0
OVbnm1WLeW59vl_wEqm66-07:00:00,SYN_110583,34,07:25:39,07:25:54,0
OVbnm1WLeW59vl_wEqm66-07:00:00,SYN_110584,35,07:26:18,07:26:33,0
OVbnm1WLeW59vl_wEqm66-07:00:00,SYN_110585,36,07:26:58,07:27:13,0
OVbnm1WLeW59vl_wEqm66-07:00:00,SYN_110586,37,07:27:33,07:27:48,0
OVbnm1WLeW59vl_wEqm66-07:00:00,SYN_110587,38,07:28:06,07:28:21,0
OVbnm1WLeW59vl_wEqm66-07:00:00,SYN_110588,39,07:28:39,07:28:54,0
OVbnm1WLeW59vl_wEqm66-07:00:00,SYN_110589,40,07:29:17,07:29:32,0
OVbnm1WLeW59vl_wEqm66-07:00:00,SYN_110590,41,07:29:59,07:30:14,0
OVbnm1WLeW59vl_wEqm66-07:00:00,SYN_110591,42,07:30:41,07:30:56,0
OVbnm1WLeW59vl_wEqm66-07:00:00,SYN_110592,43,07:31:23,07:31:38,0
OVbnm1WLeW59vl_wEqm66-07:00:00,SYN_110593,44,07:31:48,07:32:03,0
OVbnm1WLeW59vl_wEqm66-07:00:00,SYN_110594,45,07:32:12,07:32:27,0
OVbnm1WLeW59vl_wEqm66-07:00:00,SYN_110595,46,07:32:36,07:32:51,0
OVbnm1WLeW59vl_wEqm66-07:00:00,SYN_110596,47,07:32:59,07:33:14,0
OVbnm1WLeW59vl_wEqm66-07:00:00,SYN_110597,48,07:33:23,07:33:38,0
OVbnm1WLeW59vl_wEqm66-07:00:00,SYN_110598,49,07:33:47,07:34:02,0
OVbnm1WLeW59vl_wEqm66-07:00:00,SYN_110599,50,07:34:10,07:34:25,0
OVbnm1WLeW59vl_wEqm66-07:00:00,SYN_110600,51,07:34:42,07:34:57,0
OVbnm1WLeW59vl_wEqm66-07:00:00,SYN_110601,52,07:35:36,07:35:51,0
OVbnm1WLeW59vl_wEqm66-07:00:00,SYN_110602,53,07:36:29,07:36:44,0
OVbnm1WLeW59vl_wEqm66-07:00:00,SYN_110603,54,07:37:13,07:37:28,0
OVbnm1WLeW59vl_wEqm66-07:00:00,SYN_110604,55,07:37:43,07:37:58,0
OVbnm1WLeW59vl_wEqm66-07:00:00,SYN_110605,56,07:38:09,07:38:24,0
OVbnm1WLeW59vl_wEqm66-07:00:00,SYN_110606,57,07:38:36,07:38:51,0
OVbnm1WLeW59vl_wEqm66-07:00:00,SYN_110607,58,07:39:15,07:39:30,0
OVbnm1WLeW59vl_wEqm66-07:00:00,SYN_110608,59,07:39:54,07:40:09,0
OVbnm1WLeW59vl_wEqm66-07:00:00,SYN_110609,60,07:40:34,07:40:49,0
OVbnm1WLeW59vl_wEqm66-07:00:00,SYN_110610,61,07:41:13,07:41:28,0
OVbnm1WLeW59vl_wEqm66-07:00:00,SYN_110611,62,07:41:43,07:41:58,0
OVbnm1WLeW59vl_wEqm66-07:00:00,SYN_110612,63,07:42:09,07:42:24,0
OVbnm1WLeW59vl_wEqm66-07:00:00,SYN_110613,64,07:42:54,07:43:09,0
OVbnm1WLeW59vl_wEqm66-07:00:00,SYN_110614,65,07:43:28,07:43:43,0
OVbnm1WLeW59vl_wEqm66-07:00:00,SYN_110615,66,07:43:53,07:44:08,0
OVbnm1WLeW59vl_wEqm66-07:00:00,SYN_110616,67,07:44:19,07:44:34,0
OVbnm1WLeW59vl_wEqm66-07:00:00,SYN_110617,68,07:45:04,07:45:19,0
OVbnm1WLeW59vl_wEqm66-07:00:00,SYN_110618,69,07:45:55,07:46:10,0
OVbnm1WLeW59vl_wEqm66-07:00:00,SYN_110619,70,07:46:58,07:47:13,0
OVbnm1WLeW59vl_wEqm66-07:00:00,SYN_110620,71,07:48:08,07:48:23,0
OVbnm1WLeW59vl_wEqm66-07:00:00,SYN_110621,72,07:49:18,07:49:33,0
OVbnm1WLeW59vl_wEqm66-07:00:00,SYN_110622,73,07:50:00,07:50:15,0
OVbnm1WLeW59vl_wEqm66-07:00:00,SYN_110623,74,07:50:47,07:51:02,0
8wpT6YlGJmfsskCDg8AJT-07:00:00,SYN_110628,0,07:00:58,07:01:13,0
8wpT6YlGJmfsskCDg8AJT-07:00:00,SYN_110629,1,07:01:17,07:01:32,0
8wpT6YlGJmfsskCDg8AJT-07:00:00,SYN_110630,2,07:01:35,07:01:50,0
8wpT6YlGJmfsskCDg8AJT-07:00:00,SYN_110631,3,07:01:53,07:02:08,0
8wpT6YlGJmfsskCDg8AJT-07:00:00,SYN_110632,4,07:02:12,07:02:27,0
8wpT6YlGJmfsskCDg8AJT-07:00:00,SYN_110633,5,07:02:30,07:02:45,0
8wpT6YlGJmfsskCDg8AJT-07:00:00,SYN_110634,6,07:02:49,07:03:04,0
8wpT6YlGJmfsskCDg8AJT-07:00:00,SYN_110635,7,07:03:07,07:03:22,0
8wpT6YlGJmfsskCDg8AJT-07:00:00,SYN_110636,8,07:03:26,07:03:41,0
8wpT6YlGJmfsskCDg8AJT-07:00:00,SYN_110637,9,07:03:48,07:04:03,0
8wpT6YlGJmfsskCDg8AJT-07:00:00,SYN_110638,10,07:04:13,07:04:28,0
8wpT6YlGJmfsskCDg8AJT-07:00:00,SYN_110639,11,07:04:37,07:04:52,0
8wpT6YlGJmfsskCDg8AJT-07:00:00,SYN_110640,12,07:05:01,07:05:16,0
8wpT6YlGJmfsskCDg8AJT-07:00:00,SYN_110641,13,07:05:25,07:05:40,0
8wpT6YlGJmfsskCDg8AJT-07:00:00,SYN_110642,14,07:05:49,07:06:04,0
8wpT6YlGJmfsskCDg8AJT-07:00:00,SYN_110643,15,07:06:14,07:06:29,0
8wpT6YlGJmfsskCDg8AJT-07:00:00,SYN_110644,16,07:06:37,07:06:52,0
8wpT6YlGJmfsskCDg8AJT-07:00:00,SYN_110645,17,07:07:00,07:07:15,0
8wpT6YlGJmfsskCDg8AJT-07:00:00,SYN_110646,18,07:07:23,07:07:38,0
8wpT6YlGJmfsskCDg8AJT-07:00:00,SYN_110647,19,07:07:46,07:08:01,0
8wpT6YlGJmfsskCDg8AJT-07:00:00,SYN_110648,20,07:08:09,07:08:24,0
8wpT6YlGJmfsskCDg8AJT-07:00:00,SYN_110649,21,07:08:32,07:08:47,0
8wpT6YlGJmfsskCDg8AJT-07:00:00,SYN_110650,22,07:08:56,07:09:11,0
8wpT6YlGJmfsskCDg8AJT-07:00:00,SYN_110651,23,07:09:19,07:09:34,0
8wpT6YlGJmfsskCDg8AJT-07:00:00,SYN_110652,24,07:09:40,07:09:55,0
8wpT6YlGJmfsskCDg8AJT-07:00:00,SYN_110653,25,07:09:59,07:10:14,0
8wpT6YlGJmfsskCDg8AJT-07:00:00,SYN_110654,26,07:10:19,07:10:34,0
8wpT6YlGJmfsskCDg8AJT-07:00:00,SYN_110655,27,07:10:38,07:10:53,0
8wpT6YlGJmfsskCDg8AJT-07:00:00,SYN_110656,28,07:10:58,07:11:13,0
8wpT6YlGJmfsskCDg8AJT-07:00:00,SYN_110657,29,07:11:17,07:11:32,0
8wpT6YlGJmfsskCDg8AJT-07:00:00,SYN_110658,30,07:11:37,07:11:52,0
8wpT6YlGJmfsskCDg8AJT-07:00:00,SYN_110659,31,07:11:56,07:12:11,0
8wpT6YlGJmfsskCDg8AJT-07:00:00,SYN_110660,32,07:12:16,07:12:31,0
8wpT6YlGJmfsskCDg8AJT-07:00:00,SYN_110661,33,07:12:35,07:12:50,0
8wpT6YlGJmfsskCDg8AJT-07:00:00,SYN_110662,34,07:12:54,07:13:09,0
8wpT6YlGJmfsskCDg8AJT-07:00:00,SYN_110663,35,07:13:18,07:13:33,0
wNQ0rq7CAxb57IWuH3MiT-07:00:00,SYN_110666,0,07:00:05,07:00:20,0
wNQ0rq7CAxb57IWuH3MiT-07:00:00,SYN_110667,1,07:00:29,07:00:44,0
wNQ0rq7CAxb57IWuH3MiT-07:00:00,SYN_110668,2,07:00:54,07:01:09,0
wNQ0rq7CAxb57IWuH3MiT-07:00:00,SYN_110669,3,07:01:19,07:01:34,0
wNQ0rq7CAxb57IWuH3MiT-07:00:00,SYN_110670,4,07:01:44,07:01:59,0
wNQ0rq7CAxb57IWuH3MiT-07:00:00,SYN_110671,5,07:02:08,07:02:23,0
wNQ0rq7CAxb57IWuH3MiT-07:00:00,SYN_110672,6,07:02:33,07:02:48,0
wNQ0rq7CAxb57IWuH3MiT-07:00:00,SYN_110673,7,07:02:58,07:03:13,0
wNQ0rq7CAxb57IWuH3MiT-07:00:00,SYN_110674,8,07:03:22,07:03:37,0
wNQ0rq7CAxb57IWuH3MiT-07:00:00,SYN_110675,9,07:03:46,07:04:01,0
wNQ0rq7CAxb57IWuH3MiT-07:00:00,SYN_110676,10,07:04:08,07:04:23,0
wNQ0rq7CAxb57IWuH3MiT-07:00:00,SYN_110677,11,07:04:29,07:04:44,0
wNQ0rq7CAxb57IWuH3MiT-07:00:00,SYN_110678,12,07:04:51,07:05:06,0
wNQ0rq7CAxb57IWuH3MiT-07:00:00,SYN_110679,13,07:05:13,07:05:28,0
wNQ0rq7CAxb57IWuH3MiT-07:00:00,SYN_110680,14,07:05:34,07:05:49,0
wNQ0rq7CAxb57IWuH3MiT-07:00:00,SYN_110681,15,07:05:56,07:06:11,0
wNQ0rq7CAxb57IWuH3MiT-07:00:00,SYN_110682,16,07:06:23,07:06:38,0
wNQ0rq7CAxb57IWuH3MiT-07:00:00,SYN_110683,17,07:07:04,07:07:19,0
wNQ0rq7CAxb57IWuH3MiT-07:00:00,SYN_110684,18,07:07:46,07:08:01,0
wNQ0rq7CAxb57IWuH3MiT-07:00:00,SYN_110685,19,07:08:28,07:08:43,0
wNQ0rq7CAxb57IWuH3MiT-07:00:00,SYN_110686,20,07:09:10,07:09:25,0
wNQ0rq7CAxb57IWuH3MiT-07:00:00,SYN_110687,21,07:09:52,07:10:07,0
wNQ0rq7CAxb57IWuH3MiT-07:00:00,SYN_110688,22,07:10:34,07:10:49,0
wNQ0rq7CAxb57IWuH3MiT-07:00:00,SYN_110689,23,07:11:16,07:11:31,0
wNQ0rq7CAxb57IWuH3MiT-07:00:00,SYN_110690,24,07:11:58,07:12:13,0
wNQ0rq7CAxb57IWuH3MiT-07:00:00,SYN_110691,25,07:12:40,07:12:55,0
wNQ0rq7CAxb57IWuH3MiT-07:00:00,SYN_110692,26,07:13:22,07:13:37,0
wNQ0rq7CAxb57IWuH3MiT-07:00:00,SYN_110693,27,07:14:06,07:14:21,0
wNQ0rq7CAxb57IWuH3MiT-07:00:00,SYN_110694,28,07:15:34,07:15:49,0
wNQ0rq7CAxb57IWuH3MiT-07:00:00,SYN_110695,29,07:17:01,07:17:16,0
wNQ0rq7CAxb57IWuH3MiT-07:00:00,SYN_110696,30,07:18:29,07:18:44,0
wNQ0rq7CAxb57IWuH3MiT-07:00:00,SYN_110697,31,07:20:08,07:20:23,0
0eMropKVlaFEwtKn18KiF-07:00:00,SYN_110704,0,07:01:22,07:01:37,0
0eMropKVlaFEwtKn18KiF-07:00:00,SYN_110705,1,07:02:50,07:03:05,0
0eMropKVlaFEwtKn18KiF-07:00:00,SYN_110706,2,07:04:17,07:04:32,0
0eMropKVlaFEwtKn18KiF-07:00:00,SYN_110707,3,07:05:48,07:06:03,0
0eMropKVlaFEwtKn18KiF-07:00:00,SYN_110708,4,07:08:30,07:08:45,0
GVMY3J8hLKwB3k_XzZZNA-07:00:00,SYN_110709,0,07:00:59,07:01:14,0
GVMY3J8hLKwB3k_XzZZNA-07:00:00,SYN_110710,1,07:02:49,07:03:04,0
GVMY3J8hLKwB3k_XzZZNA-07:00:00,SYN_110711,2,07:04:12,07:04:27,0
GVMY3J8hLKwB3k_XzZZNA-07:00:00,SYN_110712,3,07:05:06,07:05:21,0
GVMY3J8hLKwB3k_XzZZNA-07:00:00,SYN_110713,4,07:05:56,07:06:11,0
GVMY3J8hLKwB3k_XzZZNA-07:00:00,SYN_110714,5,07:06:45,07:07:00,0
GVMY3J8hLKwB3k_XzZZNA-07:00:00,SYN_110715,6,07:07:28,07:07:43,0
GVMY3J8hLKwB3k_XzZZNA-07:00:00,SYN_110716,7,07:07:50,07:08:05,0
GVMY3J8hLKwB3k_XzZZNA-07:00:00,SYN_110717,8,07:08:10,07:08:25,0
GVMY3J8hLKwB3k_XzZZNA-07:00:00,SYN_110718,9,07:08:31,07:08:46,0
GVMY3J8hLKwB3k_XzZZNA-07:00:00,SYN_110719,10,07:09:12,07:09:27,0
GVMY3J8hLKwB3k_XzZZNA-07:00:00,SYN_110720,11,07:09:53,07:10:08,0
GVMY3J8hLKwB3k_XzZZNA-07:00:00,SYN_110721,12,07:10:28,07:10:43,0
GVMY3J8hLKwB3k_XzZZNA-07:00:00,SYN_110722,13,07:11:13,07:11:28,0
GVMY3J8hLKwB3k_XzZZNA-07:00:00,SYN_110723,14,07:12:07,07:12:22,0
GVMY3J8hLKwB3k_XzZZNA-07:00:00,SYN_110724,15,07:12:57,07:13:12,0
GVMY3J8hLKwB3k_XzZZNA-07:00:00,SYN_110725,16,07:13:43,07:13:58,0
GVMY3J8hLKwB3k_XzZZNA-07:00:00,SYN_110726,17,07:14:29,07:14:44,0
GVMY3J8hLKwB3k_XzZZNA-07:00:00,SYN_110727,18,07:15:10,07:15:25,0
GVMY3J8hLKwB3k_XzZZNA-07:00:00,SYN_110728,19,07:15:51,07:16:06,0
GVMY3J8hLKwB3k_XzZZNA-07:00:00,SYN_110729,20,07:16:41,07:16:56,0
GVMY3J8hLKwB3k_XzZZNA-07:00:00,SYN_110730,21,07:17:39,07:17:54,0
GVMY3J8hLKwB3k_XzZZNA-07:00:00,SYN_110731,22,07:18:15,07:18:30,0
GVMY3J8hLKwB3k_XzZZNA-07:00:00,SYN_110732,23,07:18:52,07:19:07,0
GVMY3J8hLKwB3k_XzZZNA-07:00:00,SYN_110733,24,07:19:20,07:19:35,0
GVMY3J8hLKwB3k_XzZZNA-07:00:00,SYN_110734,25,07:19:48,07:20:03,0
GVMY3J8hLKwB3k_XzZZNA-07:00:00,SYN_110735,26,07:20:16,07:20:31,0
GVMY3J8hLKwB3k_XzZZNA-07:00:00,SYN_110736,27,07:20:44,07:20:59,0
GVMY3J8hLKwB3k_XzZZNA-07:00:00,SYN_110737,28,07:21:12,07:21:27,0
GVMY3J8hLKwB3k_XzZZNA-07:00:00,SYN_110738,29,07:21:40,07:21:55,0
GVMY3J8hLKwB3k_XzZZNA-07:00:00,SYN_110739,30,07:22:08,07:22:23,0
GVMY3J8hLKwB3k_XzZZNA-07:00:00,SYN_110740,31,07:22:36,07:22:51,0
GVMY3J8hLKwB3k_XzZZNA-07:00:00,SYN_110741,32,07:23:04,07:23:19,0
GVMY3J8hLKwB3k_XzZZNA-07:00:00,SYN_110742,33,07:23:32,07:23:47,0
GVMY3J8hLKwB3k_XzZZNA-07:00:00,SYN_110743,34,07:24:00,07:24:15,0
GVMY3J8hLKwB3k_XzZZNA-07:00:00,SYN_110744,35,07:24:29,07:24:44,0
GVMY3J8hLKwB3k_XzZZNA-07:00:00,SYN_110745,36,07:24:57,07:25:12,0
GVMY3J8hLKwB3k_XzZZNA-07:00:00,SYN_110746,37,07:25:26,07:25:41,0
GVMY3J8hLKwB3k_XzZZNA-07:00:00,SYN_110747,38,07:25:52,07:26:07,0
GVMY3J8hLKwB3k_XzZZNA-07:00:00,SYN_110748,39,07:26:17,07:26:32,0
GVMY3J8hLKwB3k_XzZZNA-07:00:00,SYN_110749,40,07:26:44,07:26:59,0
GVMY3J8hLKwB3k_XzZZNA-07:00:00,SYN_110750,41,07:27:18,07:27:33,0
GVMY3J8hLKwB3k_XzZZNA-07:00:00,SYN_110751,42,07:27:52,07:28:07,0
GVMY3J8hLKwB3k_XzZZNA-07:00:00,SYN_110752,43,07:28:23,07:28:38,0
GVMY3J8hLKwB3k_XzZZNA-07:00:00,SYN_110753,44,07:28:53,07:29:08,0
GVMY3J8hLKwB3k_XzZZNA-07:00:00,SYN_110754,45,07:29:23,07:29:38,0
GVMY3J8hLKwB3k_XzZZNA-07:00:00,SYN_110755,46,07:29:53,07:30:08,0
GVMY3J8hLKwB3k_XzZZNA-07:00:00,SYN_110756,47,07:30:23,07:30:38,0
GVMY3J8hLKwB3k_XzZZNA-07:00:00,SYN_110757,48,07:30:59,07:31:14,0
GVMY3J8hLKwB3k_XzZZNA-07:00:00,SYN_110758,49,07:31:47,07:32:02,0
GVMY3J8hLKwB3k_XzZZNA-07:00:00,SYN_110759,50,07:32:14,07:32:29,0
GVMY3J8hLKwB3k_XzZZNA-07:00:00,SYN_110760,51,07:32:32,07:32:47,0
GVMY3J8hLKwB3k_XzZZNA-07:00:00,SYN_110761,52,07:32:51,07:33:06,0
GVMY3J8hLKwB3k_XzZZNA-07:00:00,SYN_110762,53,07:33:10,07:33:25,0
GVMY3J8hLKwB3k_XzZZNA-07:00:00,SYN_110763,54,07:33:36,07:33:51,0
GVMY3J8hLKwB3k_XzZZNA-07:00:00,SYN_110764,55,07:34:02,07:34:17,0
GVMY3J8hLKwB3k_XzZZNA-07:00:00,SYN_110765,56,07:34:27,07:34:42,0
GVMY3J8hLKwB3k_XzZZNA-07:00:00,SYN_110766,57,07:34:53,07:35:08,0
GVMY3J8hLKwB3k_XzZZNA-07:00:00,SYN_110767,58,07:35:19,07:35:34,0
GVMY3J8hLKwB3k_XzZZNA-07:00:00,SYN_110768,59,07:35:44,07:35:59,0
GVMY3J8hLKwB3k_XzZZNA-07:00:00,SYN_110769,60,07:36:09,07:36:24,0
GVMY3J8hLKwB3k_XzZZNA-07:00:00,SYN_110770,61,07:36:34,07:36:49,0
GVMY3J8hLKwB3k_XzZZNA-07:00:00,SYN_110771,62,07:37:03,07:37:18,0
GVMY3J8hLKwB3k_XzZZNA-07:00:00,SYN_110772,63,07:37:38,07:37:53,0
GVMY3J8hLKwB3k_XzZZNA-07:00:00,SYN_110773,64,07:38:21,07:38:36,0
GVMY3J8hLKwB3k_XzZZNA-07:00:00,SYN_110774,65,07:39:04,07:39:19,0
GVMY3J8hLKwB3k_XzZZNA-07:00:00,SYN_110775,66,07:39:46,07:40:01,0
GVMY3J8hLKwB3k_XzZZNA-07:00:00,SYN_110776,67,07:40:28,07:40:43,0
GVMY3J8hLKwB3k_XzZZNA-07:00:00,SYN_110777,68,07:41:10,07:41:25,0
GVMY3J8hLKwB3k_XzZZNA-07:00:00,SYN_110778,69,07:41:52,07:42:07,0
GVMY3J8hLKwB3k_XzZZNA-07:00:00,SYN_110779,70,07:42:33,07:42:48,0
GVMY3J8hLKwB3k_XzZZNA-07:00:00,SYN_110780,71,07:43:15,07:43:30,0
GVMY3J8hLKwB3k_XzZZNA-07:00:00,SYN_110781,72,07:43:55,07:44:10,0
GVMY3J8hLKwB3k_XzZZNA-07:00:00,SYN_110782,73,07:44:19,07:44:34,0
GVMY3J8hLKwB3k_XzZZNA-07:00:00,SYN_110783,74,07:44:43,07:44:58,0
GVMY3J8hLKwB3k_XzZZNA-07:00:00,SYN_110784,75,07:45:07,07:45:22,0
GVMY3J8hLKwB3k_XzZZNA-07:00:00,SYN_110785,76,07:45:31,07:45:46,0
GVMY3J8hLKwB3k_XzZZNA-07:00:00,SYN_110786,77,07:45:58,07:46:13,0
GVMY3J8hLKwB3k_XzZZNA-07:00:00,SYN_110787,78,07:46:33,07:46:48,0
GVMY3J8hLKwB3k_XzZZNA-07:00:00,SYN_110788,79,07:47:08,07:47:23,0
GVMY3J8hLKwB3k_XzZZNA-07:00:00,SYN_110789,80,07:47:42,07:47:57,0
nilFxlyYPYNiAZui3Rdkw-07:00:00,SYN_110790,0,07:00:20,07:00:35,0
nilFxlyYPYNiAZui3Rdkw-07:00:00,SYN_110791,1,07:00:41,07:00:56,0
nilFxlyYPYNiAZui3Rdkw-07:00:00,SYN_110792,2,07:01:02,07:01:17,0
nilFxlyYPYNiAZui3Rdkw-07:00:00,SYN_110793,3,07:01:23,07:01:38,0
nilFxlyYPYNiAZui3Rdkw-07:00:00,SYN_110794,4,07:01:44,07:01:59,0
nilFxlyYPYNiAZui3Rdkw-07:00:00,SYN_110795,5,07:02:04,07:02:19,0
nilFxlyYPYNiAZui3Rdkw-07:00:00,SYN_110796,6,07:02:25,07:02:40,0
nilFxlyYPYNiAZui3Rdkw-07:00:00,SYN_110797,7,07:02:46,07:03:01,0
nilFxlyYPYNiAZui3Rdkw-07:00:00,SYN_110798,8,07:03:07,07:03:22,0
nilFxlyYPYNiAZui3Rdkw-07:00:00,SYN_110799,9,07:03:28,07:03:43,0
nilFxlyYPYNiAZui3Rdkw-07:00:00,SYN_110800,10,07:03:48,07:04:03,0
nilFxlyYPYNiAZui3Rdkw-07:00:00,SYN_110801,11,07:04:09,07:04:24,0
nilFxlyYPYNiAZui3Rdkw-07:00:00,SYN_110802,12,07:04:30,07:04:45,0
nilFxlyYPYNiAZui3Rdkw-07:00:00,SYN_110803,13,07:04:51,07:05:06,0
nilFxlyYPYNiAZui3Rdkw-07:00:00,SYN_110804,14,07:05:12,07:05:27,0
nilFxlyYPYNiAZui3Rdkw-07:00:00,SYN_110805,15,07:05:33,07:05:48,0
nilFxlyYPYNiAZui3Rdkw-07:00:00,SYN_110806,16,07:05:53,07:06:08,0
nilFxlyYPYNiAZui3Rdkw-07:00:00,SYN_110807,17,07:06:14,07:06:29,0
nilFxlyYPYNiAZui3Rdkw-07:00:00,SYN_110808,18,07:06:35,07:06:50,0
nilFxlyYPYNiAZui3Rdkw-07:00:00,SYN_110809,19,07:06:56,07:07:11,0
nilFxlyYPYNiAZui3Rdkw-07:00:00,SYN_110810,20,07:07:17,07:07:32,0
nilFxlyYPYNiAZui3Rdkw-07:00:00,SYN_110811,21,07:07:38,07:07:53,0
nilFxlyYPYNiAZui3Rdkw-07:00:00,SYN_110812,22,07:07:58,07:08:13,0
nilFxlyYPYNiAZui3Rdkw-07:00:00,SYN_110813,23,07:08:19,07:08:34,0
nilFxlyYPYNiAZui3Rdkw-07:00:00,SYN_110814,24,07:08:40,07:08:55,0
nilFxlyYPYNiAZui3Rdkw-07:00:00,SYN_110815,25,07:09:01,07:09:16,0
nilFxlyYPYNiAZui3Rdkw-07:00:00,SYN_110816,26,07:09:22,07:09:37,0
nilFxlyYPYNiAZui3Rdkw-07:00:00,SYN_110817,27,07:09:43,07:09:58,0
nilFxlyYPYNiAZui3Rdkw-07:00:00,SYN_110818,28,07:10:03,07:10:18,0
nilFxlyYPYNiAZui3Rdkw-07:00:00,SYN_110819,29,07:10:24,07:10:39,0
nilFxlyYPYNiAZui3Rdkw-07:00:00,SYN_110820,30,07:10:45,07:11:00,0
nilFxlyYPYNiAZui3Rdkw-07:00:00,SYN_110821,31,07:11:06,07:11:21,0
nilFxlyYPYNiAZui3Rdkw-07:00:00,SYN_110822,32,07:11:27,07:11:42,0
nilFxlyYPYNiAZui3Rdkw-07:00:00,SYN_110823,33,07:11:47,07:12:02,0
nilFxlyYPYNiAZui3Rdkw-07:00:00,SYN_110824,34,07:12:08,07:12:23,0
nilFxlyYPYNiAZui3Rdkw-07:00:00,SYN_110825,35,07:12:29,07:12:44,0
nilFxlyYPYNiAZui3Rdkw-07:00:00,SYN_110826,36,07:12:50,07:13:05,0
nilFxlyYPYNiAZui3Rdkw-07:00:00,SYN_110827,37,07:13:11,07:13:26,0
nilFxlyYPYNiAZui3Rdkw-07:00:00,SYN_110828,38,07:13:32,07:13:47,0
nilFxlyYPYNiAZui3Rdkw-07:00:00,SYN_110829,39,07:13:52,07:14:07,0
nilFxlyYPYNiAZui3Rdkw-07:00:00,SYN_110830,40,07:14:13,07:14:28,0
nilFxlyYPYNiAZui3Rdkw-07:00:00,SYN_110831,41,07:14:34,07:14:49,0
nilFxlyYPYNiAZui3Rdkw-07:00:00,SYN_110832,42,07:14:54,07:15:09,0
nilFxlyYPYNiAZui3Rdkw-07:00:00,SYN_110833,43,07:15:14,07:15:29,0
nilFxlyYPYNiAZui3Rdkw-07:00:00,SYN_110834,44,07:15:35,07:15:50,0
nilFxlyYPYNiAZui3Rdkw-07:00:00,SYN_110835,45,07:15:55,07:16:10,0
nilFxlyYPYNiAZui3Rdkw-07:00:00,SYN_110836,46,07:16:16,07:16:31,0
nilFxlyYPYNiAZui3Rdkw-07:00:00,SYN_110837,47,07:16:36,07:16:51,0
nilFxlyYPYNiAZui3Rdkw-07:00:00,SYN_110838,48,07:16:56,07:17:11,0
nilFxlyYPYNiAZui3Rdkw-07:00:00,SYN_110839,49,07:17:17,07:17:32,0
nilFxlyYPYNiAZui3Rdkw-07:00:00,SYN_110840,50,07:17:37,07:17:52,0
nilFxlyYPYNiAZui3Rdkw-07:00:00,SYN_110841,51,07:17:58,07:18:13,0
nilFxlyYPYNiAZui3Rdkw-07:00:00,SYN_110842,52,07:18:18,07:18:33,0
nilFxlyYPYNiAZui3Rdkw-07:00:00,SYN_110843,53,07:18:39,07:18:54,0
nilFxlyYPYNiAZui3Rdkw-07:00:00,SYN_110844,54,07:18:59,07:19:14,0
nilFxlyYPYNiAZui3Rdkw-07:00:00,SYN_110845,55,07:19:19,07:19:34,0
nilFxlyYPYNiAZui3Rdkw-07:00:00,SYN_110846,56,07:19:40,07:19:55,0
nilFxlyYPYNiAZui3Rdkw-07:00:00,SYN_110847,57,07:20:00,07:20:15,0
nilFxlyYPYNiAZui3Rdkw-07:00:00,SYN_110848,58,07:20:21,07:20:36,0
nilFxlyYPYNiAZui3Rdkw-07:00:00,SYN_110849,59,07:20:41,07:20:56,0
nilFxlyYPYNiAZui3Rdkw-07:00:00,SYN_110850,60,07:21:01,07:21:16,0
nilFxlyYPYNiAZui3Rdkw-07:00:00,SYN_110851,61,07:21:22,07:21:37,0
nilFxlyYPYNiAZui3Rdkw-07:00:00,SYN_110852,62,07:21:42,07:21:57,0
nilFxlyYPYNiAZui3Rdkw-07:00:00,SYN_110853,63,07:22:04,07:22:19,0
nilFxlyYPYNiAZui3Rdkw-07:00:00,SYN_110854,64,07:22:25,07:22:40,0
nilFxlyYPYNiAZui3Rdkw-07:00:00,SYN_110855,65,07:22:47,07:23:02,0
nilFxlyYPYNiAZui3Rdkw-07:00:00,SYN_110856,66,07:23:09,07:23:24,0
nilFxlyYPYNiAZui3Rdkw-07:00:00,SYN_110857,67,07:23:30,07:23:45,0
nilFxlyYPYNiAZui3Rdkw-07:00:00,SYN_110858,68,07:23:52,07:24:07,0
nilFxlyYPYNiAZui3Rdkw-07:00:00,SYN_110859,69,07:24:13,07:24:28,0
nilFxlyYPYNiAZui3Rdkw-07:00:00,SYN_110860,70,07:24:35,07:24:50,0
nilFxlyYPYNiAZui3Rdkw-07:00:00,SYN_110861,71,07:24:56,07:25:11,0
nilFxlyYPYNiAZui3Rdkw-07:00:00,SYN_110862,72,07:25:18,07:25:33,0
nilFxlyYPYNiAZui3Rdkw-07:00:00,SYN_110863,73,07:25:39,07:25:54,0
nilFxlyYPYNiAZui3Rdkw-07:00:00,SYN_110864,74,07:26:01,07:26:16,0
nilFxlyYPYNiAZui3Rdkw-07:00:00,SYN_110865,75,07:26:22,07:26:37,0
nilFxlyYPYNiAZui3Rdkw-07:00:00,SYN_110866,76,07:26:43,07:26:58,0
nilFxlyYPYNiAZui3Rdkw-07:00:00,SYN_110867,77,07:27:04,07:27:19,0
nilFxlyYPYNiAZui3Rdkw-07:00:00,SYN_110868,78,07:27:26,07:27:41,0
nilFxlyYPYNiAZui3Rdkw-07:00:00,SYN_110869,79,07:27:47,07:28:02,0
nilFxlyYPYNiAZui3Rdkw-07:00:00,SYN_110870,80,07:28:08,07:28:23,0
nilFxlyYPYNiAZui3Rdkw-07:00:00,SYN_110871,81,07:28:29,07:28:44,0
nilFxlyYPYNiAZui3Rdkw-07:00:00,SYN_110872,82,07:28:51,07:29:06,0
nilFxlyYPYNiAZui3Rdkw-07:00:00,SYN_110873,83,07:29:13,07:29:28,0
nilFxlyYPYNiAZui3Rdkw-07:00:00,SYN_110874,84,07:29:35,07:29:50,0
nilFxlyYPYNiAZui3Rdkw-07:00:00,SYN_110875,85,07:29:57,07:30:12,0
nilFxlyYPYNiAZui3Rdkw-07:00:00,SYN_110876,86,07:30:19,07:30:34,0
nilFxlyYPYNiAZui3Rdkw-07:00:00,SYN_110877,87,07:30:41,07:30:56,0
nilFxlyYPYNiAZui3Rdkw-07:00:00,SYN_110878,88,07:31:04,07:31:19,0
nilFxlyYPYNiAZui3Rdkw-07:00:00,SYN_110879,89,07:31:27,07:31:42,0
nilFxlyYPYNiAZui3Rdkw-07:00:00,SYN_110880,90,07:31:50,07:32:05,0
nilFxlyYPYNiAZui3Rdkw-07:00:00,SYN_110881,91,07:32:14,07:32:29,0
nilFxlyYPYNiAZui3Rdkw-07:00:00,SYN_110882,92,07:32:38,07:32:53,0
nilFxlyYPYNiAZui3Rdkw-07:00:00,SYN_110883,93,07:33:03,07:33:18,0
nilFxlyYPYNiAZui3Rdkw-07:00:00,SYN_110884,94,07:33:27,07:33:42,0
nilFxlyYPYNiAZui3Rdkw-07:00:00,SYN_110885,95,07:33:51,07:34:06,0
nilFxlyYPYNiAZui3Rdkw-07:00:00,SYN_110886,96,07:34:15,07:34:30,0
nilFxlyYPYNiAZui3Rdkw-07:00:00,SYN_110887,97,07:34:39,07:34:54,0
nilFxlyYPYNiAZui3Rdkw-07:00:00,SYN_110888,98,07:35:03,07:35:18,0
nilFxlyYPYNiAZui3Rdkw-07:00:00,SYN_110889,99,07:35:28,07:35:43,0
nilFxlyYPYNiAZui3Rdkw-07:00:00,SYN_110890,100,07:36:05,07:36:20,0
nilFxlyYPYNiAZui3Rdkw-07:00:00,SYN_110891,101,07:36:41,07:36:56,0
nilFxlyYPYNiAZui3Rdkw-07:00:00,SYN_110892,102,07:37:17,07:37:32,0
q5Lba_fHFYAVYTctbEVvL-07:00:00,SYN_110893,0,07:00:39,07:00:54,0
q5Lba_fHFYAVYTctbEVvL-07:00:00,SYN_110894,1,07:01:18,07:01:33,0
q5Lba_fHFYAVYTctbEVvL-07:00:00,SYN_110895,2,07:01:58,07:02:13,0
q5Lba_fHFYAVYTctbEVvL-07:00:00,SYN_110896,3,07:02:37,07:02:52,0
q5Lba_fHFYAVYTctbEVvL-07:00:00,SYN_110897,4,07:03:16,07:03:31,0
q5Lba_fHFYAVYTctbEVvL-07:00:00,SYN_110898,5,07:03:56,07:04:11,0
q5Lba_fHFYAVYTctbEVvL-07:00:00,SYN_110899,6,07:05:17,07:05:32,0
q5Lba_fHFYAVYTctbEVvL-07:00:00,SYN_110900,7,07:06:42,07:06:57,0
q5Lba_fHFYAVYTctbEVvL-07:00:00,SYN_110901,8,07:07:14,07:07:29,0
q5Lba_fHFYAVYTctbEVvL-07:00:00,SYN_110902,9,07:07:45,07:08:00,0
q5Lba_fHFYAVYTctbEVvL-07:00:00,SYN_110903,10,07:08:17,07:08:32,0
q5Lba_fHFYAVYTctbEVvL-07:00:00,SYN_110904,11,07:09:18,07:09:33,0
q5Lba_fHFYAVYTctbEVvL-07:00:00,SYN_110905,12,07:10:26,07:10:41,0
q5Lba_fHFYAVYTctbEVvL-07:00:00,SYN_110906,13,07:11:34,07:11:49,0
q5Lba_fHFYAVYTctbEVvL-07:00:00,SYN_110907,14,07:12:13,07:12:28,0
q5Lba_fHFYAVYTctbEVvL-07:00:00,SYN_110908,15,07:12:42,07:12:57,0
q5Lba_fHFYAVYTctbEVvL-07:00:00,SYN_110909,16,07:13:10,07:13:25,0
q5Lba_fHFYAVYTctbEVvL-07:00:00,SYN_110910,17,07:13:38,07:13:53,0
vDSOGaI-kcPGIccVzFiRw-07:00:00,SYN_110913,0,07:00:23,07:00:38,0
vDSOGaI-kcPGIccVzFiRw-07:00:00,SYN_110914,1,07:00:50,07:01:05,0
vDSOGaI-kcPGIccVzFiRw-07:00:00,SYN_110915,2,07:01:22,07:01:37,0
vDSOGaI-kcPGIccVzFiRw-07:00:00,SYN_110916,3,07:01:56,07:02:11,0
vDSOGaI-kcPGIccVzFiRw-07:00:00,SYN_110917,4,07:02:30,07:02:45,0
vDSOGaI-kcPGIccVzFiRw-07:00:00,SYN_110918,5,07:02:43,07:02:58,0
vDSOGaI-kcPGIccVzFiRw-07:00:00,SYN_110919,6,07:02:52,07:03:07,0
vDSOGaI-kcPGIccVzFiRw-07:00:00,SYN_110920,7,07:03:01,07:03:16,0
vDSOGaI-kcPGIccVzFiRw-07:00:00,SYN_110921,8,07:03:10,07:03:25,0
vDSOGaI-kcPGIccVzFiRw-07:00:00,SYN_110922,9,07:03:19,07:03:34,0
vDSOGaI-kcPGIccVzFiRw-07:00:00,SYN_110923,10,07:03:28,07:03:43,0
vDSOGaI-kcPGIccVzFiRw-07:00:00,SYN_110924,11,07:03:37,07:03:52,0
vDSOGaI-kcPGIccVzFiRw-07:00:00,SYN_110925,12,07:03:46,07:04:01,0
vDSOGaI-kcPGIccVzFiRw-07:00:00,SYN_110926,13,07:03:55,07:04:10,0
vDSOGaI-kcPGIccVzFiRw-07:00:00,SYN_110927,14,07:04:04,07:04:19,0
vDSOGaI-kcPGIccVzFiRw-07:00:00,SYN_110928,15,07:04:13,07:04:28,0
vDSOGaI-kcPGIccVzFiRw-07:00:00,SYN_110929,16,07:04:22,07:04:37,0
vDSOGaI-kcPGIccVzFiRw-07:00:00,SYN_110930,17,07:04:31,07:04:46,0
vDSOGaI-kcPGIccVzFiRw-07:00:00,SYN_110931,18,07:04:41,07:04:56,0
vDSOGaI-kcPGIccVzFiRw-07:00:00,SYN_110932,19,07:04:50,07:05:05,0
vDSOGaI-kcPGIccVzFiRw-07:00:00,SYN_110933,20,07:04:59,07:05:14,0
vDSOGaI-kcPGIccVzFiRw-07:00:00,SYN_110934,21,07:05:08,07:05:23,0
vDSOGaI-kcPGIccVzFiRw-07:00:00,SYN_110935,22,07:05:17,07:05:32,0
vDSOGaI-kcPGIccVzFiRw-07:00:00,SYN_110936,23,07:05:26,07:05:41,0
vDSOGaI-kcPGIccVzFiRw-07:00:00,SYN_110937,24,07:06:04,07:06:19,0
vDSOGaI-kcPGIccVzFiRw-07:00:00,SYN_110938,25,07:07:16,07:07:31,0
vDSOGaI-kcPGIccVzFiRw-07:00:00,SYN_110939,26,07:08:28,07:08:43,0
vDSOGaI-kcPGIccVzFiRw-07:00:00,SYN_110940,27,07:09:40,07:09:55,0
vDSOGaI-kcPGIccVzFiRw-07:00:00,SYN_110941,28,07:10:31,07:10:46,0
vDSOGaI-kcPGIccVzFiRw-07:00:00,SYN_110942,29,07:10:53,07:11:08,0
vDSOGaI-kcPGIccVzFiRw-07:00:00,SYN_110943,30,07:11:16,07:11:31,0
vDSOGaI-kcPGIccVzFiRw-07:00:00,SYN_110944,31,07:11:38,07:11:53,0
vDSOGaI-kcPGIccVzFiRw-07:00:00,SYN_110945,32,07:12:00,07:12:15,0
vDSOGaI-kcPGIccVzFiRw-07:00:00,SYN_110946,33,07:12:22,07:12:37,0
vDSOGaI-kcPGIccVzFiRw-07:00:00,SYN_110947,34,07:12:44,07:12:59,0
vDSOGaI-kcPGIccVzFiRw-07:00:00,SYN_110948,35,07:13:05,07:13:20,0
vDSOGaI-kcPGIccVzFiRw-07:00:00,SYN_110949,36,07:13:27,07:13:42,0
vDSOGaI-kcPGIccVzFiRw-07:00:00,SYN_110950,37,07:13:48,07:14:03,0
vDSOGaI-kcPGIccVzFiRw-07:00:00,SYN_110951,38,07:14:09,07:14:24,0
vDSOGaI-kcPGIccVzFiRw-07:00:00,SYN_110952,39,07:14:31,07:14:46,0
vDSOGaI-kcPGIccVzFiRw-07:00:00,SYN_110953,40,07:14:52,07:15:07,0
vDSOGaI-kcPGIccVzFiRw-07:00:00,SYN_110954,41,07:15:14,07:15:29,0
vDSOGaI-kcPGIccVzFiRw-07:00:00,SYN_110955,42,07:15:44,07:15:59,0
vDSOGaI-kcPGIccVzFiRw-07:00:00,SYN_110956,43,07:16:11,07:16:26,0
vDSOGaI-kcPGIccVzFiRw-07:00:00,SYN_110957,44,07:16:32,07:16:47,0
vDSOGaI-kcPGIccVzFiRw-07:00:00,SYN_110958,45,07:16:54,07:17:09,0
vDSOGaI-kcPGIccVzFiRw-07:00:00,SYN_110959,46,07:17:15,07:17:30,0
vDSOGaI-kcPGIccVzFiRw-07:00:00,SYN_110960,47,07:17:37,07:17:52,0
vDSOGaI-kcPGIccVzFiRw-07:00:00,SYN_110961,48,07:17:58,07:18:13,0
vDSOGaI-kcPGIccVzFiRw-07:00:00,SYN_110962,49,07:18:19,07:18:34,0
vDSOGaI-kcPGIccVzFiRw-07:00:00,SYN_110963,50,07:18:41,07:18:56,0
vDSOGaI-kcPGIccVzFiRw-07:00:00,SYN_110964,51,07:19:02,07:19:17,0
vDSOGaI-kcPGIccVzFiRw-07:00:00,SYN_110965,52,07:19:24,07:19:39,0
vDSOGaI-kcPGIccVzFiRw-07:00:00,SYN_110966,53,07:19:45,07:20:00,0
vDSOGaI-kcPGIccVzFiRw-07:00:00,SYN_110967,54,07:20:07,07:20:22,0
vDSOGaI-kcPGIccVzFiRw-07:00:00,SYN_110968,55,07:20:28,07:20:43,0
vDSOGaI-kcPGIccVzFiRw-07:00:00,SYN_110969,56,07:20:49,07:21:04,0
vDSOGaI-kcPGIccVzFiRw-07:00:00,SYN_110970,57,07:21:11,07:21:26,0
vDSOGaI-kcPGIccVzFiRw-07:00:00,SYN_110971,58,07:21:32,07:21:47,0
vDSOGaI-kcPGIccVzFiRw-07:00:00,SYN_110972,59,07:21:54,07:22:09,0
vDSOGaI-kcPGIccVzFiRw-07:00:00,SYN_110973,60,07:22:15,07:22:30,0
vDSOGaI-kcPGIccVzFiRw-07:00:00,SYN_110974,61,07:22:36,07:22:51,0
vDSOGaI-kcPGIccVzFiRw-07:00:00,SYN_110975,62,07:22:58,07:23:13,0
vDSOGaI-kcPGIccVzFiRw-07:00:00,SYN_110976,63,07:23:19,07:23:34,0
vDSOGaI-kcPGIccVzFiRw-07:00:00,SYN_110977,64,07:23:41,07:23:56,0
vDSOGaI-kcPGIccVzFiRw-07:00:00,SYN_110978,65,07:24:02,07:24:17,0
vDSOGaI-kcPGIccVzFiRw-07:00:00,SYN_110979,66,07:24:24,07:24:39,0
vDSOGaI-kcPGIccVzFiRw-07:00:00,SYN_110980,67,07:24:45,07:25:00,0
vDSOGaI-kcPGIccVzFiRw-07:00:00,SYN_110981,68,07:25:06,07:25:21,0
vDSOGaI-kcPGIccVzFiRw-07:00:00,SYN_110982,69,07:25:27,07:25:42,0
vDSOGaI-kcPGIccVzFiRw-07:00:00,SYN_110983,70,07:25:47,07:26:02,0
vDSOGaI-kcPGIccVzFiRw-07:00:00,SYN_110984,71,07:26:08,07:26:23,0
vDSOGaI-kcPGIccVzFiRw-07:00:00,SYN_110985,72,07:26:29,07:26:44,0
vDSOGaI-kcPGIccVzFiRw-07:00:00,SYN_110986,73,07:26:50,07:27:05,0
vDSOGaI-kcPGIccVzFiRw-07:00:00,SYN_110987,74,07:27:10,07:27:25,0
vDSOGaI-kcPGIccVzFiRw-07:00:00,SYN_110988,75,07:27:31,07:27:46,0
vDSOGaI-kcPGIccVzFiRw-07:00:00,SYN_110989,76,07:27:52,07:28:07,0
vDSOGaI-kcPGIccVzFiRw-07:00:00,SYN_110990,77,07:28:13,07:28:28,0
vDSOGaI-kcPGIccVzFiRw-07:00:00,SYN_110991,78,07:28:33,07:28:48,0
vDSOGaI-kcPGIccVzFiRw-07:00:00,SYN_110992,79,07:28:54,07:29:09,0
vDSOGaI-kcPGIccVzFiRw-07:00:00,SYN_110993,80,07:29:15,07:29:30,0
vDSOGaI-kcPGIccVzFiRw-07:00:00,SYN_110994,81,07:29:35,07:29:50,0
vDSOGaI-kcPGIccVzFiRw-07:00:00,SYN_110995,82,07:29:56,07:30:11,0
vDSOGaI-kcPGIccVzFiRw-07:00:00,SYN_110996,83,07:30:18,07:30:33,0
vDSOGaI-kcPGIccVzFiRw-07:00:00,SYN_110997,84,07:30:41,07:30:56,0
vDSOGaI-kcPGIccVzFiRw-07:00:00,SYN_110998,85,07:31:03,07:31:18,0
vDSOGaI-kcPGIccVzFiRw-07:00:00,SYN_110999,86,07:31:26,07:31:41,0
vDSOGaI-kcPGIccVzFiRw-07:00:00,SYN_111000,87,07:31:49,07:32:04,0
vDSOGaI-kcPGIccVzFiRw-07:00:00,SYN_111001,88,07:32:11,07:32:26,0
vDSOGaI-kcPGIccVzFiRw-07:00:00,SYN_111002,89,07:32:34,07:32:49,0
vDSOGaI-kcPGIccVzFiRw-07:00:00,SYN_111003,90,07:32:57,07:33:12,0
vDSOGaI-kcPGIccVzFiRw-07:00:00,SYN_111004,91,07:33:19,07:33:34,0
vDSOGaI-kcPGIccVzFiRw-07:00:00,SYN_111005,92,07:33:40,07:33:55,0
vDSOGaI-kcPGIccVzFiRw-07:00:00,SYN_111006,93,07:34:01,07:34:16,0
vDSOGaI-kcPGIccVzFiRw-07:00:00,SYN_111007,94,07:34:21,07:34:36,0
vDSOGaI-kcPGIccVzFiRw-07:00:00,SYN_111008,95,07:34:42,07:34:57,0
vDSOGaI-kcPGIccVzFiRw-07:00:00,SYN_111009,96,07:35:03,07:35:18,0
vDSOGaI-kcPGIccVzFiRw-07:00:00,SYN_111010,97,07:35:24,07:35:39,0
vDSOGaI-kcPGIccVzFiRw-07:00:00,SYN_111011,98,07:35:44,07:35:59,0
vDSOGaI-kcPGIccVzFiRw-07:00:00,SYN_111012,99,07:36:05,07:36:20,0
vDSOGaI-kcPGIccVzFiRw-07:00:00,SYN_111013,100,07:36:26,07:36:41,0
vDSOGaI-kcPGIccVzFiRw-07:00:00,SYN_111014,101,07:36:47,07:37:02,0
vDSOGaI-kcPGIccVzFiRw-07:00:00,SYN_111015,102,07:37:07,07:37:22,0
vDSOGaI-kcPGIccVzFiRw-07:00:00,SYN_111016,103,07:37:28,07:37:43,0
vDSOGaI-kcPGIccVzFiRw-07:00:00,SYN_111017,104,07:37:49,07:38:04,0
vDSOGaI-kcPGIccVzFiRw-07:00:00,SYN_111018,105,07:38:10,07:38:25,0
vDSOGaI-kcPGIccVzFiRw-07:00:00,SYN_111019,106,07:38:30,07:38:45,0
vDSOGaI-kcPGIccVzFiRw-07:00:00,SYN_111020,107,07:38:51,07:39:06,0
vDSOGaI-kcPGIccVzFiRw-07:00:00,SYN_111021,108,07:39:12,07:39:27,0
vDSOGaI-kcPGIccVzFiRw-07:00:00,SYN_111022,109,07:39:33,07:39:48,0
vDSOGaI-kcPGIccVzFiRw-07:00:00,SYN_111023,110,07:39:53,07:40:08,0
vDSOGaI-kcPGIccVzFiRw-07:00:00,SYN_111024,111,07:40:14,07:40:29,0
vDSOGaI-kcPGIccVzFiRw-07:00:00,SYN_111025,112,07:40:35,07:40:50,0
vDSOGaI-kcPGIccVzFiRw-07:00:00,SYN_111026,113,07:40:56,07:41:11,0
vDSOGaI-kcPGIccVzFiRw-07:00:00,SYN_111027,114,07:41:16,07:41:31,0
vDSOGaI-kcPGIccVzFiRw-07:00:00,SYN_111028,115,07:41:37,07:41:52,0
vDSOGaI-kcPGIccVzFiRw-07:00:00,SYN_111029,116,07:41:58,07:42:13,0
vDSOGaI-kcPGIccVzFiRw-07:00:00,SYN_111030,117,07:42:19,07:42:34,0
vDSOGaI-kcPGIccVzFiRw-07:00:00,SYN_111031,118,07:42:40,07:42:55,0
vDSOGaI-kcPGIccVzFiRw-07:00:00,SYN_111032,119,07:43:00,07:43:15,0
vDSOGaI-kcPGIccVzFiRw-07:00:00,SYN_111033,120,07:43:20,07:43:35,0
vDSOGaI-kcPGIccVzFiRw-07:00:00,SYN_111034,121,07:43:41,07:43:56,0
vDSOGaI-kcPGIccVzFiRw-07:00:00,SYN_111035,122,07:44:01,07:44:16,0
vDSOGaI-kcPGIccVzFiRw-07:00:00,SYN_111036,123,07:44:22,07:44:37,0
vDSOGaI-kcPGIccVzFiRw-07:00:00,SYN_111037,124,07:44:42,07:44:57,0
vDSOGaI-kcPGIccVzFiRw-07:00:00,SYN_111038,125,07:45:02,07:45:17,0
vDSOGaI-kcPGIccVzFiRw-07:00:00,SYN_111039,126,07:45:23,07:45:38,0
vDSOGaI-kcPGIccVzFiRw-07:00:00,SYN_111040,127,07:45:43,07:45:58,0
vDSOGaI-kcPGIccVzFiRw-07:00:00,SYN_111041,128,07:46:03,07:46:18,0
vDSOGaI-kcPGIccVzFiRw-07:00:00,SYN_111042,129,07:46:24,07:46:39,0
vDSOGaI-kcPGIccVzFiRw-07:00:00,SYN_111043,130,07:46:44,07:46:59,0
vDSOGaI-kcPGIccVzFiRw-07:00:00,SYN_111044,131,07:47:04,07:47:19,0
vDSOGaI-kcPGIccVzFiRw-07:00:00,SYN_111045,132,07:47:25,07:47:40,0
vDSOGaI-kcPGIccVzFiRw-07:00:00,SYN_111046,133,07:47:45,07:48:00,0
vDSOGaI-kcPGIccVzFiRw-07:00:00,SYN_111047,134,07:48:06,07:48:21,0
vDSOGaI-kcPGIccVzFiRw-07:00:00,SYN_111048,135,07:48:26,07:48:41,0
vDSOGaI-kcPGIccVzFiRw-07:00:00,SYN_111049,136,07:48:46,07:49:01,0
vDSOGaI-kcPGIccVzFiRw-07:00:00,SYN_111050,137,07:49:07,07:49:22,0
vDSOGaI-kcPGIccVzFiRw-07:00:00,SYN_111051,138,07:49:27,07:49:42,0
vDSOGaI-kcPGIccVzFiRw-07:00:00,SYN_111052,139,07:49:47,07:50:02,0
vDSOGaI-kcPGIccVzFiRw-07:00:00,SYN_111053,140,07:50:08,07:50:23,0
vDSOGaI-kcPGIccVzFiRw-07:00:00,SYN_111054,141,07:50:29,07:50:44,0
vDSOGaI-kcPGIccVzFiRw-07:00:00,SYN_111055,142,07:50:50,07:51:05,0
vDSOGaI-kcPGIccVzFiRw-07:00:00,SYN_111056,143,07:51:12,07:51:27,0
vDSOGaI-kcPGIccVzFiRw-07:00:00,SYN_111057,144,07:51:33,07:51:48,0
vDSOGaI-kcPGIccVzFiRw-07:00:00,SYN_111058,145,07:51:54,07:52:09,0
vDSOGaI-kcPGIccVzFiRw-07:00:00,SYN_111059,146,07:52:16,07:52:31,0
vDSOGaI-kcPGIccVzFiRw-07:00:00,SYN_111060,147,07:52:37,07:52:52,0
vDSOGaI-kcPGIccVzFiRw-07:00:00,SYN_111061,148,07:52:59,07:53:14,0
vDSOGaI-kcPGIccVzFiRw-07:00:00,SYN_111062,149,07:53:20,07:53:35,0
vDSOGaI-kcPGIccVzFiRw-07:00:00,SYN_111063,150,07:53:42,07:53:57,0
vDSOGaI-kcPGIccVzFiRw-07:00:00,SYN_111064,151,07:54:03,07:54:18,0
vDSOGaI-kcPGIccVzFiRw-07:00:00,SYN_111065,152,07:54:25,07:54:40,0
vDSOGaI-kcPGIccVzFiRw-07:00:00,SYN_111066,153,07:54:46,07:55:01,0
vDSOGaI-kcPGIccVzFiRw-07:00:00,SYN_111067,154,07:55:07,07:55:22,0
vDSOGaI-kcPGIccVzFiRw-07:00:00,SYN_111068,155,07:55:28,07:55:43,0
vDSOGaI-kcPGIccVzFiRw-07:00:00,SYN_111069,156,07:55:50,07:56:05,0
vDSOGaI-kcPGIccVzFiRw-07:00:00,SYN_111070,157,07:56:11,07:56:26,0
vDSOGaI-kcPGIccVzFiRw-07:00:00,SYN_111071,158,07:56:32,07:56:47,0
vDSOGaI-kcPGIccVzFiRw-07:00:00,SYN_111072,159,07:56:53,07:57:08,0
vDSOGaI-kcPGIccVzFiRw-07:00:00,SYN_111073,160,07:57:15,07:57:30,0
vDSOGaI-kcPGIccVzFiRw-07:00:00,SYN_111074,161,07:57:36,07:57:51,0
vDSOGaI-kcPGIccVzFiRw-07:00:00,SYN_111075,162,07:57:58,07:58:13,0
vDSOGaI-kcPGIccVzFiRw-07:00:00,SYN_111076,163,07:58:21,07:58:36,0
vDSOGaI-kcPGIccVzFiRw-07:00:00,SYN_111077,164,07:58:43,07:58:58,0
vDSOGaI-kcPGIccVzFiRw-07:00:00,SYN_111078,165,07:59:05,07:59:20,0
vDSOGaI-kcPGIccVzFiRw-07:00:00,SYN_111079,166,07:59:27,07:59:42,0
vDSOGaI-kcPGIccVzFiRw-07:00:00,SYN_111080,167,07:59:50,08:00:05,0
vDSOGaI-kcPGIccVzFiRw-07:00:00,SYN_111081,168,08:00:13,08:00:28,0
vDSOGaI-kcPGIccVzFiRw-07:00:00,SYN_111082,169,08:00:36,08:00:51,0
vDSOGaI-kcPGIccVzFiRw-07:00:00,SYN_111083,170,08:01:00,08:01:15,0
vDSOGaI-kcPGIccVzFiRw-07:00:00,SYN_111084,171,08:01:25,08:01:40,0
vDSOGaI-kcPGIccVzFiRw-07:00:00,SYN_111085,172,08:01:49,08:02:04,0
vDSOGaI-kcPGIccVzFiRw-07:00:00,SYN_111086,173,08:02:14,08:02:29,0
vDSOGaI-kcPGIccVzFiRw-07:00:00,SYN_111087,174,08:02:38,08:02:53,0
vDSOGaI-kcPGIccVzFiRw-07:00:00,SYN_111088,175,08:03:01,08:03:16,0
vDSOGaI-kcPGIccVzFiRw-07:00:00,SYN_111089,176,08:03:25,08:03:40,0
vDSOGaI-kcPGIccVzFiRw-07:00:00,SYN_111090,177,08:03:49,08:04:04,0
vDSOGaI-kcPGIccVzFiRw-07:00:00,SYN_111091,178,08:04:20,08:04:35,0
vDSOGaI-kcPGIccVzFiRw-07:00:00,SYN_111092,179,08:04:57,08:05:12,0
vDSOGaI-kcPGIccVzFiRw-07:00:00,SYN_111093,180,08:05:35,08:05:50,0
E3cKTAI5hrMdq3gv0l-3g-07:00:00,SYN_111097,0,07:00:27,07:00:42,0
E3cKTAI5hrMdq3gv0l-3g-07:00:00,SYN_111098,1,07:01:07,07:01:22,0
E3cKTAI5hrMdq3gv0l-3g-07:00:00,SYN_111099,2,07:01:49,07:02:04,0
E3cKTAI5hrMdq3gv0l-3g-07:00:00,SYN_111100,3,07:02:53,07:03:08,0
E3cKTAI5hrMdq3gv0l-3g-07:00:00,SYN_111101,4,07:04:04,07:04:19,0
E3cKTAI5hrMdq3gv0l-3g-07:00:00,SYN_111102,5,07:05:18,07:05:33,0
E3cKTAI5hrMdq3gv0l-3g-07:00:00,SYN_111103,6,07:06:37,07:06:52,0
E3cKTAI5hrMdq3gv0l-3g-07:00:00,SYN_111104,7,07:07:47,07:08:02,0
E3cKTAI5hrMdq3gv0l-3g-07:00:00,SYN_111105,8,07:08:52,07:09:07,0
E3cKTAI5hrMdq3gv0l-3g-07:00:00,SYN_111106,9,07:09:43,07:09:58,0
E3cKTAI5hrMdq3gv0l-3g-07:00:00,SYN_111107,10,07:10:23,07:10:38,0
E3cKTAI5hrMdq3gv0l-3g-07:00:00,SYN_111108,11,07:11:06,07:11:21,0
E3cKTAI5hrMdq3gv0l-3g-07:00:00,SYN_111109,12,07:12:19,07:12:34,0
E3cKTAI5hrMdq3gv0l-3g-07:00:00,SYN_111110,13,07:12:53,07:13:08,0
E3cKTAI5hrMdq3gv0l-3g-07:00:00,SYN_111111,14,07:13:27,07:13:42,0
E3cKTAI5hrMdq3gv0l-3g-07:00:00,SYN_111112,15,07:14:00,07:14:15,0
E3cKTAI5hrMdq3gv0l-3g-07:00:00,SYN_111113,16,07:14:22,07:14:37,0
E3cKTAI5hrMdq3gv0l-3g-07:00:00,SYN_111114,17,07:14:45,07:15:00,0
E3cKTAI5hrMdq3gv0l-3g-07:00:00,SYN_111115,18,07:15:19,07:15:34,0
E3cKTAI5hrMdq3gv0l-3g-07:00:00,SYN_111116,19,07:15:53,07:16:08,0
E3cKTAI5hrMdq3gv0l-3g-07:00:00,SYN_111117,20,07:16:27,07:16:42,0
E3cKTAI5hrMdq3gv0l-3g-07:00:00,SYN_111118,21,07:16:58,07:17:13,0
E3cKTAI5hrMdq3gv0l-3g-07:00:00,SYN_111119,22,07:17:27,07:17:42,0
E3cKTAI5hrMdq3gv0l-3g-07:00:00,SYN_111120,23,07:17:57,07:18:12,0
E3cKTAI5hrMdq3gv0l-3g-07:00:00,SYN_111121,24,07:18:26,07:18:41,0
E3cKTAI5hrMdq3gv0l-3g-07:00:00,SYN_111122,25,07:18:56,07:19:11,0
E3cKTAI5hrMdq3gv0l-3g-07:00:00,SYN_111123,26,07:19:27,07:19:42,0
E3cKTAI5hrMdq3gv0l-3g-07:00:00,SYN_111124,27,07:19:59,07:20:14,0
E3cKTAI5hrMdq3gv0l-3g-07:00:00,SYN_111125,28,07:20:30,07:20:45,0
E3cKTAI5hrMdq3gv0l-3g-07:00:00,SYN_111126,29,07:21:05,07:21:20,0
E3cKTAI5hrMdq3gv0l-3g-07:00:00,SYN_111127,30,07:21:52,07:22:07,0
E3cKTAI5hrMdq3gv0l-3g-07:00:00,SYN_111128,31,07:22:38,07:22:53,0
E3cKTAI5hrMdq3gv0l-3g-07:00:00,SYN_111129,32,07:23:20,07:23:35,0
E3cKTAI5hrMdq3gv0l-3g-07:00:00,SYN_111130,33,07:24:03,07:24:18,0
E3cKTAI5hrMdq3gv0l-3g-07:00:00,SYN_111131,34,07:24:46,07:25:01,0
E3cKTAI5hrMdq3gv0l-3g-07:00:00,SYN_111132,35,07:25:28,07:25:43,0
E3cKTAI5hrMdq3gv0l-3g-07:00:00,SYN_111133,36,07:26:11,07:26:26,0
E3cKTAI5hrMdq3gv0l-3g-07:00:00,SYN_111134,37,07:27:03,07:27:18,0
E3cKTAI5hrMdq3gv0l-3g-07:00:00,SYN_111135,38,07:27:57,07:28:12,0
E3cKTAI5hrMdq3gv0l-3g-07:00:00,SYN_111136,39,07:28:50,07:29:05,0
E3cKTAI5hrMdq3gv0l-3g-07:00:00,SYN_111137,40,07:29:30,07:29:45,0
E3cKTAI5hrMdq3gv0l-3g-07:00:00,SYN_111138,41,07:30:10,07:30:25,0
E3cKTAI5hrMdq3gv0l-3g-07:00:00,SYN_111139,42,07:30:48,07:31:03,0
E3cKTAI5hrMdq3gv0l-3g-07:00:00,SYN_111140,43,07:31:21,07:31:36,0
E3cKTAI5hrMdq3gv0l-3g-07:00:00,SYN_111141,44,07:31:54,07:32:09,0
E3cKTAI5hrMdq3gv0l-3g-07:00:00,SYN_111142,45,07:32:28,07:32:43,0
E3cKTAI5hrMdq3gv0l-3g-07:00:00,SYN_111143,46,07:33:10,07:33:25,0
E3cKTAI5hrMdq3gv0l-3g-07:00:00,SYN_111144,47,07:33:52,07:34:07,0
E3cKTAI5hrMdq3gv0l-3g-07:00:00,SYN_111145,48,07:34:34,07:34:49,0
E3cKTAI5hrMdq3gv0l-3g-07:00:00,SYN_111146,49,07:35:05,07:35:20,0
E3cKTAI5hrMdq3gv0l-3g-07:00:00,SYN_111147,50,07:35:25,07:35:40,0
E3cKTAI5hrMdq3gv0l-3g-07:00:00,SYN_111148,51,07:35:46,07:36:01,0
E3cKTAI5hrMdq3gv0l-3g-07:00:00,SYN_111149,52,07:36:06,07:36:21,0
E3cKTAI5hrMdq3gv0l-3g-07:00:00,SYN_111150,53,07:36:26,07:36:41,0
E3cKTAI5hrMdq3gv0l-3g-07:00:00,SYN_111151,54,07:36:49,07:37:04,0
E3cKTAI5hrMdq3gv0l-3g-07:00:00,SYN_111152,55,07:37:12,07:37:27,0
E3cKTAI5hrMdq3gv0l-3g-07:00:00,SYN_111153,56,07:37:35,07:37:50,0
E3cKTAI5hrMdq3gv0l-3g-07:00:00,SYN_111154,57,07:37:58,07:38:13,0
E3cKTAI5hrMdq3gv0l-3g-07:00:00,SYN_111155,58,07:38:21,07:38:36,0
E3cKTAI5hrMdq3gv0l-3g-07:00:00,SYN_111156,59,07:38:43,07:38:58,0
E3cKTAI5hrMdq3gv0l-3g-07:00:00,SYN_111157,60,07:39:05,07:39:20,0
E3cKTAI5hrMdq3gv0l-3g-07:00:00,SYN_111158,61,07:39:27,07:39:42,0
E3cKTAI5hrMdq3gv0l-3g-07:00:00,SYN_111159,62,07:39:50,07:40:05,0
E3cKTAI5hrMdq3gv0l-3g-07:00:00,SYN_111160,63,07:40:12,07:40:27,0
E3cKTAI5hrMdq3gv0l-3g-07:00:00,SYN_111161,64,07:40:34,07:40:49,0
E3cKTAI5hrMdq3gv0l-3g-07:00:00,SYN_111162,65,07:40:56,07:41:11,0
E3cKTAI5hrMdq3gv0l-3g-07:00:00,SYN_111163,66,07:41:18,07:41:33,0
E3cKTAI5hrMdq3gv0l-3g-07:00:00,SYN_111164,67,07:41:42,07:41:57,0
E3cKTAI5hrMdq3gv0l-3g-07:00:00,SYN_111165,68,07:42:05,07:42:20,0
bAHUtWeGgy-NzZiHpbdim-07:00:00,SYN_111166,0,07:00:45,07:01:00,0
bAHUtWeGgy-NzZiHpbdim-07:00:00,SYN_111167,1,07:01:06,07:01:21,0
bAHUtWeGgy-NzZiHpbdim-07:00:00,SYN_111168,2,07:01:27,07:01:42,0
bAHUtWeGgy-NzZiHpbdim-07:00:00,SYN_111169,3,07:01:48,07:02:03,0
bAHUtWeGgy-NzZiHpbdim-07:00:00,SYN_111170,4,07:02:08,07:02:23,0
bAHUtWeGgy-NzZiHpbdim-07:00:00,SYN_111171,5,07:02:29,07:02:44,0
bAHUtWeGgy-NzZiHpbdim-07:00:00,SYN_111172,6,07:02:50,07:03:05,0
bAHUtWeGgy-NzZiHpbdim-07:00:00,SYN_111173,7,07:03:11,07:03:26,0
bAHUtWeGgy-NzZiHpbdim-07:00:00,SYN_111174,8,07:03:31,07:03:46,0
bAHUtWeGgy-NzZiHpbdim-07:00:00,SYN_111175,9,07:03:52,07:04:07,0
bAHUtWeGgy-NzZiHpbdim-07:00:00,SYN_111176,10,07:04:13,07:04:28,0
bAHUtWeGgy-NzZiHpbdim-07:00:00,SYN_111177,11,07:04:36,07:04:51,0
bAHUtWeGgy-NzZiHpbdim-07:00:00,SYN_111178,12,07:04:58,07:05:13,0
bAHUtWeGgy-NzZiHpbdim-07:00:00,SYN_111179,13,07:05:20,07:05:35,0
bAHUtWeGgy-NzZiHpbdim-07:00:00,SYN_111180,14,07:05:43,07:05:58,0
bAHUtWeGgy-NzZiHpbdim-07:00:00,SYN_111181,15,07:06:05,07:06:20,0
bAHUtWeGgy-NzZiHpbdim-07:00:00,SYN_111182,16,07:06:27,07:06:42,0
bAHUtWeGgy-NzZiHpbdim-07:00:00,SYN_111183,17,07:06:48,07:07:03,0
bAHUtWeGgy-NzZiHpbdim-07:00:00,SYN_111184,18,07:07:09,07:07:24,0
bAHUtWeGgy-NzZiHpbdim-07:00:00,SYN_111185,19,07:07:31,07:07:46,0
bAHUtWeGgy-NzZiHpbdim-07:00:00,SYN_111186,20,07:07:52,07:08:07,0
bAHUtWeGgy-NzZiHpbdim-07:00:00,SYN_111187,21,07:08:13,07:08:28,0
bAHUtWeGgy-NzZiHpbdim-07:00:00,SYN_111188,22,07:08:34,07:08:49,0
bAHUtWeGgy-NzZiHpbdim-07:00:00,SYN_111189,23,07:08:55,07:09:10,0
bAHUtWeGgy-NzZiHpbdim-07:00:00,SYN_111190,24,07:09:16,07:09:31,0
bAHUtWeGgy-NzZiHpbdim-07:00:00,SYN_111191,25,07:09:37,07:09:52,0
bAHUtWeGgy-NzZiHpbdim-07:00:00,SYN_111192,26,07:10:04,07:10:19,0
bAHUtWeGgy-NzZiHpbdim-07:00:00,SYN_111193,27,07:10:30,07:10:45,0
bAHUtWeGgy-NzZiHpbdim-07:00:00,SYN_111194,28,07:10:57,07:11:12,0
bAHUtWeGgy-NzZiHpbdim-07:00:00,SYN_111195,29,07:11:24,07:11:39,0
bAHUtWeGgy-NzZiHpbdim-07:00:00,SYN_111196,30,07:11:50,07:12:05,0
bAHUtWeGgy-NzZiHpbdim-07:00:00,SYN_111197,31,07:12:15,07:12:30,0
bAHUtWeGgy-NzZiHpbdim-07:00:00,SYN_111198,32,07:12:41,07:12:56,0
bAHUtWeGgy-NzZiHpbdim-07:00:00,SYN_111199,33,07:13:07,07:13:22,0
bAHUtWeGgy-NzZiHpbdim-07:00:00,SYN_111200,34,07:13:33,07:13:48,0
bAHUtWeGgy-NzZiHpbdim-07:00:00,SYN_111201,35,07:13:58,07:14:13,0
bAHUtWeGgy-NzZiHpbdim-07:00:00,SYN_111202,36,07:14:24,07:14:39,0
bAHUtWeGgy-NzZiHpbdim-07:00:00,SYN_111203,37,07:14:50,07:15:05,0
bAHUtWeGgy-NzZiHpbdim-07:00:00,SYN_111204,38,07:15:17,07:15:32,0
bAHUtWeGgy-NzZiHpbdim-07:00:00,SYN_111205,39,07:15:46,07:16:01,0
bAHUtWeGgy-NzZiHpbdim-07:00:00,SYN_111206,40,07:16:14,07:16:29,0
bAHUtWeGgy-NzZiHpbdim-07:00:00,SYN_111207,41,07:16:42,07:16:57,0
bAHUtWeGgy-NzZiHpbdim-07:00:00,SYN_111208,42,07:17:10,07:17:25,0
bAHUtWeGgy-NzZiHpbdim-07:00:00,SYN_111209,43,07:17:39,07:17:54,0
bAHUtWeGgy-NzZiHpbdim-07:00:00,SYN_111210,44,07:18:07,07:18:22,0
bAHUtWeGgy-NzZiHpbdim-07:00:00,SYN_111211,45,07:18:33,07:18:48,0
bAHUtWeGgy-NzZiHpbdim-07:00:00,SYN_111212,46,07:18:58,07:19:13,0
bAHUtWeGgy-NzZiHpbdim-07:00:00,SYN_111213,47,07:19:27,07:19:42,0
bAHUtWeGgy-NzZiHpbdim-07:00:00,SYN_111214,48,07:20:01,07:20:16,0
bAHUtWeGgy-NzZiHpbdim-07:00:00,SYN_111215,49,07:20:35,07:20:50,0
bAHUtWeGgy-NzZiHpbdim-07:00:00,SYN_111216,50,07:21:05,07:21:20,0
bAHUtWeGgy-NzZiHpbdim-07:00:00,SYN_111217,51,07:21:35,07:21:50,0
bAHUtWeGgy-NzZiHpbdim-07:00:00,SYN_111218,52,07:22:05,07:22:20,0
bAHUtWeGgy-NzZiHpbdim-07:00:00,SYN_111219,53,07:22:35,07:22:50,0
bAHUtWeGgy-NzZiHpbdim-07:00:00,SYN_111220,54,07:23:05,07:23:20,0
bAHUtWeGgy-NzZiHpbdim-07:00:00,SYN_111221,55,07:23:46,07:24:01,0
bAHUtWeGgy-NzZiHpbdim-07:00:00,SYN_111222,56,07:24:34,07:24:49,0
bAHUtWeGgy-NzZiHpbdim-07:00:00,SYN_111223,57,07:24:54,07:25:09,0
bAHUtWeGgy-NzZiHpbdim-07:00:00,SYN_111224,58,07:25:12,07:25:27,0
bAHUtWeGgy-NzZiHpbdim-07:00:00,SYN_111225,59,07:25:31,07:25:46,0
bAHUtWeGgy-NzZiHpbdim-07:00:00,SYN_111226,60,07:25:52,07:26:07,0
bAHUtWeGgy-NzZiHpbdim-07:00:00,SYN_111227,61,07:26:18,07:26:33,0
bAHUtWeGgy-NzZiHpbdim-07:00:00,SYN_111228,62,07:26:43,07:26:58,0
bAHUtWeGgy-NzZiHpbdim-07:00:00,SYN_111229,63,07:27:09,07:27:24,0
bAHUtWeGgy-NzZiHpbdim-07:00:00,SYN_111230,64,07:27:35,07:27:50,0
bAHUtWeGgy-NzZiHpbdim-07:00:00,SYN_111231,65,07:28:00,07:28:15,0
bAHUtWeGgy-NzZiHpbdim-07:00:00,SYN_111232,66,07:28:25,07:28:40,0
bAHUtWeGgy-NzZiHpbdim-07:00:00,SYN_111233,67,07:28:50,07:29:05,0
bAHUtWeGgy-NzZiHpbdim-07:00:00,SYN_111234,68,07:29:15,07:29:30,0
bAHUtWeGgy-NzZiHpbdim-07:00:00,SYN_111235,69,07:29:46,07:30:01,0
bAHUtWeGgy-NzZiHpbdim-07:00:00,SYN_111236,70,07:30:13,07:30:28,0
bAHUtWeGgy-NzZiHpbdim-07:00:00,SYN_111237,71,07:30:39,07:30:54,0
bAHUtWeGgy-NzZiHpbdim-07:00:00,SYN_111238,72,07:31:04,07:31:19,0
bAHUtWeGgy-NzZiHpbdim-07:00:00,SYN_111239,73,07:31:29,07:31:44,0
bAHUtWeGgy-NzZiHpbdim-07:00:00,SYN_111240,74,07:32:06,07:32:21,0
bAHUtWeGgy-NzZiHpbdim-07:00:00,SYN_111241,75,07:32:51,07:33:06,0
bAHUtWeGgy-NzZiHpbdim-07:00:00,SYN_111242,76,07:33:36,07:33:51,0
bAHUtWeGgy-NzZiHpbdim-07:00:00,SYN_111243,77,07:34:19,07:34:34,0
bAHUtWeGgy-NzZiHpbdim-07:00:00,SYN_111244,78,07:35:00,07:35:15,0
bAHUtWeGgy-NzZiHpbdim-07:00:00,SYN_111245,79,07:35:35,07:35:50,0
bAHUtWeGgy-NzZiHpbdim-07:00:00,SYN_111246,80,07:36:05,07:36:20,0
bAHUtWeGgy-NzZiHpbdim-07:00:00,SYN_111247,81,07:36:48,07:37:03,0
bAHUtWeGgy-NzZiHpbdim-07:00:00,SYN_111248,82,07:37:33,07:37:48,0
bAHUtWeGgy-NzZiHpbdim-07:00:00,SYN_111249,83,07:38:15,07:38:30,0
bAHUtWeGgy-NzZiHpbdim-07:00:00,SYN_111250,84,07:38:49,07:39:04,0
bAHUtWeGgy-NzZiHpbdim-07:00:00,SYN_111251,85,07:39:37,07:39:52,0
bAHUtWeGgy-NzZiHpbdim-07:00:00,SYN_111252,86,07:40:13,07:40:28,0
bAHUtWeGgy-NzZiHpbdim-07:00:00,SYN_111253,87,07:40:37,07:40:52,0
bAHUtWeGgy-NzZiHpbdim-07:00:00,SYN_111254,88,07:41:01,07:41:16,0
bAHUtWeGgy-NzZiHpbdim-07:00:00,SYN_111255,89,07:41:25,07:41:40,0
oVe9NWCir7yf4YumOIYpG-07:00:00,SYN_111260,0,07:00:14,07:00:29,0
oVe9NWCir7yf4YumOIYpG-07:00:00,SYN_111261,1,07:00:41,07:00:56,0
oVe9NWCir7yf4YumOIYpG-07:00:00,SYN_111262,2,07:01:08,07:01:23,0
oVe9NWCir7yf4YumOIYpG-07:00:00,SYN_111263,3,07:01:35,07:01:50,0
oVe9NWCir7yf4YumOIYpG-07:00:00,SYN_111264,4,07:02:02,07:02:17,0
oVe9NWCir7yf4YumOIYpG-07:00:00,SYN_111265,5,07:02:29,07:02:44,0
oVe9NWCir7yf4YumOIYpG-07:00:00,SYN_111266,6,07:02:57,07:03:12,0
oVe9NWCir7yf4YumOIYpG-07:00:00,SYN_111267,7,07:03:21,07:03:36,0
oVe9NWCir7yf4YumOIYpG-07:00:00,SYN_111268,8,07:03:43,07:03:58,0
oVe9NWCir7yf4YumOIYpG-07:00:00,SYN_111269,9,07:04:04,07:04:19,0
oVe9NWCir7yf4YumOIYpG-07:00:00,SYN_111270,10,07:04:27,07:04:42,0
oVe9NWCir7yf4YumOIYpG-07:00:00,SYN_111271,11,07:04:49,07:05:04,0
oVe9NWCir7yf4YumOIYpG-07:00:00,SYN_111272,12,07:05:11,07:05:26,0
oVe9NWCir7yf4YumOIYpG-07:00:00,SYN_111273,13,07:05:33,07:05:48,0
oVe9NWCir7yf4YumOIYpG-07:00:00,SYN_111274,14,07:05:55,07:06:10,0
oVe9NWCir7yf4YumOIYpG-07:00:00,SYN_111275,15,07:06:18,07:06:33,0
oVe9NWCir7yf4YumOIYpG-07:00:00,SYN_111276,16,07:06:41,07:06:56,0
oVe9NWCir7yf4YumOIYpG-07:00:00,SYN_111277,17,07:07:04,07:07:19,0
oVe9NWCir7yf4YumOIYpG-07:00:00,SYN_111278,18,07:07:27,07:07:42,0
oVe9NWCir7yf4YumOIYpG-07:00:00,SYN_111279,19,07:07:50,07:08:05,0
oVe9NWCir7yf4YumOIYpG-07:00:00,SYN_111280,20,07:08:13,07:08:28,0
oVe9NWCir7yf4YumOIYpG-07:00:00,SYN_111281,21,07:08:37,07:08:52,0
e8t7gY08MS-f47GD5XH51-07:00:00,SYN_111283,0,07:00:31,07:00:46,0
e8t7gY08MS-f47GD5XH51-07:00:00,SYN_111284,1,07:01:08,07:01:23,0
e8t7gY08MS-f47GD5XH51-07:00:00,SYN_111285,2,07:01:45,07:02:00,0
e8t7gY08MS-f47GD5XH51-07:00:00,SYN_111286,3,07:02:22,07:02:37,0
e8t7gY08MS-f47GD5XH51-07:00:00,SYN_111287,4,07:02:59,07:03:14,0
e8t7gY08MS-f47GD5XH51-07:00:00,SYN_111288,5,07:03:36,07:03:51,0
e8t7gY08MS-f47GD5XH51-07:00:00,SYN_111289,6,07:04:13,07:04:28,0
e8t7gY08MS-f47GD5XH51-07:00:00,SYN_111290,7,07:04:50,07:05:05,0
e8t7gY08MS-f47GD5XH51-07:00:00,SYN_111291,8,07:05:26,07:05:41,0
e8t7gY08MS-f47GD5XH51-07:00:00,SYN_111292,9,07:06:03,07:06:18,0
e8t7gY08MS-f47GD5XH51-07:00:00,SYN_111293,10,07:07:01,07:07:16,0
e8t7gY08MS-f47GD5XH51-07:00:00,SYN_111294,11,07:08:09,07:08:24,0
e8t7gY08MS-f47GD5XH51-07:00:00,SYN_111295,12,07:09:14,07:09:29,0
e8t7gY08MS-f47GD5XH51-07:00:00,SYN_111296,13,07:09:44,07:09:59,0
e8t7gY08MS-f47GD5XH51-07:00:00,SYN_111297,14,07:10:14,07:10:29,0
e8t7gY08MS-f47GD5XH51-07:00:00,SYN_111298,15,07:10:44,07:10:59,0
e8t7gY08MS-f47GD5XH51-07:00:00,SYN_111299,16,07:11:15,07:11:30,0
e8t7gY08MS-f47GD5XH51-07:00:00,SYN_111300,17,07:11:45,07:12:00,0
e8t7gY08MS-f47GD5XH51-07:00:00,SYN_111301,18,07:12:15,07:12:30,0
e8t7gY08MS-f47GD5XH51-07:00:00,SYN_111302,19,07:12:46,07:13:01,0
e8t7gY08MS-f47GD5XH51-07:00:00,SYN_111303,20,07:13:16,07:13:31,0
e8t7gY08MS-f47GD5XH51-07:00:00,SYN_111304,21,07:13:46,07:14:01,0
e8t7gY08MS-f47GD5XH51-07:00:00,SYN_111305,22,07:14:12,07:14:27,0
e8t7gY08MS-f47GD5XH51-07:00:00,SYN_111306,23,07:14:35,07:14:50,0
e8t7gY08MS-f47GD5XH51-07:00:00,SYN_111307,24,07:14:58,07:15:13,0
e8t7gY08MS-f47GD5XH51-07:00:00,SYN_111308,25,07:15:21,07:15:36,0
e8t7gY08MS-f47GD5XH51-07:00:00,SYN_111309,26,07:15:44,07:15:59,0
e8t7gY08MS-f47GD5XH51-07:00:00,SYN_111310,27,07:16:07,07:16:22,0
e8t7gY08MS-f47GD5XH51-07:00:00,SYN_111311,28,07:16:37,07:16:52,0
jUSQ8Z6RmiugCcePQrJNM-07:00:00,SYN_111316,0,07:00:23,07:00:38,0
jUSQ8Z6RmiugCcePQrJNM-07:00:00,SYN_111317,1,07:01:05,07:01:20,0
jUSQ8Z6RmiugCcePQrJNM-07:00:00,SYN_111318,2,07:01:47,07:02:02,0
TWnfYDX6BkJirORXmg2hv-07:00:00,SYN_111319,0,07:00:46,07:01:01,0
TWnfYDX6BkJirORXmg2hv-07:00:00,SYN_111320,1,07:01:33,07:01:48,0
TWnfYDX6BkJirORXmg2hv-07:00:00,SYN_111321,2,07:02:19,07:02:34,0
TWnfYDX6BkJirORXmg2hv-07:00:00,SYN_111322,3,07:03:06,07:03:21,0
TWnfYDX6BkJirORXmg2hv-07:00:00,SYN_111323,4,07:03:52,07:04:07,0
TWnfYDX6BkJirORXmg2hv-07:00:00,SYN_111324,5,07:04:39,07:04:54,0
uE28Zm5OTYg1GLECQDEL0-07:00:00,SYN_111325,0,07:00:26,07:00:41,0
uE28Zm5OTYg1GLECQDEL0-07:00:00,SYN_111326,1,07:00:52,07:01:07,0
uE28Zm5OTYg1GLECQDEL0-07:00:00,SYN_111327,2,07:01:26,07:01:41,0
uE28Zm5OTYg1GLECQDEL0-07:00:00,SYN_111328,3,07:02:04,07:02:19,0
uE28Zm5OTYg1GLECQDEL0-07:00:00,SYN_111329,4,07:02:43,07:02:58,0
uE28Zm5OTYg1GLECQDEL0-07:00:00,SYN_111330,5,07:03:13,07:03:28,0
uE28Zm5OTYg1GLECQDEL0-07:00:00,SYN_111331,6,07:03:43,07:03:58,0
uE28Zm5OTYg1GLECQDEL0-07:00:00,SYN_111332,7,07:04:12,07:04:27,0
uE28Zm5OTYg1GLECQDEL0-07:00:00,SYN_111333,8,07:04:37,07:04:52,0
uE28Zm5OTYg1GLECQDEL0-07:00:00,SYN_111334,9,07:04:59,07:05:14,0
uE28Zm5OTYg1GLECQDEL0-07:00:00,SYN_111335,10,07:05:23,07:05:38,0
uE28Zm5OTYg1GLECQDEL0-07:00:00,SYN_111336,11,07:05:53,07:06:08,0
uE28Zm5OTYg1GLECQDEL0-07:00:00,SYN_111337,12,07:06:23,07:06:38,0
uE28Zm5OTYg1GLECQDEL0-07:00:00,SYN_111338,13,07:06:59,07:07:14,0
uE28Zm5OTYg1GLECQDEL0-07:00:00,SYN_111339,14,07:07:47,07:08:02,0
uE28Zm5OTYg1GLECQDEL0-07:00:00,SYN_111340,15,07:08:22,07:08:37,0
uE28Zm5OTYg1GLECQDEL0-07:00:00,SYN_111341,16,07:08:59,07:09:14,0
uE28Zm5OTYg1GLECQDEL0-07:00:00,SYN_111342,17,07:09:53,07:10:08,0
uE28Zm5OTYg1GLECQDEL0-07:00:00,SYN_111343,18,07:10:46,07:11:01,0
uE28Zm5OTYg1GLECQDEL0-07:00:00,SYN_111344,19,07:11:32,07:11:47,0
uE28Zm5OTYg1GLECQDEL0-07:00:00,SYN_111345,20,07:12:19,07:12:34,0
uE28Zm5OTYg1GLECQDEL0-07:00:00,SYN_111346,21,07:13:02,07:13:17,0
uE28Zm5OTYg1GLECQDEL0-07:00:00,SYN_111347,22,07:13:43,07:13:58,0
uE28Zm5OTYg1GLECQDEL0-07:00:00,SYN_111348,23,07:14:26,07:14:41,0
uE28Zm5OTYg1GLECQDEL0-07:00:00,SYN_111349,24,07:15:24,07:15:39,0
uE28Zm5OTYg1GLECQDEL0-07:00:00,SYN_111350,25,07:16:09,07:16:24,0
uE28Zm5OTYg1GLECQDEL0-07:00:00,SYN_111351,26,07:16:45,07:17:00,0
uE28Zm5OTYg1GLECQDEL0-07:00:00,SYN_111352,27,07:17:17,07:17:32,0
uE28Zm5OTYg1GLECQDEL0-07:00:00,SYN_111353,28,07:17:45,07:18:00,0
uE28Zm5OTYg1GLECQDEL0-07:00:00,SYN_111354,29,07:18:12,07:18:27,0
uE28Zm5OTYg1GLECQDEL0-07:00:00,SYN_111355,30,07:18:40,07:18:55,0
uE28Zm5OTYg1GLECQDEL0-07:00:00,SYN_111356,31,07:19:08,07:19:23,0
uE28Zm5OTYg1GLECQDEL0-07:00:00,SYN_111357,32,07:19:36,07:19:51,0
uE28Zm5OTYg1GLECQDEL0-07:00:00,SYN_111358,33,07:20:04,07:20:19,0
uE28Zm5OTYg1GLECQDEL0-07:00:00,SYN_111359,34,07:20:32,07:20:47,0
uE28Zm5OTYg1GLECQDEL0-07:00:00,SYN_111360,35,07:21:01,07:21:16,0
uE28Zm5OTYg1GLECQDEL0-07:00:00,SYN_111361,36,07:21:29,07:21:44,0
uE28Zm5OTYg1GLECQDEL0-07:00:00,SYN_111362,37,07:21:57,07:22:12,0
uE28Zm5OTYg1GLECQDEL0-07:00:00,SYN_111363,38,07:22:25,07:22:40,0
uE28Zm5OTYg1GLECQDEL0-07:00:00,SYN_111364,39,07:22:54,07:23:09,0
uE28Zm5OTYg1GLECQDEL0-07:00:00,SYN_111365,40,07:23:22,07:23:37,0
uE28Zm5OTYg1GLECQDEL0-07:00:00,SYN_111366,41,07:23:49,07:24:04,0
uE28Zm5OTYg1GLECQDEL0-07:00:00,SYN_111367,42,07:24:15,07:24:30,0
uE28Zm5OTYg1GLECQDEL0-07:00:00,SYN_111368,43,07:24:41,07:24:56,0
uE28Zm5OTYg1GLECQDEL0-07:00:00,SYN_111369,44,07:25:12,07:25:27,0
uE28Zm5OTYg1GLECQDEL0-07:00:00,SYN_111370,45,07:25:47,07:26:02,0
uE28Zm5OTYg1GLECQDEL0-07:00:00,SYN_111371,46,07:26:19,07:26:34,0
uE28Zm5OTYg1GLECQDEL0-07:00:00,SYN_111372,47,07:26:49,07:27:04,0
uE28Zm5OTYg1GLECQDEL0-07:00:00,SYN_111373,48,07:27:19,07:27:34,0
uE28Zm5OTYg1GLECQDEL0-07:00:00,SYN_111374,49,07:27:49,07:28:04,0
uE28Zm5OTYg1GLECQDEL0-07:00:00,SYN_111375,50,07:28:19,07:28:34,0
uE28Zm5OTYg1GLECQDEL0-07:00:00,SYN_111376,51,07:28:49,07:29:04,0
uE28Zm5OTYg1GLECQDEL0-07:00:00,SYN_111377,52,07:29:36,07:29:51,0
uE28Zm5OTYg1GLECQDEL0-07:00:00,SYN_111378,53,07:30:14,07:30:29,0
uE28Zm5OTYg1GLECQDEL0-07:00:00,SYN_111379,54,07:30:33,07:30:48,0
uE28Zm5OTYg1GLECQDEL0-07:00:00,SYN_111380,55,07:30:52,07:31:07,0
uE28Zm5OTYg1GLECQDEL0-07:00:00,SYN_111381,56,07:31:10,07:31:25,0
uE28Zm5OTYg1GLECQDEL0-07:00:00,SYN_111382,57,07:31:34,07:31:49,0
uE28Zm5OTYg1GLECQDEL0-07:00:00,SYN_111383,58,07:32:00,07:32:15,0
uE28Zm5OTYg1GLECQDEL0-07:00:00,SYN_111384,59,07:32:25,07:32:40,0
uE28Zm5OTYg1GLECQDEL0-07:00:00,SYN_111385,60,07:32:51,07:33:06,0
uE28Zm5OTYg1GLECQDEL0-07:00:00,SYN_111386,61,07:33:16,07:33:31,0
uE28Zm5OTYg1GLECQDEL0-07:00:00,SYN_111387,62,07:33:42,07:33:57,0
uE28Zm5OTYg1GLECQDEL0-07:00:00,SYN_111388,63,07:34:07,07:34:22,0
uE28Zm5OTYg1GLECQDEL0-07:00:00,SYN_111389,64,07:34:32,07:34:47,0
uE28Zm5OTYg1GLECQDEL0-07:00:00,SYN_111390,65,07:34:59,07:35:14,0
uE28Zm5OTYg1GLECQDEL0-07:00:00,SYN_111391,66,07:35:29,07:35:44,0
uE28Zm5OTYg1GLECQDEL0-07:00:00,SYN_111392,67,07:35:55,07:36:10,0
uE28Zm5OTYg1GLECQDEL0-07:00:00,SYN_111393,68,07:36:20,07:36:35,0
uE28Zm5OTYg1GLECQDEL0-07:00:00,SYN_111394,69,07:36:46,07:37:01,0
uE28Zm5OTYg1GLECQDEL0-07:00:00,SYN_111395,70,07:37:15,07:37:30,0
uE28Zm5OTYg1GLECQDEL0-07:00:00,SYN_111396,71,07:38:04,07:38:19,0
uE28Zm5OTYg1GLECQDEL0-07:00:00,SYN_111397,72,07:38:44,07:38:59,0
uE28Zm5OTYg1GLECQDEL0-07:00:00,SYN_111398,73,07:39:25,07:39:40,0
uE28Zm5OTYg1GLECQDEL0-07:00:00,SYN_111399,74,07:40:02,07:40:17,0
uE28Zm5OTYg1GLECQDEL0-07:00:00,SYN_111400,75,07:40:37,07:40:52,0
uE28Zm5OTYg1GLECQDEL0-07:00:00,SYN_111401,76,07:41:13,07:41:28,0
uE28Zm5OTYg1GLECQDEL0-07:00:00,SYN_111402,77,07:41:51,07:42:06,0
uE28Zm5OTYg1GLECQDEL0-07:00:00,SYN_111403,78,07:42:36,07:42:51,0
uE28Zm5OTYg1GLECQDEL0-07:00:00,SYN_111404,79,07:43:21,07:43:36,0
uE28Zm5OTYg1GLECQDEL0-07:00:00,SYN_111405,80,07:44:00,07:44:15,0
uE28Zm5OTYg1GLECQDEL0-07:00:00,SYN_111406,81,07:44:37,07:44:52,0
uE28Zm5OTYg1GLECQDEL0-07:00:00,SYN_111407,82,07:45:27,07:45:42,0
4B_Jpa3Jm_xxCkTcY6IDN-07:00:00,SYN_111416,0,07:00:19,07:00:34,0
4B_Jpa3Jm_xxCkTcY6IDN-07:00:00,SYN_111417,1,07:00:45,07:01:00,0
4B_Jpa3Jm_xxCkTcY6IDN-07:00:00,SYN_111418,2,07:01:10,07:01:25,0
4B_Jpa3Jm_xxCkTcY6IDN-07:00:00,SYN_111419,3,07:01:35,07:01:50,0
4B_Jpa3Jm_xxCkTcY6IDN-07:00:00,SYN_111420,4,07:02:01,07:02:16,0
4B_Jpa3Jm_xxCkTcY6IDN-07:00:00,SYN_111421,5,07:02:27,07:02:42,0
4B_Jpa3Jm_xxCkTcY6IDN-07:00:00,SYN_111422,6,07:02:53,07:03:08,0
4B_Jpa3Jm_xxCkTcY6IDN-07:00:00,SYN_111423,7,07:03:19,07:03:34,0
4B_Jpa3Jm_xxCkTcY6IDN-07:00:00,SYN_111424,8,07:03:46,07:04:01,0
4B_Jpa3Jm_xxCkTcY6IDN-07:00:00,SYN_111425,9,07:04:10,07:04:25,0
4B_Jpa3Jm_xxCkTcY6IDN-07:00:00,SYN_111426,10,07:04:35,07:04:50,0
4B_Jpa3Jm_xxCkTcY6IDN-07:00:00,SYN_111427,11,07:04:59,07:05:14,0
4B_Jpa3Jm_xxCkTcY6IDN-07:00:00,SYN_111428,12,07:05:24,07:05:39,0
4B_Jpa3Jm_xxCkTcY6IDN-07:00:00,SYN_111429,13,07:05:48,07:06:03,0
4B_Jpa3Jm_xxCkTcY6IDN-07:00:00,SYN_111430,14,07:06:13,07:06:28,0
4B_Jpa3Jm_xxCkTcY6IDN-07:00:00,SYN_111431,15,07:06:35,07:06:50,0
4B_Jpa3Jm_xxCkTcY6IDN-07:00:00,SYN_111432,16,07:06:57,07:07:12,0
4B_Jpa3Jm_xxCkTcY6IDN-07:00:00,SYN_111433,17,07:07:18,07:07:33,0
4B_Jpa3Jm_xxCkTcY6IDN-07:00:00,SYN_111434,18,07:07:40,07:07:55,0
4B_Jpa3Jm_xxCkTcY6IDN-07:00:00,SYN_111435,19,07:08:00,07:08:15,0
4B_Jpa3Jm_xxCkTcY6IDN-07:00:00,SYN_111436,20,07:08:20,07:08:35,0
4B_Jpa3Jm_xxCkTcY6IDN-07:00:00,SYN_111437,21,07:08:40,07:08:55,0
4B_Jpa3Jm_xxCkTcY6IDN-07:00:00,SYN_111438,22,07:09:00,07:09:15,0
4B_Jpa3Jm_xxCkTcY6IDN-07:00:00,SYN_111439,23,07:09:20,07:09:35,0
4B_Jpa3Jm_xxCkTcY6IDN-07:00:00,SYN_111440,24,07:09:40,07:09:55,0
4B_Jpa3Jm_xxCkTcY6IDN-07:00:00,SYN_111441,25,07:10:00,07:10:15,0
4B_Jpa3Jm_xxCkTcY6IDN-07:00:00,SYN_111442,26,07:10:20,07:10:35,0
4B_Jpa3Jm_xxCkTcY6IDN-07:00:00,SYN_111443,27,07:10:40,07:10:55,0
4B_Jpa3Jm_xxCkTcY6IDN-07:00:00,SYN_111444,28,07:11:00,07:11:15,0
4B_Jpa3Jm_xxCkTcY6IDN-07:00:00,SYN_111445,29,07:11:19,07:11:34,0
4B_Jpa3Jm_xxCkTcY6IDN-07:00:00,SYN_111446,30,07:11:39,07:11:54,0
4B_Jpa3Jm_xxCkTcY6IDN-07:00:00,SYN_111447,31,07:11:59,07:12:14,0
4B_Jpa3Jm_xxCkTcY6IDN-07:00:00,SYN_111448,32,07:12:19,07:12:34,0
4B_Jpa3Jm_xxCkTcY6IDN-07:00:00,SYN_111449,33,07:12:39,07:12:54,0
4B_Jpa3Jm_xxCkTcY6IDN-07:00:00,SYN_111450,34,07:12:59,07:13:14,0
4B_Jpa3Jm_xxCkTcY6IDN-07:00:00,SYN_111451,35,07:13:20,07:13:35,0
4B_Jpa3Jm_xxCkTcY6IDN-07:00:00,SYN_111452,36,07:13:40,07:13:55,0
4B_Jpa3Jm_xxCkTcY6IDN-07:00:00,SYN_111453,37,07:14:00,07:14:15,0
4B_Jpa3Jm_xxCkTcY6IDN-07:00:00,SYN_111454,38,07:14:20,07:14:35,0
4B_Jpa3Jm_xxCkTcY6IDN-07:00:00,SYN_111455,39,07:14:40,07:14:55,0
4B_Jpa3Jm_xxCkTcY6IDN-07:00:00,SYN_111456,40,07:15:00,07:15:15,0
4B_Jpa3Jm_xxCkTcY6IDN-07:00:00,SYN_111457,41,07:15:20,07:15:35,0
4B_Jpa3Jm_xxCkTcY6IDN-07:00:00,SYN_111458,42,07:15:40,07:15:55,0
4B_Jpa3Jm_xxCkTcY6IDN-07:00:00,SYN_111459,43,07:16:00,07:16:15,0
4B_Jpa3Jm_xxCkTcY6IDN-07:00:00,SYN_111460,44,07:16:20,07:16:35,0
4B_Jpa3Jm_xxCkTcY6IDN-07:00:00,SYN_111461,45,07:16:40,07:16:55,0
4B_Jpa3Jm_xxCkTcY6IDN-07:00:00,SYN_111462,46,07:17:00,07:17:15,0
4B_Jpa3Jm_xxCkTcY6IDN-07:00:00,SYN_111463,47,07:17:20,07:17:35,0
4B_Jpa3Jm_xxCkTcY6IDN-07:00:00,SYN_111464,48,07:18:09,07:18:24,0
4B_Jpa3Jm_xxCkTcY6IDN-07:00:00,SYN_111465,49,07:18:33,07:18:48,0
4B_Jpa3Jm_xxCkTcY6IDN-07:00:00,SYN_111466,50,07:18:58,07:19:13,0
4B_Jpa3Jm_xxCkTcY6IDN-07:00:00,SYN_111467,51,07:19:22,07:19:37,0
4B_Jpa3Jm_xxCkTcY6IDN-07:00:00,SYN_111468,52,07:19:46,07:20:01,0
4B_Jpa3Jm_xxCkTcY6IDN-07:00:00,SYN_111469,53,07:20:10,07:20:25,0
4B_Jpa3Jm_xxCkTcY6IDN-07:00:00,SYN_111470,54,07:20:32,07:20:47,0
4B_Jpa3Jm_xxCkTcY6IDN-07:00:00,SYN_111471,55,07:20:55,07:21:10,0
4B_Jpa3Jm_xxCkTcY6IDN-07:00:00,SYN_111472,56,07:21:18,07:21:33,0
4B_Jpa3Jm_xxCkTcY6IDN-07:00:00,SYN_111473,57,07:21:41,07:21:56,0
4B_Jpa3Jm_xxCkTcY6IDN-07:00:00,SYN_111474,58,07:22:03,07:22:18,0
4B_Jpa3Jm_xxCkTcY6IDN-07:00:00,SYN_111475,59,07:22:25,07:22:40,0
4B_Jpa3Jm_xxCkTcY6IDN-07:00:00,SYN_111476,60,07:22:46,07:23:01,0
4B_Jpa3Jm_xxCkTcY6IDN-07:00:00,SYN_111477,61,07:23:07,07:23:22,0
4B_Jpa3Jm_xxCkTcY6IDN-07:00:00,SYN_111478,62,07:23:28,07:23:43,0
4B_Jpa3Jm_xxCkTcY6IDN-07:00:00,SYN_111479,63,07:23:50,07:24:05,0
4B_Jpa3Jm_xxCkTcY6IDN-07:00:00,SYN_111480,64,07:24:11,07:24:26,0
4B_Jpa3Jm_xxCkTcY6IDN-07:00:00,SYN_111481,65,07:24:34,07:24:49,0
4B_Jpa3Jm_xxCkTcY6IDN-07:00:00,SYN_111482,66,07:25:04,07:25:19,0
4B_Jpa3Jm_xxCkTcY6IDN-07:00:00,SYN_111483,67,07:25:33,07:25:48,0
4B_Jpa3Jm_xxCkTcY6IDN-07:00:00,SYN_111484,68,07:26:03,07:26:18,0
4B_Jpa3Jm_xxCkTcY6IDN-07:00:00,SYN_111485,69,07:26:20,07:26:35,0
4B_Jpa3Jm_xxCkTcY6IDN-07:00:00,SYN_111486,70,07:26:36,07:26:51,0
4B_Jpa3Jm_xxCkTcY6IDN-07:00:00,SYN_111487,71,07:26:52,07:27:07,0
4B_Jpa3Jm_xxCkTcY6IDN-07:00:00,SYN_111488,72,07:27:17,07:27:32,0
4B_Jpa3Jm_xxCkTcY6IDN-07:00:00,SYN_111489,73,07:27:44,07:27:59,0
4B_Jpa3Jm_xxCkTcY6IDN-07:00:00,SYN_111490,74,07:28:11,07:28:26,0
4B_Jpa3Jm_xxCkTcY6IDN-07:00:00,SYN_111491,75,07:28:39,07:28:54,0
4B_Jpa3Jm_xxCkTcY6IDN-07:00:00,SYN_111492,76,07:29:18,07:29:33,0
4B_Jpa3Jm_xxCkTcY6IDN-07:00:00,SYN_111493,77,07:29:50,07:30:05,0
4B_Jpa3Jm_xxCkTcY6IDN-07:00:00,SYN_111494,78,07:30:31,07:30:46,0
4B_Jpa3Jm_xxCkTcY6IDN-07:00:00,SYN_111495,79,07:31:06,07:31:21,0
4B_Jpa3Jm_xxCkTcY6IDN-07:00:00,SYN_111496,80,07:31:29,07:31:44,0
4B_Jpa3Jm_xxCkTcY6IDN-07:00:00,SYN_111497,81,07:31:55,07:32:10,0
4B_Jpa3Jm_xxCkTcY6IDN-07:00:00,SYN_111498,82,07:32:24,07:32:39,0
4B_Jpa3Jm_xxCkTcY6IDN-07:00:00,SYN_111499,83,07:32:53,07:33:08,0
4B_Jpa3Jm_xxCkTcY6IDN-07:00:00,SYN_111500,84,07:33:17,07:33:32,0
4B_Jpa3Jm_xxCkTcY6IDN-07:00:00,SYN_111501,85,07:33:39,07:33:54,0
4B_Jpa3Jm_xxCkTcY6IDN-07:00:00,SYN_111502,86,07:34:00,07:34:15,0
4B_Jpa3Jm_xxCkTcY6IDN-07:00:00,SYN_111503,87,07:34:22,07:34:37,0
4B_Jpa3Jm_xxCkTcY6IDN-07:00:00,SYN_111504,88,07:35:21,07:35:36,0
4B_Jpa3Jm_xxCkTcY6IDN-07:00:00,SYN_111505,89,07:35:39,07:35:54,0
4B_Jpa3Jm_xxCkTcY6IDN-07:00:00,SYN_111506,90,07:35:58,07:36:13,0
4B_Jpa3Jm_xxCkTcY6IDN-07:00:00,SYN_111507,91,07:36:17,07:36:32,0
4B_Jpa3Jm_xxCkTcY6IDN-07:00:00,SYN_111508,92,07:36:36,07:36:51,0
4B_Jpa3Jm_xxCkTcY6IDN-07:00:00,SYN_111509,93,07:37:37,07:37:52,0
Cl-oT7WLLDtvd9UF3t3WF-07:00:00,SYN_111515,0,07:00:13,07:00:28,0
Cl-oT7WLLDtvd9UF3t3WF-07:00:00,SYN_111516,1,07:01:28,07:01:43,0
Cl-oT7WLLDtvd9UF3t3WF-07:00:00,SYN_111517,2,07:02:43,07:02:58,0
Cl-oT7WLLDtvd9UF3t3WF-07:00:00,SYN_111518,3,07:03:47,07:04:02,0
Cl-oT7WLLDtvd9UF3t3WF-07:00:00,SYN_111519,4,07:04:21,07:04:36,0
Cl-oT7WLLDtvd9UF3t3WF-07:00:00,SYN_111520,5,07:04:55,07:05:10,0
Cl-oT7WLLDtvd9UF3t3WF-07:00:00,SYN_111521,6,07:05:43,07:05:58,0
Cl-oT7WLLDtvd9UF3t3WF-07:00:00,SYN_111522,7,07:06:27,07:06:42,0
Cl-oT7WLLDtvd9UF3t3WF-07:00:00,SYN_111523,8,07:07:04,07:07:19,0
Cl-oT7WLLDtvd9UF3t3WF-07:00:00,SYN_111524,9,07:07:40,07:07:55,0
Cl-oT7WLLDtvd9UF3t3WF-07:00:00,SYN_111525,10,07:15:54,07:16:09,0
Cl-oT7WLLDtvd9UF3t3WF-07:00:00,SYN_111526,11,07:18:43,07:18:58,0
Cl-oT7WLLDtvd9UF3t3WF-07:00:00,SYN_111527,12,07:20:35,07:20:50,0
Cl-oT7WLLDtvd9UF3t3WF-07:00:00,SYN_111528,13,07:21:54,07:22:09,0
Cl-oT7WLLDtvd9UF3t3WF-07:00:00,SYN_111529,14,07:22:49,07:23:04,0
Cl-oT7WLLDtvd9UF3t3WF-07:00:00,SYN_111530,15,07:23:38,07:23:53,0
Cl-oT7WLLDtvd9UF3t3WF-07:00:00,SYN_111531,16,07:24:27,07:24:42,0
Cl-oT7WLLDtvd9UF3t3WF-07:00:00,SYN_111532,17,07:25:10,07:25:25,0
Cl-oT7WLLDtvd9UF3t3WF-07:00:00,SYN_111533,18,07:25:46,07:26:01,0
Cl-oT7WLLDtvd9UF3t3WF-07:00:00,SYN_111534,19,07:26:22,07:26:37,0
Cl-oT7WLLDtvd9UF3t3WF-07:00:00,SYN_111535,20,07:28:22,07:28:37,0
Cl-oT7WLLDtvd9UF3t3WF-07:00:00,SYN_111536,21,07:27:58,07:28:13,0
Cl-oT7WLLDtvd9UF3t3WF-07:00:00,SYN_111537,22,07:29:06,07:29:21,0
Cl-oT7WLLDtvd9UF3t3WF-07:00:00,SYN_111538,23,07:29:14,07:29:29,0
Cl-oT7WLLDtvd9UF3t3WF-07:00:00,SYN_111539,24,07:29:23,07:29:38,0
Cl-oT7WLLDtvd9UF3t3WF-07:00:00,SYN_111540,25,07:29:31,07:29:46,0
Cl-oT7WLLDtvd9UF3t3WF-07:00:00,SYN_111541,26,07:29:40,07:29:55,0
Cl-oT7WLLDtvd9UF3t3WF-07:00:00,SYN_111542,27,07:29:49,07:30:04,0
Cl-oT7WLLDtvd9UF3t3WF-07:00:00,SYN_111543,28,07:29:57,07:30:12,0
Cl-oT7WLLDtvd9UF3t3WF-07:00:00,SYN_111544,29,07:30:06,07:30:21,0
Cl-oT7WLLDtvd9UF3t3WF-07:00:00,SYN_111545,30,07:30:30,07:30:45,0
Cl-oT7WLLDtvd9UF3t3WF-07:00:00,SYN_111546,31,07:31:17,07:31:32,0
Cl-oT7WLLDtvd9UF3t3WF-07:00:00,SYN_111547,32,07:31:51,07:32:06,0
Cl-oT7WLLDtvd9UF3t3WF-07:00:00,SYN_111548,33,07:32:30,07:32:45,0
Cl-oT7WLLDtvd9UF3t3WF-07:00:00,SYN_111549,34,07:33:24,07:33:39,0
Cl-oT7WLLDtvd9UF3t3WF-07:00:00,SYN_111550,35,07:34:16,07:34:31,0
Cl-oT7WLLDtvd9UF3t3WF-07:00:00,SYN_111551,36,07:35:03,07:35:18,0
Cl-oT7WLLDtvd9UF3t3WF-07:00:00,SYN_111552,37,07:35:50,07:36:05,0
Cl-oT7WLLDtvd9UF3t3WF-07:00:00,SYN_111553,38,07:36:31,07:36:46,0
Cl-oT7WLLDtvd9UF3t3WF-07:00:00,SYN_111554,39,07:37:12,07:37:27,0
Cl-oT7WLLDtvd9UF3t3WF-07:00:00,SYN_111555,40,07:37:57,07:38:12,0
Cl-oT7WLLDtvd9UF3t3WF-07:00:00,SYN_111556,41,07:38:55,07:39:10,0
Cl-oT7WLLDtvd9UF3t3WF-07:00:00,SYN_111557,42,07:39:38,07:39:53,0
Cl-oT7WLLDtvd9UF3t3WF-07:00:00,SYN_111558,43,07:40:15,07:40:30,0
Cl-oT7WLLDtvd9UF3t3WF-07:00:00,SYN_111559,44,07:40:45,07:41:00,0
Cl-oT7WLLDtvd9UF3t3WF-07:00:00,SYN_111560,45,07:41:13,07:41:28,0
Cl-oT7WLLDtvd9UF3t3WF-07:00:00,SYN_111561,46,07:41:41,07:41:56,0
Cl-oT7WLLDtvd9UF3t3WF-07:00:00,SYN_111562,47,07:42:09,07:42:24,0
Cl-oT7WLLDtvd9UF3t3WF-07:00:00,SYN_111563,48,07:42:37,07:42:52,0
Cl-oT7WLLDtvd9UF3t3WF-07:00:00,SYN_111564,49,07:43:05,07:43:20,0
Cl-oT7WLLDtvd9UF3t3WF-07:00:00,SYN_111565,50,07:43:33,07:43:48,0
Cl-oT7WLLDtvd9UF3t3WF-07:00:00,SYN_111566,51,07:44:01,07:44:16,0
Cl-oT7WLLDtvd9UF3t3WF-07:00:00,SYN_111567,52,07:44:29,07:44:44,0
Cl-oT7WLLDtvd9UF3t3WF-07:00:00,SYN_111568,53,07:44:58,07:45:13,0
Cl-oT7WLLDtvd9UF3t3WF-07:00:00,SYN_111569,54,07:45:26,07:45:41,0
Cl-oT7WLLDtvd9UF3t3WF-07:00:00,SYN_111570,55,07:45:54,07:46:09,0
Cl-oT7WLLDtvd9UF3t3WF-07:00:00,SYN_111571,56,07:46:22,07:46:37,0
Cl-oT7WLLDtvd9UF3t3WF-07:00:00,SYN_111572,57,07:46:51,07:47:06,0
Cl-oT7WLLDtvd9UF3t3WF-07:00:00,SYN_111573,58,07:47:18,07:47:33,0
Cl-oT7WLLDtvd9UF3t3WF-07:00:00,SYN_111574,59,07:47:43,07:47:58,0
Cl-oT7WLLDtvd9UF3t3WF-07:00:00,SYN_111575,60,07:48:09,07:48:24,0
Cl-oT7WLLDtvd9UF3t3WF-07:00:00,SYN_111576,61,07:48:42,07:48:57,0
Cl-oT7WLLDtvd9UF3t3WF-07:00:00,SYN_111577,62,07:49:16,07:49:31,0
Cl-oT7WLLDtvd9UF3t3WF-07:00:00,SYN_111578,63,07:49:48,07:50:03,0
Cl-oT7WLLDtvd9UF3t3WF-07:00:00,SYN_111579,64,07:50:18,07:50:33,0
Cl-oT7WLLDtvd9UF3t3WF-07:00:00,SYN_111580,65,07:50:48,07:51:03,0
Cl-oT7WLLDtvd9UF3t3WF-07:00:00,SYN_111581,66,07:51:18,07:51:33,0
Cl-oT7WLLDtvd9UF3t3WF-07:00:00,SYN_111582,67,07:51:48,07:52:03,0
Cl-oT7WLLDtvd9UF3t3WF-07:00:00,SYN_111583,68,07:52:19,07:52:34,0
Cl-oT7WLLDtvd9UF3t3WF-07:00:00,SYN_111584,69,07:53:06,07:53:21,0
Cl-oT7WLLDtvd9UF3t3WF-07:00:00,SYN_111585,70,07:53:42,07:53:57,0
Cl-oT7WLLDtvd9UF3t3WF-07:00:00,SYN_111586,71,07:54:01,07:54:16,0
Cl-oT7WLLDtvd9UF3t3WF-07:00:00,SYN_111587,72,07:54:19,07:54:34,0
Cl-oT7WLLDtvd9UF3t3WF-07:00:00,SYN_111588,73,07:54:38,07:54:53,0
Cl-oT7WLLDtvd9UF3t3WF-07:00:00,SYN_111589,74,07:55:02,07:55:17,0
Cl-oT7WLLDtvd9UF3t3WF-07:00:00,SYN_111590,75,07:55:28,07:55:43,0
Cl-oT7WLLDtvd9UF3t3WF-07:00:00,SYN_111591,76,07:55:54,07:56:09,0
Cl-oT7WLLDtvd9UF3t3WF-07:00:00,SYN_111592,77,07:56:19,07:56:34,0
Cl-oT7WLLDtvd9UF3t3WF-07:00:00,SYN_111593,78,07:56:45,07:57:00,0
Cl-oT7WLLDtvd9UF3t3WF-07:00:00,SYN_111594,79,07:57:10,07:57:25,0
Cl-oT7WLLDtvd9UF3t3WF-07:00:00,SYN_111595,80,07:57:35,07:57:50,0
Cl-oT7WLLDtvd9UF3t3WF-07:00:00,SYN_111596,81,07:58:00,07:58:15,0
Cl-oT7WLLDtvd9UF3t3WF-07:00:00,SYN_111597,82,07:58:28,07:58:43,0
Cl-oT7WLLDtvd9UF3t3WF-07:00:00,SYN_111598,83,07:58:58,07:59:13,0
Cl-oT7WLLDtvd9UF3t3WF-07:00:00,SYN_111599,84,07:59:23,07:59:38,0
Cl-oT7WLLDtvd9UF3t3WF-07:00:00,SYN_111600,85,07:59:49,08:00:04,0
Cl-oT7WLLDtvd9UF3t3WF-07:00:00,SYN_111601,86,08:00:14,08:00:29,0
Cl-oT7WLLDtvd9UF3t3WF-07:00:00,SYN_111602,87,08:00:46,08:01:01,0
Cl-oT7WLLDtvd9UF3t3WF-07:00:00,SYN_111603,88,08:01:33,08:01:48,0
Cl-oT7WLLDtvd9UF3t3WF-07:00:00,SYN_111604,89,08:02:14,08:02:29,0
Cl-oT7WLLDtvd9UF3t3WF-07:00:00,SYN_111605,90,08:02:55,08:03:10,0
Cl-oT7WLLDtvd9UF3t3WF-07:00:00,SYN_111606,91,08:03:36,08:03:51,0
Cl-oT7WLLDtvd9UF3t3WF-07:00:00,SYN_111607,92,08:04:17,08:04:32,0
Cl-oT7WLLDtvd9UF3t3WF-07:00:00,SYN_111608,93,08:04:47,08:05:02,0
Cl-oT7WLLDtvd9UF3t3WF-07:00:00,SYN_111609,94,08:05:21,08:05:36,0
Cl-oT7WLLDtvd9UF3t3WF-07:00:00,SYN_111610,95,08:06:06,08:06:21,0
Cl-oT7WLLDtvd9UF3t3WF-07:00:00,SYN_111611,96,08:06:51,08:07:06,0
Cl-oT7WLLDtvd9UF3t3WF-07:00:00,SYN_111612,97,08:07:29,08:07:44,0
Cl-oT7WLLDtvd9UF3t3WF-07:00:00,SYN_111613,98,08:08:08,08:08:23,0
Cl-oT7WLLDtvd9UF3t3WF-07:00:00,SYN_111614,99,08:08:57,08:09:12,0
CoaLpd6rmb73R6BNYH7S1-07:00:00,SYN_111619,0,07:00:22,07:00:37,0
CoaLpd6rmb73R6BNYH7S1-07:00:00,SYN_111620,1,07:00:51,07:01:06,0
CoaLpd6rmb73R6BNYH7S1-07:00:00,SYN_111621,2,07:01:19,07:01:34,0
CoaLpd6rmb73R6BNYH7S1-07:00:00,SYN_111622,3,07:02:00,07:02:15,0
CoaLpd6rmb73R6BNYH7S1-07:00:00,SYN_111623,4,07:02:42,07:02:57,0
CoaLpd6rmb73R6BNYH7S1-07:00:00,SYN_111624,5,07:03:24,07:03:39,0
CoaLpd6rmb73R6BNYH7S1-07:00:00,SYN_111625,6,07:05:15,07:05:30,0
CoaLpd6rmb73R6BNYH7S1-07:00:00,SYN_111626,7,07:05:47,07:06:02,0
CoaLpd6rmb73R6BNYH7S1-07:00:00,SYN_111627,8,07:06:19,07:06:34,0
CoaLpd6rmb73R6BNYH7S1-07:00:00,SYN_111628,9,07:06:50,07:07:05,0
CoaLpd6rmb73R6BNYH7S1-07:00:00,SYN_111629,10,07:07:22,07:07:37,0
CoaLpd6rmb73R6BNYH7S1-07:00:00,SYN_111630,11,07:07:57,07:08:12,0
CoaLpd6rmb73R6BNYH7S1-07:00:00,SYN_111631,12,07:10:05,07:10:20,0
CoaLpd6rmb73R6BNYH7S1-07:00:00,SYN_111632,13,07:10:45,07:11:00,0
CoaLpd6rmb73R6BNYH7S1-07:00:00,SYN_111633,14,07:11:25,07:11:40,0
CoaLpd6rmb73R6BNYH7S1-07:00:00,SYN_111634,15,07:12:04,07:12:19,0
CoaLpd6rmb73R6BNYH7S1-07:00:00,SYN_111635,16,07:12:44,07:12:59,0
CoaLpd6rmb73R6BNYH7S1-07:00:00,SYN_111636,17,07:13:24,07:13:39,0
aL3IoFC8Ob46ci80-r5J_-07:00:00,SYN_111637,0,07:00:34,07:00:49,0
aL3IoFC8Ob46ci80-r5J_-07:00:00,SYN_111638,1,07:01:08,07:01:23,0
aL3IoFC8Ob46ci80-r5J_-07:00:00,SYN_111639,2,07:01:42,07:01:57,0
aL3IoFC8Ob46ci80-r5J_-07:00:00,SYN_111640,3,07:02:16,07:02:31,0
aL3IoFC8Ob46ci80-r5J_-07:00:00,SYN_111641,4,07:03:00,07:03:15,0
aL3IoFC8Ob46ci80-r5J_-07:00:00,SYN_111642,5,07:03:44,07:03:59,0
aL3IoFC8Ob46ci80-r5J_-07:00:00,SYN_111643,6,07:04:29,07:04:44,0
aL3IoFC8Ob46ci80-r5J_-07:00:00,SYN_111644,7,07:05:13,07:05:28,0
28mrnCSEb3wYAsdtd50rU-07:00:00,SYN_111649,0,07:00:17,07:00:32,0
28mrnCSEb3wYAsdtd50rU-07:00:00,SYN_111650,1,07:00:35,07:00:50,0
28mrnCSEb3wYAsdtd50rU-07:00:00,SYN_111651,2,07:00:53,07:01:08,0
28mrnCSEb3wYAsdtd50rU-07:00:00,SYN_111652,3,07:01:11,07:01:26,0
28mrnCSEb3wYAsdtd50rU-07:00:00,SYN_111653,4,07:01:29,07:01:44,0
28mrnCSEb3wYAsdtd50rU-07:00:00,SYN_111654,5,07:01:47,07:02:02,0
28mrnCSEb3wYAsdtd50rU-07:00:00,SYN_111655,6,07:02:05,07:02:20,0
28mrnCSEb3wYAsdtd50rU-07:00:00,SYN_111656,7,07:02:23,07:02:38,0
28mrnCSEb3wYAsdtd50rU-07:00:00,SYN_111657,8,07:02:41,07:02:56,0
28mrnCSEb3wYAsdtd50rU-07:00:00,SYN_111658,9,07:02:59,07:03:14,0
28mrnCSEb3wYAsdtd50rU-07:00:00,SYN_111659,10,07:03:17,07:03:32,0
28mrnCSEb3wYAsdtd50rU-07:00:00,SYN_111660,11,07:03:35,07:03:50,0
28mrnCSEb3wYAsdtd50rU-07:00:00,SYN_111661,12,07:03:59,07:04:14,0
28mrnCSEb3wYAsdtd50rU-07:00:00,SYN_111662,13,07:04:24,07:04:39,0
28mrnCSEb3wYAsdtd50rU-07:00:00,SYN_111663,14,07:04:49,07:05:04,0
28mrnCSEb3wYAsdtd50rU-07:00:00,SYN_111664,15,07:05:14,07:05:29,0
28mrnCSEb3wYAsdtd50rU-07:00:00,SYN_111665,16,07:05:40,07:05:55,0
28mrnCSEb3wYAsdtd50rU-07:00:00,SYN_111666,17,07:06:07,07:06:22,0
28mrnCSEb3wYAsdtd50rU-07:00:00,SYN_111667,18,07:06:33,07:06:48,0
28mrnCSEb3wYAsdtd50rU-07:00:00,SYN_111668,19,07:07:01,07:07:16,0
28mrnCSEb3wYAsdtd50rU-07:00:00,SYN_111669,20,07:07:31,07:07:46,0
28mrnCSEb3wYAsdtd50rU-07:00:00,SYN_111670,21,07:08:01,07:08:16,0
28mrnCSEb3wYAsdtd50rU-07:00:00,SYN_111671,22,07:08:30,07:08:45,0
28mrnCSEb3wYAsdtd50rU-07:00:00,SYN_111672,23,07:09:00,07:09:15,0
28mrnCSEb3wYAsdtd50rU-07:00:00,SYN_111673,24,07:09:28,07:09:43,0
28mrnCSEb3wYAsdtd50rU-07:00:00,SYN_111674,25,07:09:44,07:09:59,0
28mrnCSEb3wYAsdtd50rU-07:00:00,SYN_111675,26,07:10:00,07:10:15,0
28mrnCSEb3wYAsdtd50rU-07:00:00,SYN_111676,27,07:10:17,07:10:32,0
28mrnCSEb3wYAsdtd50rU-07:00:00,SYN_111677,28,07:10:33,07:10:48,0
28mrnCSEb3wYAsdtd50rU-07:00:00,SYN_111678,29,07:10:49,07:11:04,0
eVKw5V4GKYTFMFEU2cbKc-07:00:00,SYN_111680,0,07:00:49,07:01:04,0
eVKw5V4GKYTFMFEU2cbKc-07:00:00,SYN_111681,1,07:01:52,07:02:07,0
eVKw5V4GKYTFMFEU2cbKc-07:00:00,SYN_111682,2,07:02:51,07:03:06,0
eVKw5V4GKYTFMFEU2cbKc-07:00:00,SYN_111683,3,07:03:32,07:03:47,0
eVKw5V4GKYTFMFEU2cbKc-07:00:00,SYN_111684,4,07:04:13,07:04:28,0
eVKw5V4GKYTFMFEU2cbKc-07:00:00,SYN_111685,5,07:05:14,07:05:29,0
eVKw5V4GKYTFMFEU2cbKc-07:00:00,SYN_111686,6,07:05:53,07:06:08,0
eVKw5V4GKYTFMFEU2cbKc-07:00:00,SYN_111687,7,07:06:14,07:06:29,0
eVKw5V4GKYTFMFEU2cbKc-07:00:00,SYN_111688,8,07:06:36,07:06:51,0
eVKw5V4GKYTFMFEU2cbKc-07:00:00,SYN_111689,9,07:07:00,07:07:15,0
eVKw5V4GKYTFMFEU2cbKc-07:00:00,SYN_111690,10,07:07:23,07:07:38,0
eVKw5V4GKYTFMFEU2cbKc-07:00:00,SYN_111691,11,07:07:47,07:08:02,0
eVKw5V4GKYTFMFEU2cbKc-07:00:00,SYN_111692,12,07:08:11,07:08:26,0
eVKw5V4GKYTFMFEU2cbKc-07:00:00,SYN_111693,13,07:08:35,07:08:50,0
eVKw5V4GKYTFMFEU2cbKc-07:00:00,SYN_111694,14,07:08:59,07:09:14,0
eVKw5V4GKYTFMFEU2cbKc-07:00:00,SYN_111695,15,07:09:23,07:09:38,0
eVKw5V4GKYTFMFEU2cbKc-07:00:00,SYN_111696,16,07:09:47,07:10:02,0
eVKw5V4GKYTFMFEU2cbKc-07:00:00,SYN_111697,17,07:10:08,07:10:23,0
eVKw5V4GKYTFMFEU2cbKc-07:00:00,SYN_111698,18,07:10:30,07:10:45,0
eVKw5V4GKYTFMFEU2cbKc-07:00:00,SYN_111699,19,07:10:52,07:11:07,0
eVKw5V4GKYTFMFEU2cbKc-07:00:00,SYN_111700,20,07:11:16,07:11:31,0
eVKw5V4GKYTFMFEU2cbKc-07:00:00,SYN_111701,21,07:11:39,07:11:54,0
eVKw5V4GKYTFMFEU2cbKc-07:00:00,SYN_111702,22,07:12:03,07:12:18,0
eVKw5V4GKYTFMFEU2cbKc-07:00:00,SYN_111703,23,07:12:26,07:12:41,0
eVKw5V4GKYTFMFEU2cbKc-07:00:00,SYN_111704,24,07:12:46,07:13:01,0
eVKw5V4GKYTFMFEU2cbKc-07:00:00,SYN_111705,25,07:12:59,07:13:14,0
eVKw5V4GKYTFMFEU2cbKc-07:00:00,SYN_111706,26,07:13:12,07:13:27,0
eVKw5V4GKYTFMFEU2cbKc-07:00:00,SYN_111707,27,07:13:25,07:13:40,0
eVKw5V4GKYTFMFEU2cbKc-07:00:00,SYN_111708,28,07:13:38,07:13:53,0
eVKw5V4GKYTFMFEU2cbKc-07:00:00,SYN_111709,29,07:13:51,07:14:06,0
eVKw5V4GKYTFMFEU2cbKc-07:00:00,SYN_111710,30,07:14:04,07:14:19,0
eVKw5V4GKYTFMFEU2cbKc-07:00:00,SYN_111711,31,07:14:17,07:14:32,0
eVKw5V4GKYTFMFEU2cbKc-07:00:00,SYN_111712,32,07:14:30,07:14:45,0
eVKw5V4GKYTFMFEU2cbKc-07:00:00,SYN_111713,33,07:14:43,07:14:58,0
eVKw5V4GKYTFMFEU2cbKc-07:00:00,SYN_111714,34,07:14:56,07:15:11,0
eVKw5V4GKYTFMFEU2cbKc-07:00:00,SYN_111715,35,07:15:08,07:15:23,0
eVKw5V4GKYTFMFEU2cbKc-07:00:00,SYN_111716,36,07:15:21,07:15:36,0
eVKw5V4GKYTFMFEU2cbKc-07:00:00,SYN_111717,37,07:15:34,07:15:49,0
eVKw5V4GKYTFMFEU2cbKc-07:00:00,SYN_111718,38,07:15:47,07:16:02,0
eVKw5V4GKYTFMFEU2cbKc-07:00:00,SYN_111719,39,07:16:02,07:16:17,0
eVKw5V4GKYTFMFEU2cbKc-07:00:00,SYN_111720,40,07:16:34,07:16:49,0
eVKw5V4GKYTFMFEU2cbKc-07:00:00,SYN_111721,41,07:17:05,07:17:20,0
eVKw5V4GKYTFMFEU2cbKc-07:00:00,SYN_111722,42,07:17:37,07:17:52,0
eVKw5V4GKYTFMFEU2cbKc-07:00:00,SYN_111723,43,07:18:08,07:18:23,0
eVKw5V4GKYTFMFEU2cbKc-07:00:00,SYN_111724,44,07:18:39,07:18:54,0
eVKw5V4GKYTFMFEU2cbKc-07:00:00,SYN_111725,45,07:19:11,07:19:26,0
eVKw5V4GKYTFMFEU2cbKc-07:00:00,SYN_111726,46,07:19:42,07:19:57,0
eVKw5V4GKYTFMFEU2cbKc-07:00:00,SYN_111727,47,07:20:14,07:20:29,0
eVKw5V4GKYTFMFEU2cbKc-07:00:00,SYN_111728,48,07:20:45,07:21:00,0
eVKw5V4GKYTFMFEU2cbKc-07:00:00,SYN_111729,49,07:21:17,07:21:32,0
eVKw5V4GKYTFMFEU2cbKc-07:00:00,SYN_111730,50,07:21:48,07:22:03,0
eVKw5V4GKYTFMFEU2cbKc-07:00:00,SYN_111731,51,07:22:10,07:22:25,0
eVKw5V4GKYTFMFEU2cbKc-07:00:00,SYN_111732,52,07:22:31,07:22:46,0
eVKw5V4GKYTFMFEU2cbKc-07:00:00,SYN_111733,53,07:22:52,07:23:07,0
eVKw5V4GKYTFMFEU2cbKc-07:00:00,SYN_111734,54,07:23:13,07:23:28,0
eVKw5V4GKYTFMFEU2cbKc-07:00:00,SYN_111735,55,07:23:34,07:23:49,0
eVKw5V4GKYTFMFEU2cbKc-07:00:00,SYN_111736,56,07:23:55,07:24:10,0
eVKw5V4GKYTFMFEU2cbKc-07:00:00,SYN_111737,57,07:24:16,07:24:31,0
eVKw5V4GKYTFMFEU2cbKc-07:00:00,SYN_111738,58,07:24:37,07:24:52,0
eVKw5V4GKYTFMFEU2cbKc-07:00:00,SYN_111739,59,07:24:58,07:25:13,0
eVKw5V4GKYTFMFEU2cbKc-07:00:00,SYN_111740,60,07:25:19,07:25:34,0
eVKw5V4GKYTFMFEU2cbKc-07:00:00,SYN_111741,61,07:25:40,07:25:55,0
eVKw5V4GKYTFMFEU2cbKc-07:00:00,SYN_111742,62,07:26:01,07:26:16,0
eVKw5V4GKYTFMFEU2cbKc-07:00:00,SYN_111743,63,07:26:22,07:26:37,0
eVKw5V4GKYTFMFEU2cbKc-07:00:00,SYN_111744,64,07:26:43,07:26:58,0
eVKw5V4GKYTFMFEU2cbKc-07:00:00,SYN_111745,65,07:27:04,07:27:19,0
eVKw5V4GKYTFMFEU2cbKc-07:00:00,SYN_111746,66,07:27:25,07:27:40,0
eVKw5V4GKYTFMFEU2cbKc-07:00:00,SYN_111747,67,07:27:46,07:28:01,0
eVKw5V4GKYTFMFEU2cbKc-07:00:00,SYN_111748,68,07:28:07,07:28:22,0
eVKw5V4GKYTFMFEU2cbKc-07:00:00,SYN_111749,69,07:28:28,07:28:43,0
eVKw5V4GKYTFMFEU2cbKc-07:00:00,SYN_111750,70,07:28:49,07:29:04,0
eVKw5V4GKYTFMFEU2cbKc-07:00:00,SYN_111751,71,07:29:10,07:29:25,0
eVKw5V4GKYTFMFEU2cbKc-07:00:00,SYN_111752,72,07:29:31,07:29:46,0
eVKw5V4GKYTFMFEU2cbKc-07:00:00,SYN_111753,73,07:29:51,07:30:06,0
eVKw5V4GKYTFMFEU2cbKc-07:00:00,SYN_111754,74,07:30:12,07:30:27,0
eVKw5V4GKYTFMFEU2cbKc-07:00:00,SYN_111755,75,07:30:32,07:30:47,0
eVKw5V4GKYTFMFEU2cbKc-07:00:00,SYN_111756,76,07:30:53,07:31:08,0
eVKw5V4GKYTFMFEU2cbKc-07:00:00,SYN_111757,77,07:31:14,07:31:29,0
eVKw5V4GKYTFMFEU2cbKc-07:00:00,SYN_111758,78,07:31:34,07:31:49,0
eVKw5V4GKYTFMFEU2cbKc-07:00:00,SYN_111759,79,07:31:55,07:32:10,0
eVKw5V4GKYTFMFEU2cbKc-07:00:00,SYN_111760,80,07:32:16,07:32:31,0
eVKw5V4GKYTFMFEU2cbKc-07:00:00,SYN_111761,81,07:32:36,07:32:51,0
eVKw5V4GKYTFMFEU2cbKc-07:00:00,SYN_111762,82,07:32:57,07:33:12,0
eVKw5V4GKYTFMFEU2cbKc-07:00:00,SYN_111763,83,07:33:18,07:33:33,0
eVKw5V4GKYTFMFEU2cbKc-07:00:00,SYN_111764,84,07:33:38,07:33:53,0
eVKw5V4GKYTFMFEU2cbKc-07:00:00,SYN_111765,85,07:33:59,07:34:14,0
eVKw5V4GKYTFMFEU2cbKc-07:00:00,SYN_111766,86,07:34:19,07:34:34,0
eVKw5V4GKYTFMFEU2cbKc-07:00:00,SYN_111767,87,07:34:40,07:34:55,0
eVKw5V4GKYTFMFEU2cbKc-07:00:00,SYN_111768,88,07:35:01,07:35:16,0
eVKw5V4GKYTFMFEU2cbKc-07:00:00,SYN_111769,89,07:35:21,07:35:36,0
eVKw5V4GKYTFMFEU2cbKc-07:00:00,SYN_111770,90,07:35:42,07:35:57,0
eVKw5V4GKYTFMFEU2cbKc-07:00:00,SYN_111771,91,07:36:03,07:36:18,0
eVKw5V4GKYTFMFEU2cbKc-07:00:00,SYN_111772,92,07:36:23,07:36:38,0
eVKw5V4GKYTFMFEU2cbKc-07:00:00,SYN_111773,93,07:36:44,07:36:59,0
eVKw5V4GKYTFMFEU2cbKc-07:00:00,SYN_111774,94,07:37:05,07:37:20,0
eVKw5V4GKYTFMFEU2cbKc-07:00:00,SYN_111775,95,07:37:25,07:37:40,0
eVKw5V4GKYTFMFEU2cbKc-07:00:00,SYN_111776,96,07:37:46,07:38:01,0
eVKw5V4GKYTFMFEU2cbKc-07:00:00,SYN_111777,97,07:38:06,07:38:21,0
eVKw5V4GKYTFMFEU2cbKc-07:00:00,SYN_111778,98,07:38:27,07:38:42,0
eVKw5V4GKYTFMFEU2cbKc-07:00:00,SYN_111779,99,07:38:48,07:39:03,0
eVKw5V4GKYTFMFEU2cbKc-07:00:00,SYN_111780,100,07:39:09,07:39:24,0
eVKw5V4GKYTFMFEU2cbKc-07:00:00,SYN_111781,101,07:39:30,07:39:45,0
eVKw5V4GKYTFMFEU2cbKc-07:00:00,SYN_111782,102,07:39:51,07:40:06,0
eVKw5V4GKYTFMFEU2cbKc-07:00:00,SYN_111783,103,07:40:12,07:40:27,0
eVKw5V4GKYTFMFEU2cbKc-07:00:00,SYN_111784,104,07:40:33,07:40:48,0
eVKw5V4GKYTFMFEU2cbKc-07:00:00,SYN_111785,105,07:40:55,07:41:10,0
eVKw5V4GKYTFMFEU2cbKc-07:00:00,SYN_111786,106,07:41:16,07:41:31,0
eVKw5V4GKYTFMFEU2cbKc-07:00:00,SYN_111787,107,07:41:37,07:41:52,0
eVKw5V4GKYTFMFEU2cbKc-07:00:00,SYN_111788,108,07:41:58,07:42:13,0
eVKw5V4GKYTFMFEU2cbKc-07:00:00,SYN_111789,109,07:42:19,07:42:34,0
eVKw5V4GKYTFMFEU2cbKc-07:00:00,SYN_111790,110,07:42:39,07:42:54,0
eVKw5V4GKYTFMFEU2cbKc-07:00:00,SYN_111791,111,07:42:59,07:43:14,0
eVKw5V4GKYTFMFEU2cbKc-07:00:00,SYN_111792,112,07:43:20,07:43:35,0
eVKw5V4GKYTFMFEU2cbKc-07:00:00,SYN_111793,113,07:43:40,07:43:55,0
eVKw5V4GKYTFMFEU2cbKc-07:00:00,SYN_111794,114,07:44:00,07:44:15,0
eVKw5V4GKYTFMFEU2cbKc-07:00:00,SYN_111795,115,07:44:21,07:44:36,0
eVKw5V4GKYTFMFEU2cbKc-07:00:00,SYN_111796,116,07:44:41,07:44:56,0
eVKw5V4GKYTFMFEU2cbKc-07:00:00,SYN_111797,117,07:45:01,07:45:16,0
eVKw5V4GKYTFMFEU2cbKc-07:00:00,SYN_111798,118,07:45:22,07:45:37,0
eVKw5V4GKYTFMFEU2cbKc-07:00:00,SYN_111799,119,07:45:42,07:45:57,0
eVKw5V4GKYTFMFEU2cbKc-07:00:00,SYN_111800,120,07:46:02,07:46:17,0
eVKw5V4GKYTFMFEU2cbKc-07:00:00,SYN_111801,121,07:46:23,07:46:38,0
eVKw5V4GKYTFMFEU2cbKc-07:00:00,SYN_111802,122,07:46:43,07:46:58,0
eVKw5V4GKYTFMFEU2cbKc-07:00:00,SYN_111803,123,07:47:04,07:47:19,0
eVKw5V4GKYTFMFEU2cbKc-07:00:00,SYN_111804,124,07:47:24,07:47:39,0
eVKw5V4GKYTFMFEU2cbKc-07:00:00,SYN_111805,125,07:47:46,07:48:01,0
eVKw5V4GKYTFMFEU2cbKc-07:00:00,SYN_111806,126,07:48:08,07:48:23,0
eVKw5V4GKYTFMFEU2cbKc-07:00:00,SYN_111807,127,07:48:30,07:48:45,0
eVKw5V4GKYTFMFEU2cbKc-07:00:00,SYN_111808,128,07:48:53,07:49:08,0
eVKw5V4GKYTFMFEU2cbKc-07:00:00,SYN_111809,129,07:49:15,07:49:30,0
eVKw5V4GKYTFMFEU2cbKc-07:00:00,SYN_111810,130,07:49:37,07:49:52,0
eVKw5V4GKYTFMFEU2cbKc-07:00:00,SYN_111811,131,07:49:59,07:50:14,0
eVKw5V4GKYTFMFEU2cbKc-07:00:00,SYN_111812,132,07:50:21,07:50:36,0
eVKw5V4GKYTFMFEU2cbKc-07:00:00,SYN_111813,133,07:50:43,07:50:58,0
eVKw5V4GKYTFMFEU2cbKc-07:00:00,SYN_111814,134,07:51:05,07:51:20,0
eVKw5V4GKYTFMFEU2cbKc-07:00:00,SYN_111815,135,07:51:27,07:51:42,0
eVKw5V4GKYTFMFEU2cbKc-07:00:00,SYN_111816,136,07:51:49,07:52:04,0
eVKw5V4GKYTFMFEU2cbKc-07:00:00,SYN_111817,137,07:52:11,07:52:26,0
eVKw5V4GKYTFMFEU2cbKc-07:00:00,SYN_111818,138,07:52:33,07:52:48,0
eVKw5V4GKYTFMFEU2cbKc-07:00:00,SYN_111819,139,07:52:55,07:53:10,0
eVKw5V4GKYTFMFEU2cbKc-07:00:00,SYN_111820,140,07:53:17,07:53:32,0
eVKw5V4GKYTFMFEU2cbKc-07:00:00,SYN_111821,141,07:53:39,07:53:54,0
eVKw5V4GKYTFMFEU2cbKc-07:00:00,SYN_111822,142,07:54:01,07:54:16,0
eVKw5V4GKYTFMFEU2cbKc-07:00:00,SYN_111823,143,07:54:23,07:54:38,0
eVKw5V4GKYTFMFEU2cbKc-07:00:00,SYN_111824,144,07:54:45,07:55:00,0
eVKw5V4GKYTFMFEU2cbKc-07:00:00,SYN_111825,145,07:55:07,07:55:22,0
eVKw5V4GKYTFMFEU2cbKc-07:00:00,SYN_111826,146,07:55:29,07:55:44,0
eVKw5V4GKYTFMFEU2cbKc-07:00:00,SYN_111827,147,07:55:52,07:56:07,0
eVKw5V4GKYTFMFEU2cbKc-07:00:00,SYN_111828,148,07:56:17,07:56:32,0
eVKw5V4GKYTFMFEU2cbKc-07:00:00,SYN_111829,149,07:56:41,07:56:56,0
eVKw5V4GKYTFMFEU2cbKc-07:00:00,SYN_111830,150,07:57:06,07:57:21,0
eVKw5V4GKYTFMFEU2cbKc-07:00:00,SYN_111831,151,07:57:30,07:57:45,0
eVKw5V4GKYTFMFEU2cbKc-07:00:00,SYN_111832,152,07:57:53,07:58:08,0
eVKw5V4GKYTFMFEU2cbKc-07:00:00,SYN_111833,153,07:58:16,07:58:31,0
eVKw5V4GKYTFMFEU2cbKc-07:00:00,SYN_111834,154,07:58:40,07:58:55,0
eVKw5V4GKYTFMFEU2cbKc-07:00:00,SYN_111835,155,07:59:03,07:59:18,0
eVKw5V4GKYTFMFEU2cbKc-07:00:00,SYN_111836,156,07:59:26,07:59:41,0
eVKw5V4GKYTFMFEU2cbKc-07:00:00,SYN_111837,157,07:59:49,08:00:04,0
eVKw5V4GKYTFMFEU2cbKc-07:00:00,SYN_111838,158,08:00:10,08:00:25,0
eVKw5V4GKYTFMFEU2cbKc-07:00:00,SYN_111839,159,08:00:31,08:00:46,0
eVKw5V4GKYTFMFEU2cbKc-07:00:00,SYN_111840,160,08:00:51,08:01:06,0
eVKw5V4GKYTFMFEU2cbKc-07:00:00,SYN_111841,161,08:01:12,08:01:27,0
eVKw5V4GKYTFMFEU2cbKc-07:00:00,SYN_111842,162,08:01:32,08:01:47,0
eVKw5V4GKYTFMFEU2cbKc-07:00:00,SYN_111843,163,08:01:48,08:02:03,0
eVKw5V4GKYTFMFEU2cbKc-07:00:00,SYN_111844,164,08:01:55,08:02:10,0
eVKw5V4GKYTFMFEU2cbKc-07:00:00,SYN_111845,165,08:02:02,08:02:17,0
eVKw5V4GKYTFMFEU2cbKc-07:00:00,SYN_111846,166,08:02:09,08:02:24,0
eVKw5V4GKYTFMFEU2cbKc-07:00:00,SYN_111847,167,08:02:16,08:02:31,0
eVKw5V4GKYTFMFEU2cbKc-07:00:00,SYN_111848,168,08:02:23,08:02:38,0
eVKw5V4GKYTFMFEU2cbKc-07:00:00,SYN_111849,169,08:02:30,08:02:45,0
eVKw5V4GKYTFMFEU2cbKc-07:00:00,SYN_111850,170,08:02:37,08:02:52,0
eVKw5V4GKYTFMFEU2cbKc-07:00:00,SYN_111851,171,08:02:44,08:02:59,0
eVKw5V4GKYTFMFEU2cbKc-07:00:00,SYN_111852,172,08:02:52,08:03:07,0
eVKw5V4GKYTFMFEU2cbKc-07:00:00,SYN_111853,173,08:02:59,08:03:14,0
eVKw5V4GKYTFMFEU2cbKc-07:00:00,SYN_111854,174,08:03:06,08:03:21,0
eVKw5V4GKYTFMFEU2cbKc-07:00:00,SYN_111855,175,08:03:13,08:03:28,0
eVKw5V4GKYTFMFEU2cbKc-07:00:00,SYN_111856,176,08:03:20,08:03:35,0
eVKw5V4GKYTFMFEU2cbKc-07:00:00,SYN_111857,177,08:03:27,08:03:42,0
eVKw5V4GKYTFMFEU2cbKc-07:00:00,SYN_111858,178,08:04:12,08:04:27,0
eVKw5V4GKYTFMFEU2cbKc-07:00:00,SYN_111859,179,08:05:36,08:05:51,0
eVKw5V4GKYTFMFEU2cbKc-07:00:00,SYN_111860,180,08:06:59,08:07:14,0
PyvMsU4izplRo5xNtmlK3-07:00:00,SYN_111868,0,07:00:00,07:00:15,0
PyvMsU4izplRo5xNtmlK3-07:00:00,SYN_111869,1,07:00:21,07:00:36,0
PyvMsU4izplRo5xNtmlK3-07:00:00,SYN_111870,2,07:00:43,07:00:58,0
PyvMsU4izplRo5xNtmlK3-07:00:00,SYN_111871,3,07:01:04,07:01:19,0
PyvMsU4izplRo5xNtmlK3-07:00:00,SYN_111872,4,07:01:26,07:01:41,0
PyvMsU4izplRo5xNtmlK3-07:00:00,SYN_111873,5,07:01:47,07:02:02,0
PyvMsU4izplRo5xNtmlK3-07:00:00,SYN_111874,6,07:02:09,07:02:24,0
PyvMsU4izplRo5xNtmlK3-07:00:00,SYN_111875,7,07:02:30,07:02:45,0
PyvMsU4izplRo5xNtmlK3-07:00:00,SYN_111876,8,07:02:52,07:03:07,0
PyvMsU4izplRo5xNtmlK3-07:00:00,SYN_111877,9,07:03:13,07:03:28,0
PyvMsU4izplRo5xNtmlK3-07:00:00,SYN_111878,10,07:03:35,07:03:50,0
PyvMsU4izplRo5xNtmlK3-07:00:00,SYN_111879,11,07:03:57,07:04:12,0
PyvMsU4izplRo5xNtmlK3-07:00:00,SYN_111880,12,07:04:21,07:04:36,0
PyvMsU4izplRo5xNtmlK3-07:00:00,SYN_111881,13,07:04:44,07:04:59,0
PyvMsU4izplRo5xNtmlK3-07:00:00,SYN_111882,14,07:05:08,07:05:23,0
PyvMsU4izplRo5xNtmlK3-07:00:00,SYN_111883,15,07:05:33,07:05:48,0
PyvMsU4izplRo5xNtmlK3-07:00:00,SYN_111884,16,07:05:58,07:06:13,0
PyvMsU4izplRo5xNtmlK3-07:00:00,SYN_111885,17,07:06:22,07:06:37,0
PyvMsU4izplRo5xNtmlK3-07:00:00,SYN_111886,18,07:06:46,07:07:01,0
PyvMsU4izplRo5xNtmlK3-07:00:00,SYN_111887,19,07:07:09,07:07:24,0
PyvMsU4izplRo5xNtmlK3-07:00:00,SYN_111888,20,07:07:32,07:07:47,0
PyvMsU4izplRo5xNtmlK3-07:00:00,SYN_111889,21,07:07:55,07:08:10,0
PyvMsU4izplRo5xNtmlK3-07:00:00,SYN_111890,22,07:08:33,07:08:48,0
PyvMsU4izplRo5xNtmlK3-07:00:00,SYN_111891,23,07:09:44,07:09:59,0
PyvMsU4izplRo5xNtmlK3-07:00:00,SYN_111892,24,07:10:56,07:11:11,0
PyvMsU4izplRo5xNtmlK3-07:00:00,SYN_111893,25,07:12:07,07:12:22,0
PyvMsU4izplRo5xNtmlK3-07:00:00,SYN_111894,26,07:13:18,07:13:33,0
PyvMsU4izplRo5xNtmlK3-07:00:00,SYN_111895,27,07:14:28,07:14:43,0
PyvMsU4izplRo5xNtmlK3-07:00:00,SYN_111896,28,07:15:33,07:15:48,0
PyvMsU4izplRo5xNtmlK3-07:00:00,SYN_111897,29,07:16:46,07:17:01,0
Lz8EOh2wSW7Z4sNXrGPxw-07:00:00,SYN_111898,0,07:00:31,07:00:46,0
Lz8EOh2wSW7Z4sNXrGPxw-07:00:00,SYN_111899,1,07:02:07,07:02:22,0
Lz8EOh2wSW7Z4sNXrGPxw-07:00:00,SYN_111900,2,07:03:14,07:03:29,0
Lz8EOh2wSW7Z4sNXrGPxw-07:00:00,SYN_111901,3,07:04:15,07:04:30,0
Lz8EOh2wSW7Z4sNXrGPxw-07:00:00,SYN_111902,4,07:05:16,07:05:31,0
Lz8EOh2wSW7Z4sNXrGPxw-07:00:00,SYN_111903,5,07:06:16,07:06:31,0
EoBxLx54RiTmwf0L64PXs-07:00:00,SYN_111910,0,07:00:32,07:00:47,0
EoBxLx54RiTmwf0L64PXs-07:00:00,SYN_111911,1,07:01:13,07:01:28,0
EoBxLx54RiTmwf0L64PXs-07:00:00,SYN_111912,2,07:01:54,07:02:09,0
EoBxLx54RiTmwf0L64PXs-07:00:00,SYN_111913,3,07:03:04,07:03:19,0
EoBxLx54RiTmwf0L64PXs-07:00:00,SYN_111914,4,07:04:17,07:04:32,0
EoBxLx54RiTmwf0L64PXs-07:00:00,SYN_111915,5,07:05:32,07:05:47,0
EoBxLx54RiTmwf0L64PXs-07:00:00,SYN_111916,6,07:06:49,07:07:04,0
EoBxLx54RiTmwf0L64PXs-07:00:00,SYN_111917,7,07:07:56,07:08:11,0
EoBxLx54RiTmwf0L64PXs-07:00:00,SYN_111918,8,07:09:01,07:09:16,0
EoBxLx54RiTmwf0L64PXs-07:00:00,SYN_111919,9,07:09:48,07:10:03,0
EoBxLx54RiTmwf0L64PXs-07:00:00,SYN_111920,10,07:10:29,07:10:44,0
EoBxLx54RiTmwf0L64PXs-07:00:00,SYN_111921,11,07:11:18,07:11:33,0
EoBxLx54RiTmwf0L64PXs-07:00:00,SYN_111922,12,07:12:23,07:12:38,0
EoBxLx54RiTmwf0L64PXs-07:00:00,SYN_111923,13,07:12:57,07:13:12,0
EoBxLx54RiTmwf0L64PXs-07:00:00,SYN_111924,14,07:13:31,07:13:46,0
EoBxLx54RiTmwf0L64PXs-07:00:00,SYN_111925,15,07:14:03,07:14:18,0
EoBxLx54RiTmwf0L64PXs-07:00:00,SYN_111926,16,07:14:25,07:14:40,0
EoBxLx54RiTmwf0L64PXs-07:00:00,SYN_111927,17,07:14:49,07:15:04,0
EoBxLx54RiTmwf0L64PXs-07:00:00,SYN_111928,18,07:15:23,07:15:38,0
EoBxLx54RiTmwf0L64PXs-07:00:00,SYN_111929,19,07:15:57,07:16:12,0
EoBxLx54RiTmwf0L64PXs-07:00:00,SYN_111930,20,07:16:32,07:16:47,0
EoBxLx54RiTmwf0L64PXs-07:00:00,SYN_111931,21,07:17:02,07:17:17,0
EoBxLx54RiTmwf0L64PXs-07:00:00,SYN_111932,22,07:17:31,07:17:46,0
EoBxLx54RiTmwf0L64PXs-07:00:00,SYN_111933,23,07:18:01,07:18:16,0
EoBxLx54RiTmwf0L64PXs-07:00:00,SYN_111934,24,07:18:30,07:18:45,0
EoBxLx54RiTmwf0L64PXs-07:00:00,SYN_111935,25,07:19:00,07:19:15,0
EoBxLx54RiTmwf0L64PXs-07:00:00,SYN_111936,26,07:19:31,07:19:46,0
EoBxLx54RiTmwf0L64PXs-07:00:00,SYN_111937,27,07:20:03,07:20:18,0
EoBxLx54RiTmwf0L64PXs-07:00:00,SYN_111938,28,07:20:35,07:20:50,0
EoBxLx54RiTmwf0L64PXs-07:00:00,SYN_111939,29,07:21:11,07:21:26,0
EoBxLx54RiTmwf0L64PXs-07:00:00,SYN_111940,30,07:21:59,07:22:14,0
EoBxLx54RiTmwf0L64PXs-07:00:00,SYN_111941,31,07:22:43,07:22:58,0
EoBxLx54RiTmwf0L64PXs-07:00:00,SYN_111942,32,07:23:26,07:23:41,0
EoBxLx54RiTmwf0L64PXs-07:00:00,SYN_111943,33,07:24:09,07:24:24,0
EoBxLx54RiTmwf0L64PXs-07:00:00,SYN_111944,34,07:24:51,07:25:06,0
EoBxLx54RiTmwf0L64PXs-07:00:00,SYN_111945,35,07:25:34,07:25:49,0
EoBxLx54RiTmwf0L64PXs-07:00:00,SYN_111946,36,07:26:17,07:26:32,0
EoBxLx54RiTmwf0L64PXs-07:00:00,SYN_111947,37,07:27:10,07:27:25,0
EoBxLx54RiTmwf0L64PXs-07:00:00,SYN_111948,38,07:28:04,07:28:19,0
EoBxLx54RiTmwf0L64PXs-07:00:00,SYN_111949,39,07:28:56,07:29:11,0
EoBxLx54RiTmwf0L64PXs-07:00:00,SYN_111950,40,07:29:36,07:29:51,0
EoBxLx54RiTmwf0L64PXs-07:00:00,SYN_111951,41,07:30:15,07:30:30,0
EoBxLx54RiTmwf0L64PXs-07:00:00,SYN_111952,42,07:30:52,07:31:07,0
EoBxLx54RiTmwf0L64PXs-07:00:00,SYN_111953,43,07:31:25,07:31:40,0
EoBxLx54RiTmwf0L64PXs-07:00:00,SYN_111954,44,07:31:59,07:32:14,0
EoBxLx54RiTmwf0L64PXs-07:00:00,SYN_111955,45,07:32:33,07:32:48,0
EoBxLx54RiTmwf0L64PXs-07:00:00,SYN_111956,46,07:33:15,07:33:30,0
EoBxLx54RiTmwf0L64PXs-07:00:00,SYN_111957,47,07:33:57,07:34:12,0
EoBxLx54RiTmwf0L64PXs-07:00:00,SYN_111958,48,07:34:39,07:34:54,0
EoBxLx54RiTmwf0L64PXs-07:00:00,SYN_111959,49,07:35:10,07:35:25,0
EoBxLx54RiTmwf0L64PXs-07:00:00,SYN_111960,50,07:35:33,07:35:48,0
EoBxLx54RiTmwf0L64PXs-07:00:00,SYN_111961,51,07:35:57,07:36:12,0
EoBxLx54RiTmwf0L64PXs-07:00:00,SYN_111962,52,07:36:21,07:36:36,0
EoBxLx54RiTmwf0L64PXs-07:00:00,SYN_111963,53,07:36:45,07:37:00,0
EoBxLx54RiTmwf0L64PXs-07:00:00,SYN_111964,54,07:37:08,07:37:23,0
EoBxLx54RiTmwf0L64PXs-07:00:00,SYN_111965,55,07:37:32,07:37:47,0
EoBxLx54RiTmwf0L64PXs-07:00:00,SYN_111966,56,07:37:56,07:38:11,0
EoBxLx54RiTmwf0L64PXs-07:00:00,SYN_111967,57,07:38:50,07:39:05,0
EoBxLx54RiTmwf0L64PXs-07:00:00,SYN_111968,58,07:39:44,07:39:59,0
EoBxLx54RiTmwf0L64PXs-07:00:00,SYN_111969,59,07:40:29,07:40:44,0
EoBxLx54RiTmwf0L64PXs-07:00:00,SYN_111970,60,07:41:04,07:41:19,0
EoBxLx54RiTmwf0L64PXs-07:00:00,SYN_111971,61,07:41:30,07:41:45,0
EoBxLx54RiTmwf0L64PXs-07:00:00,SYN_111972,62,07:41:55,07:42:10,0
EoBxLx54RiTmwf0L64PXs-07:00:00,SYN_111973,63,07:42:33,07:42:48,0
EoBxLx54RiTmwf0L64PXs-07:00:00,SYN_111974,64,07:43:12,07:43:27,0
EoBxLx54RiTmwf0L64PXs-07:00:00,SYN_111975,65,07:43:51,07:44:06,0
EoBxLx54RiTmwf0L64PXs-07:00:00,SYN_111976,66,07:44:31,07:44:46,0
EoBxLx54RiTmwf0L64PXs-07:00:00,SYN_111977,67,07:45:04,07:45:19,0
EoBxLx54RiTmwf0L64PXs-07:00:00,SYN_111978,68,07:45:30,07:45:45,0
EoBxLx54RiTmwf0L64PXs-07:00:00,SYN_111979,69,07:46:08,07:46:23,0
EoBxLx54RiTmwf0L64PXs-07:00:00,SYN_111980,70,07:46:51,07:47:06,0
EoBxLx54RiTmwf0L64PXs-07:00:00,SYN_111981,71,07:47:21,07:47:36,0
EoBxLx54RiTmwf0L64PXs-07:00:00,SYN_111982,72,07:47:50,07:48:05,0
EoBxLx54RiTmwf0L64PXs-07:00:00,SYN_111983,73,07:48:19,07:48:34,0
EoBxLx54RiTmwf0L64PXs-07:00:00,SYN_111984,74,07:48:44,07:48:59,0
EoBxLx54RiTmwf0L64PXs-07:00:00,SYN_111985,75,07:49:11,07:49:26,0
EoBxLx54RiTmwf0L64PXs-07:00:00,SYN_111986,76,07:49:47,07:50:02,0
EoBxLx54RiTmwf0L64PXs-07:00:00,SYN_111987,77,07:50:24,07:50:39,0
EoBxLx54RiTmwf0L64PXs-07:00:00,SYN_111988,78,07:51:01,07:51:16,0
EoBxLx54RiTmwf0L64PXs-07:00:00,SYN_111989,79,07:51:47,07:52:02,0
EoBxLx54RiTmwf0L64PXs-07:00:00,SYN_111990,80,07:52:31,07:52:46,0
EoBxLx54RiTmwf0L64PXs-07:00:00,SYN_111991,81,07:53:23,07:53:38,0
EoBxLx54RiTmwf0L64PXs-07:00:00,SYN_111992,82,07:54:59,07:55:14,0
EoBxLx54RiTmwf0L64PXs-07:00:00,SYN_111993,83,07:56:34,07:56:49,0
LLBFoYPGf2DhL6gStjpy4-07:00:00,SYN_111998,0,07:00:34,07:00:49,0
LLBFoYPGf2DhL6gStjpy4-07:00:00,SYN_111999,1,07:01:29,07:01:44,0
LLBFoYPGf2DhL6gStjpy4-07:00:00,SYN_112000,2,07:02:24,07:02:39,0
LLBFoYPGf2DhL6gStjpy4-07:00:00,SYN_112001,3,07:03:19,07:03:34,0
LLBFoYPGf2DhL6gStjpy4-07:00:00,SYN_112002,4,07:04:06,07:04:21,0
LLBFoYPGf2DhL6gStjpy4-07:00:00,SYN_112003,5,07:04:25,07:04:40,0
LLBFoYPGf2DhL6gStjpy4-07:00:00,SYN_112004,6,07:04:44,07:04:59,0
LLBFoYPGf2DhL6gStjpy4-07:00:00,SYN_112005,7,07:05:03,07:05:18,0
LLBFoYPGf2DhL6gStjpy4-07:00:00,SYN_112006,8,07:05:22,07:05:37,0
LLBFoYPGf2DhL6gStjpy4-07:00:00,SYN_112007,9,07:05:41,07:05:56,0
LLBFoYPGf2DhL6gStjpy4-07:00:00,SYN_112008,10,07:06:00,07:06:15,0
LLBFoYPGf2DhL6gStjpy4-07:00:00,SYN_112009,11,07:06:19,07:06:34,0
LLBFoYPGf2DhL6gStjpy4-07:00:00,SYN_112010,12,07:06:38,07:06:53,0
LLBFoYPGf2DhL6gStjpy4-07:00:00,SYN_112011,13,07:06:58,07:07:13,0
LLBFoYPGf2DhL6gStjpy4-07:00:00,SYN_112012,14,07:07:17,07:07:32,0
LLBFoYPGf2DhL6gStjpy4-07:00:00,SYN_112013,15,07:07:36,07:07:51,0
LLBFoYPGf2DhL6gStjpy4-07:00:00,SYN_112014,16,07:07:55,07:08:10,0
LLBFoYPGf2DhL6gStjpy4-07:00:00,SYN_112015,17,07:08:14,07:08:29,0
LLBFoYPGf2DhL6gStjpy4-07:00:00,SYN_112016,18,07:08:33,07:08:48,0
LLBFoYPGf2DhL6gStjpy4-07:00:00,SYN_112017,19,07:08:52,07:09:07,0
LLBFoYPGf2DhL6gStjpy4-07:00:00,SYN_112018,20,07:09:12,07:09:27,0
LLBFoYPGf2DhL6gStjpy4-07:00:00,SYN_112019,21,07:09:34,07:09:49,0
LLBFoYPGf2DhL6gStjpy4-07:00:00,SYN_112020,22,07:09:56,07:10:11,0
LLBFoYPGf2DhL6gStjpy4-07:00:00,SYN_112021,23,07:10:18,07:10:33,0
LLBFoYPGf2DhL6gStjpy4-07:00:00,SYN_112022,24,07:10:40,07:10:55,0
LLBFoYPGf2DhL6gStjpy4-07:00:00,SYN_112023,25,07:11:02,07:11:17,0
LLBFoYPGf2DhL6gStjpy4-07:00:00,SYN_112024,26,07:11:25,07:11:40,0
LLBFoYPGf2DhL6gStjpy4-07:00:00,SYN_112025,27,07:11:47,07:12:02,0
LLBFoYPGf2DhL6gStjpy4-07:00:00,SYN_112026,28,07:12:09,07:12:24,0
LLBFoYPGf2DhL6gStjpy4-07:00:00,SYN_112027,29,07:12:31,07:12:46,0
LLBFoYPGf2DhL6gStjpy4-07:00:00,SYN_112028,30,07:12:52,07:13:07,0
LLBFoYPGf2DhL6gStjpy4-07:00:00,SYN_112029,31,07:13:14,07:13:29,0
LLBFoYPGf2DhL6gStjpy4-07:00:00,SYN_112030,32,07:13:35,07:13:50,0
LLBFoYPGf2DhL6gStjpy4-07:00:00,SYN_112031,33,07:13:57,07:14:12,0
LLBFoYPGf2DhL6gStjpy4-07:00:00,SYN_112032,34,07:14:18,07:14:33,0
LLBFoYPGf2DhL6gStjpy4-07:00:00,SYN_112033,35,07:14:39,07:14:54,0
LLBFoYPGf2DhL6gStjpy4-07:00:00,SYN_112034,36,07:15:01,07:15:16,0
LLBFoYPGf2DhL6gStjpy4-07:00:00,SYN_112035,37,07:15:22,07:15:37,0
LLBFoYPGf2DhL6gStjpy4-07:00:00,SYN_112036,38,07:15:44,07:15:59,0
LLBFoYPGf2DhL6gStjpy4-07:00:00,SYN_112037,39,07:16:05,07:16:20,0
LLBFoYPGf2DhL6gStjpy4-07:00:00,SYN_112038,40,07:16:27,07:16:42,0
LLBFoYPGf2DhL6gStjpy4-07:00:00,SYN_112039,41,07:16:48,07:17:03,0
LLBFoYPGf2DhL6gStjpy4-07:00:00,SYN_112040,42,07:17:09,07:17:24,0
Q3pD-7jCAvuSmNTpcaPvZ-07:00:00,SYN_112045,0,07:00:22,07:00:37,0
Q3pD-7jCAvuSmNTpcaPvZ-07:00:00,SYN_112046,1,07:00:47,07:01:02,0
Q3pD-7jCAvuSmNTpcaPvZ-07:00:00,SYN_112047,2,07:01:11,07:01:26,0
Q3pD-7jCAvuSmNTpcaPvZ-07:00:00,SYN_112048,3,07:01:36,07:01:51,0
Q3pD-7jCAvuSmNTpcaPvZ-07:00:00,SYN_112049,4,07:02:00,07:02:15,0
Q3pD-7jCAvuSmNTpcaPvZ-07:00:00,SYN_112050,5,07:02:22,07:02:37,0
Q3pD-7jCAvuSmNTpcaPvZ-07:00:00,SYN_112051,6,07:02:44,07:02:59,0
Q3pD-7jCAvuSmNTpcaPvZ-07:00:00,SYN_112052,7,07:03:06,07:03:21,0
Q3pD-7jCAvuSmNTpcaPvZ-07:00:00,SYN_112053,8,07:03:30,07:03:45,0
Q3pD-7jCAvuSmNTpcaPvZ-07:00:00,SYN_112054,9,07:03:53,07:04:08,0
Q3pD-7jCAvuSmNTpcaPvZ-07:00:00,SYN_112055,10,07:04:17,07:04:32,0
Q3pD-7jCAvuSmNTpcaPvZ-07:00:00,SYN_112056,11,07:04:40,07:04:55,0
Q3pD-7jCAvuSmNTpcaPvZ-07:00:00,SYN_112057,12,07:05:03,07:05:18,0
Q3pD-7jCAvuSmNTpcaPvZ-07:00:00,SYN_112058,13,07:05:24,07:05:39,0
Q3pD-7jCAvuSmNTpcaPvZ-07:00:00,SYN_112059,14,07:05:45,07:06:00,0
Q3pD-7jCAvuSmNTpcaPvZ-07:00:00,SYN_112060,15,07:06:05,07:06:20,0
Q3pD-7jCAvuSmNTpcaPvZ-07:00:00,SYN_112061,16,07:06:26,07:06:41,0
Q3pD-7jCAvuSmNTpcaPvZ-07:00:00,SYN_112062,17,07:06:47,07:07:02,0
Q3pD-7jCAvuSmNTpcaPvZ-07:00:00,SYN_112063,18,07:07:08,07:07:23,0
Q3pD-7jCAvuSmNTpcaPvZ-07:00:00,SYN_112064,19,07:07:29,07:07:44,0
Q3pD-7jCAvuSmNTpcaPvZ-07:00:00,SYN_112065,20,07:07:49,07:08:04,0
Q3pD-7jCAvuSmNTpcaPvZ-07:00:00,SYN_112066,21,07:08:10,07:08:25,0
Q3pD-7jCAvuSmNTpcaPvZ-07:00:00,SYN_112067,22,07:08:31,07:08:46,0
Q3pD-7jCAvuSmNTpcaPvZ-07:00:00,SYN_112068,23,07:08:53,07:09:08,0
Q3pD-7jCAvuSmNTpcaPvZ-07:00:00,SYN_112069,24,07:09:14,07:09:29,0
Q3pD-7jCAvuSmNTpcaPvZ-07:00:00,SYN_112070,25,07:09:35,07:09:50,0
Q3pD-7jCAvuSmNTpcaPvZ-07:00:00,SYN_112071,26,07:09:57,07:10:12,0
Q3pD-7jCAvuSmNTpcaPvZ-07:00:00,SYN_112072,27,07:10:18,07:10:33,0
Q3pD-7jCAvuSmNTpcaPvZ-07:00:00,SYN_112073,28,07:10:40,07:10:55,0
Q3pD-7jCAvuSmNTpcaPvZ-07:00:00,SYN_112074,29,07:11:01,07:11:16,0
Q3pD-7jCAvuSmNTpcaPvZ-07:00:00,SYN_112075,30,07:11:22,07:11:37,0
Q3pD-7jCAvuSmNTpcaPvZ-07:00:00,SYN_112076,31,07:11:44,07:11:59,0
Q3pD-7jCAvuSmNTpcaPvZ-07:00:00,SYN_112077,32,07:12:05,07:12:20,0
Q3pD-7jCAvuSmNTpcaPvZ-07:00:00,SYN_112078,33,07:12:26,07:12:41,0
Q3pD-7jCAvuSmNTpcaPvZ-07:00:00,SYN_112079,34,07:12:47,07:13:02,0
Q3pD-7jCAvuSmNTpcaPvZ-07:00:00,SYN_112080,35,07:13:08,07:13:23,0
Q3pD-7jCAvuSmNTpcaPvZ-07:00:00,SYN_112081,36,07:13:28,07:13:43,0
Q3pD-7jCAvuSmNTpcaPvZ-07:00:00,SYN_112082,37,07:13:49,07:14:04,0
Q3pD-7jCAvuSmNTpcaPvZ-07:00:00,SYN_112083,38,07:14:10,07:14:25,0
Q3pD-7jCAvuSmNTpcaPvZ-07:00:00,SYN_112084,39,07:14:31,07:14:46,0
Q3pD-7jCAvuSmNTpcaPvZ-07:00:00,SYN_112085,40,07:14:52,07:15:07,0
Q3pD-7jCAvuSmNTpcaPvZ-07:00:00,SYN_112086,41,07:15:13,07:15:28,0
Q3pD-7jCAvuSmNTpcaPvZ-07:00:00,SYN_112087,42,07:15:34,07:15:49,0
Q3pD-7jCAvuSmNTpcaPvZ-07:00:00,SYN_112088,43,07:15:55,07:16:10,0
Q3pD-7jCAvuSmNTpcaPvZ-07:00:00,SYN_112089,44,07:16:16,07:16:31,0
Q3pD-7jCAvuSmNTpcaPvZ-07:00:00,SYN_112090,45,07:16:36,07:16:51,0
Q3pD-7jCAvuSmNTpcaPvZ-07:00:00,SYN_112091,46,07:16:57,07:17:12,0
Q3pD-7jCAvuSmNTpcaPvZ-07:00:00,SYN_112092,47,07:17:18,07:17:33,0
Q3pD-7jCAvuSmNTpcaPvZ-07:00:00,SYN_112093,48,07:17:39,07:17:54,0
Q3pD-7jCAvuSmNTpcaPvZ-07:00:00,SYN_112094,49,07:18:00,07:18:15,0
Q3pD-7jCAvuSmNTpcaPvZ-07:00:00,SYN_112095,50,07:18:21,07:18:36,0
Q3pD-7jCAvuSmNTpcaPvZ-07:00:00,SYN_112096,51,07:18:42,07:18:57,0
Q3pD-7jCAvuSmNTpcaPvZ-07:00:00,SYN_112097,52,07:19:03,07:19:18,0
Q3pD-7jCAvuSmNTpcaPvZ-07:00:00,SYN_112098,53,07:19:23,07:19:38,0
Q3pD-7jCAvuSmNTpcaPvZ-07:00:00,SYN_112099,54,07:19:44,07:19:59,0
Q3pD-7jCAvuSmNTpcaPvZ-07:00:00,SYN_112100,55,07:20:04,07:20:19,0
Q3pD-7jCAvuSmNTpcaPvZ-07:00:00,SYN_112101,56,07:20:25,07:20:40,0
Q3pD-7jCAvuSmNTpcaPvZ-07:00:00,SYN_112102,57,07:20:45,07:21:00,0
Q3pD-7jCAvuSmNTpcaPvZ-07:00:00,SYN_112103,58,07:21:06,07:21:21,0
Q3pD-7jCAvuSmNTpcaPvZ-07:00:00,SYN_112104,59,07:21:26,07:21:41,0
Q3pD-7jCAvuSmNTpcaPvZ-07:00:00,SYN_112105,60,07:21:47,07:22:02,0
Q3pD-7jCAvuSmNTpcaPvZ-07:00:00,SYN_112106,61,07:22:07,07:22:22,0
Q3pD-7jCAvuSmNTpcaPvZ-07:00:00,SYN_112107,62,07:22:28,07:22:43,0
Q3pD-7jCAvuSmNTpcaPvZ-07:00:00,SYN_112108,63,07:22:48,07:23:03,0
Q3pD-7jCAvuSmNTpcaPvZ-07:00:00,SYN_112109,64,07:23:09,07:23:24,0
Q3pD-7jCAvuSmNTpcaPvZ-07:00:00,SYN_112110,65,07:23:29,07:23:44,0
Q3pD-7jCAvuSmNTpcaPvZ-07:00:00,SYN_112111,66,07:23:50,07:24:05,0
Q3pD-7jCAvuSmNTpcaPvZ-07:00:00,SYN_112112,67,07:24:10,07:24:25,0
Q3pD-7jCAvuSmNTpcaPvZ-07:00:00,SYN_112113,68,07:24:31,07:24:46,0
Q3pD-7jCAvuSmNTpcaPvZ-07:00:00,SYN_112114,69,07:24:51,07:25:06,0
Q3pD-7jCAvuSmNTpcaPvZ-07:00:00,SYN_112115,70,07:25:12,07:25:27,0
Q3pD-7jCAvuSmNTpcaPvZ-07:00:00,SYN_112116,71,07:25:32,07:25:47,0
Q3pD-7jCAvuSmNTpcaPvZ-07:00:00,SYN_112117,72,07:25:53,07:26:08,0
Q3pD-7jCAvuSmNTpcaPvZ-07:00:00,SYN_112118,73,07:26:13,07:26:28,0
Q3pD-7jCAvuSmNTpcaPvZ-07:00:00,SYN_112119,74,07:26:34,07:26:49,0
Q3pD-7jCAvuSmNTpcaPvZ-07:00:00,SYN_112120,75,07:26:54,07:27:09,0
Q3pD-7jCAvuSmNTpcaPvZ-07:00:00,SYN_112121,76,07:27:15,07:27:30,0
Q3pD-7jCAvuSmNTpcaPvZ-07:00:00,SYN_112122,77,07:27:35,07:27:50,0
Q3pD-7jCAvuSmNTpcaPvZ-07:00:00,SYN_112123,78,07:27:56,07:28:11,0
Q3pD-7jCAvuSmNTpcaPvZ-07:00:00,SYN_112124,79,07:28:16,07:28:31,0
Q3pD-7jCAvuSmNTpcaPvZ-07:00:00,SYN_112125,80,07:28:37,07:28:52,0
Q3pD-7jCAvuSmNTpcaPvZ-07:00:00,SYN_112126,81,07:28:57,07:29:12,0
Q3pD-7jCAvuSmNTpcaPvZ-07:00:00,SYN_112127,82,07:29:18,07:29:33,0
Q3pD-7jCAvuSmNTpcaPvZ-07:00:00,SYN_112128,83,07:29:39,07:29:54,0
Q3pD-7jCAvuSmNTpcaPvZ-07:00:00,SYN_112129,84,07:30:01,07:30:16,0
Q3pD-7jCAvuSmNTpcaPvZ-07:00:00,SYN_112130,85,07:30:22,07:30:37,0
Q3pD-7jCAvuSmNTpcaPvZ-07:00:00,SYN_112131,86,07:30:43,07:30:58,0
Q3pD-7jCAvuSmNTpcaPvZ-07:00:00,SYN_112132,87,07:31:04,07:31:19,0
Q3pD-7jCAvuSmNTpcaPvZ-07:00:00,SYN_112133,88,07:31:25,07:31:40,0
Q3pD-7jCAvuSmNTpcaPvZ-07:00:00,SYN_112134,89,07:31:46,07:32:01,0
Q3pD-7jCAvuSmNTpcaPvZ-07:00:00,SYN_112135,90,07:32:07,07:32:22,0
Q3pD-7jCAvuSmNTpcaPvZ-07:00:00,SYN_112136,91,07:32:27,07:32:42,0
Q3pD-7jCAvuSmNTpcaPvZ-07:00:00,SYN_112137,92,07:32:47,07:33:02,0
Q3pD-7jCAvuSmNTpcaPvZ-07:00:00,SYN_112138,93,07:33:08,07:33:23,0
Q3pD-7jCAvuSmNTpcaPvZ-07:00:00,SYN_112139,94,07:33:28,07:33:43,0
Q3pD-7jCAvuSmNTpcaPvZ-07:00:00,SYN_112140,95,07:33:48,07:34:03,0
Q3pD-7jCAvuSmNTpcaPvZ-07:00:00,SYN_112141,96,07:34:08,07:34:23,0
Q3pD-7jCAvuSmNTpcaPvZ-07:00:00,SYN_112142,97,07:34:29,07:34:44,0
Q3pD-7jCAvuSmNTpcaPvZ-07:00:00,SYN_112143,98,07:34:49,07:35:04,0
Q3pD-7jCAvuSmNTpcaPvZ-07:00:00,SYN_112144,99,07:35:09,07:35:24,0
Q3pD-7jCAvuSmNTpcaPvZ-07:00:00,SYN_112145,100,07:35:30,07:35:45,0
Q3pD-7jCAvuSmNTpcaPvZ-07:00:00,SYN_112146,101,07:35:50,07:36:05,0
Q3pD-7jCAvuSmNTpcaPvZ-07:00:00,SYN_112147,102,07:36:10,07:36:25,0
Q3pD-7jCAvuSmNTpcaPvZ-07:00:00,SYN_112148,103,07:36:30,07:36:45,0
Q3pD-7jCAvuSmNTpcaPvZ-07:00:00,SYN_112149,104,07:36:51,07:37:06,0
Q3pD-7jCAvuSmNTpcaPvZ-07:00:00,SYN_112150,105,07:37:11,07:37:26,0
Q3pD-7jCAvuSmNTpcaPvZ-07:00:00,SYN_112151,106,07:37:32,07:37:47,0
Q3pD-7jCAvuSmNTpcaPvZ-07:00:00,SYN_112152,107,07:37:54,07:38:09,0
Q3pD-7jCAvuSmNTpcaPvZ-07:00:00,SYN_112153,108,07:38:16,07:38:31,0
Q3pD-7jCAvuSmNTpcaPvZ-07:00:00,SYN_112154,109,07:38:38,07:38:53,0
Q3pD-7jCAvuSmNTpcaPvZ-07:00:00,SYN_112155,110,07:39:00,07:39:15,0
Q3pD-7jCAvuSmNTpcaPvZ-07:00:00,SYN_112156,111,07:39:22,07:39:37,0
Q3pD-7jCAvuSmNTpcaPvZ-07:00:00,SYN_112157,112,07:39:44,07:39:59,0
Q3pD-7jCAvuSmNTpcaPvZ-07:00:00,SYN_112158,113,07:40:06,07:40:21,0
Q3pD-7jCAvuSmNTpcaPvZ-07:00:00,SYN_112159,114,07:40:28,07:40:43,0
Q3pD-7jCAvuSmNTpcaPvZ-07:00:00,SYN_112160,115,07:40:50,07:41:05,0
Q3pD-7jCAvuSmNTpcaPvZ-07:00:00,SYN_112161,116,07:41:11,07:41:26,0
Q3pD-7jCAvuSmNTpcaPvZ-07:00:00,SYN_112162,117,07:41:33,07:41:48,0
Q3pD-7jCAvuSmNTpcaPvZ-07:00:00,SYN_112163,118,07:41:55,07:42:10,0
Q3pD-7jCAvuSmNTpcaPvZ-07:00:00,SYN_112164,119,07:42:17,07:42:32,0
Q3pD-7jCAvuSmNTpcaPvZ-07:00:00,SYN_112165,120,07:42:39,07:42:54,0
Q3pD-7jCAvuSmNTpcaPvZ-07:00:00,SYN_112166,121,07:43:01,07:43:16,0
Q3pD-7jCAvuSmNTpcaPvZ-07:00:00,SYN_112167,122,07:43:23,07:43:38,0
Q3pD-7jCAvuSmNTpcaPvZ-07:00:00,SYN_112168,123,07:43:45,07:44:00,0
Q3pD-7jCAvuSmNTpcaPvZ-07:00:00,SYN_112169,124,07:44:07,07:44:22,0
Q3pD-7jCAvuSmNTpcaPvZ-07:00:00,SYN_112170,125,07:44:29,07:44:44,0
Q3pD-7jCAvuSmNTpcaPvZ-07:00:00,SYN_112171,126,07:44:51,07:45:06,0
Q3pD-7jCAvuSmNTpcaPvZ-07:00:00,SYN_112172,127,07:45:13,07:45:28,0
Q3pD-7jCAvuSmNTpcaPvZ-07:00:00,SYN_112173,128,07:45:34,07:45:49,0
Q3pD-7jCAvuSmNTpcaPvZ-07:00:00,SYN_112174,129,07:45:58,07:46:13,0
Q3pD-7jCAvuSmNTpcaPvZ-07:00:00,SYN_112175,130,07:46:22,07:46:37,0
Q3pD-7jCAvuSmNTpcaPvZ-07:00:00,SYN_112176,131,07:46:47,07:47:02,0
Q3pD-7jCAvuSmNTpcaPvZ-07:00:00,SYN_112177,132,07:47:12,07:47:27,0
Q3pD-7jCAvuSmNTpcaPvZ-07:00:00,SYN_112178,133,07:47:35,07:47:50,0
Q3pD-7jCAvuSmNTpcaPvZ-07:00:00,SYN_112179,134,07:47:58,07:48:13,0
Q3pD-7jCAvuSmNTpcaPvZ-07:00:00,SYN_112180,135,07:48:21,07:48:36,0
Q3pD-7jCAvuSmNTpcaPvZ-07:00:00,SYN_112181,136,07:48:44,07:48:59,0
Q3pD-7jCAvuSmNTpcaPvZ-07:00:00,SYN_112182,137,07:49:08,07:49:23,0
Q3pD-7jCAvuSmNTpcaPvZ-07:00:00,SYN_112183,138,07:49:31,07:49:46,0
Q3pD-7jCAvuSmNTpcaPvZ-07:00:00,SYN_112184,139,07:49:53,07:50:08,0
Q3pD-7jCAvuSmNTpcaPvZ-07:00:00,SYN_112185,140,07:50:13,07:50:28,0
Q3pD-7jCAvuSmNTpcaPvZ-07:00:00,SYN_112186,141,07:50:33,07:50:48,0
Q3pD-7jCAvuSmNTpcaPvZ-07:00:00,SYN_112187,142,07:50:53,07:51:08,0
Q3pD-7jCAvuSmNTpcaPvZ-07:00:00,SYN_112188,143,07:51:13,07:51:28,0
Q3pD-7jCAvuSmNTpcaPvZ-07:00:00,SYN_112189,144,07:51:34,07:51:49,0
Q3pD-7jCAvuSmNTpcaPvZ-07:00:00,SYN_112190,145,07:51:58,07:52:13,0
Q3pD-7jCAvuSmNTpcaPvZ-07:00:00,SYN_112191,146,07:52:27,07:52:42,0
Q3pD-7jCAvuSmNTpcaPvZ-07:00:00,SYN_112192,147,07:52:55,07:53:10,0
Q3pD-7jCAvuSmNTpcaPvZ-07:00:00,SYN_112193,148,07:53:24,07:53:39,0
Q3pD-7jCAvuSmNTpcaPvZ-07:00:00,SYN_112194,149,07:53:47,07:54:02,0
Q3pD-7jCAvuSmNTpcaPvZ-07:00:00,SYN_112195,150,07:54:07,07:54:22,0
Q3pD-7jCAvuSmNTpcaPvZ-07:00:00,SYN_112196,151,07:54:27,07:54:42,0
Q3pD-7jCAvuSmNTpcaPvZ-07:00:00,SYN_112197,152,07:54:47,07:55:02,0
Q3pD-7jCAvuSmNTpcaPvZ-07:00:00,SYN_112198,153,07:55:07,07:55:22,0
Q3pD-7jCAvuSmNTpcaPvZ-07:00:00,SYN_112199,154,07:55:30,07:55:45,0
Q3pD-7jCAvuSmNTpcaPvZ-07:00:00,SYN_112200,155,07:55:55,07:56:10,0
p2LolNMw2UzYkCDS09TaM-07:00:00,SYN_112206,0,07:00:12,07:00:27,0
p2LolNMw2UzYkCDS09TaM-07:00:00,SYN_112207,1,07:00:38,07:00:53,0
p2LolNMw2UzYkCDS09TaM-07:00:00,SYN_112208,2,07:01:03,07:01:18,0
p2LolNMw2UzYkCDS09TaM-07:00:00,SYN_112209,3,07:01:29,07:01:44,0
p2LolNMw2UzYkCDS09TaM-07:00:00,SYN_112210,4,07:01:55,07:02:10,0
p2LolNMw2UzYkCDS09TaM-07:00:00,SYN_112211,5,07:02:21,07:02:36,0
p2LolNMw2UzYkCDS09TaM-07:00:00,SYN_112212,6,07:02:47,07:03:02,0
p2LolNMw2UzYkCDS09TaM-07:00:00,SYN_112213,7,07:03:14,07:03:29,0
p2LolNMw2UzYkCDS09TaM-07:00:00,SYN_112214,8,07:03:40,07:03:55,0
p2LolNMw2UzYkCDS09TaM-07:00:00,SYN_112215,9,07:04:05,07:04:20,0
p2LolNMw2UzYkCDS09TaM-07:00:00,SYN_112216,10,07:04:30,07:04:45,0
p2LolNMw2UzYkCDS09TaM-07:00:00,SYN_112217,11,07:04:54,07:05:09,0
p2LolNMw2UzYkCDS09TaM-07:00:00,SYN_112218,12,07:05:19,07:05:34,0
p2LolNMw2UzYkCDS09TaM-07:00:00,SYN_112219,13,07:05:44,07:05:59,0
p2LolNMw2UzYkCDS09TaM-07:00:00,SYN_112220,14,07:06:09,07:06:24,0
p2LolNMw2UzYkCDS09TaM-07:00:00,SYN_112221,15,07:06:32,07:06:47,0
p2LolNMw2UzYkCDS09TaM-07:00:00,SYN_112222,16,07:06:54,07:07:09,0
p2LolNMw2UzYkCDS09TaM-07:00:00,SYN_112223,17,07:07:15,07:07:30,0
p2LolNMw2UzYkCDS09TaM-07:00:00,SYN_112224,18,07:07:37,07:07:52,0
p2LolNMw2UzYkCDS09TaM-07:00:00,SYN_112225,19,07:07:58,07:08:13,0
p2LolNMw2UzYkCDS09TaM-07:00:00,SYN_112226,20,07:08:18,07:08:33,0
p2LolNMw2UzYkCDS09TaM-07:00:00,SYN_112227,21,07:08:38,07:08:53,0
p2LolNMw2UzYkCDS09TaM-07:00:00,SYN_112228,22,07:08:58,07:09:13,0
p2LolNMw2UzYkCDS09TaM-07:00:00,SYN_112229,23,07:09:18,07:09:33,0
p2LolNMw2UzYkCDS09TaM-07:00:00,SYN_112230,24,07:09:39,07:09:54,0
p2LolNMw2UzYkCDS09TaM-07:00:00,SYN_112231,25,07:09:59,07:10:14,0
p2LolNMw2UzYkCDS09TaM-07:00:00,SYN_112232,26,07:10:19,07:10:34,0
p2LolNMw2UzYkCDS09TaM-07:00:00,SYN_112233,27,07:10:39,07:10:54,0
p2LolNMw2UzYkCDS09TaM-07:00:00,SYN_112234,28,07:10:59,07:11:14,0
p2LolNMw2UzYkCDS09TaM-07:00:00,SYN_112235,29,07:11:19,07:11:34,0
p2LolNMw2UzYkCDS09TaM-07:00:00,SYN_112236,30,07:11:39,07:11:54,0
p2LolNMw2UzYkCDS09TaM-07:00:00,SYN_112237,31,07:11:59,07:12:14,0
p2LolNMw2UzYkCDS09TaM-07:00:00,SYN_112238,32,07:12:19,07:12:34,0
p2LolNMw2UzYkCDS09TaM-07:00:00,SYN_112239,33,07:12:40,07:12:55,0
p2LolNMw2UzYkCDS09TaM-07:00:00,SYN_112240,34,07:13:00,07:13:15,0
p2LolNMw2UzYkCDS09TaM-07:00:00,SYN_112241,35,07:13:20,07:13:35,0
p2LolNMw2UzYkCDS09TaM-07:00:00,SYN_112242,36,07:13:40,07:13:55,0
p2LolNMw2UzYkCDS09TaM-07:00:00,SYN_112243,37,07:14:00,07:14:15,0
p2LolNMw2UzYkCDS09TaM-07:00:00,SYN_112244,38,07:14:21,07:14:36,0
p2LolNMw2UzYkCDS09TaM-07:00:00,SYN_112245,39,07:14:41,07:14:56,0
p2LolNMw2UzYkCDS09TaM-07:00:00,SYN_112246,40,07:15:01,07:15:16,0
p2LolNMw2UzYkCDS09TaM-07:00:00,SYN_112247,41,07:15:21,07:15:36,0
p2LolNMw2UzYkCDS09TaM-07:00:00,SYN_112248,42,07:15:41,07:15:56,0
p2LolNMw2UzYkCDS09TaM-07:00:00,SYN_112249,43,07:16:01,07:16:16,0
p2LolNMw2UzYkCDS09TaM-07:00:00,SYN_112250,44,07:16:22,07:16:37,0
p2LolNMw2UzYkCDS09TaM-07:00:00,SYN_112251,45,07:16:42,07:16:57,0
p2LolNMw2UzYkCDS09TaM-07:00:00,SYN_112252,46,07:17:02,07:17:17,0
p2LolNMw2UzYkCDS09TaM-07:00:00,SYN_112253,47,07:17:22,07:17:37,0
p2LolNMw2UzYkCDS09TaM-07:00:00,SYN_112254,48,07:18:00,07:18:15,0
p2LolNMw2UzYkCDS09TaM-07:00:00,SYN_112255,49,07:18:34,07:18:49,0
p2LolNMw2UzYkCDS09TaM-07:00:00,SYN_112256,50,07:18:59,07:19:14,0
p2LolNMw2UzYkCDS09TaM-07:00:00,SYN_112257,51,07:19:23,07:19:38,0
p2LolNMw2UzYkCDS09TaM-07:00:00,SYN_112258,52,07:19:47,07:20:02,0
p2LolNMw2UzYkCDS09TaM-07:00:00,SYN_112259,53,07:20:12,07:20:27,0
p2LolNMw2UzYkCDS09TaM-07:00:00,SYN_112260,54,07:20:35,07:20:50,0
p2LolNMw2UzYkCDS09TaM-07:00:00,SYN_112261,55,07:20:58,07:21:13,0
p2LolNMw2UzYkCDS09TaM-07:00:00,SYN_112262,56,07:21:21,07:21:36,0
p2LolNMw2UzYkCDS09TaM-07:00:00,SYN_112263,57,07:21:44,07:21:59,0
p2LolNMw2UzYkCDS09TaM-07:00:00,SYN_112264,58,07:22:07,07:22:22,0
p2LolNMw2UzYkCDS09TaM-07:00:00,SYN_112265,59,07:22:29,07:22:44,0
p2LolNMw2UzYkCDS09TaM-07:00:00,SYN_112266,60,07:22:51,07:23:06,0
p2LolNMw2UzYkCDS09TaM-07:00:00,SYN_112267,61,07:23:13,07:23:28,0
p2LolNMw2UzYkCDS09TaM-07:00:00,SYN_112268,62,07:23:35,07:23:50,0
p2LolNMw2UzYkCDS09TaM-07:00:00,SYN_112269,63,07:23:57,07:24:12,0
p2LolNMw2UzYkCDS09TaM-07:00:00,SYN_112270,64,07:24:19,07:24:34,0
p2LolNMw2UzYkCDS09TaM-07:00:00,SYN_112271,65,07:24:41,07:24:56,0
p2LolNMw2UzYkCDS09TaM-07:00:00,SYN_112272,66,07:25:02,07:25:17,0
p2LolNMw2UzYkCDS09TaM-07:00:00,SYN_112273,67,07:25:23,07:25:38,0
p2LolNMw2UzYkCDS09TaM-07:00:00,SYN_112274,68,07:25:43,07:25:58,0
p2LolNMw2UzYkCDS09TaM-07:00:00,SYN_112275,69,07:26:04,07:26:19,0
p2LolNMw2UzYkCDS09TaM-07:00:00,SYN_112276,70,07:26:25,07:26:40,0
p2LolNMw2UzYkCDS09TaM-07:00:00,SYN_112277,71,07:26:45,07:27:00,0
p2LolNMw2UzYkCDS09TaM-07:00:00,SYN_112278,72,07:27:06,07:27:21,0
p2LolNMw2UzYkCDS09TaM-07:00:00,SYN_112279,73,07:27:27,07:27:42,0
p2LolNMw2UzYkCDS09TaM-07:00:00,SYN_112280,74,07:27:47,07:28:02,0
p2LolNMw2UzYkCDS09TaM-07:00:00,SYN_112281,75,07:28:08,07:28:23,0
p2LolNMw2UzYkCDS09TaM-07:00:00,SYN_112282,76,07:28:29,07:28:44,0
p2LolNMw2UzYkCDS09TaM-07:00:00,SYN_112283,77,07:28:49,07:29:04,0
eI4I1CFyBUEYtwzc_6nqC-07:00:00,SYN_112293,0,07:00:06,07:00:21,0
eI4I1CFyBUEYtwzc_6nqC-07:00:00,SYN_112294,1,07:00:28,07:00:43,0
eI4I1CFyBUEYtwzc_6nqC-07:00:00,SYN_112295,2,07:00:50,07:01:05,0
eI4I1CFyBUEYtwzc_6nqC-07:00:00,SYN_112296,3,07:01:11,07:01:26,0
eI4I1CFyBUEYtwzc_6nqC-07:00:00,SYN_112297,4,07:01:33,07:01:48,0
eI4I1CFyBUEYtwzc_6nqC-07:00:00,SYN_112298,5,07:01:55,07:02:10,0
eI4I1CFyBUEYtwzc_6nqC-07:00:00,SYN_112299,6,07:02:17,07:02:32,0
eI4I1CFyBUEYtwzc_6nqC-07:00:00,SYN_112300,7,07:02:39,07:02:54,0
eI4I1CFyBUEYtwzc_6nqC-07:00:00,SYN_112301,8,07:03:01,07:03:16,0
eI4I1CFyBUEYtwzc_6nqC-07:00:00,SYN_112302,9,07:03:23,07:03:38,0
eI4I1CFyBUEYtwzc_6nqC-07:00:00,SYN_112303,10,07:03:45,07:04:00,0
eI4I1CFyBUEYtwzc_6nqC-07:00:00,SYN_112304,11,07:04:07,07:04:22,0
eI4I1CFyBUEYtwzc_6nqC-07:00:00,SYN_112305,12,07:04:29,07:04:44,0
R1qyf44TfvStHmjMCiKfC-07:00:00,SYN_112313,0,07:00:38,07:00:53,0
R1qyf44TfvStHmjMCiKfC-07:00:00,SYN_112314,1,07:01:18,07:01:33,0
R1qyf44TfvStHmjMCiKfC-07:00:00,SYN_112315,2,07:02:01,07:02:16,0
R1qyf44TfvStHmjMCiKfC-07:00:00,SYN_112316,3,07:03:12,07:03:27,0
R1qyf44TfvStHmjMCiKfC-07:00:00,SYN_112317,4,07:04:23,07:04:38,0
R1qyf44TfvStHmjMCiKfC-07:00:00,SYN_112318,5,07:05:39,07:05:54,0
R1qyf44TfvStHmjMCiKfC-07:00:00,SYN_112319,6,07:06:59,07:07:14,0
R1qyf44TfvStHmjMCiKfC-07:00:00,SYN_112320,7,07:08:04,07:08:19,0
R1qyf44TfvStHmjMCiKfC-07:00:00,SYN_112321,8,07:09:10,07:09:25,0
R1qyf44TfvStHmjMCiKfC-07:00:00,SYN_112322,9,07:09:53,07:10:08,0
R1qyf44TfvStHmjMCiKfC-07:00:00,SYN_112323,10,07:10:34,07:10:49,0
R1qyf44TfvStHmjMCiKfC-07:00:00,SYN_112324,11,07:11:29,07:11:44,0
R1qyf44TfvStHmjMCiKfC-07:00:00,SYN_112325,12,07:12:28,07:12:43,0
R1qyf44TfvStHmjMCiKfC-07:00:00,SYN_112326,13,07:13:02,07:13:17,0
R1qyf44TfvStHmjMCiKfC-07:00:00,SYN_112327,14,07:13:36,07:13:51,0
R1qyf44TfvStHmjMCiKfC-07:00:00,SYN_112328,15,07:14:06,07:14:21,0
R1qyf44TfvStHmjMCiKfC-07:00:00,SYN_112329,16,07:14:28,07:14:43,0
R1qyf44TfvStHmjMCiKfC-07:00:00,SYN_112330,17,07:14:54,07:15:09,0
R1qyf44TfvStHmjMCiKfC-07:00:00,SYN_112331,18,07:15:28,07:15:43,0
R1qyf44TfvStHmjMCiKfC-07:00:00,SYN_112332,19,07:16:02,07:16:17,0
R1qyf44TfvStHmjMCiKfC-07:00:00,SYN_112333,20,07:16:36,07:16:51,0
R1qyf44TfvStHmjMCiKfC-07:00:00,SYN_112334,21,07:17:06,07:17:21,0
R1qyf44TfvStHmjMCiKfC-07:00:00,SYN_112335,22,07:17:35,07:17:50,0
R1qyf44TfvStHmjMCiKfC-07:00:00,SYN_112336,23,07:18:05,07:18:20,0
R1qyf44TfvStHmjMCiKfC-07:00:00,SYN_112337,24,07:18:34,07:18:49,0
R1qyf44TfvStHmjMCiKfC-07:00:00,SYN_112338,25,07:19:04,07:19:19,0
R1qyf44TfvStHmjMCiKfC-07:00:00,SYN_112339,26,07:19:35,07:19:50,0
R1qyf44TfvStHmjMCiKfC-07:00:00,SYN_112340,27,07:20:07,07:20:22,0
R1qyf44TfvStHmjMCiKfC-07:00:00,SYN_112341,28,07:20:39,07:20:54,0
R1qyf44TfvStHmjMCiKfC-07:00:00,SYN_112342,29,07:21:17,07:21:32,0
R1qyf44TfvStHmjMCiKfC-07:00:00,SYN_112343,30,07:22:05,07:22:20,0
R1qyf44TfvStHmjMCiKfC-07:00:00,SYN_112344,31,07:22:49,07:23:04,0
R1qyf44TfvStHmjMCiKfC-07:00:00,SYN_112345,32,07:23:32,07:23:47,0
R1qyf44TfvStHmjMCiKfC-07:00:00,SYN_112346,33,07:24:14,07:24:29,0
R1qyf44TfvStHmjMCiKfC-07:00:00,SYN_112347,34,07:24:57,07:25:12,0
R1qyf44TfvStHmjMCiKfC-07:00:00,SYN_112348,35,07:25:40,07:25:55,0
R1qyf44TfvStHmjMCiKfC-07:00:00,SYN_112349,36,07:26:24,07:26:39,0
R1qyf44TfvStHmjMCiKfC-07:00:00,SYN_112350,37,07:27:17,07:27:32,0
R1qyf44TfvStHmjMCiKfC-07:00:00,SYN_112351,38,07:28:11,07:28:26,0
R1qyf44TfvStHmjMCiKfC-07:00:00,SYN_112352,39,07:29:01,07:29:16,0
R1qyf44TfvStHmjMCiKfC-07:00:00,SYN_112353,40,07:29:41,07:29:56,0
R1qyf44TfvStHmjMCiKfC-07:00:00,SYN_112354,41,07:30:20,07:30:35,0
R1qyf44TfvStHmjMCiKfC-07:00:00,SYN_112355,42,07:30:56,07:31:11,0
R1qyf44TfvStHmjMCiKfC-07:00:00,SYN_112356,43,07:31:30,07:31:45,0
R1qyf44TfvStHmjMCiKfC-07:00:00,SYN_112357,44,07:32:03,07:32:18,0
R1qyf44TfvStHmjMCiKfC-07:00:00,SYN_112358,45,07:32:39,07:32:54,0
R1qyf44TfvStHmjMCiKfC-07:00:00,SYN_112359,46,07:33:21,07:33:36,0
R1qyf44TfvStHmjMCiKfC-07:00:00,SYN_112360,47,07:34:03,07:34:18,0
R1qyf44TfvStHmjMCiKfC-07:00:00,SYN_112361,48,07:34:45,07:35:00,0
R1qyf44TfvStHmjMCiKfC-07:00:00,SYN_112362,49,07:35:13,07:35:28,0
R1qyf44TfvStHmjMCiKfC-07:00:00,SYN_112363,50,07:35:37,07:35:52,0
R1qyf44TfvStHmjMCiKfC-07:00:00,SYN_112364,51,07:36:00,07:36:15,0
R1qyf44TfvStHmjMCiKfC-07:00:00,SYN_112365,52,07:36:24,07:36:39,0
R1qyf44TfvStHmjMCiKfC-07:00:00,SYN_112366,53,07:36:48,07:37:03,0
R1qyf44TfvStHmjMCiKfC-07:00:00,SYN_112367,54,07:37:12,07:37:27,0
R1qyf44TfvStHmjMCiKfC-07:00:00,SYN_112368,55,07:37:35,07:37:50,0
R1qyf44TfvStHmjMCiKfC-07:00:00,SYN_112369,56,07:38:02,07:38:17,0
R1qyf44TfvStHmjMCiKfC-07:00:00,SYN_112370,57,07:38:57,07:39:12,0
R1qyf44TfvStHmjMCiKfC-07:00:00,SYN_112371,58,07:39:51,07:40:06,0
R1qyf44TfvStHmjMCiKfC-07:00:00,SYN_112372,59,07:40:35,07:40:50,0
R1qyf44TfvStHmjMCiKfC-07:00:00,SYN_112373,60,07:41:08,07:41:23,0
R1qyf44TfvStHmjMCiKfC-07:00:00,SYN_112374,61,07:41:33,07:41:48,0
R1qyf44TfvStHmjMCiKfC-07:00:00,SYN_112375,62,07:41:59,07:42:14,0
R1qyf44TfvStHmjMCiKfC-07:00:00,SYN_112376,63,07:42:40,07:42:55,0
R1qyf44TfvStHmjMCiKfC-07:00:00,SYN_112377,64,07:43:20,07:43:35,0
R1qyf44TfvStHmjMCiKfC-07:00:00,SYN_112378,65,07:43:59,07:44:14,0
R1qyf44TfvStHmjMCiKfC-07:00:00,SYN_112379,66,07:44:37,07:44:52,0
R1qyf44TfvStHmjMCiKfC-07:00:00,SYN_112380,67,07:45:07,07:45:22,0
R1qyf44TfvStHmjMCiKfC-07:00:00,SYN_112381,68,07:45:33,07:45:48,0
R1qyf44TfvStHmjMCiKfC-07:00:00,SYN_112382,69,07:46:15,07:46:30,0
R1qyf44TfvStHmjMCiKfC-07:00:00,SYN_112383,70,07:46:52,07:47:07,0
R1qyf44TfvStHmjMCiKfC-07:00:00,SYN_112384,71,07:47:18,07:47:33,0
R1qyf44TfvStHmjMCiKfC-07:00:00,SYN_112385,72,07:47:43,07:47:58,0
R1qyf44TfvStHmjMCiKfC-07:00:00,SYN_112386,73,07:48:26,07:48:41,0
R1qyf44TfvStHmjMCiKfC-07:00:00,SYN_112387,74,07:49:15,07:49:30,0
R1qyf44TfvStHmjMCiKfC-07:00:00,SYN_112388,75,07:50:17,07:50:32,0
R1qyf44TfvStHmjMCiKfC-07:00:00,SYN_112389,76,07:51:25,07:51:40,0
R1qyf44TfvStHmjMCiKfC-07:00:00,SYN_112390,77,07:52:40,07:52:55,0
R1qyf44TfvStHmjMCiKfC-07:00:00,SYN_112391,78,07:53:23,07:53:38,0
R1qyf44TfvStHmjMCiKfC-07:00:00,SYN_112392,79,07:54:09,07:54:24,0
R1qyf44TfvStHmjMCiKfC-07:00:00,SYN_112393,80,07:56:20,07:56:35,0
R1qyf44TfvStHmjMCiKfC-07:00:00,SYN_112394,81,07:57:23,07:57:38,0
R1qyf44TfvStHmjMCiKfC-07:00:00,SYN_112395,82,07:58:32,07:58:47,0
R1qyf44TfvStHmjMCiKfC-07:00:00,SYN_112396,83,07:59:34,07:59:49,0
R1qyf44TfvStHmjMCiKfC-07:00:00,SYN_112397,84,07:59:47,08:00:02,0
R1qyf44TfvStHmjMCiKfC-07:00:00,SYN_112398,85,08:00:00,08:00:15,0
R1qyf44TfvStHmjMCiKfC-07:00:00,SYN_112399,86,08:00:12,08:00:27,0
R1qyf44TfvStHmjMCiKfC-07:00:00,SYN_112400,87,08:00:25,08:00:40,0
R1qyf44TfvStHmjMCiKfC-07:00:00,SYN_112401,88,08:00:45,08:01:00,0
R1qyf44TfvStHmjMCiKfC-07:00:00,SYN_112402,89,08:01:55,08:02:10,0
R1qyf44TfvStHmjMCiKfC-07:00:00,SYN_112403,90,08:02:58,08:03:13,0
R1qyf44TfvStHmjMCiKfC-07:00:00,SYN_112404,91,08:03:48,08:04:03,0
R1qyf44TfvStHmjMCiKfC-07:00:00,SYN_112405,92,08:04:44,08:04:59,0
R1qyf44TfvStHmjMCiKfC-07:00:00,SYN_112406,93,08:05:49,08:06:04,0
R1qyf44TfvStHmjMCiKfC-07:00:00,SYN_112407,94,08:06:54,08:07:09,0
6u8t_kqOv1J6Cy4UiIRO_-07:00:00,SYN_112409,0,07:00:20,07:00:35,0
6u8t_kqOv1J6Cy4UiIRO_-07:00:00,SYN_112410,1,07:00:41,07:00:56,0
6u8t_kqOv1J6Cy4UiIRO_-07:00:00,SYN_112411,2,07:01:01,07:01:16,0
6u8t_kqOv1J6Cy4UiIRO_-07:00:00,SYN_112412,3,07:01:22,07:01:37,0
6u8t_kqOv1J6Cy4UiIRO_-07:00:00,SYN_112413,4,07:01:42,07:01:57,0
6u8t_kqOv1J6Cy4UiIRO_-07:00:00,SYN_112414,5,07:02:03,07:02:18,0
6u8t_kqOv1J6Cy4UiIRO_-07:00:00,SYN_112415,6,07:02:23,07:02:38,0
6u8t_kqOv1J6Cy4UiIRO_-07:00:00,SYN_112416,7,07:02:44,07:02:59,0
6u8t_kqOv1J6Cy4UiIRO_-07:00:00,SYN_112417,8,07:03:04,07:03:19,0
6u8t_kqOv1J6Cy4UiIRO_-07:00:00,SYN_112418,9,07:03:25,07:03:40,0
6u8t_kqOv1J6Cy4UiIRO_-07:00:00,SYN_112419,10,07:03:46,07:04:01,0
6u8t_kqOv1J6Cy4UiIRO_-07:00:00,SYN_112420,11,07:04:06,07:04:21,0
6u8t_kqOv1J6Cy4UiIRO_-07:00:00,SYN_112421,12,07:04:27,07:04:42,0
6u8t_kqOv1J6Cy4UiIRO_-07:00:00,SYN_112422,13,07:04:47,07:05:02,0
6u8t_kqOv1J6Cy4UiIRO_-07:00:00,SYN_112423,14,07:05:08,07:05:23,0
6u8t_kqOv1J6Cy4UiIRO_-07:00:00,SYN_112424,15,07:05:28,07:05:43,0
OoyJYltTuIPwOrCeg2YmA-07:00:00,SYN_112425,0,07:00:39,07:00:54,0
OoyJYltTuIPwOrCeg2YmA-07:00:00,SYN_112426,1,07:01:19,07:01:34,0
OoyJYltTuIPwOrCeg2YmA-07:00:00,SYN_112427,2,07:01:58,07:02:13,0
OoyJYltTuIPwOrCeg2YmA-07:00:00,SYN_112428,3,07:02:38,07:02:53,0
OoyJYltTuIPwOrCeg2YmA-07:00:00,SYN_112429,4,07:03:17,07:03:32,0
OoyJYltTuIPwOrCeg2YmA-07:00:00,SYN_112430,5,07:03:57,07:04:12,0
OoyJYltTuIPwOrCeg2YmA-07:00:00,SYN_112431,6,07:04:36,07:04:51,0
OoyJYltTuIPwOrCeg2YmA-07:00:00,SYN_112432,7,07:05:16,07:05:31,0
OoyJYltTuIPwOrCeg2YmA-07:00:00,SYN_112433,8,07:05:55,07:06:10,0
OoyJYltTuIPwOrCeg2YmA-07:00:00,SYN_112434,9,07:06:35,07:06:50,0
OoyJYltTuIPwOrCeg2YmA-07:00:00,SYN_112435,10,07:07:15,07:07:30,0
OoyJYltTuIPwOrCeg2YmA-07:00:00,SYN_112436,11,07:07:54,07:08:09,0
OoyJYltTuIPwOrCeg2YmA-07:00:00,SYN_112437,12,07:08:34,07:08:49,0
OoyJYltTuIPwOrCeg2YmA-07:00:00,SYN_112438,13,07:09:13,07:09:28,0
OoyJYltTuIPwOrCeg2YmA-07:00:00,SYN_112439,14,07:09:53,07:10:08,0
OoyJYltTuIPwOrCeg2YmA-07:00:00,SYN_112440,15,07:10:32,07:10:47,0
OoyJYltTuIPwOrCeg2YmA-07:00:00,SYN_112441,16,07:11:12,07:11:27,0
OoyJYltTuIPwOrCeg2YmA-07:00:00,SYN_112442,17,07:11:51,07:12:06,0
vcRbpsi4jjFjRKF41t1UT-07:00:00,SYN_112451,0,07:00:06,07:00:21,0
vcRbpsi4jjFjRKF41t1UT-07:00:00,SYN_112452,1,07:00:27,07:00:42,0
vcRbpsi4jjFjRKF41t1UT-07:00:00,SYN_112453,2,07:00:49,07:01:04,0
vcRbpsi4jjFjRKF41t1UT-07:00:00,SYN_112454,3,07:01:10,07:01:25,0
vcRbpsi4jjFjRKF41t1UT-07:00:00,SYN_112455,4,07:01:31,07:01:46,0
vcRbpsi4jjFjRKF41t1UT-07:00:00,SYN_112456,5,07:01:53,07:02:08,0
vcRbpsi4jjFjRKF41t1UT-07:00:00,SYN_112457,6,07:02:14,07:02:29,0
vcRbpsi4jjFjRKF41t1UT-07:00:00,SYN_112458,7,07:02:35,07:02:50,0
vcRbpsi4jjFjRKF41t1UT-07:00:00,SYN_112459,8,07:02:57,07:03:12,0
vcRbpsi4jjFjRKF41t1UT-07:00:00,SYN_112460,9,07:03:18,07:03:33,0
vcRbpsi4jjFjRKF41t1UT-07:00:00,SYN_112461,10,07:03:39,07:03:54,0
vcRbpsi4jjFjRKF41t1UT-07:00:00,SYN_112462,11,07:04:01,07:04:16,0
vcRbpsi4jjFjRKF41t1UT-07:00:00,SYN_112463,12,07:04:22,07:04:37,0
vcRbpsi4jjFjRKF41t1UT-07:00:00,SYN_112464,13,07:04:44,07:04:59,0
vcRbpsi4jjFjRKF41t1UT-07:00:00,SYN_112465,14,07:05:05,07:05:20,0
vcRbpsi4jjFjRKF41t1UT-07:00:00,SYN_112466,15,07:05:26,07:05:41,0
vcRbpsi4jjFjRKF41t1UT-07:00:00,SYN_112467,16,07:05:48,07:06:03,0
vcRbpsi4jjFjRKF41t1UT-07:00:00,SYN_112468,17,07:06:09,07:06:24,0
Eij4wvz28UMMCWx_xBgPt-07:00:00,SYN_112471,0,07:00:17,07:00:32,0
Eij4wvz28UMMCWx_xBgPt-07:00:00,SYN_112472,1,07:00:40,07:00:55,0
Eij4wvz28UMMCWx_xBgPt-07:00:00,SYN_112473,2,07:01:03,07:01:18,0
Eij4wvz28UMMCWx_xBgPt-07:00:00,SYN_112474,3,07:01:27,07:01:42,0
Eij4wvz28UMMCWx_xBgPt-07:00:00,SYN_112475,4,07:01:49,07:02:04,0
Eij4wvz28UMMCWx_xBgPt-07:00:00,SYN_112476,5,07:02:12,07:02:27,0
Eij4wvz28UMMCWx_xBgPt-07:00:00,SYN_112477,6,07:02:34,07:02:49,0
Eij4wvz28UMMCWx_xBgPt-07:00:00,SYN_112478,7,07:02:56,07:03:11,0
Eij4wvz28UMMCWx_xBgPt-07:00:00,SYN_112479,8,07:03:18,07:03:33,0
Eij4wvz28UMMCWx_xBgPt-07:00:00,SYN_112480,9,07:03:40,07:03:55,0
Eij4wvz28UMMCWx_xBgPt-07:00:00,SYN_112481,10,07:04:01,07:04:16,0
Eij4wvz28UMMCWx_xBgPt-07:00:00,SYN_112482,11,07:04:22,07:04:37,0
Eij4wvz28UMMCWx_xBgPt-07:00:00,SYN_112483,12,07:04:44,07:04:59,0
Eij4wvz28UMMCWx_xBgPt-07:00:00,SYN_112484,13,07:05:05,07:05:20,0
Eij4wvz28UMMCWx_xBgPt-07:00:00,SYN_112485,14,07:05:26,07:05:41,0
Eij4wvz28UMMCWx_xBgPt-07:00:00,SYN_112486,15,07:05:48,07:06:03,0
Eij4wvz28UMMCWx_xBgPt-07:00:00,SYN_112487,16,07:06:09,07:06:24,0
Eij4wvz28UMMCWx_xBgPt-07:00:00,SYN_112488,17,07:06:30,07:06:45,0
Eij4wvz28UMMCWx_xBgPt-07:00:00,SYN_112489,18,07:07:01,07:07:16,0
Eij4wvz28UMMCWx_xBgPt-07:00:00,SYN_112490,19,07:07:27,07:07:42,0
Eij4wvz28UMMCWx_xBgPt-07:00:00,SYN_112491,20,07:07:49,07:08:04,0
Eij4wvz28UMMCWx_xBgPt-07:00:00,SYN_112492,21,07:08:10,07:08:25,0
Eij4wvz28UMMCWx_xBgPt-07:00:00,SYN_112493,22,07:08:31,07:08:46,0
Eij4wvz28UMMCWx_xBgPt-07:00:00,SYN_112494,23,07:08:53,07:09:08,0
Eij4wvz28UMMCWx_xBgPt-07:00:00,SYN_112495,24,07:09:14,07:09:29,0
Eij4wvz28UMMCWx_xBgPt-07:00:00,SYN_112496,25,07:09:35,07:09:50,0
Eij4wvz28UMMCWx_xBgPt-07:00:00,SYN_112497,26,07:09:57,07:10:12,0
Eij4wvz28UMMCWx_xBgPt-07:00:00,SYN_112498,27,07:10:18,07:10:33,0
Eij4wvz28UMMCWx_xBgPt-07:00:00,SYN_112499,28,07:10:39,07:10:54,0
Eij4wvz28UMMCWx_xBgPt-07:00:00,SYN_112500,29,07:11:01,07:11:16,0
Eij4wvz28UMMCWx_xBgPt-07:00:00,SYN_112501,30,07:11:22,07:11:37,0
Eij4wvz28UMMCWx_xBgPt-07:00:00,SYN_112502,31,07:11:43,07:11:58,0
Eij4wvz28UMMCWx_xBgPt-07:00:00,SYN_112503,32,07:12:05,07:12:20,0
Eij4wvz28UMMCWx_xBgPt-07:00:00,SYN_112504,33,07:12:26,07:12:41,0
Eij4wvz28UMMCWx_xBgPt-07:00:00,SYN_112505,34,07:12:47,07:13:02,0
Eij4wvz28UMMCWx_xBgPt-07:00:00,SYN_112506,35,07:13:09,07:13:24,0
Eij4wvz28UMMCWx_xBgPt-07:00:00,SYN_112507,36,07:13:30,07:13:45,0
Eij4wvz28UMMCWx_xBgPt-07:00:00,SYN_112508,37,07:13:52,07:14:07,0
Eij4wvz28UMMCWx_xBgPt-07:00:00,SYN_112509,38,07:14:13,07:14:28,0
Eij4wvz28UMMCWx_xBgPt-07:00:00,SYN_112510,39,07:14:34,07:14:49,0
Eij4wvz28UMMCWx_xBgPt-07:00:00,SYN_112511,40,07:14:56,07:15:11,0
Eij4wvz28UMMCWx_xBgPt-07:00:00,SYN_112512,41,07:15:17,07:15:32,0
Eij4wvz28UMMCWx_xBgPt-07:00:00,SYN_112513,42,07:15:38,07:15:53,0
Eij4wvz28UMMCWx_xBgPt-07:00:00,SYN_112514,43,07:16:00,07:16:15,0
Eij4wvz28UMMCWx_xBgPt-07:00:00,SYN_112515,44,07:16:20,07:16:35,0
Eij4wvz28UMMCWx_xBgPt-07:00:00,SYN_112516,45,07:16:41,07:16:56,0
Eij4wvz28UMMCWx_xBgPt-07:00:00,SYN_112517,46,07:17:02,07:17:17,0
Eij4wvz28UMMCWx_xBgPt-07:00:00,SYN_112518,47,07:17:22,07:17:37,0
Eij4wvz28UMMCWx_xBgPt-07:00:00,SYN_112519,48,07:17:43,07:17:58,0
Eij4wvz28UMMCWx_xBgPt-07:00:00,SYN_112520,49,07:18:04,07:18:19,0
Eij4wvz28UMMCWx_xBgPt-07:00:00,SYN_112521,50,07:18:24,07:18:39,0
Eij4wvz28UMMCWx_xBgPt-07:00:00,SYN_112522,51,07:18:45,07:19:00,0
Eij4wvz28UMMCWx_xBgPt-07:00:00,SYN_112523,52,07:19:06,07:19:21,0
Eij4wvz28UMMCWx_xBgPt-07:00:00,SYN_112524,53,07:19:26,07:19:41,0
Eij4wvz28UMMCWx_xBgPt-07:00:00,SYN_112525,54,07:19:47,07:20:02,0
Eij4wvz28UMMCWx_xBgPt-07:00:00,SYN_112526,55,07:20:08,07:20:23,0
Eij4wvz28UMMCWx_xBgPt-07:00:00,SYN_112527,56,07:20:28,07:20:43,0
Eij4wvz28UMMCWx_xBgPt-07:00:00,SYN_112528,57,07:20:49,07:21:04,0
Eij4wvz28UMMCWx_xBgPt-07:00:00,SYN_112529,58,07:21:10,07:21:25,0
Eij4wvz28UMMCWx_xBgPt-07:00:00,SYN_112530,59,07:21:31,07:21:46,0
Eij4wvz28UMMCWx_xBgPt-07:00:00,SYN_112531,60,07:21:54,07:22:09,0
Eij4wvz28UMMCWx_xBgPt-07:00:00,SYN_112532,61,07:22:17,07:22:32,0
Eij4wvz28UMMCWx_xBgPt-07:00:00,SYN_112533,62,07:22:39,07:22:54,0
Eij4wvz28UMMCWx_xBgPt-07:00:00,SYN_112534,63,07:23:02,07:23:17,0
Eij4wvz28UMMCWx_xBgPt-07:00:00,SYN_112535,64,07:23:24,07:23:39,0
Eij4wvz28UMMCWx_xBgPt-07:00:00,SYN_112536,65,07:23:47,07:24:02,0
Eij4wvz28UMMCWx_xBgPt-07:00:00,SYN_112537,66,07:24:09,07:24:24,0
Eij4wvz28UMMCWx_xBgPt-07:00:00,SYN_112538,67,07:24:32,07:24:47,0
Eij4wvz28UMMCWx_xBgPt-07:00:00,SYN_112539,68,07:24:52,07:25:07,0
Eij4wvz28UMMCWx_xBgPt-07:00:00,SYN_112540,69,07:25:13,07:25:28,0
Eij4wvz28UMMCWx_xBgPt-07:00:00,SYN_112541,70,07:25:34,07:25:49,0
Eij4wvz28UMMCWx_xBgPt-07:00:00,SYN_112542,71,07:25:54,07:26:09,0
Eij4wvz28UMMCWx_xBgPt-07:00:00,SYN_112543,72,07:26:15,07:26:30,0
Eij4wvz28UMMCWx_xBgPt-07:00:00,SYN_112544,73,07:26:36,07:26:51,0
Eij4wvz28UMMCWx_xBgPt-07:00:00,SYN_112545,74,07:26:56,07:27:11,0
Eij4wvz28UMMCWx_xBgPt-07:00:00,SYN_112546,75,07:27:17,07:27:32,0
Eij4wvz28UMMCWx_xBgPt-07:00:00,SYN_112547,76,07:27:38,07:27:53,0
Eij4wvz28UMMCWx_xBgPt-07:00:00,SYN_112548,77,07:27:58,07:28:13,0
Eij4wvz28UMMCWx_xBgPt-07:00:00,SYN_112549,78,07:28:19,07:28:34,0
Eij4wvz28UMMCWx_xBgPt-07:00:00,SYN_112550,79,07:28:40,07:28:55,0
Eij4wvz28UMMCWx_xBgPt-07:00:00,SYN_112551,80,07:29:00,07:29:15,0
Eij4wvz28UMMCWx_xBgPt-07:00:00,SYN_112552,81,07:29:21,07:29:36,0
Eij4wvz28UMMCWx_xBgPt-07:00:00,SYN_112553,82,07:29:42,07:29:57,0
Eij4wvz28UMMCWx_xBgPt-07:00:00,SYN_112554,83,07:30:02,07:30:17,0
Eij4wvz28UMMCWx_xBgPt-07:00:00,SYN_112555,84,07:30:23,07:30:38,0
Eij4wvz28UMMCWx_xBgPt-07:00:00,SYN_112556,85,07:30:44,07:30:59,0
Eij4wvz28UMMCWx_xBgPt-07:00:00,SYN_112557,86,07:31:05,07:31:20,0
Eij4wvz28UMMCWx_xBgPt-07:00:00,SYN_112558,87,07:31:25,07:31:40,0
Eij4wvz28UMMCWx_xBgPt-07:00:00,SYN_112559,88,07:31:46,07:32:01,0
Eij4wvz28UMMCWx_xBgPt-07:00:00,SYN_112560,89,07:32:07,07:32:22,0
Eij4wvz28UMMCWx_xBgPt-07:00:00,SYN_112561,90,07:32:27,07:32:42,0
Eij4wvz28UMMCWx_xBgPt-07:00:00,SYN_112562,91,07:32:48,07:33:03,0
Eij4wvz28UMMCWx_xBgPt-07:00:00,SYN_112563,92,07:33:09,07:33:24,0
Eij4wvz28UMMCWx_xBgPt-07:00:00,SYN_112564,93,07:33:29,07:33:44,0
Eij4wvz28UMMCWx_xBgPt-07:00:00,SYN_112565,94,07:33:50,07:34:05,0
Eij4wvz28UMMCWx_xBgPt-07:00:00,SYN_112566,95,07:34:10,07:34:25,0
Eij4wvz28UMMCWx_xBgPt-07:00:00,SYN_112567,96,07:34:31,07:34:46,0
Eij4wvz28UMMCWx_xBgPt-07:00:00,SYN_112568,97,07:34:51,07:35:06,0
Eij4wvz28UMMCWx_xBgPt-07:00:00,SYN_112569,98,07:35:11,07:35:26,0
Eij4wvz28UMMCWx_xBgPt-07:00:00,SYN_112570,99,07:35:32,07:35:47,0
Eij4wvz28UMMCWx_xBgPt-07:00:00,SYN_112571,100,07:35:52,07:36:07,0
Eij4wvz28UMMCWx_xBgPt-07:00:00,SYN_112572,101,07:36:12,07:36:27,0
Eij4wvz28UMMCWx_xBgPt-07:00:00,SYN_112573,102,07:36:32,07:36:47,0
Eij4wvz28UMMCWx_xBgPt-07:00:00,SYN_112574,103,07:36:53,07:37:08,0
Eij4wvz28UMMCWx_xBgPt-07:00:00,SYN_112575,104,07:37:13,07:37:28,0
Eij4wvz28UMMCWx_xBgPt-07:00:00,SYN_112576,105,07:37:33,07:37:48,0
Eij4wvz28UMMCWx_xBgPt-07:00:00,SYN_112577,106,07:37:53,07:38:08,0
Eij4wvz28UMMCWx_xBgPt-07:00:00,SYN_112578,107,07:38:14,07:38:29,0
Eij4wvz28UMMCWx_xBgPt-07:00:00,SYN_112579,108,07:38:34,07:38:49,0
Eij4wvz28UMMCWx_xBgPt-07:00:00,SYN_112580,109,07:38:54,07:39:09,0
Eij4wvz28UMMCWx_xBgPt-07:00:00,SYN_112581,110,07:39:14,07:39:29,0
Eij4wvz28UMMCWx_xBgPt-07:00:00,SYN_112582,111,07:39:35,07:39:50,0
Eij4wvz28UMMCWx_xBgPt-07:00:00,SYN_112583,112,07:39:55,07:40:10,0
Eij4wvz28UMMCWx_xBgPt-07:00:00,SYN_112584,113,07:40:15,07:40:30,0
Eij4wvz28UMMCWx_xBgPt-07:00:00,SYN_112585,114,07:40:36,07:40:51,0
Eij4wvz28UMMCWx_xBgPt-07:00:00,SYN_112586,115,07:40:56,07:41:11,0
Eij4wvz28UMMCWx_xBgPt-07:00:00,SYN_112587,116,07:41:16,07:41:31,0
Eij4wvz28UMMCWx_xBgPt-07:00:00,SYN_112588,117,07:41:37,07:41:52,0
Eij4wvz28UMMCWx_xBgPt-07:00:00,SYN_112589,118,07:41:58,07:42:13,0
Eij4wvz28UMMCWx_xBgPt-07:00:00,SYN_112590,119,07:42:20,07:42:35,0
Eij4wvz28UMMCWx_xBgPt-07:00:00,SYN_112591,120,07:42:41,07:42:56,0
Eij4wvz28UMMCWx_xBgPt-07:00:00,SYN_112592,121,07:43:02,07:43:17,0
Eij4wvz28UMMCWx_xBgPt-07:00:00,SYN_112593,122,07:43:24,07:43:39,0
Eij4wvz28UMMCWx_xBgPt-07:00:00,SYN_112594,123,07:43:45,07:44:00,0
Eij4wvz28UMMCWx_xBgPt-07:00:00,SYN_112595,124,07:44:07,07:44:22,0
Eij4wvz28UMMCWx_xBgPt-07:00:00,SYN_112596,125,07:44:28,07:44:43,0
Eij4wvz28UMMCWx_xBgPt-07:00:00,SYN_112597,126,07:44:49,07:45:04,0
Eij4wvz28UMMCWx_xBgPt-07:00:00,SYN_112598,127,07:45:11,07:45:26,0
Eij4wvz28UMMCWx_xBgPt-07:00:00,SYN_112599,128,07:45:32,07:45:47,0
Eij4wvz28UMMCWx_xBgPt-07:00:00,SYN_112600,129,07:45:53,07:46:08,0
Eij4wvz28UMMCWx_xBgPt-07:00:00,SYN_112601,130,07:46:14,07:46:29,0
Eij4wvz28UMMCWx_xBgPt-07:00:00,SYN_112602,131,07:46:35,07:46:50,0
Eij4wvz28UMMCWx_xBgPt-07:00:00,SYN_112603,132,07:46:57,07:47:12,0
Eij4wvz28UMMCWx_xBgPt-07:00:00,SYN_112604,133,07:47:18,07:47:33,0
Eij4wvz28UMMCWx_xBgPt-07:00:00,SYN_112605,134,07:47:39,07:47:54,0
Eij4wvz28UMMCWx_xBgPt-07:00:00,SYN_112606,135,07:48:00,07:48:15,0
Eij4wvz28UMMCWx_xBgPt-07:00:00,SYN_112607,136,07:48:21,07:48:36,0
Eij4wvz28UMMCWx_xBgPt-07:00:00,SYN_112608,137,07:48:43,07:48:58,0
Eij4wvz28UMMCWx_xBgPt-07:00:00,SYN_112609,138,07:49:05,07:49:20,0
Eij4wvz28UMMCWx_xBgPt-07:00:00,SYN_112610,139,07:49:27,07:49:42,0
Eij4wvz28UMMCWx_xBgPt-07:00:00,SYN_112611,140,07:49:49,07:50:04,0
Eij4wvz28UMMCWx_xBgPt-07:00:00,SYN_112612,141,07:50:11,07:50:26,0
Eij4wvz28UMMCWx_xBgPt-07:00:00,SYN_112613,142,07:50:33,07:50:48,0
Eij4wvz28UMMCWx_xBgPt-07:00:00,SYN_112614,143,07:50:56,07:51:11,0
Eij4wvz28UMMCWx_xBgPt-07:00:00,SYN_112615,144,07:51:19,07:51:34,0
Eij4wvz28UMMCWx_xBgPt-07:00:00,SYN_112616,145,07:51:42,07:51:57,0
Eij4wvz28UMMCWx_xBgPt-07:00:00,SYN_112617,146,07:52:07,07:52:22,0
Eij4wvz28UMMCWx_xBgPt-07:00:00,SYN_112618,147,07:52:31,07:52:46,0
Eij4wvz28UMMCWx_xBgPt-07:00:00,SYN_112619,148,07:52:55,07:53:10,0
Eij4wvz28UMMCWx_xBgPt-07:00:00,SYN_112620,149,07:53:19,07:53:34,0
Eij4wvz28UMMCWx_xBgPt-07:00:00,SYN_112621,150,07:53:43,07:53:58,0
Eij4wvz28UMMCWx_xBgPt-07:00:00,SYN_112622,151,07:54:07,07:54:22,0
Eij4wvz28UMMCWx_xBgPt-07:00:00,SYN_112623,152,07:54:31,07:54:46,0
Eij4wvz28UMMCWx_xBgPt-07:00:00,SYN_112624,153,07:54:55,07:55:10,0
Eij4wvz28UMMCWx_xBgPt-07:00:00,SYN_112625,154,07:55:19,07:55:34,0
Eij4wvz28UMMCWx_xBgPt-07:00:00,SYN_112626,155,07:55:43,07:55:58,0
Eij4wvz28UMMCWx_xBgPt-07:00:00,SYN_112627,156,07:56:07,07:56:22,0
Eij4wvz28UMMCWx_xBgPt-07:00:00,SYN_112628,157,07:56:31,07:56:46,0
Eij4wvz28UMMCWx_xBgPt-07:00:00,SYN_112629,158,07:56:55,07:57:10,0
Eij4wvz28UMMCWx_xBgPt-07:00:00,SYN_112630,159,07:57:17,07:57:32,0
Eij4wvz28UMMCWx_xBgPt-07:00:00,SYN_112631,160,07:57:40,07:57:55,0
Eij4wvz28UMMCWx_xBgPt-07:00:00,SYN_112632,161,07:58:02,07:58:17,0
uRBqBvtxqfFULY3Kyi78n-07:00:00,SYN_112636,0,07:05:36,07:05:51,0
uRBqBvtxqfFULY3Kyi78n-07:00:00,SYN_112637,1,07:05:58,07:06:13,0
uRBqBvtxqfFULY3Kyi78n-07:00:00,SYN_112638,2,07:06:21,07:06:36,0
uRBqBvtxqfFULY3Kyi78n-07:00:00,SYN_112639,3,07:06:43,07:06:58,0
uRBqBvtxqfFULY3Kyi78n-07:00:00,SYN_112640,4,07:07:05,07:07:20,0
uRBqBvtxqfFULY3Kyi78n-07:00:00,SYN_112641,5,07:07:28,07:07:43,0
uRBqBvtxqfFULY3Kyi78n-07:00:00,SYN_112642,6,07:07:50,07:08:05,0
uRBqBvtxqfFULY3Kyi78n-07:00:00,SYN_112643,7,07:08:12,07:08:27,0
uRBqBvtxqfFULY3Kyi78n-07:00:00,SYN_112644,8,07:08:35,07:08:50,0
uRBqBvtxqfFULY3Kyi78n-07:00:00,SYN_112645,9,07:08:57,07:09:12,0
uRBqBvtxqfFULY3Kyi78n-07:00:00,SYN_112646,10,07:09:19,07:09:34,0
uRBqBvtxqfFULY3Kyi78n-07:00:00,SYN_112647,11,07:09:42,07:09:57,0
uRBqBvtxqfFULY3Kyi78n-07:00:00,SYN_112648,12,07:10:04,07:10:19,0
uRBqBvtxqfFULY3Kyi78n-07:00:00,SYN_112649,13,07:10:27,07:10:42,0
uRBqBvtxqfFULY3Kyi78n-07:00:00,SYN_112650,14,07:10:49,07:11:04,0
S0va0RZjlnA1UM5ngCuy9-07:00:00,SYN_112663,0,07:00:04,07:00:19,0
S0va0RZjlnA1UM5ngCuy9-07:00:00,SYN_112664,1,07:00:25,07:00:40,0
S0va0RZjlnA1UM5ngCuy9-07:00:00,SYN_112665,2,07:00:47,07:01:02,0
S0va0RZjlnA1UM5ngCuy9-07:00:00,SYN_112666,3,07:01:09,07:01:24,0
S0va0RZjlnA1UM5ngCuy9-07:00:00,SYN_112667,4,07:01:31,07:01:46,0
S0va0RZjlnA1UM5ngCuy9-07:00:00,SYN_112668,5,07:01:53,07:02:08,0
S0va0RZjlnA1UM5ngCuy9-07:00:00,SYN_112669,6,07:02:14,07:02:29,0
S0va0RZjlnA1UM5ngCuy9-07:00:00,SYN_112670,7,07:03:05,07:03:20,0
S0va0RZjlnA1UM5ngCuy9-07:00:00,SYN_112671,8,07:04:00,07:04:15,0
S0va0RZjlnA1UM5ngCuy9-07:00:00,SYN_112672,9,07:04:56,07:05:11,0
S0va0RZjlnA1UM5ngCuy9-07:00:00,SYN_112673,10,07:05:51,07:06:06,0
S0va0RZjlnA1UM5ngCuy9-07:00:00,SYN_112674,11,07:06:29,07:06:44,0
S0va0RZjlnA1UM5ngCuy9-07:00:00,SYN_112675,12,07:06:48,07:07:03,0
S0va0RZjlnA1UM5ngCuy9-07:00:00,SYN_112676,13,07:07:07,07:07:22,0
S0va0RZjlnA1UM5ngCuy9-07:00:00,SYN_112677,14,07:07:26,07:07:41,0
S0va0RZjlnA1UM5ngCuy9-07:00:00,SYN_112678,15,07:07:45,07:08:00,0
S0va0RZjlnA1UM5ngCuy9-07:00:00,SYN_112679,16,07:08:04,07:08:19,0
3RevHK5a3aJRhrnXG0U-Y-07:00:00,SYN_112682,0,07:00:14,07:00:29,0
3RevHK5a3aJRhrnXG0U-Y-07:00:00,SYN_112683,1,07:00:37,07:00:52,0
3RevHK5a3aJRhrnXG0U-Y-07:00:00,SYN_112684,2,07:00:59,07:01:14,0
3RevHK5a3aJRhrnXG0U-Y-07:00:00,SYN_112685,3,07:01:22,07:01:37,0
3RevHK5a3aJRhrnXG0U-Y-07:00:00,SYN_112686,4,07:01:45,07:02:00,0
3RevHK5a3aJRhrnXG0U-Y-07:00:00,SYN_112687,5,07:02:07,07:02:22,0
3RevHK5a3aJRhrnXG0U-Y-07:00:00,SYN_112688,6,07:02:30,07:02:45,0
3RevHK5a3aJRhrnXG0U-Y-07:00:00,SYN_112689,7,07:02:53,07:03:08,0
3RevHK5a3aJRhrnXG0U-Y-07:00:00,SYN_112690,8,07:03:15,07:03:30,0
3RevHK5a3aJRhrnXG0U-Y-07:00:00,SYN_112691,9,07:03:38,07:03:53,0
3RevHK5a3aJRhrnXG0U-Y-07:00:00,SYN_112692,10,07:04:27,07:04:42,0
3RevHK5a3aJRhrnXG0U-Y-07:00:00,SYN_112693,11,07:05:22,07:05:37,0
3RevHK5a3aJRhrnXG0U-Y-07:00:00,SYN_112694,12,07:06:17,07:06:32,0
3RevHK5a3aJRhrnXG0U-Y-07:00:00,SYN_112695,13,07:07:12,07:07:27,0
3RevHK5a3aJRhrnXG0U-Y-07:00:00,SYN_112696,14,07:07:52,07:08:07,0
3RevHK5a3aJRhrnXG0U-Y-07:00:00,SYN_112697,15,07:08:11,07:08:26,0
3RevHK5a3aJRhrnXG0U-Y-07:00:00,SYN_112698,16,07:08:30,07:08:45,0
3RevHK5a3aJRhrnXG0U-Y-07:00:00,SYN_112699,17,07:08:49,07:09:04,0
3RevHK5a3aJRhrnXG0U-Y-07:00:00,SYN_112700,18,07:09:08,07:09:23,0
3RevHK5a3aJRhrnXG0U-Y-07:00:00,SYN_112701,19,07:09:28,07:09:43,0
Q_48FGPRTjaYgRz2H28V3-07:00:00,SYN_112710,0,07:00:19,07:00:34,0
Q_48FGPRTjaYgRz2H28V3-07:00:00,SYN_112711,1,07:00:41,07:00:56,0
Q_48FGPRTjaYgRz2H28V3-07:00:00,SYN_112712,2,07:01:03,07:01:18,0
Q_48FGPRTjaYgRz2H28V3-07:00:00,SYN_112713,3,07:01:24,07:01:39,0
Q_48FGPRTjaYgRz2H28V3-07:00:00,SYN_112714,4,07:01:46,07:02:01,0
Q_48FGPRTjaYgRz2H28V3-07:00:00,SYN_112715,5,07:02:08,07:02:23,0
Q_48FGPRTjaYgRz2H28V3-07:00:00,SYN_112716,6,07:02:29,07:02:44,0
w6teBIa3rLtCothzEDZKi-07:00:00,SYN_112731,0,07:00:24,07:00:39,0
w6teBIa3rLtCothzEDZKi-07:00:00,SYN_112732,1,07:00:50,07:01:05,0
w6teBIa3rLtCothzEDZKi-07:00:00,SYN_112733,2,07:01:15,07:01:30,0
w6teBIa3rLtCothzEDZKi-07:00:00,SYN_112734,3,07:01:41,07:01:56,0
w6teBIa3rLtCothzEDZKi-07:00:00,SYN_112735,4,07:02:06,07:02:21,0
w6teBIa3rLtCothzEDZKi-07:00:00,SYN_112736,5,07:02:32,07:02:47,0
w6teBIa3rLtCothzEDZKi-07:00:00,SYN_112737,6,07:02:57,07:03:12,0
iGgUl6NwJYqGWhVkUHdiu-07:00:00,SYN_112738,0,07:00:14,07:00:29,0
iGgUl6NwJYqGWhVkUHdiu-07:00:00,SYN_112739,1,07:00:49,07:01:04,0
iGgUl6NwJYqGWhVkUHdiu-07:00:00,SYN_112740,2,07:01:25,07:01:40,0
iGgUl6NwJYqGWhVkUHdiu-07:00:00,SYN_112741,3,07:01:51,07:02:06,0
iGgUl6NwJYqGWhVkUHdiu-07:00:00,SYN_112742,4,07:02:14,07:02:29,0
iGgUl6NwJYqGWhVkUHdiu-07:00:00,SYN_112743,5,07:02:36,07:02:51,0
iGgUl6NwJYqGWhVkUHdiu-07:00:00,SYN_112744,6,07:02:58,07:03:13,0
iGgUl6NwJYqGWhVkUHdiu-07:00:00,SYN_112745,7,07:03:17,07:03:32,0
iGgUl6NwJYqGWhVkUHdiu-07:00:00,SYN_112746,8,07:03:34,07:03:49,0
iGgUl6NwJYqGWhVkUHdiu-07:00:00,SYN_112747,9,07:03:51,07:04:06,0
iGgUl6NwJYqGWhVkUHdiu-07:00:00,SYN_112748,10,07:04:07,07:04:22,0
iGgUl6NwJYqGWhVkUHdiu-07:00:00,SYN_112749,11,07:05:07,07:05:22,0
iGgUl6NwJYqGWhVkUHdiu-07:00:00,SYN_112750,12,07:05:28,07:05:43,0
iGgUl6NwJYqGWhVkUHdiu-07:00:00,SYN_112751,13,07:05:50,07:06:05,0
iGgUl6NwJYqGWhVkUHdiu-07:00:00,SYN_112752,14,07:06:12,07:06:27,0
iGgUl6NwJYqGWhVkUHdiu-07:00:00,SYN_112753,15,07:06:39,07:06:54,0
iGgUl6NwJYqGWhVkUHdiu-07:00:00,SYN_112754,16,07:07:06,07:07:21,0
iGgUl6NwJYqGWhVkUHdiu-07:00:00,SYN_112755,17,07:07:31,07:07:46,0
iGgUl6NwJYqGWhVkUHdiu-07:00:00,SYN_112756,18,07:07:53,07:08:08,0
iGgUl6NwJYqGWhVkUHdiu-07:00:00,SYN_112757,19,07:08:16,07:08:31,0
iGgUl6NwJYqGWhVkUHdiu-07:00:00,SYN_112758,20,07:08:39,07:08:54,0
iGgUl6NwJYqGWhVkUHdiu-07:00:00,SYN_112759,21,07:09:01,07:09:16,0
iGgUl6NwJYqGWhVkUHdiu-07:00:00,SYN_112760,22,07:09:24,07:09:39,0
iGgUl6NwJYqGWhVkUHdiu-07:00:00,SYN_112761,23,07:09:47,07:10:02,0
iGgUl6NwJYqGWhVkUHdiu-07:00:00,SYN_112762,24,07:10:09,07:10:24,0
iGgUl6NwJYqGWhVkUHdiu-07:00:00,SYN_112763,25,07:10:30,07:10:45,0
iGgUl6NwJYqGWhVkUHdiu-07:00:00,SYN_112764,26,07:10:50,07:11:05,0
iGgUl6NwJYqGWhVkUHdiu-07:00:00,SYN_112765,27,07:11:15,07:11:30,0
iGgUl6NwJYqGWhVkUHdiu-07:00:00,SYN_112766,28,07:11:47,07:12:02,0
iGgUl6NwJYqGWhVkUHdiu-07:00:00,SYN_112767,29,07:12:19,07:12:34,0
iGgUl6NwJYqGWhVkUHdiu-07:00:00,SYN_112768,30,07:12:49,07:13:04,0
iGgUl6NwJYqGWhVkUHdiu-07:00:00,SYN_112769,31,07:13:15,07:13:30,0
iGgUl6NwJYqGWhVkUHdiu-07:00:00,SYN_112770,32,07:13:41,07:13:56,0
iGgUl6NwJYqGWhVkUHdiu-07:00:00,SYN_112771,33,07:14:07,07:14:22,0
iGgUl6NwJYqGWhVkUHdiu-07:00:00,SYN_112772,34,07:14:34,07:14:49,0
iGgUl6NwJYqGWhVkUHdiu-07:00:00,SYN_112773,35,07:15:00,07:15:15,0
iGgUl6NwJYqGWhVkUHdiu-07:00:00,SYN_112774,36,07:15:41,07:15:56,0
iGgUl6NwJYqGWhVkUHdiu-07:00:00,SYN_112775,37,07:16:09,07:16:24,0
iGgUl6NwJYqGWhVkUHdiu-07:00:00,SYN_112776,38,07:16:37,07:16:52,0
iGgUl6NwJYqGWhVkUHdiu-07:00:00,SYN_112777,39,07:17:06,07:17:21,0
iGgUl6NwJYqGWhVkUHdiu-07:00:00,SYN_112778,40,07:17:37,07:17:52,0
iGgUl6NwJYqGWhVkUHdiu-07:00:00,SYN_112779,41,07:18:08,07:18:23,0
iGgUl6NwJYqGWhVkUHdiu-07:00:00,SYN_112780,42,07:18:35,07:18:50,0
iGgUl6NwJYqGWhVkUHdiu-07:00:00,SYN_112781,43,07:19:01,07:19:16,0
iGgUl6NwJYqGWhVkUHdiu-07:00:00,SYN_112782,44,07:19:28,07:19:43,0
iGgUl6NwJYqGWhVkUHdiu-07:00:00,SYN_112783,45,07:19:51,07:20:06,0
iGgUl6NwJYqGWhVkUHdiu-07:00:00,SYN_112784,46,07:20:13,07:20:28,0
iGgUl6NwJYqGWhVkUHdiu-07:00:00,SYN_112785,47,07:20:36,07:20:51,0
iGgUl6NwJYqGWhVkUHdiu-07:00:00,SYN_112786,48,07:21:02,07:21:17,0
iGgUl6NwJYqGWhVkUHdiu-07:00:00,SYN_112787,49,07:21:28,07:21:43,0
iGgUl6NwJYqGWhVkUHdiu-07:00:00,SYN_112788,50,07:21:57,07:22:12,0
iGgUl6NwJYqGWhVkUHdiu-07:00:00,SYN_112789,51,07:22:31,07:22:46,0
iGgUl6NwJYqGWhVkUHdiu-07:00:00,SYN_112790,52,07:23:00,07:23:15,0
iGgUl6NwJYqGWhVkUHdiu-07:00:00,SYN_112791,53,07:23:30,07:23:45,0
iGgUl6NwJYqGWhVkUHdiu-07:00:00,SYN_112792,54,07:23:59,07:24:14,0
iGgUl6NwJYqGWhVkUHdiu-07:00:00,SYN_112793,55,07:24:27,07:24:42,0
iGgUl6NwJYqGWhVkUHdiu-07:00:00,SYN_112794,56,07:24:51,07:25:06,0
iGgUl6NwJYqGWhVkUHdiu-07:00:00,SYN_112795,57,07:25:15,07:25:30,0
iGgUl6NwJYqGWhVkUHdiu-07:00:00,SYN_112796,58,07:25:40,07:25:55,0
iGgUl6NwJYqGWhVkUHdiu-07:00:00,SYN_112797,59,07:26:06,07:26:21,0
iGgUl6NwJYqGWhVkUHdiu-07:00:00,SYN_112798,60,07:26:32,07:26:47,0
iGgUl6NwJYqGWhVkUHdiu-07:00:00,SYN_112799,61,07:27:02,07:27:17,0
iGgUl6NwJYqGWhVkUHdiu-07:00:00,SYN_112800,62,07:27:31,07:27:46,0
iGgUl6NwJYqGWhVkUHdiu-07:00:00,SYN_112801,63,07:27:59,07:28:14,0
iGgUl6NwJYqGWhVkUHdiu-07:00:00,SYN_112802,64,07:28:22,07:28:37,0
iGgUl6NwJYqGWhVkUHdiu-07:00:00,SYN_112803,65,07:28:43,07:28:58,0
iGgUl6NwJYqGWhVkUHdiu-07:00:00,SYN_112804,66,07:29:03,07:29:18,0
iGgUl6NwJYqGWhVkUHdiu-07:00:00,SYN_112805,67,07:29:24,07:29:39,0
iGgUl6NwJYqGWhVkUHdiu-07:00:00,SYN_112806,68,07:29:44,07:29:59,0
iGgUl6NwJYqGWhVkUHdiu-07:00:00,SYN_112807,69,07:30:04,07:30:19,0
iGgUl6NwJYqGWhVkUHdiu-07:00:00,SYN_112808,70,07:30:25,07:30:40,0
iGgUl6NwJYqGWhVkUHdiu-07:00:00,SYN_112809,71,07:30:45,07:31:00,0
iGgUl6NwJYqGWhVkUHdiu-07:00:00,SYN_112810,72,07:31:13,07:31:28,0
iGgUl6NwJYqGWhVkUHdiu-07:00:00,SYN_112811,73,07:31:40,07:31:55,0
iGgUl6NwJYqGWhVkUHdiu-07:00:00,SYN_112812,74,07:32:08,07:32:23,0
iGgUl6NwJYqGWhVkUHdiu-07:00:00,SYN_112813,75,07:32:35,07:32:50,0
iGgUl6NwJYqGWhVkUHdiu-07:00:00,SYN_112814,76,07:33:00,07:33:15,0
iGgUl6NwJYqGWhVkUHdiu-07:00:00,SYN_112815,77,07:33:26,07:33:41,0
iGgUl6NwJYqGWhVkUHdiu-07:00:00,SYN_112816,78,07:33:51,07:34:06,0
iGgUl6NwJYqGWhVkUHdiu-07:00:00,SYN_112817,79,07:34:17,07:34:32,0
iGgUl6NwJYqGWhVkUHdiu-07:00:00,SYN_112818,80,07:34:43,07:34:58,0
iGgUl6NwJYqGWhVkUHdiu-07:00:00,SYN_112819,81,07:35:11,07:35:26,0
iGgUl6NwJYqGWhVkUHdiu-07:00:00,SYN_112820,82,07:35:40,07:35:55,0
iGgUl6NwJYqGWhVkUHdiu-07:00:00,SYN_112821,83,07:36:06,07:36:21,0
iGgUl6NwJYqGWhVkUHdiu-07:00:00,SYN_112822,84,07:36:28,07:36:43,0
iGgUl6NwJYqGWhVkUHdiu-07:00:00,SYN_112823,85,07:36:50,07:37:05,0
iGgUl6NwJYqGWhVkUHdiu-07:00:00,SYN_112824,86,07:37:12,07:37:27,0
iGgUl6NwJYqGWhVkUHdiu-07:00:00,SYN_112825,87,07:37:33,07:37:48,0
iGgUl6NwJYqGWhVkUHdiu-07:00:00,SYN_112826,88,07:37:55,07:38:10,0
iGgUl6NwJYqGWhVkUHdiu-07:00:00,SYN_112827,89,07:38:30,07:38:45,0
iGgUl6NwJYqGWhVkUHdiu-07:00:00,SYN_112828,90,07:39:01,07:39:16,0
iGgUl6NwJYqGWhVkUHdiu-07:00:00,SYN_112829,91,07:39:21,07:39:36,0
iGgUl6NwJYqGWhVkUHdiu-07:00:00,SYN_112830,92,07:39:42,07:39:57,0
iGgUl6NwJYqGWhVkUHdiu-07:00:00,SYN_112831,93,07:40:02,07:40:17,0
iGgUl6NwJYqGWhVkUHdiu-07:00:00,SYN_112832,94,07:40:26,07:40:41,0
iGgUl6NwJYqGWhVkUHdiu-07:00:00,SYN_112833,95,07:40:51,07:41:06,0
iGgUl6NwJYqGWhVkUHdiu-07:00:00,SYN_112834,96,07:41:17,07:41:32,0
iGgUl6NwJYqGWhVkUHdiu-07:00:00,SYN_112835,97,07:41:42,07:41:57,0
iGgUl6NwJYqGWhVkUHdiu-07:00:00,SYN_112836,98,07:42:07,07:42:22,0
iGgUl6NwJYqGWhVkUHdiu-07:00:00,SYN_112837,99,07:42:31,07:42:46,0
iGgUl6NwJYqGWhVkUHdiu-07:00:00,SYN_112838,100,07:42:55,07:43:10,0
iGgUl6NwJYqGWhVkUHdiu-07:00:00,SYN_112839,101,07:43:19,07:43:34,0
iGgUl6NwJYqGWhVkUHdiu-07:00:00,SYN_112840,102,07:43:48,07:44:03,0
iGgUl6NwJYqGWhVkUHdiu-07:00:00,SYN_112841,103,07:44:24,07:44:39,0
iGgUl6NwJYqGWhVkUHdiu-07:00:00,SYN_112842,104,07:44:47,07:45:02,0
iGgUl6NwJYqGWhVkUHdiu-07:00:00,SYN_112843,105,07:45:10,07:45:25,0
iGgUl6NwJYqGWhVkUHdiu-07:00:00,SYN_112844,106,07:45:33,07:45:48,0
iGgUl6NwJYqGWhVkUHdiu-07:00:00,SYN_112845,107,07:45:55,07:46:10,0
iGgUl6NwJYqGWhVkUHdiu-07:00:00,SYN_112846,108,07:46:17,07:46:32,0
iGgUl6NwJYqGWhVkUHdiu-07:00:00,SYN_112847,109,07:46:39,07:46:54,0
iGgUl6NwJYqGWhVkUHdiu-07:00:00,SYN_112848,110,07:47:01,07:47:16,0
iGgUl6NwJYqGWhVkUHdiu-07:00:00,SYN_112849,111,07:47:23,07:47:38,0
iGgUl6NwJYqGWhVkUHdiu-07:00:00,SYN_112850,112,07:47:45,07:48:00,0
iGgUl6NwJYqGWhVkUHdiu-07:00:00,SYN_112851,113,07:48:04,07:48:19,0
iGgUl6NwJYqGWhVkUHdiu-07:00:00,SYN_112852,114,07:48:23,07:48:38,0
iGgUl6NwJYqGWhVkUHdiu-07:00:00,SYN_112853,115,07:48:41,07:48:56,0
iGgUl6NwJYqGWhVkUHdiu-07:00:00,SYN_112854,116,07:48:59,07:49:14,0
iGgUl6NwJYqGWhVkUHdiu-07:00:00,SYN_112855,117,07:49:18,07:49:33,0
pCUExpIx94RHG6BGAhT6a-07:00:00,SYN_112859,0,07:00:24,07:00:39,0
pCUExpIx94RHG6BGAhT6a-07:00:00,SYN_112860,1,07:00:49,07:01:04,0
pCUExpIx94RHG6BGAhT6a-07:00:00,SYN_112861,2,07:01:13,07:01:28,0
pCUExpIx94RHG6BGAhT6a-07:00:00,SYN_112862,3,07:01:36,07:01:51,0
pCUExpIx94RHG6BGAhT6a-07:00:00,SYN_112863,4,07:01:59,07:02:14,0
pCUExpIx94RHG6BGAhT6a-07:00:00,SYN_112864,5,07:02:26,07:02:41,0
pCUExpIx94RHG6BGAhT6a-07:00:00,SYN_112865,6,07:03:09,07:03:24,0
pCUExpIx94RHG6BGAhT6a-07:00:00,SYN_112866,7,07:03:35,07:03:50,0
pCUExpIx94RHG6BGAhT6a-07:00:00,SYN_112867,8,07:04:00,07:04:15,0
pCUExpIx94RHG6BGAhT6a-07:00:00,SYN_112868,9,07:04:31,07:04:46,0
pCUExpIx94RHG6BGAhT6a-07:00:00,SYN_112869,10,07:05:21,07:05:36,0
pCUExpIx94RHG6BGAhT6a-07:00:00,SYN_112870,11,07:05:50,07:06:05,0
pCUExpIx94RHG6BGAhT6a-07:00:00,SYN_112871,12,07:06:36,07:06:51,0
pCUExpIx94RHG6BGAhT6a-07:00:00,SYN_112872,13,07:07:02,07:07:17,0
pCUExpIx94RHG6BGAhT6a-07:00:00,SYN_112873,14,07:07:29,07:07:44,0
pCUExpIx94RHG6BGAhT6a-07:00:00,SYN_112874,15,07:07:58,07:08:13,0
pCUExpIx94RHG6BGAhT6a-07:00:00,SYN_112875,16,07:08:34,07:08:49,0
pCUExpIx94RHG6BGAhT6a-07:00:00,SYN_112876,17,07:09:11,07:09:26,0
pCUExpIx94RHG6BGAhT6a-07:00:00,SYN_112877,18,07:09:46,07:10:01,0
pCUExpIx94RHG6BGAhT6a-07:00:00,SYN_112878,19,07:12:12,07:12:27,0
pCUExpIx94RHG6BGAhT6a-07:00:00,SYN_112879,20,07:11:48,07:12:03,0
pCUExpIx94RHG6BGAhT6a-07:00:00,SYN_112880,21,07:12:39,07:12:54,0
pCUExpIx94RHG6BGAhT6a-07:00:00,SYN_112881,22,07:12:46,07:13:01,0
pCUExpIx94RHG6BGAhT6a-07:00:00,SYN_112882,23,07:12:54,07:13:09,0
pCUExpIx94RHG6BGAhT6a-07:00:00,SYN_112883,24,07:13:01,07:13:16,0
pCUExpIx94RHG6BGAhT6a-07:00:00,SYN_112884,25,07:13:08,07:13:23,0
pCUExpIx94RHG6BGAhT6a-07:00:00,SYN_112885,26,07:13:16,07:13:31,0
pCUExpIx94RHG6BGAhT6a-07:00:00,SYN_112886,27,07:13:23,07:13:38,0
pCUExpIx94RHG6BGAhT6a-07:00:00,SYN_112887,28,07:13:31,07:13:46,0
pCUExpIx94RHG6BGAhT6a-07:00:00,SYN_112888,29,07:13:38,07:13:53,0
pCUExpIx94RHG6BGAhT6a-07:00:00,SYN_112889,30,07:14:12,07:14:27,0
pCUExpIx94RHG6BGAhT6a-07:00:00,SYN_112890,31,07:14:42,07:14:57,0
pCUExpIx94RHG6BGAhT6a-07:00:00,SYN_112891,32,07:15:11,07:15:26,0
pCUExpIx94RHG6BGAhT6a-07:00:00,SYN_112892,33,07:15:41,07:15:56,0
pCUExpIx94RHG6BGAhT6a-07:00:00,SYN_112893,34,07:16:10,07:16:25,0
pCUExpIx94RHG6BGAhT6a-07:00:00,SYN_112894,35,07:16:34,07:16:49,0
pCUExpIx94RHG6BGAhT6a-07:00:00,SYN_112895,36,07:16:59,07:17:14,0
pCUExpIx94RHG6BGAhT6a-07:00:00,SYN_112896,37,07:17:23,07:17:38,0
pCUExpIx94RHG6BGAhT6a-07:00:00,SYN_112897,38,07:17:48,07:18:03,0
pCUExpIx94RHG6BGAhT6a-07:00:00,SYN_112898,39,07:18:14,07:18:29,0
pCUExpIx94RHG6BGAhT6a-07:00:00,SYN_112899,40,07:18:43,07:18:58,0
pCUExpIx94RHG6BGAhT6a-07:00:00,SYN_112900,41,07:19:12,07:19:27,0
pCUExpIx94RHG6BGAhT6a-07:00:00,SYN_112901,42,07:19:41,07:19:56,0
pCUExpIx94RHG6BGAhT6a-07:00:00,SYN_112902,43,07:20:07,07:20:22,0
pCUExpIx94RHG6BGAhT6a-07:00:00,SYN_112903,44,07:20:27,07:20:42,0
pCUExpIx94RHG6BGAhT6a-07:00:00,SYN_112904,45,07:20:48,07:21:03,0
pCUExpIx94RHG6BGAhT6a-07:00:00,SYN_112905,46,07:21:08,07:21:23,0
pCUExpIx94RHG6BGAhT6a-07:00:00,SYN_112906,47,07:21:29,07:21:44,0
pCUExpIx94RHG6BGAhT6a-07:00:00,SYN_112907,48,07:21:49,07:22:04,0
pCUExpIx94RHG6BGAhT6a-07:00:00,SYN_112908,49,07:22:09,07:22:24,0
pCUExpIx94RHG6BGAhT6a-07:00:00,SYN_112909,50,07:22:30,07:22:45,0
pCUExpIx94RHG6BGAhT6a-07:00:00,SYN_112910,51,07:22:55,07:23:10,0
pCUExpIx94RHG6BGAhT6a-07:00:00,SYN_112911,52,07:23:23,07:23:38,0
pCUExpIx94RHG6BGAhT6a-07:00:00,SYN_112912,53,07:23:50,07:24:05,0
pCUExpIx94RHG6BGAhT6a-07:00:00,SYN_112913,54,07:24:18,07:24:33,0
pCUExpIx94RHG6BGAhT6a-07:00:00,SYN_112914,55,07:24:43,07:24:58,0
pCUExpIx94RHG6BGAhT6a-07:00:00,SYN_112915,56,07:25:08,07:25:23,0
pCUExpIx94RHG6BGAhT6a-07:00:00,SYN_112916,57,07:25:34,07:25:49,0
pCUExpIx94RHG6BGAhT6a-07:00:00,SYN_112917,58,07:25:59,07:26:14,0
pCUExpIx94RHG6BGAhT6a-07:00:00,SYN_112918,59,07:26:25,07:26:40,0
pCUExpIx94RHG6BGAhT6a-07:00:00,SYN_112919,60,07:26:52,07:27:07,0
pCUExpIx94RHG6BGAhT6a-07:00:00,SYN_112920,61,07:27:20,07:27:35,0
pCUExpIx94RHG6BGAhT6a-07:00:00,SYN_112921,62,07:27:49,07:28:04,0
pCUExpIx94RHG6BGAhT6a-07:00:00,SYN_112922,63,07:28:11,07:28:26,0
pCUExpIx94RHG6BGAhT6a-07:00:00,SYN_112923,64,07:28:33,07:28:48,0
pCUExpIx94RHG6BGAhT6a-07:00:00,SYN_112924,65,07:28:55,07:29:10,0
pCUExpIx94RHG6BGAhT6a-07:00:00,SYN_112925,66,07:29:17,07:29:32,0
pCUExpIx94RHG6BGAhT6a-07:00:00,SYN_112926,67,07:29:39,07:29:54,0
pCUExpIx94RHG6BGAhT6a-07:00:00,SYN_112927,68,07:30:09,07:30:24,0
pCUExpIx94RHG6BGAhT6a-07:00:00,SYN_112928,69,07:30:44,07:30:59,0
pCUExpIx94RHG6BGAhT6a-07:00:00,SYN_112929,70,07:31:05,07:31:20,0
pCUExpIx94RHG6BGAhT6a-07:00:00,SYN_112930,71,07:31:25,07:31:40,0
pCUExpIx94RHG6BGAhT6a-07:00:00,SYN_112931,72,07:31:46,07:32:01,0
pCUExpIx94RHG6BGAhT6a-07:00:00,SYN_112932,73,07:32:08,07:32:23,0
pCUExpIx94RHG6BGAhT6a-07:00:00,SYN_112933,74,07:32:33,07:32:48,0
pCUExpIx94RHG6BGAhT6a-07:00:00,SYN_112934,75,07:32:59,07:33:14,0
pCUExpIx94RHG6BGAhT6a-07:00:00,SYN_112935,76,07:33:24,07:33:39,0
pCUExpIx94RHG6BGAhT6a-07:00:00,SYN_112936,77,07:33:49,07:34:04,0
pCUExpIx94RHG6BGAhT6a-07:00:00,SYN_112937,78,07:34:14,07:34:29,0
pCUExpIx94RHG6BGAhT6a-07:00:00,SYN_112938,79,07:34:37,07:34:52,0
pCUExpIx94RHG6BGAhT6a-07:00:00,SYN_112939,80,07:35:01,07:35:16,0
pCUExpIx94RHG6BGAhT6a-07:00:00,SYN_112940,81,07:35:26,07:35:41,0
pCUExpIx94RHG6BGAhT6a-07:00:00,SYN_112941,82,07:36:02,07:36:17,0
pCUExpIx94RHG6BGAhT6a-07:00:00,SYN_112942,83,07:36:30,07:36:45,0
pCUExpIx94RHG6BGAhT6a-07:00:00,SYN_112943,84,07:36:53,07:37:08,0
pCUExpIx94RHG6BGAhT6a-07:00:00,SYN_112944,85,07:37:16,07:37:31,0
pCUExpIx94RHG6BGAhT6a-07:00:00,SYN_112945,86,07:37:38,07:37:53,0
pCUExpIx94RHG6BGAhT6a-07:00:00,SYN_112946,87,07:38:00,07:38:15,0
pCUExpIx94RHG6BGAhT6a-07:00:00,SYN_112947,88,07:38:22,07:38:37,0
pCUExpIx94RHG6BGAhT6a-07:00:00,SYN_112948,89,07:38:44,07:38:59,0
pCUExpIx94RHG6BGAhT6a-07:00:00,SYN_112949,90,07:39:06,07:39:21,0
pCUExpIx94RHG6BGAhT6a-07:00:00,SYN_112950,91,07:39:28,07:39:43,0
pCUExpIx94RHG6BGAhT6a-07:00:00,SYN_112951,92,07:39:49,07:40:04,0
pCUExpIx94RHG6BGAhT6a-07:00:00,SYN_112952,93,07:40:07,07:40:22,0
pCUExpIx94RHG6BGAhT6a-07:00:00,SYN_112953,94,07:40:25,07:40:40,0
pCUExpIx94RHG6BGAhT6a-07:00:00,SYN_112954,95,07:40:44,07:40:59,0
pCUExpIx94RHG6BGAhT6a-07:00:00,SYN_112955,96,07:41:02,07:41:17,0
pCUExpIx94RHG6BGAhT6a-07:00:00,SYN_112956,97,07:41:28,07:41:43,0
pCUExpIx94RHG6BGAhT6a-07:00:00,SYN_112957,98,07:41:58,07:42:13,0
pCUExpIx94RHG6BGAhT6a-07:00:00,SYN_112958,99,07:42:28,07:42:43,0
Z-51SkRkO5YyfPeYNTS-n-07:00:00,SYN_112960,0,07:00:17,07:00:32,0
Z-51SkRkO5YyfPeYNTS-n-07:00:00,SYN_112961,1,07:00:40,07:00:55,0
Z-51SkRkO5YyfPeYNTS-n-07:00:00,SYN_112962,2,07:01:02,07:01:17,0
Z-51SkRkO5YyfPeYNTS-n-07:00:00,SYN_112963,3,07:01:24,07:01:39,0
Z-51SkRkO5YyfPeYNTS-n-07:00:00,SYN_112964,4,07:01:42,07:01:57,0
Z-51SkRkO5YyfPeYNTS-n-07:00:00,SYN_112965,5,07:01:58,07:02:13,0
Z-51SkRkO5YyfPeYNTS-n-07:00:00,SYN_112966,6,07:02:15,07:02:30,0
Z-51SkRkO5YyfPeYNTS-n-07:00:00,SYN_112967,7,07:02:31,07:02:46,0
Z-51SkRkO5YyfPeYNTS-n-07:00:00,SYN_112968,8,07:03:31,07:03:46,0
Z-51SkRkO5YyfPeYNTS-n-07:00:00,SYN_112969,9,07:03:53,07:04:08,0
Z-51SkRkO5YyfPeYNTS-n-07:00:00,SYN_112970,10,07:04:14,07:04:29,0
Z-51SkRkO5YyfPeYNTS-n-07:00:00,SYN_112971,11,07:04:37,07:04:52,0
Z-51SkRkO5YyfPeYNTS-n-07:00:00,SYN_112972,12,07:05:04,07:05:19,0
Z-51SkRkO5YyfPeYNTS-n-07:00:00,SYN_112973,13,07:05:31,07:05:46,0
Z-51SkRkO5YyfPeYNTS-n-07:00:00,SYN_112974,14,07:05:55,07:06:10,0
Z-51SkRkO5YyfPeYNTS-n-07:00:00,SYN_112975,15,07:06:18,07:06:33,0
Z-51SkRkO5YyfPeYNTS-n-07:00:00,SYN_112976,16,07:06:40,07:06:55,0
Z-51SkRkO5YyfPeYNTS-n-07:00:00,SYN_112977,17,07:07:03,07:07:18,0
Z-51SkRkO5YyfPeYNTS-n-07:00:00,SYN_112978,18,07:07:26,07:07:41,0
Z-51SkRkO5YyfPeYNTS-n-07:00:00,SYN_112979,19,07:07:48,07:08:03,0
Z-51SkRkO5YyfPeYNTS-n-07:00:00,SYN_112980,20,07:08:11,07:08:26,0
Z-51SkRkO5YyfPeYNTS-n-07:00:00,SYN_112981,21,07:08:33,07:08:48,0
Z-51SkRkO5YyfPeYNTS-n-07:00:00,SYN_112982,22,07:08:54,07:09:09,0
Z-51SkRkO5YyfPeYNTS-n-07:00:00,SYN_112983,23,07:09:15,07:09:30,0
Z-51SkRkO5YyfPeYNTS-n-07:00:00,SYN_112984,24,07:09:40,07:09:55,0
Z-51SkRkO5YyfPeYNTS-n-07:00:00,SYN_112985,25,07:10:12,07:10:27,0
Z-51SkRkO5YyfPeYNTS-n-07:00:00,SYN_112986,26,07:10:45,07:11:00,0
Z-51SkRkO5YyfPeYNTS-n-07:00:00,SYN_112987,27,07:11:14,07:11:29,0
Z-51SkRkO5YyfPeYNTS-n-07:00:00,SYN_112988,28,07:11:40,07:11:55,0
Z-51SkRkO5YyfPeYNTS-n-07:00:00,SYN_112989,29,07:12:06,07:12:21,0
Z-51SkRkO5YyfPeYNTS-n-07:00:00,SYN_112990,30,07:12:32,07:12:47,0
Z-51SkRkO5YyfPeYNTS-n-07:00:00,SYN_112991,31,07:12:58,07:13:13,0
Z-51SkRkO5YyfPeYNTS-n-07:00:00,SYN_112992,32,07:13:25,07:13:40,0
Z-51SkRkO5YyfPeYNTS-n-07:00:00,SYN_112993,33,07:14:06,07:14:21,0
Z-51SkRkO5YyfPeYNTS-n-07:00:00,SYN_112994,34,07:14:34,07:14:49,0
Z-51SkRkO5YyfPeYNTS-n-07:00:00,SYN_112995,35,07:15:02,07:15:17,0
Z-51SkRkO5YyfPeYNTS-n-07:00:00,SYN_112996,36,07:15:32,07:15:47,0
Z-51SkRkO5YyfPeYNTS-n-07:00:00,SYN_112997,37,07:16:02,07:16:17,0
Z-51SkRkO5YyfPeYNTS-n-07:00:00,SYN_112998,38,07:16:33,07:16:48,0
Z-51SkRkO5YyfPeYNTS-n-07:00:00,SYN_112999,39,07:16:59,07:17:14,0
Z-51SkRkO5YyfPeYNTS-n-07:00:00,SYN_113000,40,07:17:26,07:17:41,0
Z-51SkRkO5YyfPeYNTS-n-07:00:00,SYN_113001,41,07:17:53,07:18:08,0
Z-51SkRkO5YyfPeYNTS-n-07:00:00,SYN_113002,42,07:18:16,07:18:31,0
Z-51SkRkO5YyfPeYNTS-n-07:00:00,SYN_113003,43,07:18:38,07:18:53,0
Z-51SkRkO5YyfPeYNTS-n-07:00:00,SYN_113004,44,07:19:01,07:19:16,0
Z-51SkRkO5YyfPeYNTS-n-07:00:00,SYN_113005,45,07:19:27,07:19:42,0
Z-51SkRkO5YyfPeYNTS-n-07:00:00,SYN_113006,46,07:19:53,07:20:08,0
Z-51SkRkO5YyfPeYNTS-n-07:00:00,SYN_113007,47,07:20:23,07:20:38,0
Z-51SkRkO5YyfPeYNTS-n-07:00:00,SYN_113008,48,07:20:56,07:21:11,0
Z-51SkRkO5YyfPeYNTS-n-07:00:00,SYN_113009,49,07:21:26,07:21:41,0
Z-51SkRkO5YyfPeYNTS-n-07:00:00,SYN_113010,50,07:21:55,07:22:10,0
Z-51SkRkO5YyfPeYNTS-n-07:00:00,SYN_113011,51,07:22:24,07:22:39,0
Z-51SkRkO5YyfPeYNTS-n-07:00:00,SYN_113012,52,07:22:52,07:23:07,0
Z-51SkRkO5YyfPeYNTS-n-07:00:00,SYN_113013,53,07:23:16,07:23:31,0
Z-51SkRkO5YyfPeYNTS-n-07:00:00,SYN_113014,54,07:23:40,07:23:55,0
Z-51SkRkO5YyfPeYNTS-n-07:00:00,SYN_113015,55,07:24:05,07:24:20,0
Z-51SkRkO5YyfPeYNTS-n-07:00:00,SYN_113016,56,07:24:30,07:24:45,0
Z-51SkRkO5YyfPeYNTS-n-07:00:00,SYN_113017,57,07:24:57,07:25:12,0
Z-51SkRkO5YyfPeYNTS-n-07:00:00,SYN_113018,58,07:25:27,07:25:42,0
Z-51SkRkO5YyfPeYNTS-n-07:00:00,SYN_113019,59,07:25:56,07:26:11,0
Z-51SkRkO5YyfPeYNTS-n-07:00:00,SYN_113020,60,07:26:24,07:26:39,0
Z-51SkRkO5YyfPeYNTS-n-07:00:00,SYN_113021,61,07:26:47,07:27:02,0
Z-51SkRkO5YyfPeYNTS-n-07:00:00,SYN_113022,62,07:27:07,07:27:22,0
Z-51SkRkO5YyfPeYNTS-n-07:00:00,SYN_113023,63,07:27:27,07:27:42,0
Z-51SkRkO5YyfPeYNTS-n-07:00:00,SYN_113024,64,07:27:48,07:28:03,0
Z-51SkRkO5YyfPeYNTS-n-07:00:00,SYN_113025,65,07:28:08,07:28:23,0
Z-51SkRkO5YyfPeYNTS-n-07:00:00,SYN_113026,66,07:28:28,07:28:43,0
Z-51SkRkO5YyfPeYNTS-n-07:00:00,SYN_113027,67,07:28:49,07:29:04,0
Z-51SkRkO5YyfPeYNTS-n-07:00:00,SYN_113028,68,07:29:10,07:29:25,0
Z-51SkRkO5YyfPeYNTS-n-07:00:00,SYN_113029,69,07:29:38,07:29:53,0
Z-51SkRkO5YyfPeYNTS-n-07:00:00,SYN_113030,70,07:30:05,07:30:20,0
Z-51SkRkO5YyfPeYNTS-n-07:00:00,SYN_113031,71,07:30:33,07:30:48,0
Z-51SkRkO5YyfPeYNTS-n-07:00:00,SYN_113032,72,07:30:59,07:31:14,0
Z-51SkRkO5YyfPeYNTS-n-07:00:00,SYN_113033,73,07:31:25,07:31:40,0
Z-51SkRkO5YyfPeYNTS-n-07:00:00,SYN_113034,74,07:31:50,07:32:05,0
Z-51SkRkO5YyfPeYNTS-n-07:00:00,SYN_113035,75,07:32:16,07:32:31,0
Z-51SkRkO5YyfPeYNTS-n-07:00:00,SYN_113036,76,07:32:41,07:32:56,0
Z-51SkRkO5YyfPeYNTS-n-07:00:00,SYN_113037,77,07:33:07,07:33:22,0
Z-51SkRkO5YyfPeYNTS-n-07:00:00,SYN_113038,78,07:33:35,07:33:50,0
Z-51SkRkO5YyfPeYNTS-n-07:00:00,SYN_113039,79,07:34:04,07:34:19,0
Z-51SkRkO5YyfPeYNTS-n-07:00:00,SYN_113040,80,07:34:29,07:34:44,0
Z-51SkRkO5YyfPeYNTS-n-07:00:00,SYN_113041,81,07:34:51,07:35:06,0
Z-51SkRkO5YyfPeYNTS-n-07:00:00,SYN_113042,82,07:35:13,07:35:28,0
Z-51SkRkO5YyfPeYNTS-n-07:00:00,SYN_113043,83,07:35:35,07:35:50,0
Z-51SkRkO5YyfPeYNTS-n-07:00:00,SYN_113044,84,07:35:57,07:36:12,0
Z-51SkRkO5YyfPeYNTS-n-07:00:00,SYN_113045,85,07:36:20,07:36:35,0
Z-51SkRkO5YyfPeYNTS-n-07:00:00,SYN_113046,86,07:36:55,07:37:10,0
Z-51SkRkO5YyfPeYNTS-n-07:00:00,SYN_113047,87,07:37:24,07:37:39,0
Z-51SkRkO5YyfPeYNTS-n-07:00:00,SYN_113048,88,07:37:44,07:37:59,0
Z-51SkRkO5YyfPeYNTS-n-07:00:00,SYN_113049,89,07:38:05,07:38:20,0
Z-51SkRkO5YyfPeYNTS-n-07:00:00,SYN_113050,90,07:38:25,07:38:40,0
Z-51SkRkO5YyfPeYNTS-n-07:00:00,SYN_113051,91,07:38:50,07:39:05,0
Z-51SkRkO5YyfPeYNTS-n-07:00:00,SYN_113052,92,07:39:15,07:39:30,0
Z-51SkRkO5YyfPeYNTS-n-07:00:00,SYN_113053,93,07:39:40,07:39:55,0
Z-51SkRkO5YyfPeYNTS-n-07:00:00,SYN_113054,94,07:40:06,07:40:21,0
Z-51SkRkO5YyfPeYNTS-n-07:00:00,SYN_113055,95,07:40:31,07:40:46,0
Z-51SkRkO5YyfPeYNTS-n-07:00:00,SYN_113056,96,07:40:55,07:41:10,0
Z-51SkRkO5YyfPeYNTS-n-07:00:00,SYN_113057,97,07:41:19,07:41:34,0
Z-51SkRkO5YyfPeYNTS-n-07:00:00,SYN_113058,98,07:41:42,07:41:57,0
Z-51SkRkO5YyfPeYNTS-n-07:00:00,SYN_113059,99,07:42:13,07:42:28,0
Z-51SkRkO5YyfPeYNTS-n-07:00:00,SYN_113060,100,07:42:48,07:43:03,0
Z-51SkRkO5YyfPeYNTS-n-07:00:00,SYN_113061,101,07:43:10,07:43:25,0
Z-51SkRkO5YyfPeYNTS-n-07:00:00,SYN_113062,102,07:43:32,07:43:47,0
Z-51SkRkO5YyfPeYNTS-n-07:00:00,SYN_113063,103,07:43:54,07:44:09,0
Z-51SkRkO5YyfPeYNTS-n-07:00:00,SYN_113064,104,07:44:20,07:44:35,0
Z-51SkRkO5YyfPeYNTS-n-07:00:00,SYN_113065,105,07:44:54,07:45:09,0
Z-51SkRkO5YyfPeYNTS-n-07:00:00,SYN_113066,106,07:45:21,07:45:36,0
Z-51SkRkO5YyfPeYNTS-n-07:00:00,SYN_113067,107,07:45:48,07:46:03,0
Z-51SkRkO5YyfPeYNTS-n-07:00:00,SYN_113068,108,07:46:17,07:46:32,0
Z-51SkRkO5YyfPeYNTS-n-07:00:00,SYN_113069,109,07:46:46,07:47:01,0
Z-51SkRkO5YyfPeYNTS-n-07:00:00,SYN_113070,110,07:47:16,07:47:31,0
Z-51SkRkO5YyfPeYNTS-n-07:00:00,SYN_113071,111,07:47:45,07:48:00,0
Z-51SkRkO5YyfPeYNTS-n-07:00:00,SYN_113072,112,07:48:12,07:48:27,0
Z-51SkRkO5YyfPeYNTS-n-07:00:00,SYN_113073,113,07:48:39,07:48:54,0
Z-51SkRkO5YyfPeYNTS-n-07:00:00,SYN_113074,114,07:49:11,07:49:26,0
Z-51SkRkO5YyfPeYNTS-n-07:00:00,SYN_113075,115,07:49:41,07:49:56,0
Z-51SkRkO5YyfPeYNTS-n-07:00:00,SYN_113076,116,07:50:10,07:50:25,0
Z-51SkRkO5YyfPeYNTS-n-07:00:00,SYN_113077,117,07:50:33,07:50:48,0
Z-51SkRkO5YyfPeYNTS-n-07:00:00,SYN_113078,118,07:50:56,07:51:11,0
Z-51SkRkO5YyfPeYNTS-n-07:00:00,SYN_113079,119,07:51:19,07:51:34,0
Z-51SkRkO5YyfPeYNTS-n-07:00:00,SYN_113080,120,07:51:42,07:51:57,0
Z-51SkRkO5YyfPeYNTS-n-07:00:00,SYN_113081,121,07:52:16,07:52:31,0
Z-51SkRkO5YyfPeYNTS-n-07:00:00,SYN_113082,122,07:52:44,07:52:59,0
Z-51SkRkO5YyfPeYNTS-n-07:00:00,SYN_113083,123,07:53:09,07:53:24,0
Z-51SkRkO5YyfPeYNTS-n-07:00:00,SYN_113084,124,07:53:42,07:53:57,0
Z-51SkRkO5YyfPeYNTS-n-07:00:00,SYN_113085,125,07:54:23,07:54:38,0
vGWP0NAWQ2WwsR_DTpmn9-07:00:00,SYN_113087,0,07:00:37,07:00:52,0
vGWP0NAWQ2WwsR_DTpmn9-07:00:00,SYN_113088,1,07:01:10,07:01:25,0
vGWP0NAWQ2WwsR_DTpmn9-07:00:00,SYN_113089,2,07:01:52,07:02:07,0
vGWP0NAWQ2WwsR_DTpmn9-07:00:00,SYN_113090,3,07:02:18,07:02:33,0
vGWP0NAWQ2WwsR_DTpmn9-07:00:00,SYN_113091,4,07:02:46,07:03:01,0
vGWP0NAWQ2WwsR_DTpmn9-07:00:00,SYN_113092,5,07:03:14,07:03:29,0
vGWP0NAWQ2WwsR_DTpmn9-07:00:00,SYN_113093,6,07:03:52,07:04:07,0
vGWP0NAWQ2WwsR_DTpmn9-07:00:00,SYN_113094,7,07:04:19,07:04:34,0
vGWP0NAWQ2WwsR_DTpmn9-07:00:00,SYN_113095,8,07:04:41,07:04:56,0
vGWP0NAWQ2WwsR_DTpmn9-07:00:00,SYN_113096,9,07:05:03,07:05:18,0
vGWP0NAWQ2WwsR_DTpmn9-07:00:00,SYN_113097,10,07:05:31,07:05:46,0
vGWP0NAWQ2WwsR_DTpmn9-07:00:00,SYN_113098,11,07:06:04,07:06:19,0
vGWP0NAWQ2WwsR_DTpmn9-07:00:00,SYN_113099,12,07:06:34,07:06:49,0
vGWP0NAWQ2WwsR_DTpmn9-07:00:00,SYN_113100,13,07:07:03,07:07:18,0
vGWP0NAWQ2WwsR_DTpmn9-07:00:00,SYN_113101,14,07:07:32,07:07:47,0
vGWP0NAWQ2WwsR_DTpmn9-07:00:00,SYN_113102,15,07:07:59,07:08:14,0
vGWP0NAWQ2WwsR_DTpmn9-07:00:00,SYN_113103,16,07:08:24,07:08:39,0
vGWP0NAWQ2WwsR_DTpmn9-07:00:00,SYN_113104,17,07:08:48,07:09:03,0
vGWP0NAWQ2WwsR_DTpmn9-07:00:00,SYN_113105,18,07:09:13,07:09:28,0
vGWP0NAWQ2WwsR_DTpmn9-07:00:00,SYN_113106,19,07:09:38,07:09:53,0
vGWP0NAWQ2WwsR_DTpmn9-07:00:00,SYN_113107,20,07:10:05,07:10:20,0
vGWP0NAWQ2WwsR_DTpmn9-07:00:00,SYN_113108,21,07:10:35,07:10:50,0
vGWP0NAWQ2WwsR_DTpmn9-07:00:00,SYN_113109,22,07:11:04,07:11:19,0
vGWP0NAWQ2WwsR_DTpmn9-07:00:00,SYN_113110,23,07:11:32,07:11:47,0
vGWP0NAWQ2WwsR_DTpmn9-07:00:00,SYN_113111,24,07:11:54,07:12:09,0
vGWP0NAWQ2WwsR_DTpmn9-07:00:00,SYN_113112,25,07:12:15,07:12:30,0
vGWP0NAWQ2WwsR_DTpmn9-07:00:00,SYN_113113,26,07:12:35,07:12:50,0
vGWP0NAWQ2WwsR_DTpmn9-07:00:00,SYN_113114,27,07:12:55,07:13:10,0
vGWP0NAWQ2WwsR_DTpmn9-07:00:00,SYN_113115,28,07:13:16,07:13:31,0
vGWP0NAWQ2WwsR_DTpmn9-07:00:00,SYN_113116,29,07:13:36,07:13:51,0
vGWP0NAWQ2WwsR_DTpmn9-07:00:00,SYN_113117,30,07:13:57,07:14:12,0
vGWP0NAWQ2WwsR_DTpmn9-07:00:00,SYN_113118,31,07:14:18,07:14:33,0
vGWP0NAWQ2WwsR_DTpmn9-07:00:00,SYN_113119,32,07:14:46,07:15:01,0
vGWP0NAWQ2WwsR_DTpmn9-07:00:00,SYN_113120,33,07:15:13,07:15:28,0
vGWP0NAWQ2WwsR_DTpmn9-07:00:00,SYN_113121,34,07:15:41,07:15:56,0
vGWP0NAWQ2WwsR_DTpmn9-07:00:00,SYN_113122,35,07:16:07,07:16:22,0
vGWP0NAWQ2WwsR_DTpmn9-07:00:00,SYN_113123,36,07:16:32,07:16:47,0
vGWP0NAWQ2WwsR_DTpmn9-07:00:00,SYN_113124,37,07:16:57,07:17:12,0
vGWP0NAWQ2WwsR_DTpmn9-07:00:00,SYN_113125,38,07:17:23,07:17:38,0
vGWP0NAWQ2WwsR_DTpmn9-07:00:00,SYN_113126,39,07:17:48,07:18:03,0
vGWP0NAWQ2WwsR_DTpmn9-07:00:00,SYN_113127,40,07:18:14,07:18:29,0
vGWP0NAWQ2WwsR_DTpmn9-07:00:00,SYN_113128,41,07:18:42,07:18:57,0
vGWP0NAWQ2WwsR_DTpmn9-07:00:00,SYN_113129,42,07:19:11,07:19:26,0
vGWP0NAWQ2WwsR_DTpmn9-07:00:00,SYN_113130,43,07:19:36,07:19:51,0
vGWP0NAWQ2WwsR_DTpmn9-07:00:00,SYN_113131,44,07:19:58,07:20:13,0
vGWP0NAWQ2WwsR_DTpmn9-07:00:00,SYN_113132,45,07:20:20,07:20:35,0
vGWP0NAWQ2WwsR_DTpmn9-07:00:00,SYN_113133,46,07:20:42,07:20:57,0
vGWP0NAWQ2WwsR_DTpmn9-07:00:00,SYN_113134,47,07:21:04,07:21:19,0
vGWP0NAWQ2WwsR_DTpmn9-07:00:00,SYN_113135,48,07:21:27,07:21:42,0
vGWP0NAWQ2WwsR_DTpmn9-07:00:00,SYN_113136,49,07:22:02,07:22:17,0
vGWP0NAWQ2WwsR_DTpmn9-07:00:00,SYN_113137,50,07:22:30,07:22:45,0
vGWP0NAWQ2WwsR_DTpmn9-07:00:00,SYN_113138,51,07:22:51,07:23:06,0
vGWP0NAWQ2WwsR_DTpmn9-07:00:00,SYN_113139,52,07:23:12,07:23:27,0
vGWP0NAWQ2WwsR_DTpmn9-07:00:00,SYN_113140,53,07:23:32,07:23:47,0
vGWP0NAWQ2WwsR_DTpmn9-07:00:00,SYN_113141,54,07:23:57,07:24:12,0
vGWP0NAWQ2WwsR_DTpmn9-07:00:00,SYN_113142,55,07:24:22,07:24:37,0
vGWP0NAWQ2WwsR_DTpmn9-07:00:00,SYN_113143,56,07:24:47,07:25:02,0
vGWP0NAWQ2WwsR_DTpmn9-07:00:00,SYN_113144,57,07:25:12,07:25:27,0
vGWP0NAWQ2WwsR_DTpmn9-07:00:00,SYN_113145,58,07:25:37,07:25:52,0
vGWP0NAWQ2WwsR_DTpmn9-07:00:00,SYN_113146,59,07:26:01,07:26:16,0
vGWP0NAWQ2WwsR_DTpmn9-07:00:00,SYN_113147,60,07:26:24,07:26:39,0
vGWP0NAWQ2WwsR_DTpmn9-07:00:00,SYN_113148,61,07:26:48,07:27:03,0
vGWP0NAWQ2WwsR_DTpmn9-07:00:00,SYN_113149,62,07:27:19,07:27:34,0
vGWP0NAWQ2WwsR_DTpmn9-07:00:00,SYN_113150,63,07:27:53,07:28:08,0
vGWP0NAWQ2WwsR_DTpmn9-07:00:00,SYN_113151,64,07:28:16,07:28:31,0
vGWP0NAWQ2WwsR_DTpmn9-07:00:00,SYN_113152,65,07:28:38,07:28:53,0
vGWP0NAWQ2WwsR_DTpmn9-07:00:00,SYN_113153,66,07:29:00,07:29:15,0
vGWP0NAWQ2WwsR_DTpmn9-07:00:00,SYN_113154,67,07:29:31,07:29:46,0
vGWP0NAWQ2WwsR_DTpmn9-07:00:00,SYN_113155,68,07:30:05,07:30:20,0
vGWP0NAWQ2WwsR_DTpmn9-07:00:00,SYN_113156,69,07:30:30,07:30:45,0
vGWP0NAWQ2WwsR_DTpmn9-07:00:00,SYN_113157,70,07:30:55,07:31:10,0
vGWP0NAWQ2WwsR_DTpmn9-07:00:00,SYN_113158,71,07:31:23,07:31:38,0
vGWP0NAWQ2WwsR_DTpmn9-07:00:00,SYN_113159,72,07:31:52,07:32:07,0
vGWP0NAWQ2WwsR_DTpmn9-07:00:00,SYN_113160,73,07:32:22,07:32:37,0
vGWP0NAWQ2WwsR_DTpmn9-07:00:00,SYN_113161,74,07:32:50,07:33:05,0
vGWP0NAWQ2WwsR_DTpmn9-07:00:00,SYN_113162,75,07:33:15,07:33:30,0
vGWP0NAWQ2WwsR_DTpmn9-07:00:00,SYN_113163,76,07:33:41,07:33:56,0
vGWP0NAWQ2WwsR_DTpmn9-07:00:00,SYN_113164,77,07:34:10,07:34:25,0
vGWP0NAWQ2WwsR_DTpmn9-07:00:00,SYN_113165,78,07:34:43,07:34:58,0
vGWP0NAWQ2WwsR_DTpmn9-07:00:00,SYN_113166,79,07:35:15,07:35:30,0
vGWP0NAWQ2WwsR_DTpmn9-07:00:00,SYN_113167,80,07:35:38,07:35:53,0
vGWP0NAWQ2WwsR_DTpmn9-07:00:00,SYN_113168,81,07:36:01,07:36:16,0
vGWP0NAWQ2WwsR_DTpmn9-07:00:00,SYN_113169,82,07:36:24,07:36:39,0
vGWP0NAWQ2WwsR_DTpmn9-07:00:00,SYN_113170,83,07:36:47,07:37:02,0
vGWP0NAWQ2WwsR_DTpmn9-07:00:00,SYN_113171,84,07:37:22,07:37:37,0
vGWP0NAWQ2WwsR_DTpmn9-07:00:00,SYN_113172,85,07:37:48,07:38:03,0
vGWP0NAWQ2WwsR_DTpmn9-07:00:00,SYN_113173,86,07:38:13,07:38:28,0
vGWP0NAWQ2WwsR_DTpmn9-07:00:00,SYN_113174,87,07:38:47,07:39:02,0
vGWP0NAWQ2WwsR_DTpmn9-07:00:00,SYN_113175,88,07:39:28,07:39:43,0
vGWP0NAWQ2WwsR_DTpmn9-07:00:00,SYN_113176,89,07:40:25,07:40:40,0
RmCIDxJQKwF7GOCKKX3Oh-07:00:00,SYN_113177,0,07:00:37,07:00:52,0
RmCIDxJQKwF7GOCKKX3Oh-07:00:00,SYN_113178,1,07:01:18,07:01:33,0
RmCIDxJQKwF7GOCKKX3Oh-07:00:00,SYN_113179,2,07:01:58,07:02:13,0
RmCIDxJQKwF7GOCKKX3Oh-07:00:00,SYN_113180,3,07:02:25,07:02:40,0
RmCIDxJQKwF7GOCKKX3Oh-07:00:00,SYN_113181,4,07:02:51,07:03:06,0
RmCIDxJQKwF7GOCKKX3Oh-07:00:00,SYN_113182,5,07:03:23,07:03:38,0
RmCIDxJQKwF7GOCKKX3Oh-07:00:00,SYN_113183,6,07:03:51,07:04:06,0
RmCIDxJQKwF7GOCKKX3Oh-07:00:00,SYN_113184,7,07:04:14,07:04:29,0
RmCIDxJQKwF7GOCKKX3Oh-07:00:00,SYN_113185,8,07:04:37,07:04:52,0
RmCIDxJQKwF7GOCKKX3Oh-07:00:00,SYN_113186,9,07:05:01,07:05:16,0
RmCIDxJQKwF7GOCKKX3Oh-07:00:00,SYN_113187,10,07:05:29,07:05:44,0
RmCIDxJQKwF7GOCKKX3Oh-07:00:00,SYN_113188,11,07:05:59,07:06:14,0
RmCIDxJQKwF7GOCKKX3Oh-07:00:00,SYN_113189,12,07:06:26,07:06:41,0
RmCIDxJQKwF7GOCKKX3Oh-07:00:00,SYN_113190,13,07:06:55,07:07:10,0
RmCIDxJQKwF7GOCKKX3Oh-07:00:00,SYN_113191,14,07:07:24,07:07:39,0
RmCIDxJQKwF7GOCKKX3Oh-07:00:00,SYN_113192,15,07:07:54,07:08:09,0
RmCIDxJQKwF7GOCKKX3Oh-07:00:00,SYN_113193,16,07:08:27,07:08:42,0
RmCIDxJQKwF7GOCKKX3Oh-07:00:00,SYN_113194,17,07:08:55,07:09:10,0
RmCIDxJQKwF7GOCKKX3Oh-07:00:00,SYN_113195,18,07:09:21,07:09:36,0
RmCIDxJQKwF7GOCKKX3Oh-07:00:00,SYN_113196,19,07:09:48,07:10:03,0
RmCIDxJQKwF7GOCKKX3Oh-07:00:00,SYN_113197,20,07:10:14,07:10:29,0
RmCIDxJQKwF7GOCKKX3Oh-07:00:00,SYN_113198,21,07:10:41,07:10:56,0
RmCIDxJQKwF7GOCKKX3Oh-07:00:00,SYN_113199,22,07:11:19,07:11:34,0
RmCIDxJQKwF7GOCKKX3Oh-07:00:00,SYN_113200,23,07:11:46,07:12:01,0
RmCIDxJQKwF7GOCKKX3Oh-07:00:00,SYN_113201,24,07:12:13,07:12:28,0
RmCIDxJQKwF7GOCKKX3Oh-07:00:00,SYN_113202,25,07:12:39,07:12:54,0
RmCIDxJQKwF7GOCKKX3Oh-07:00:00,SYN_113203,26,07:13:04,07:13:19,0
RmCIDxJQKwF7GOCKKX3Oh-07:00:00,SYN_113204,27,07:13:29,07:13:44,0
RmCIDxJQKwF7GOCKKX3Oh-07:00:00,SYN_113205,28,07:13:55,07:14:10,0
RmCIDxJQKwF7GOCKKX3Oh-07:00:00,SYN_113206,29,07:14:21,07:14:36,0
RmCIDxJQKwF7GOCKKX3Oh-07:00:00,SYN_113207,30,07:14:47,07:15:02,0
RmCIDxJQKwF7GOCKKX3Oh-07:00:00,SYN_113208,31,07:15:11,07:15:26,0
RmCIDxJQKwF7GOCKKX3Oh-07:00:00,SYN_113209,32,07:15:34,07:15:49,0
RmCIDxJQKwF7GOCKKX3Oh-07:00:00,SYN_113210,33,07:15:57,07:16:12,0
RmCIDxJQKwF7GOCKKX3Oh-07:00:00,SYN_113211,34,07:16:21,07:16:36,0
RmCIDxJQKwF7GOCKKX3Oh-07:00:00,SYN_113212,35,07:16:44,07:16:59,0
RmCIDxJQKwF7GOCKKX3Oh-07:00:00,SYN_113213,36,07:17:07,07:17:22,0
RmCIDxJQKwF7GOCKKX3Oh-07:00:00,SYN_113214,37,07:17:29,07:17:44,0
RmCIDxJQKwF7GOCKKX3Oh-07:00:00,SYN_113215,38,07:17:52,07:18:07,0
RmCIDxJQKwF7GOCKKX3Oh-07:00:00,SYN_113216,39,07:18:16,07:18:31,0
RmCIDxJQKwF7GOCKKX3Oh-07:00:00,SYN_113217,40,07:18:49,07:19:04,0
RmCIDxJQKwF7GOCKKX3Oh-07:00:00,SYN_113218,41,07:19:17,07:19:32,0
RmCIDxJQKwF7GOCKKX3Oh-07:00:00,SYN_113219,42,07:19:38,07:19:53,0
RmCIDxJQKwF7GOCKKX3Oh-07:00:00,SYN_113220,43,07:20:00,07:20:15,0
RmCIDxJQKwF7GOCKKX3Oh-07:00:00,SYN_113221,44,07:20:21,07:20:36,0
RmCIDxJQKwF7GOCKKX3Oh-07:00:00,SYN_113222,45,07:20:43,07:20:58,0
RmCIDxJQKwF7GOCKKX3Oh-07:00:00,SYN_113223,46,07:21:05,07:21:20,0
RmCIDxJQKwF7GOCKKX3Oh-07:00:00,SYN_113224,47,07:21:31,07:21:46,0
RmCIDxJQKwF7GOCKKX3Oh-07:00:00,SYN_113225,48,07:21:59,07:22:14,0
RmCIDxJQKwF7GOCKKX3Oh-07:00:00,SYN_113226,49,07:22:26,07:22:41,0
RmCIDxJQKwF7GOCKKX3Oh-07:00:00,SYN_113227,50,07:22:53,07:23:08,0
RmCIDxJQKwF7GOCKKX3Oh-07:00:00,SYN_113228,51,07:23:19,07:23:34,0
RmCIDxJQKwF7GOCKKX3Oh-07:00:00,SYN_113229,52,07:23:44,07:23:59,0
RmCIDxJQKwF7GOCKKX3Oh-07:00:00,SYN_113230,53,07:24:09,07:24:24,0
RmCIDxJQKwF7GOCKKX3Oh-07:00:00,SYN_113231,54,07:24:34,07:24:49,0
RmCIDxJQKwF7GOCKKX3Oh-07:00:00,SYN_113232,55,07:24:58,07:25:13,0
RmCIDxJQKwF7GOCKKX3Oh-07:00:00,SYN_113233,56,07:25:26,07:25:41,0
RmCIDxJQKwF7GOCKKX3Oh-07:00:00,SYN_113234,57,07:25:53,07:26:08,0
RmCIDxJQKwF7GOCKKX3Oh-07:00:00,SYN_113235,58,07:26:21,07:26:36,0
RmCIDxJQKwF7GOCKKX3Oh-07:00:00,SYN_113236,59,07:26:45,07:27:00,0
RmCIDxJQKwF7GOCKKX3Oh-07:00:00,SYN_113237,60,07:27:05,07:27:20,0
RmCIDxJQKwF7GOCKKX3Oh-07:00:00,SYN_113238,61,07:27:26,07:27:41,0
RmCIDxJQKwF7GOCKKX3Oh-07:00:00,SYN_113239,62,07:27:46,07:28:01,0
RmCIDxJQKwF7GOCKKX3Oh-07:00:00,SYN_113240,63,07:28:07,07:28:22,0
RmCIDxJQKwF7GOCKKX3Oh-07:00:00,SYN_113241,64,07:28:27,07:28:42,0
RmCIDxJQKwF7GOCKKX3Oh-07:00:00,SYN_113242,65,07:28:47,07:29:02,0
RmCIDxJQKwF7GOCKKX3Oh-07:00:00,SYN_113243,66,07:29:08,07:29:23,0
RmCIDxJQKwF7GOCKKX3Oh-07:00:00,SYN_113244,67,07:29:34,07:29:49,0
RmCIDxJQKwF7GOCKKX3Oh-07:00:00,SYN_113245,68,07:30:01,07:30:16,0
RmCIDxJQKwF7GOCKKX3Oh-07:00:00,SYN_113246,69,07:30:31,07:30:46,0
RmCIDxJQKwF7GOCKKX3Oh-07:00:00,SYN_113247,70,07:31:00,07:31:15,0
RmCIDxJQKwF7GOCKKX3Oh-07:00:00,SYN_113248,71,07:31:26,07:31:41,0
RmCIDxJQKwF7GOCKKX3Oh-07:00:00,SYN_113249,72,07:31:52,07:32:07,0
RmCIDxJQKwF7GOCKKX3Oh-07:00:00,SYN_113250,73,07:32:17,07:32:32,0
RmCIDxJQKwF7GOCKKX3Oh-07:00:00,SYN_113251,74,07:32:43,07:32:58,0
RmCIDxJQKwF7GOCKKX3Oh-07:00:00,SYN_113252,75,07:33:09,07:33:24,0
RmCIDxJQKwF7GOCKKX3Oh-07:00:00,SYN_113253,76,07:33:36,07:33:51,0
RmCIDxJQKwF7GOCKKX3Oh-07:00:00,SYN_113254,77,07:34:04,07:34:19,0
RmCIDxJQKwF7GOCKKX3Oh-07:00:00,SYN_113255,78,07:34:34,07:34:49,0
RmCIDxJQKwF7GOCKKX3Oh-07:00:00,SYN_113256,79,07:35:06,07:35:21,0
RmCIDxJQKwF7GOCKKX3Oh-07:00:00,SYN_113257,80,07:35:40,07:35:55,0
RmCIDxJQKwF7GOCKKX3Oh-07:00:00,SYN_113258,81,07:36:05,07:36:20,0
RmCIDxJQKwF7GOCKKX3Oh-07:00:00,SYN_113259,82,07:36:30,07:36:45,0
RmCIDxJQKwF7GOCKKX3Oh-07:00:00,SYN_113260,83,07:36:54,07:37:09,0
RmCIDxJQKwF7GOCKKX3Oh-07:00:00,SYN_113261,84,07:37:19,07:37:34,0
RmCIDxJQKwF7GOCKKX3Oh-07:00:00,SYN_113262,85,07:37:43,07:37:58,0
RmCIDxJQKwF7GOCKKX3Oh-07:00:00,SYN_113263,86,07:38:10,07:38:25,0
RmCIDxJQKwF7GOCKKX3Oh-07:00:00,SYN_113264,87,07:38:36,07:38:51,0
RmCIDxJQKwF7GOCKKX3Oh-07:00:00,SYN_113265,88,07:39:03,07:39:18,0
RmCIDxJQKwF7GOCKKX3Oh-07:00:00,SYN_113266,89,07:39:33,07:39:48,0
RmCIDxJQKwF7GOCKKX3Oh-07:00:00,SYN_113267,90,07:40:04,07:40:19,0
RmCIDxJQKwF7GOCKKX3Oh-07:00:00,SYN_113268,91,07:40:36,07:40:51,0
RmCIDxJQKwF7GOCKKX3Oh-07:00:00,SYN_113269,92,07:41:06,07:41:21,0
RmCIDxJQKwF7GOCKKX3Oh-07:00:00,SYN_113270,93,07:41:35,07:41:50,0
RmCIDxJQKwF7GOCKKX3Oh-07:00:00,SYN_113271,94,07:42:05,07:42:20,0
RmCIDxJQKwF7GOCKKX3Oh-07:00:00,SYN_113272,95,07:42:31,07:42:46,0
RmCIDxJQKwF7GOCKKX3Oh-07:00:00,SYN_113273,96,07:42:57,07:43:12,0
RmCIDxJQKwF7GOCKKX3Oh-07:00:00,SYN_113274,97,07:43:23,07:43:38,0
RmCIDxJQKwF7GOCKKX3Oh-07:00:00,SYN_113275,98,07:43:49,07:44:04,0
RmCIDxJQKwF7GOCKKX3Oh-07:00:00,SYN_113276,99,07:44:15,07:44:30,0
RmCIDxJQKwF7GOCKKX3Oh-07:00:00,SYN_113277,100,07:44:43,07:44:58,0
RmCIDxJQKwF7GOCKKX3Oh-07:00:00,SYN_113278,101,07:45:17,07:45:32,0
RmCIDxJQKwF7GOCKKX3Oh-07:00:00,SYN_113279,102,07:45:51,07:46:06,0
RmCIDxJQKwF7GOCKKX3Oh-07:00:00,SYN_113280,103,07:46:19,07:46:34,0
RmCIDxJQKwF7GOCKKX3Oh-07:00:00,SYN_113281,104,07:46:40,07:46:55,0
RmCIDxJQKwF7GOCKKX3Oh-07:00:00,SYN_113282,105,07:47:01,07:47:16,0
RmCIDxJQKwF7GOCKKX3Oh-07:00:00,SYN_113283,106,07:47:22,07:47:37,0
RmCIDxJQKwF7GOCKKX3Oh-07:00:00,SYN_113284,107,07:47:45,07:48:00,0
RmCIDxJQKwF7GOCKKX3Oh-07:00:00,SYN_113285,108,07:48:08,07:48:23,0
RmCIDxJQKwF7GOCKKX3Oh-07:00:00,SYN_113286,109,07:48:31,07:48:46,0
RmCIDxJQKwF7GOCKKX3Oh-07:00:00,SYN_113287,110,07:48:53,07:49:08,0
RmCIDxJQKwF7GOCKKX3Oh-07:00:00,SYN_113288,111,07:49:16,07:49:31,0
RmCIDxJQKwF7GOCKKX3Oh-07:00:00,SYN_113289,112,07:49:39,07:49:54,0
RmCIDxJQKwF7GOCKKX3Oh-07:00:00,SYN_113290,113,07:50:02,07:50:17,0
RmCIDxJQKwF7GOCKKX3Oh-07:00:00,SYN_113291,114,07:50:26,07:50:41,0
RmCIDxJQKwF7GOCKKX3Oh-07:00:00,SYN_113292,115,07:50:51,07:51:06,0
RmCIDxJQKwF7GOCKKX3Oh-07:00:00,SYN_113293,116,07:51:15,07:51:30,0
RmCIDxJQKwF7GOCKKX3Oh-07:00:00,SYN_113294,117,07:51:38,07:51:53,0
RmCIDxJQKwF7GOCKKX3Oh-07:00:00,SYN_113295,118,07:52:01,07:52:16,0
RmCIDxJQKwF7GOCKKX3Oh-07:00:00,SYN_113296,119,07:52:53,07:53:08,0
RmCIDxJQKwF7GOCKKX3Oh-07:00:00,SYN_113297,120,07:53:19,07:53:34,0
RmCIDxJQKwF7GOCKKX3Oh-07:00:00,SYN_113298,121,07:53:33,07:53:48,0
RmCIDxJQKwF7GOCKKX3Oh-07:00:00,SYN_113299,122,07:53:46,07:54:01,0
RmCIDxJQKwF7GOCKKX3Oh-07:00:00,SYN_113300,123,07:53:59,07:54:14,0
RmCIDxJQKwF7GOCKKX3Oh-07:00:00,SYN_113301,124,07:54:14,07:54:29,0
RmCIDxJQKwF7GOCKKX3Oh-07:00:00,SYN_113302,125,07:54:42,07:54:57,0
RmCIDxJQKwF7GOCKKX3Oh-07:00:00,SYN_113303,126,07:55:09,07:55:24,0
RmCIDxJQKwF7GOCKKX3Oh-07:00:00,SYN_113304,127,07:55:37,07:55:52,0
RmCIDxJQKwF7GOCKKX3Oh-07:00:00,SYN_113305,128,07:56:10,07:56:25,0
RmCIDxJQKwF7GOCKKX3Oh-07:00:00,SYN_113306,129,07:56:45,07:57:00,0
RmCIDxJQKwF7GOCKKX3Oh-07:00:00,SYN_113307,130,07:57:13,07:57:28,0
LYcY_J8e-Dijvjm6uZhgZ-07:00:00,SYN_113308,0,07:00:33,07:00:48,0
LYcY_J8e-Dijvjm6uZhgZ-07:00:00,SYN_113309,1,07:01:10,07:01:25,0
LYcY_J8e-Dijvjm6uZhgZ-07:00:00,SYN_113310,2,07:01:36,07:01:51,0
LYcY_J8e-Dijvjm6uZhgZ-07:00:00,SYN_113311,3,07:02:02,07:02:17,0
LYcY_J8e-Dijvjm6uZhgZ-07:00:00,SYN_113312,4,07:02:36,07:02:51,0
LYcY_J8e-Dijvjm6uZhgZ-07:00:00,SYN_113313,5,07:03:02,07:03:17,0
LYcY_J8e-Dijvjm6uZhgZ-07:00:00,SYN_113314,6,07:03:25,07:03:40,0
LYcY_J8e-Dijvjm6uZhgZ-07:00:00,SYN_113315,7,07:03:48,07:04:03,0
LYcY_J8e-Dijvjm6uZhgZ-07:00:00,SYN_113316,8,07:04:11,07:04:26,0
LYcY_J8e-Dijvjm6uZhgZ-07:00:00,SYN_113317,9,07:04:41,07:04:56,0
LYcY_J8e-Dijvjm6uZhgZ-07:00:00,SYN_113318,10,07:05:11,07:05:26,0
LYcY_J8e-Dijvjm6uZhgZ-07:00:00,SYN_113319,11,07:05:38,07:05:53,0
LYcY_J8e-Dijvjm6uZhgZ-07:00:00,SYN_113320,12,07:06:07,07:06:22,0
LYcY_J8e-Dijvjm6uZhgZ-07:00:00,SYN_113321,13,07:06:36,07:06:51,0
LYcY_J8e-Dijvjm6uZhgZ-07:00:00,SYN_113322,14,07:07:07,07:07:22,0
LYcY_J8e-Dijvjm6uZhgZ-07:00:00,SYN_113323,15,07:07:39,07:07:54,0
LYcY_J8e-Dijvjm6uZhgZ-07:00:00,SYN_113324,16,07:08:06,07:08:21,0
LYcY_J8e-Dijvjm6uZhgZ-07:00:00,SYN_113325,17,07:08:33,07:08:48,0
LYcY_J8e-Dijvjm6uZhgZ-07:00:00,SYN_113326,18,07:08:59,07:09:14,0
LYcY_J8e-Dijvjm6uZhgZ-07:00:00,SYN_113327,19,07:09:26,07:09:41,0
LYcY_J8e-Dijvjm6uZhgZ-07:00:00,SYN_113328,20,07:09:56,07:10:11,0
LYcY_J8e-Dijvjm6uZhgZ-07:00:00,SYN_113329,21,07:10:30,07:10:45,0
LYcY_J8e-Dijvjm6uZhgZ-07:00:00,SYN_113330,22,07:10:57,07:11:12,0
LYcY_J8e-Dijvjm6uZhgZ-07:00:00,SYN_113331,23,07:11:24,07:11:39,0
LYcY_J8e-Dijvjm6uZhgZ-07:00:00,SYN_113332,24,07:11:50,07:12:05,0
LYcY_J8e-Dijvjm6uZhgZ-07:00:00,SYN_113333,25,07:12:15,07:12:30,0
LYcY_J8e-Dijvjm6uZhgZ-07:00:00,SYN_113334,26,07:12:40,07:12:55,0
LYcY_J8e-Dijvjm6uZhgZ-07:00:00,SYN_113335,27,07:13:06,07:13:21,0
LYcY_J8e-Dijvjm6uZhgZ-07:00:00,SYN_113336,28,07:13:31,07:13:46,0
LYcY_J8e-Dijvjm6uZhgZ-07:00:00,SYN_113337,29,07:13:57,07:14:12,0
LYcY_J8e-Dijvjm6uZhgZ-07:00:00,SYN_113338,30,07:14:20,07:14:35,0
LYcY_J8e-Dijvjm6uZhgZ-07:00:00,SYN_113339,31,07:14:44,07:14:59,0
LYcY_J8e-Dijvjm6uZhgZ-07:00:00,SYN_113340,32,07:15:07,07:15:22,0
LYcY_J8e-Dijvjm6uZhgZ-07:00:00,SYN_113341,33,07:15:30,07:15:45,0
LYcY_J8e-Dijvjm6uZhgZ-07:00:00,SYN_113342,34,07:15:53,07:16:08,0
LYcY_J8e-Dijvjm6uZhgZ-07:00:00,SYN_113343,35,07:16:16,07:16:31,0
LYcY_J8e-Dijvjm6uZhgZ-07:00:00,SYN_113344,36,07:16:39,07:16:54,0
LYcY_J8e-Dijvjm6uZhgZ-07:00:00,SYN_113345,37,07:17:01,07:17:16,0
LYcY_J8e-Dijvjm6uZhgZ-07:00:00,SYN_113346,38,07:17:27,07:17:42,0
LYcY_J8e-Dijvjm6uZhgZ-07:00:00,SYN_113347,39,07:18:01,07:18:16,0
LYcY_J8e-Dijvjm6uZhgZ-07:00:00,SYN_113348,40,07:18:26,07:18:41,0
LYcY_J8e-Dijvjm6uZhgZ-07:00:00,SYN_113349,41,07:18:48,07:19:03,0
LYcY_J8e-Dijvjm6uZhgZ-07:00:00,SYN_113350,42,07:19:09,07:19:24,0
LYcY_J8e-Dijvjm6uZhgZ-07:00:00,SYN_113351,43,07:19:31,07:19:46,0
LYcY_J8e-Dijvjm6uZhgZ-07:00:00,SYN_113352,44,07:19:52,07:20:07,0
LYcY_J8e-Dijvjm6uZhgZ-07:00:00,SYN_113353,45,07:20:14,07:20:29,0
LYcY_J8e-Dijvjm6uZhgZ-07:00:00,SYN_113354,46,07:20:42,07:20:57,0
LYcY_J8e-Dijvjm6uZhgZ-07:00:00,SYN_113355,47,07:21:09,07:21:24,0
LYcY_J8e-Dijvjm6uZhgZ-07:00:00,SYN_113356,48,07:21:37,07:21:52,0
LYcY_J8e-Dijvjm6uZhgZ-07:00:00,SYN_113357,49,07:22:03,07:22:18,0
LYcY_J8e-Dijvjm6uZhgZ-07:00:00,SYN_113358,50,07:22:29,07:22:44,0
LYcY_J8e-Dijvjm6uZhgZ-07:00:00,SYN_113359,51,07:22:54,07:23:09,0
LYcY_J8e-Dijvjm6uZhgZ-07:00:00,SYN_113360,52,07:23:19,07:23:34,0
LYcY_J8e-Dijvjm6uZhgZ-07:00:00,SYN_113361,53,07:23:43,07:23:58,0
LYcY_J8e-Dijvjm6uZhgZ-07:00:00,SYN_113362,54,07:24:09,07:24:24,0
LYcY_J8e-Dijvjm6uZhgZ-07:00:00,SYN_113363,55,07:24:36,07:24:51,0
LYcY_J8e-Dijvjm6uZhgZ-07:00:00,SYN_113364,56,07:25:04,07:25:19,0
LYcY_J8e-Dijvjm6uZhgZ-07:00:00,SYN_113365,57,07:25:32,07:25:47,0
LYcY_J8e-Dijvjm6uZhgZ-07:00:00,SYN_113366,58,07:25:54,07:26:09,0
LYcY_J8e-Dijvjm6uZhgZ-07:00:00,SYN_113367,59,07:26:14,07:26:29,0
LYcY_J8e-Dijvjm6uZhgZ-07:00:00,SYN_113368,60,07:26:35,07:26:50,0
LYcY_J8e-Dijvjm6uZhgZ-07:00:00,SYN_113369,61,07:26:55,07:27:10,0
LYcY_J8e-Dijvjm6uZhgZ-07:00:00,SYN_113370,62,07:27:15,07:27:30,0
LYcY_J8e-Dijvjm6uZhgZ-07:00:00,SYN_113371,63,07:27:36,07:27:51,0
LYcY_J8e-Dijvjm6uZhgZ-07:00:00,SYN_113372,64,07:27:56,07:28:11,0
LYcY_J8e-Dijvjm6uZhgZ-07:00:00,SYN_113373,65,07:28:17,07:28:32,0
LYcY_J8e-Dijvjm6uZhgZ-07:00:00,SYN_113374,66,07:28:44,07:28:59,0
LYcY_J8e-Dijvjm6uZhgZ-07:00:00,SYN_113375,67,07:29:12,07:29:27,0
LYcY_J8e-Dijvjm6uZhgZ-07:00:00,SYN_113376,68,07:29:42,07:29:57,0
LYcY_J8e-Dijvjm6uZhgZ-07:00:00,SYN_113377,69,07:30:10,07:30:25,0
LYcY_J8e-Dijvjm6uZhgZ-07:00:00,SYN_113378,70,07:30:36,07:30:51,0
LYcY_J8e-Dijvjm6uZhgZ-07:00:00,SYN_113379,71,07:31:02,07:31:17,0
LYcY_J8e-Dijvjm6uZhgZ-07:00:00,SYN_113380,72,07:31:27,07:31:42,0
LYcY_J8e-Dijvjm6uZhgZ-07:00:00,SYN_113381,73,07:31:53,07:32:08,0
LYcY_J8e-Dijvjm6uZhgZ-07:00:00,SYN_113382,74,07:32:19,07:32:34,0
LYcY_J8e-Dijvjm6uZhgZ-07:00:00,SYN_113383,75,07:32:46,07:33:01,0
LYcY_J8e-Dijvjm6uZhgZ-07:00:00,SYN_113384,76,07:33:15,07:33:30,0
LYcY_J8e-Dijvjm6uZhgZ-07:00:00,SYN_113385,77,07:33:45,07:34:00,0
LYcY_J8e-Dijvjm6uZhgZ-07:00:00,SYN_113386,78,07:34:19,07:34:34,0
LYcY_J8e-Dijvjm6uZhgZ-07:00:00,SYN_113387,79,07:34:50,07:35:05,0
LYcY_J8e-Dijvjm6uZhgZ-07:00:00,SYN_113388,80,07:35:15,07:35:30,0
LYcY_J8e-Dijvjm6uZhgZ-07:00:00,SYN_113389,81,07:35:39,07:35:54,0
LYcY_J8e-Dijvjm6uZhgZ-07:00:00,SYN_113390,82,07:36:04,07:36:19,0
LYcY_J8e-Dijvjm6uZhgZ-07:00:00,SYN_113391,83,07:36:28,07:36:43,0
LYcY_J8e-Dijvjm6uZhgZ-07:00:00,SYN_113392,84,07:36:53,07:37:08,0
LYcY_J8e-Dijvjm6uZhgZ-07:00:00,SYN_113393,85,07:37:20,07:37:35,0
LYcY_J8e-Dijvjm6uZhgZ-07:00:00,SYN_113394,86,07:37:47,07:38:02,0
LYcY_J8e-Dijvjm6uZhgZ-07:00:00,SYN_113395,87,07:38:14,07:38:29,0
LYcY_J8e-Dijvjm6uZhgZ-07:00:00,SYN_113396,88,07:38:44,07:38:59,0
LYcY_J8e-Dijvjm6uZhgZ-07:00:00,SYN_113397,89,07:39:16,07:39:31,0
LYcY_J8e-Dijvjm6uZhgZ-07:00:00,SYN_113398,90,07:39:47,07:40:02,0
LYcY_J8e-Dijvjm6uZhgZ-07:00:00,SYN_113399,91,07:40:17,07:40:32,0
LYcY_J8e-Dijvjm6uZhgZ-07:00:00,SYN_113400,92,07:40:46,07:41:01,0
LYcY_J8e-Dijvjm6uZhgZ-07:00:00,SYN_113401,93,07:41:15,07:41:30,0
LYcY_J8e-Dijvjm6uZhgZ-07:00:00,SYN_113402,94,07:41:41,07:41:56,0
LYcY_J8e-Dijvjm6uZhgZ-07:00:00,SYN_113403,95,07:42:07,07:42:22,0
LYcY_J8e-Dijvjm6uZhgZ-07:00:00,SYN_113404,96,07:42:33,07:42:48,0
LYcY_J8e-Dijvjm6uZhgZ-07:00:00,SYN_113405,97,07:42:59,07:43:14,0
LYcY_J8e-Dijvjm6uZhgZ-07:00:00,SYN_113406,98,07:43:25,07:43:40,0
LYcY_J8e-Dijvjm6uZhgZ-07:00:00,SYN_113407,99,07:43:55,07:44:10,0
LYcY_J8e-Dijvjm6uZhgZ-07:00:00,SYN_113408,100,07:44:29,07:44:44,0
LYcY_J8e-Dijvjm6uZhgZ-07:00:00,SYN_113409,101,07:45:03,07:45:18,0
LYcY_J8e-Dijvjm6uZhgZ-07:00:00,SYN_113410,102,07:45:28,07:45:43,0
LYcY_J8e-Dijvjm6uZhgZ-07:00:00,SYN_113411,103,07:45:49,07:46:04,0
LYcY_J8e-Dijvjm6uZhgZ-07:00:00,SYN_113412,104,07:46:10,07:46:25,0
LYcY_J8e-Dijvjm6uZhgZ-07:00:00,SYN_113413,105,07:46:32,07:46:47,0
LYcY_J8e-Dijvjm6uZhgZ-07:00:00,SYN_113414,106,07:46:54,07:47:09,0
LYcY_J8e-Dijvjm6uZhgZ-07:00:00,SYN_113415,107,07:47:17,07:47:32,0
LYcY_J8e-Dijvjm6uZhgZ-07:00:00,SYN_113416,108,07:47:40,07:47:55,0
LYcY_J8e-Dijvjm6uZhgZ-07:00:00,SYN_113417,109,07:48:03,07:48:18,0
LYcY_J8e-Dijvjm6uZhgZ-07:00:00,SYN_113418,110,07:48:25,07:48:40,0
LYcY_J8e-Dijvjm6uZhgZ-07:00:00,SYN_113419,111,07:48:48,07:49:03,0
LYcY_J8e-Dijvjm6uZhgZ-07:00:00,SYN_113420,112,07:49:11,07:49:26,0
LYcY_J8e-Dijvjm6uZhgZ-07:00:00,SYN_113421,113,07:49:36,07:49:51,0
LYcY_J8e-Dijvjm6uZhgZ-07:00:00,SYN_113422,114,07:50:00,07:50:15,0
LYcY_J8e-Dijvjm6uZhgZ-07:00:00,SYN_113423,115,07:50:24,07:50:39,0
LYcY_J8e-Dijvjm6uZhgZ-07:00:00,SYN_113424,116,07:50:48,07:51:03,0
LYcY_J8e-Dijvjm6uZhgZ-07:00:00,SYN_113425,117,07:51:11,07:51:26,0
LYcY_J8e-Dijvjm6uZhgZ-07:00:00,SYN_113426,118,07:52:13,07:52:28,0
LYcY_J8e-Dijvjm6uZhgZ-07:00:00,SYN_113427,119,07:52:26,07:52:41,0
LYcY_J8e-Dijvjm6uZhgZ-07:00:00,SYN_113428,120,07:52:40,07:52:55,0
LYcY_J8e-Dijvjm6uZhgZ-07:00:00,SYN_113429,121,07:52:53,07:53:08,0
LYcY_J8e-Dijvjm6uZhgZ-07:00:00,SYN_113430,122,07:53:07,07:53:22,0
LYcY_J8e-Dijvjm6uZhgZ-07:00:00,SYN_113431,123,07:53:25,07:53:40,0
LYcY_J8e-Dijvjm6uZhgZ-07:00:00,SYN_113432,124,07:53:52,07:54:07,0
LYcY_J8e-Dijvjm6uZhgZ-07:00:00,SYN_113433,125,07:54:20,07:54:35,0
LYcY_J8e-Dijvjm6uZhgZ-07:00:00,SYN_113434,126,07:54:48,07:55:03,0
LYcY_J8e-Dijvjm6uZhgZ-07:00:00,SYN_113435,127,07:55:22,07:55:37,0
LYcY_J8e-Dijvjm6uZhgZ-07:00:00,SYN_113436,128,07:55:58,07:56:13,0
bd7828viXdflnfuupm3s6-07:00:00,SYN_113437,0,07:00:09,07:00:24,0
bd7828viXdflnfuupm3s6-07:00:00,SYN_113438,1,07:00:43,07:00:58,0
bd7828viXdflnfuupm3s6-07:00:00,SYN_113439,2,07:01:09,07:01:24,0
bd7828viXdflnfuupm3s6-07:00:00,SYN_113440,3,07:01:37,07:01:52,0
bd7828viXdflnfuupm3s6-07:00:00,SYN_113441,4,07:02:11,07:02:26,0
bd7828viXdflnfuupm3s6-07:00:00,SYN_113442,5,07:02:34,07:02:49,0
bd7828viXdflnfuupm3s6-07:00:00,SYN_113443,6,07:02:57,07:03:12,0
bd7828viXdflnfuupm3s6-07:00:00,SYN_113444,7,07:03:20,07:03:35,0
bd7828viXdflnfuupm3s6-07:00:00,SYN_113445,8,07:03:44,07:03:59,0
bd7828viXdflnfuupm3s6-07:00:00,SYN_113446,9,07:04:16,07:04:31,0
bd7828viXdflnfuupm3s6-07:00:00,SYN_113447,10,07:04:44,07:04:59,0
bd7828viXdflnfuupm3s6-07:00:00,SYN_113448,11,07:05:11,07:05:26,0
bd7828viXdflnfuupm3s6-07:00:00,SYN_113449,12,07:05:40,07:05:55,0
bd7828viXdflnfuupm3s6-07:00:00,SYN_113450,13,07:06:10,07:06:25,0
bd7828viXdflnfuupm3s6-07:00:00,SYN_113451,14,07:06:41,07:06:56,0
bd7828viXdflnfuupm3s6-07:00:00,SYN_113452,15,07:07:13,07:07:28,0
bd7828viXdflnfuupm3s6-07:00:00,SYN_113453,16,07:07:39,07:07:54,0
bd7828viXdflnfuupm3s6-07:00:00,SYN_113454,17,07:08:04,07:08:19,0
bd7828viXdflnfuupm3s6-07:00:00,SYN_113455,18,07:08:31,07:08:46,0
bd7828viXdflnfuupm3s6-07:00:00,SYN_113456,19,07:08:58,07:09:13,0
bd7828viXdflnfuupm3s6-07:00:00,SYN_113457,20,07:09:32,07:09:47,0
bd7828viXdflnfuupm3s6-07:00:00,SYN_113458,21,07:10:02,07:10:17,0
bd7828viXdflnfuupm3s6-07:00:00,SYN_113459,22,07:10:29,07:10:44,0
bd7828viXdflnfuupm3s6-07:00:00,SYN_113460,23,07:10:56,07:11:11,0
bd7828viXdflnfuupm3s6-07:00:00,SYN_113461,24,07:11:21,07:11:36,0
bd7828viXdflnfuupm3s6-07:00:00,SYN_113462,25,07:11:46,07:12:01,0
bd7828viXdflnfuupm3s6-07:00:00,SYN_113463,26,07:12:12,07:12:27,0
bd7828viXdflnfuupm3s6-07:00:00,SYN_113464,27,07:12:37,07:12:52,0
bd7828viXdflnfuupm3s6-07:00:00,SYN_113465,28,07:13:03,07:13:18,0
bd7828viXdflnfuupm3s6-07:00:00,SYN_113466,29,07:13:28,07:13:43,0
bd7828viXdflnfuupm3s6-07:00:00,SYN_113467,30,07:13:51,07:14:06,0
bd7828viXdflnfuupm3s6-07:00:00,SYN_113468,31,07:14:15,07:14:30,0
bd7828viXdflnfuupm3s6-07:00:00,SYN_113469,32,07:14:38,07:14:53,0
bd7828viXdflnfuupm3s6-07:00:00,SYN_113470,33,07:15:01,07:15:16,0
bd7828viXdflnfuupm3s6-07:00:00,SYN_113471,34,07:15:24,07:15:39,0
bd7828viXdflnfuupm3s6-07:00:00,SYN_113472,35,07:15:46,07:16:01,0
bd7828viXdflnfuupm3s6-07:00:00,SYN_113473,36,07:16:09,07:16:24,0
bd7828viXdflnfuupm3s6-07:00:00,SYN_113474,37,07:16:31,07:16:46,0
bd7828viXdflnfuupm3s6-07:00:00,SYN_113475,38,07:17:00,07:17:15,0
bd7828viXdflnfuupm3s6-07:00:00,SYN_113476,39,07:17:34,07:17:49,0
bd7828viXdflnfuupm3s6-07:00:00,SYN_113477,40,07:17:55,07:18:10,0
bd7828viXdflnfuupm3s6-07:00:00,SYN_113478,41,07:18:17,07:18:32,0
bd7828viXdflnfuupm3s6-07:00:00,SYN_113479,42,07:18:38,07:18:53,0
bd7828viXdflnfuupm3s6-07:00:00,SYN_113480,43,07:18:59,07:19:14,0
bd7828viXdflnfuupm3s6-07:00:00,SYN_113481,44,07:19:21,07:19:36,0
bd7828viXdflnfuupm3s6-07:00:00,SYN_113482,45,07:19:44,07:19:59,0
bd7828viXdflnfuupm3s6-07:00:00,SYN_113483,46,07:20:12,07:20:27,0
bd7828viXdflnfuupm3s6-07:00:00,SYN_113484,47,07:20:40,07:20:55,0
bd7828viXdflnfuupm3s6-07:00:00,SYN_113485,48,07:21:07,07:21:22,0
bd7828viXdflnfuupm3s6-07:00:00,SYN_113486,49,07:21:33,07:21:48,0
bd7828viXdflnfuupm3s6-07:00:00,SYN_113487,50,07:21:59,07:22:14,0
bd7828viXdflnfuupm3s6-07:00:00,SYN_113488,51,07:22:24,07:22:39,0
bd7828viXdflnfuupm3s6-07:00:00,SYN_113489,52,07:22:48,07:23:03,0
bd7828viXdflnfuupm3s6-07:00:00,SYN_113490,53,07:23:13,07:23:28,0
bd7828viXdflnfuupm3s6-07:00:00,SYN_113491,54,07:23:39,07:23:54,0
bd7828viXdflnfuupm3s6-07:00:00,SYN_113492,55,07:24:06,07:24:21,0
bd7828viXdflnfuupm3s6-07:00:00,SYN_113493,56,07:24:34,07:24:49,0
bd7828viXdflnfuupm3s6-07:00:00,SYN_113494,57,07:25:02,07:25:17,0
bd7828viXdflnfuupm3s6-07:00:00,SYN_113495,58,07:25:22,07:25:37,0
bd7828viXdflnfuupm3s6-07:00:00,SYN_113496,59,07:25:42,07:25:57,0
bd7828viXdflnfuupm3s6-07:00:00,SYN_113497,60,07:26:03,07:26:18,0
bd7828viXdflnfuupm3s6-07:00:00,SYN_113498,61,07:26:23,07:26:38,0
bd7828viXdflnfuupm3s6-07:00:00,SYN_113499,62,07:26:43,07:26:58,0
bd7828viXdflnfuupm3s6-07:00:00,SYN_113500,63,07:27:04,07:27:19,0
bd7828viXdflnfuupm3s6-07:00:00,SYN_113501,64,07:27:24,07:27:39,0
bd7828viXdflnfuupm3s6-07:00:00,SYN_113502,65,07:27:47,07:28:02,0
bd7828viXdflnfuupm3s6-07:00:00,SYN_113503,66,07:28:14,07:28:29,0
bd7828viXdflnfuupm3s6-07:00:00,SYN_113504,67,07:28:43,07:28:58,0
bd7828viXdflnfuupm3s6-07:00:00,SYN_113505,68,07:29:14,07:29:29,0
bd7828viXdflnfuupm3s6-07:00:00,SYN_113506,69,07:29:40,07:29:55,0
bd7828viXdflnfuupm3s6-07:00:00,SYN_113507,70,07:30:05,07:30:20,0
bd7828viXdflnfuupm3s6-07:00:00,SYN_113508,71,07:30:30,07:30:45,0
bd7828viXdflnfuupm3s6-07:00:00,SYN_113509,72,07:30:56,07:31:11,0
bd7828viXdflnfuupm3s6-07:00:00,SYN_113510,73,07:31:21,07:31:36,0
bd7828viXdflnfuupm3s6-07:00:00,SYN_113511,74,07:31:48,07:32:03,0
bd7828viXdflnfuupm3s6-07:00:00,SYN_113512,75,07:32:15,07:32:30,0
bd7828viXdflnfuupm3s6-07:00:00,SYN_113513,76,07:32:45,07:33:00,0
bd7828viXdflnfuupm3s6-07:00:00,SYN_113514,77,07:33:15,07:33:30,0
bd7828viXdflnfuupm3s6-07:00:00,SYN_113515,78,07:33:51,07:34:06,0
bd7828viXdflnfuupm3s6-07:00:00,SYN_113516,79,07:34:19,07:34:34,0
bd7828viXdflnfuupm3s6-07:00:00,SYN_113517,80,07:34:45,07:35:00,0
bd7828viXdflnfuupm3s6-07:00:00,SYN_113518,81,07:35:11,07:35:26,0
bd7828viXdflnfuupm3s6-07:00:00,SYN_113519,82,07:35:39,07:35:54,0
bd7828viXdflnfuupm3s6-07:00:00,SYN_113520,83,07:36:07,07:36:22,0
bd7828viXdflnfuupm3s6-07:00:00,SYN_113521,84,07:36:35,07:36:50,0
0h48FVJYF7q0a-Fr5KoJ2-07:00:00,SYN_113525,0,07:00:02,07:00:17,0
0h48FVJYF7q0a-Fr5KoJ2-07:00:00,SYN_113526,1,07:00:23,07:00:38,0
0h48FVJYF7q0a-Fr5KoJ2-07:00:00,SYN_113527,2,07:00:44,07:00:59,0
0h48FVJYF7q0a-Fr5KoJ2-07:00:00,SYN_113528,3,07:01:06,07:01:21,0
0h48FVJYF7q0a-Fr5KoJ2-07:00:00,SYN_113529,4,07:01:27,07:01:42,0
0h48FVJYF7q0a-Fr5KoJ2-07:00:00,SYN_113530,5,07:01:48,07:02:03,0
0h48FVJYF7q0a-Fr5KoJ2-07:00:00,SYN_113531,6,07:02:21,07:02:36,0
0h48FVJYF7q0a-Fr5KoJ2-07:00:00,SYN_113532,7,07:02:58,07:03:13,0
0h48FVJYF7q0a-Fr5KoJ2-07:00:00,SYN_113533,8,07:03:28,07:03:43,0
0h48FVJYF7q0a-Fr5KoJ2-07:00:00,SYN_113534,9,07:03:54,07:04:09,0
0h48FVJYF7q0a-Fr5KoJ2-07:00:00,SYN_113535,10,07:04:21,07:04:36,0
0h48FVJYF7q0a-Fr5KoJ2-07:00:00,SYN_113536,11,07:04:47,07:05:02,0
0h48FVJYF7q0a-Fr5KoJ2-07:00:00,SYN_113537,12,07:05:12,07:05:27,0
0h48FVJYF7q0a-Fr5KoJ2-07:00:00,SYN_113538,13,07:05:37,07:05:52,0
0h48FVJYF7q0a-Fr5KoJ2-07:00:00,SYN_113539,14,07:06:03,07:06:18,0
0h48FVJYF7q0a-Fr5KoJ2-07:00:00,SYN_113540,15,07:06:28,07:06:43,0
0h48FVJYF7q0a-Fr5KoJ2-07:00:00,SYN_113541,16,07:06:53,07:07:08,0
0h48FVJYF7q0a-Fr5KoJ2-07:00:00,SYN_113542,17,07:07:16,07:07:31,0
0h48FVJYF7q0a-Fr5KoJ2-07:00:00,SYN_113543,18,07:07:40,07:07:55,0
0h48FVJYF7q0a-Fr5KoJ2-07:00:00,SYN_113544,19,07:08:03,07:08:18,0
0h48FVJYF7q0a-Fr5KoJ2-07:00:00,SYN_113545,20,07:08:26,07:08:41,0
0h48FVJYF7q0a-Fr5KoJ2-07:00:00,SYN_113546,21,07:08:49,07:09:04,0
0h48FVJYF7q0a-Fr5KoJ2-07:00:00,SYN_113547,22,07:09:12,07:09:27,0
0h48FVJYF7q0a-Fr5KoJ2-07:00:00,SYN_113548,23,07:09:34,07:09:49,0
0h48FVJYF7q0a-Fr5KoJ2-07:00:00,SYN_113549,24,07:09:56,07:10:11,0
0h48FVJYF7q0a-Fr5KoJ2-07:00:00,SYN_113550,25,07:10:26,07:10:41,0
0h48FVJYF7q0a-Fr5KoJ2-07:00:00,SYN_113551,26,07:10:59,07:11:14,0
0h48FVJYF7q0a-Fr5KoJ2-07:00:00,SYN_113552,27,07:11:20,07:11:35,0
0h48FVJYF7q0a-Fr5KoJ2-07:00:00,SYN_113553,28,07:11:42,07:11:57,0
0h48FVJYF7q0a-Fr5KoJ2-07:00:00,SYN_113554,29,07:12:03,07:12:18,0
0h48FVJYF7q0a-Fr5KoJ2-07:00:00,SYN_113555,30,07:12:24,07:12:39,0
0h48FVJYF7q0a-Fr5KoJ2-07:00:00,SYN_113556,31,07:12:46,07:13:01,0
0h48FVJYF7q0a-Fr5KoJ2-07:00:00,SYN_113557,32,07:13:10,07:13:25,0
0h48FVJYF7q0a-Fr5KoJ2-07:00:00,SYN_113558,33,07:13:37,07:13:52,0
0h48FVJYF7q0a-Fr5KoJ2-07:00:00,SYN_113559,34,07:14:05,07:14:20,0
0h48FVJYF7q0a-Fr5KoJ2-07:00:00,SYN_113560,35,07:14:32,07:14:47,0
0h48FVJYF7q0a-Fr5KoJ2-07:00:00,SYN_113561,36,07:14:58,07:15:13,0
0h48FVJYF7q0a-Fr5KoJ2-07:00:00,SYN_113562,37,07:15:24,07:15:39,0
0h48FVJYF7q0a-Fr5KoJ2-07:00:00,SYN_113563,38,07:15:49,07:16:04,0
0h48FVJYF7q0a-Fr5KoJ2-07:00:00,SYN_113564,39,07:16:13,07:16:28,0
0h48FVJYF7q0a-Fr5KoJ2-07:00:00,SYN_113565,40,07:16:38,07:16:53,0
0h48FVJYF7q0a-Fr5KoJ2-07:00:00,SYN_113566,41,07:17:04,07:17:19,0
0h48FVJYF7q0a-Fr5KoJ2-07:00:00,SYN_113567,42,07:17:32,07:17:47,0
0h48FVJYF7q0a-Fr5KoJ2-07:00:00,SYN_113568,43,07:18:00,07:18:15,0
0h48FVJYF7q0a-Fr5KoJ2-07:00:00,SYN_113569,44,07:18:27,07:18:42,0
0h48FVJYF7q0a-Fr5KoJ2-07:00:00,SYN_113570,45,07:18:47,07:19:02,0
0h48FVJYF7q0a-Fr5KoJ2-07:00:00,SYN_113571,46,07:19:07,07:19:22,0
0h48FVJYF7q0a-Fr5KoJ2-07:00:00,SYN_113572,47,07:19:28,07:19:43,0
0h48FVJYF7q0a-Fr5KoJ2-07:00:00,SYN_113573,48,07:19:48,07:20:03,0
0h48FVJYF7q0a-Fr5KoJ2-07:00:00,SYN_113574,49,07:20:08,07:20:23,0
0h48FVJYF7q0a-Fr5KoJ2-07:00:00,SYN_113575,50,07:20:29,07:20:44,0
0h48FVJYF7q0a-Fr5KoJ2-07:00:00,SYN_113576,51,07:20:49,07:21:04,0
0h48FVJYF7q0a-Fr5KoJ2-07:00:00,SYN_113577,52,07:21:12,07:21:27,0
0h48FVJYF7q0a-Fr5KoJ2-07:00:00,SYN_113578,53,07:21:40,07:21:55,0
0h48FVJYF7q0a-Fr5KoJ2-07:00:00,SYN_113579,54,07:22:09,07:22:24,0
0h48FVJYF7q0a-Fr5KoJ2-07:00:00,SYN_113580,55,07:22:39,07:22:54,0
0h48FVJYF7q0a-Fr5KoJ2-07:00:00,SYN_113581,56,07:23:05,07:23:20,0
0h48FVJYF7q0a-Fr5KoJ2-07:00:00,SYN_113582,57,07:23:31,07:23:46,0
0h48FVJYF7q0a-Fr5KoJ2-07:00:00,SYN_113583,58,07:23:57,07:24:12,0
0h48FVJYF7q0a-Fr5KoJ2-07:00:00,SYN_113584,59,07:24:22,07:24:37,0
0h48FVJYF7q0a-Fr5KoJ2-07:00:00,SYN_113585,60,07:24:48,07:25:03,0
0h48FVJYF7q0a-Fr5KoJ2-07:00:00,SYN_113586,61,07:25:14,07:25:29,0
0h48FVJYF7q0a-Fr5KoJ2-07:00:00,SYN_113587,62,07:25:42,07:25:57,0
0h48FVJYF7q0a-Fr5KoJ2-07:00:00,SYN_113588,63,07:26:12,07:26:27,0
0h48FVJYF7q0a-Fr5KoJ2-07:00:00,SYN_113589,64,07:26:42,07:26:57,0
0h48FVJYF7q0a-Fr5KoJ2-07:00:00,SYN_113590,65,07:27:18,07:27:33,0
0h48FVJYF7q0a-Fr5KoJ2-07:00:00,SYN_113591,66,07:27:45,07:28:00,0
0h48FVJYF7q0a-Fr5KoJ2-07:00:00,SYN_113592,67,07:28:11,07:28:26,0
0h48FVJYF7q0a-Fr5KoJ2-07:00:00,SYN_113593,68,07:28:37,07:28:52,0
0h48FVJYF7q0a-Fr5KoJ2-07:00:00,SYN_113594,69,07:29:05,07:29:20,0
0h48FVJYF7q0a-Fr5KoJ2-07:00:00,SYN_113595,70,07:29:33,07:29:48,0
0h48FVJYF7q0a-Fr5KoJ2-07:00:00,SYN_113596,71,07:30:02,07:30:17,0
0h48FVJYF7q0a-Fr5KoJ2-07:00:00,SYN_113597,72,07:30:34,07:30:49,0
0h48FVJYF7q0a-Fr5KoJ2-07:00:00,SYN_113598,73,07:31:08,07:31:23,0
0h48FVJYF7q0a-Fr5KoJ2-07:00:00,SYN_113599,74,07:31:42,07:31:57,0
0h48FVJYF7q0a-Fr5KoJ2-07:00:00,SYN_113600,75,07:32:08,07:32:23,0
0h48FVJYF7q0a-Fr5KoJ2-07:00:00,SYN_113601,76,07:32:58,07:33:13,0
0h48FVJYF7q0a-Fr5KoJ2-07:00:00,SYN_113602,77,07:33:43,07:33:58,0
0h48FVJYF7q0a-Fr5KoJ2-07:00:00,SYN_113603,78,07:34:45,07:35:00,0
0h48FVJYF7q0a-Fr5KoJ2-07:00:00,SYN_113604,79,07:35:25,07:35:40,0
0h48FVJYF7q0a-Fr5KoJ2-07:00:00,SYN_113605,80,07:35:34,07:35:49,0
0h48FVJYF7q0a-Fr5KoJ2-07:00:00,SYN_113606,81,07:35:42,07:35:57,0
0h48FVJYF7q0a-Fr5KoJ2-07:00:00,SYN_113607,82,07:35:51,07:36:06,0
0h48FVJYF7q0a-Fr5KoJ2-07:00:00,SYN_113608,83,07:35:59,07:36:14,0
0h48FVJYF7q0a-Fr5KoJ2-07:00:00,SYN_113609,84,07:36:16,07:36:31,0
0h48FVJYF7q0a-Fr5KoJ2-07:00:00,SYN_113610,85,07:36:45,07:37:00,0
0h48FVJYF7q0a-Fr5KoJ2-07:00:00,SYN_113611,86,07:37:14,07:37:29,0
0h48FVJYF7q0a-Fr5KoJ2-07:00:00,SYN_113612,87,07:37:44,07:37:59,0
0h48FVJYF7q0a-Fr5KoJ2-07:00:00,SYN_113613,88,07:38:11,07:38:26,0
0h48FVJYF7q0a-Fr5KoJ2-07:00:00,SYN_113614,89,07:38:38,07:38:53,0
0h48FVJYF7q0a-Fr5KoJ2-07:00:00,SYN_113615,90,07:39:05,07:39:20,0
